{
    "Phosphorene": [],
    "Phosphorene_tuned": [
        {
            "theta_deg": 90.0,
            "force_subtracted": -0.43840179869978746,
            "pressure": -0.027400112418736716
        }
    ]
}