================================================================================
CASIMIR_CLUTCH TASK: 6 / 10
Host: x1002c2s6b1n0
Started: Tue Sep 22 07:06:11 AM EDT 2026
================================================================================
Reading task parameters from sweep_configs_clutch/config_006.json...
Executing Quantum Clutch Simulation
Label: Clutch: Menger Spire (N=3) vs Sierpinski Sieve (N=3), d=80nm, th=0.0deg
Params: d=0.08 um, N_top=3, N_bot=3, mat=Gold, res=60, nmax=1, theta=0.0 deg, alpha=75.0 deg, r_tip=5.0 nm, eps=1.0
==================================================
RUNNING CRASH-PROOF MEEP SIMULATION WRAPPER
==================================================
Executing: srun -n 128 /N/u/gogordon/BigRed200/.conda/envs/meep/bin/python execution/run_meep_simulation.py --L 2.0 --d 0.08 --N 3 --N-bottom 3 --theta 0.0 --material Gold --res 60 --nmax 1 --eps-bg 1.0 --config all --no-subgroups --T-run 12.0 --max-walltime-hours 11.0 --campaign-task-id 6 --clutch --corrugation-angle 75.0 --r-tip 5.0
Starting simulation: d=0.08 um, N_top=3, N_bottom=3, material=Gold, resolution=60, nmax=1, theta=0.0, eps_bg=1.0, config=all, clutch=True, stepped_sieve=False, corrugated=False
Parallel configuration: 128 processes running 1 parallel moment partitions.
[BOTH] Loaded 18 cached moments from .tmp/chk_moments_v4_d_0.0800_Ntop_3_Nbot_3_mat_Gold_res_60_th_0.0_clutch_al_75.0_rtip_5.0_L_2.00_both.json
  [BOTH][Rank 0] Skipped moment 1/36 (task 0) [CACHED]: force_integral=+1.972310e-01
  [BOTH][Rank 0] Skipped moment 2/36 (task 1) [CACHED]: force_integral=+1.972310e-01
  [BOTH][Rank 0] Skipped moment 3/36 (task 2) [CACHED]: force_integral=+0.000000e+00
  [BOTH][Rank 0] Skipped moment 4/36 (task 3) [CACHED]: force_integral=+0.000000e+00
  [BOTH][Rank 0] Skipped moment 5/36 (task 4) [CACHED]: force_integral=-4.088494e+02
  [BOTH][Rank 0] Skipped moment 6/36 (task 5) [CACHED]: force_integral=+4.261277e+02
  [BOTH][Rank 0] Skipped moment 7/36 (task 6) [CACHED]: force_integral=+0.000000e+00
  [BOTH][Rank 0] Skipped moment 8/36 (task 7) [CACHED]: force_integral=+0.000000e+00
  [BOTH][Rank 0] Skipped moment 9/36 (task 8) [CACHED]: force_integral=+6.255187e-01
  [BOTH][Rank 0] Skipped moment 10/36 (task 9) [CACHED]: force_integral=+6.255187e-01
  [BOTH][Rank 0] Skipped moment 11/36 (task 10) [CACHED]: force_integral=-1.899797e+03
  [BOTH][Rank 0] Skipped moment 12/36 (task 11) [CACHED]: force_integral=+1.743999e+03
  [BOTH][Rank 0] Skipped moment 13/36 (task 12) [CACHED]: force_integral=+0.000000e+00
  [BOTH][Rank 0] Skipped moment 14/36 (task 13) [CACHED]: force_integral=+0.000000e+00
  [BOTH][Rank 0] Skipped moment 15/36 (task 14) [CACHED]: force_integral=+0.000000e+00
  [BOTH][Rank 0] Skipped moment 16/36 (task 15) [CACHED]: force_integral=+0.000000e+00
  [BOTH][Rank 0] Skipped moment 17/36 (task 16) [CACHED]: force_integral=+2.630142e+03
  [BOTH][Rank 0] Skipped moment 18/36 (task 17) [CACHED]: force_integral=-3.051843e+03
  [BOTH][Rank 0] Done moment 19/36 (task 18): force_integral=-5.739516e-01
  [BOTH][Rank 0] Done moment 19/36 (task 18): force_integral=-5.739516e-01
  [BOTH][Rank 0] Done moment 19/36 (task 18): force_integral=-5.739516e-01
  [BOTH][Rank 0] Done moment 19/36 (task 18): force_integral=-5.739516e-01
  [BOTH][Rank 0] Done moment 19/36 (task 18): force_integral=-5.739516e-01
  [BOTH][Rank 0] Done moment 19/36 (task 18): force_integral=-5.739516e-01
  [BOTH][Rank 0] Done moment 19/36 (task 18): force_integral=-5.739516e-01
  [BOTH][Rank 0] Done moment 19/36 (task 18): force_integral=-5.739516e-01
  [BOTH][Rank 0] Done moment 19/36 (task 18): force_integral=-5.739516e-01
  [BOTH][Rank 0] Done moment 19/36 (task 18): force_integral=-5.739516e-01
  [BOTH][Rank 0] Done moment 19/36 (task 18): force_integral=-5.739516e-01
  [BOTH][Rank 0] Done moment 19/36 (task 18): force_integral=-5.739516e-01
  [BOTH][Rank 0] Done moment 19/36 (task 18): force_integral=-5.739516e-01
  [BOTH][Rank 0] Done moment 19/36 (task 18): force_integral=-5.739516e-01
  [BOTH][Rank 0] Done moment 19/36 (task 18): force_integral=-5.739516e-01
  [BOTH][Rank 0] Done moment 19/36 (task 18): force_integral=-5.739516e-01
  [BOTH][Rank 0] Done moment 19/36 (task 18): force_integral=-5.739516e-01
  [BOTH][Rank 0] Done moment 19/36 (task 18): force_integral=-5.739516e-01
  [BOTH][Rank 0] Done moment 19/36 (task 18): force_integral=-5.739516e-01
  [BOTH][Rank 0] Done moment 19/36 (task 18): force_integral=-5.739516e-01
  [BOTH][Rank 0] Done moment 19/36 (task 18): force_integral=-5.739516e-01
  [BOTH][Rank 0] Done moment 19/36 (task 18): force_integral=-5.739516e-01
  [BOTH][Rank 0] Done moment 19/36 (task 18): force_integral=-5.739516e-01
  [BOTH][Rank 0] Done moment 19/36 (task 18): force_integral=-5.739516e-01
  [BOTH][Rank 0] Done moment 19/36 (task 18): force_integral=-5.739516e-01
  [BOTH][Rank 0] Done moment 19/36 (task 18): force_integral=-5.739516e-01
  [BOTH][Rank 0] Done moment 19/36 (task 18): force_integral=-5.739516e-01
  [BOTH][Rank 0] Done moment 19/36 (task 18): force_integral=-5.739516e-01
  [BOTH][Rank 0] Done moment 19/36 (task 18): force_integral=-5.739516e-01
  [BOTH][Rank 0] Done moment 19/36 (task 18): force_integral=-5.739516e-01
  [BOTH][Rank 0] Done moment 19/36 (task 18): force_integral=-5.739516e-01
  [BOTH][Rank 0] Done moment 19/36 (task 18): force_integral=-5.739516e-01
  [BOTH][Rank 0] Done moment 19/36 (task 18): force_integral=-5.739516e-01
  [BOTH][Rank 0] Done moment 19/36 (task 18): force_integral=-5.739516e-01
  [BOTH][Rank 0] Done moment 19/36 (task 18): force_integral=-5.739516e-01
  [BOTH][Rank 0] Done moment 19/36 (task 18): force_integral=-5.739516e-01
  [BOTH][Rank 0] Done moment 19/36 (task 18): force_integral=-5.739516e-01
  [BOTH][Rank 0] Done moment 19/36 (task 18): force_integral=-5.739516e-01
  [BOTH][Rank 0] Done moment 19/36 (task 18): force_integral=-5.739516e-01
  [BOTH][Rank 0] Done moment 19/36 (task 18): force_integral=-5.739516e-01
  [BOTH][Rank 0] Done moment 19/36 (task 18): force_integral=-5.739516e-01
  [BOTH][Rank 0] Done moment 19/36 (task 18): force_integral=-5.739516e-01
  [BOTH][Rank 0] Done moment 19/36 (task 18): force_integral=-5.739516e-01
  [BOTH][Rank 0] Done moment 19/36 (task 18): force_integral=-5.739516e-01
  [BOTH][Rank 0] Done moment 19/36 (task 18): force_integral=-5.739516e-01
  [BOTH][Rank 0] Done moment 19/36 (task 18): force_integral=-5.739516e-01
  [BOTH][Rank 0] Done moment 19/36 (task 18): force_integral=-5.739516e-01
  [BOTH][Rank 0] Done moment 19/36 (task 18): force_integral=-5.739516e-01
  [BOTH][Rank 0] Done moment 19/36 (task 18): force_integral=-5.739516e-01
  [BOTH][Rank 0] Done moment 19/36 (task 18): force_integral=-5.739516e-01
  [BOTH][Rank 0] Done moment 19/36 (task 18): force_integral=-5.739516e-01
  [BOTH][Rank 0] Done moment 19/36 (task 18): force_integral=-5.739516e-01
  [BOTH][Rank 0] Done moment 19/36 (task 18): force_integral=-5.739516e-01
  [BOTH][Rank 0] Done moment 19/36 (task 18): force_integral=-5.739516e-01
  [BOTH][Rank 0] Done moment 19/36 (task 18): force_integral=-5.739516e-01
  [BOTH][Rank 0] Done moment 19/36 (task 18): force_integral=-5.739516e-01
  [BOTH][Rank 0] Done moment 19/36 (task 18): force_integral=-5.739516e-01
  [BOTH][Rank 0] Done moment 19/36 (task 18): force_integral=-5.739516e-01
  [BOTH][Rank 0] Done moment 19/36 (task 18): force_integral=-5.739516e-01
  [BOTH][Rank 0] Done moment 19/36 (task 18): force_integral=-5.739516e-01
  [BOTH][Rank 0] Done moment 19/36 (task 18): force_integral=-5.739516e-01
  [BOTH][Rank 0] Done moment 19/36 (task 18): force_integral=-5.739516e-01
  [BOTH][Rank 0] Done moment 19/36 (task 18): force_integral=-5.739516e-01
  [BOTH][Rank 0] Done moment 19/36 (task 18): force_integral=-5.739516e-01
  [BOTH][Rank 0] Done moment 19/36 (task 18): force_integral=-5.739516e-01
  [BOTH][Rank 0] Done moment 19/36 (task 18): force_integral=-5.739516e-01
  [BOTH][Rank 0] Done moment 19/36 (task 18): force_integral=-5.739516e-01
  [BOTH][Rank 0] Done moment 19/36 (task 18): force_integral=-5.739516e-01
  [BOTH][Rank 0] Done moment 19/36 (task 18): force_integral=-5.739516e-01
  [BOTH][Rank 0] Done moment 19/36 (task 18): force_integral=-5.739516e-01
  [BOTH][Rank 0] Done moment 19/36 (task 18): force_integral=-5.739516e-01
  [BOTH][Rank 0] Done moment 19/36 (task 18): force_integral=-5.739516e-01
  [BOTH][Rank 0] Done moment 19/36 (task 18): force_integral=-5.739516e-01
  [BOTH][Rank 0] Done moment 19/36 (task 18): force_integral=-5.739516e-01
  [BOTH][Rank 0] Done moment 19/36 (task 18): force_integral=-5.739516e-01
  [BOTH][Rank 0] Done moment 19/36 (task 18): force_integral=-5.739516e-01
  [BOTH][Rank 0] Done moment 19/36 (task 18): force_integral=-5.739516e-01
  [BOTH][Rank 0] Done moment 19/36 (task 18): force_integral=-5.739516e-01
  [BOTH][Rank 0] Done moment 19/36 (task 18): force_integral=-5.739516e-01
  [BOTH][Rank 0] Done moment 19/36 (task 18): force_integral=-5.739516e-01
  [BOTH][Rank 0] Done moment 19/36 (task 18): force_integral=-5.739516e-01
  [BOTH][Rank 0] Done moment 19/36 (task 18): force_integral=-5.739516e-01
  [BOTH][Rank 0] Done moment 19/36 (task 18): force_integral=-5.739516e-01
  [BOTH][Rank 0] Done moment 19/36 (task 18): force_integral=-5.739516e-01
  [BOTH][Rank 0] Done moment 19/36 (task 18): force_integral=-5.739516e-01
  [BOTH][Rank 0] Done moment 19/36 (task 18): force_integral=-5.739516e-01
  [BOTH][Rank 0] Done moment 19/36 (task 18): force_integral=-5.739516e-01
  [BOTH][Rank 0] Done moment 19/36 (task 18): force_integral=-5.739516e-01
  [BOTH][Rank 0] Done moment 19/36 (task 18): force_integral=-5.739516e-01
  [BOTH][Rank 0] Done moment 19/36 (task 18): force_integral=-5.739516e-01
  [BOTH][Rank 0] Done moment 19/36 (task 18): force_integral=-5.739516e-01
  [BOTH][Rank 0] Done moment 19/36 (task 18): force_integral=-5.739516e-01
  [BOTH][Rank 0] Done moment 19/36 (task 18): force_integral=-5.739516e-01
  [BOTH][Rank 0] Done moment 19/36 (task 18): force_integral=-5.739516e-01
  [BOTH][Rank 0] Done moment 19/36 (task 18): force_integral=-5.739516e-01
  [BOTH][Rank 0] Done moment 19/36 (task 18): force_integral=-5.739516e-01
  [BOTH][Rank 0] Done moment 19/36 (task 18): force_integral=-5.739516e-01
  [BOTH][Rank 0] Done moment 19/36 (task 18): force_integral=-5.739516e-01
  [BOTH][Rank 0] Done moment 19/36 (task 18): force_integral=-5.739516e-01
  [BOTH][Rank 0] Done moment 19/36 (task 18): force_integral=-5.739516e-01
  [BOTH][Rank 0] Done moment 19/36 (task 18): force_integral=-5.739516e-01
  [BOTH][Rank 0] Done moment 19/36 (task 18): force_integral=-5.739516e-01
  [BOTH][Rank 0] Done moment 19/36 (task 18): force_integral=-5.739516e-01
  [BOTH][Rank 0] Done moment 19/36 (task 18): force_integral=-5.739516e-01
  [BOTH][Rank 0] Done moment 19/36 (task 18): force_integral=-5.739516e-01
  [BOTH][Rank 0] Done moment 19/36 (task 18): force_integral=-5.739516e-01
  [BOTH][Rank 0] Done moment 19/36 (task 18): force_integral=-5.739516e-01
  [BOTH][Rank 0] Done moment 19/36 (task 18): force_integral=-5.739516e-01
  [BOTH][Rank 0] Done moment 19/36 (task 18): force_integral=-5.739516e-01
  [BOTH][Rank 0] Done moment 19/36 (task 18): force_integral=-5.739516e-01
  [BOTH][Rank 0] Done moment 19/36 (task 18): force_integral=-5.739516e-01
  [BOTH][Rank 0] Done moment 19/36 (task 18): force_integral=-5.739516e-01
  [BOTH][Rank 0] Done moment 19/36 (task 18): force_integral=-5.739516e-01
  [BOTH][Rank 0] Done moment 19/36 (task 18): force_integral=-5.739516e-01
  [BOTH][Rank 0] Done moment 19/36 (task 18): force_integral=-5.739516e-01
  [BOTH][Rank 0] Done moment 19/36 (task 18): force_integral=-5.739516e-01
  [BOTH][Rank 0] Done moment 19/36 (task 18): force_integral=-5.739516e-01
  [BOTH][Rank 0] Done moment 19/36 (task 18): force_integral=-5.739516e-01
  [BOTH][Rank 0] Done moment 19/36 (task 18): force_integral=-5.739516e-01
  [BOTH][Rank 0] Done moment 19/36 (task 18): force_integral=-5.739516e-01
  [BOTH][Rank 0] Done moment 19/36 (task 18): force_integral=-5.739516e-01
  [BOTH][Rank 0] Done moment 19/36 (task 18): force_integral=-5.739516e-01
  [BOTH][Rank 0] Done moment 19/36 (task 18): force_integral=-5.739516e-01
  [BOTH][Rank 0] Done moment 19/36 (task 18): force_integral=-5.739516e-01
  [BOTH][Rank 0] Done moment 19/36 (task 18): force_integral=-5.739516e-01
  [BOTH][Rank 0] Done moment 19/36 (task 18): force_integral=-5.739516e-01
  [BOTH][Rank 0] Done moment 19/36 (task 18): force_integral=-5.739516e-01
  [BOTH][Rank 0] Done moment 19/36 (task 18): force_integral=-5.739516e-01
  [BOTH][Rank 0] Done moment 20/36 (task 19): force_integral=-5.739516e-01
  [BOTH][Rank 0] Done moment 20/36 (task 19): force_integral=-5.739516e-01
  [BOTH][Rank 0] Done moment 20/36 (task 19): force_integral=-5.739516e-01
  [BOTH][Rank 0] Done moment 20/36 (task 19): force_integral=-5.739516e-01
  [BOTH][Rank 0] Done moment 20/36 (task 19): force_integral=-5.739516e-01
  [BOTH][Rank 0] Done moment 20/36 (task 19): force_integral=-5.739516e-01
  [BOTH][Rank 0] Done moment 20/36 (task 19): force_integral=-5.739516e-01
  [BOTH][Rank 0] Done moment 20/36 (task 19): force_integral=-5.739516e-01
  [BOTH][Rank 0] Done moment 20/36 (task 19): force_integral=-5.739516e-01
  [BOTH][Rank 0] Done moment 20/36 (task 19): force_integral=-5.739516e-01
  [BOTH][Rank 0] Done moment 20/36 (task 19): force_integral=-5.739516e-01
  [BOTH][Rank 0] Done moment 20/36 (task 19): force_integral=-5.739516e-01
  [BOTH][Rank 0] Done moment 20/36 (task 19): force_integral=-5.739516e-01
  [BOTH][Rank 0] Done moment 20/36 (task 19): force_integral=-5.739516e-01
  [BOTH][Rank 0] Done moment 20/36 (task 19): force_integral=-5.739516e-01
  [BOTH][Rank 0] Done moment 20/36 (task 19): force_integral=-5.739516e-01
  [BOTH][Rank 0] Done moment 20/36 (task 19): force_integral=-5.739516e-01
  [BOTH][Rank 0] Done moment 20/36 (task 19): force_integral=-5.739516e-01
  [BOTH][Rank 0] Done moment 20/36 (task 19): force_integral=-5.739516e-01
  [BOTH][Rank 0] Done moment 20/36 (task 19): force_integral=-5.739516e-01
  [BOTH][Rank 0] Done moment 20/36 (task 19): force_integral=-5.739516e-01
  [BOTH][Rank 0] Done moment 20/36 (task 19): force_integral=-5.739516e-01
  [BOTH][Rank 0] Done moment 20/36 (task 19): force_integral=-5.739516e-01
  [BOTH][Rank 0] Done moment 20/36 (task 19): force_integral=-5.739516e-01
  [BOTH][Rank 0] Done moment 20/36 (task 19): force_integral=-5.739516e-01
  [BOTH][Rank 0] Done moment 20/36 (task 19): force_integral=-5.739516e-01
  [BOTH][Rank 0] Done moment 20/36 (task 19): force_integral=-5.739516e-01
  [BOTH][Rank 0] Done moment 20/36 (task 19): force_integral=-5.739516e-01
  [BOTH][Rank 0] Done moment 20/36 (task 19): force_integral=-5.739516e-01
  [BOTH][Rank 0] Done moment 20/36 (task 19): force_integral=-5.739516e-01
  [BOTH][Rank 0] Done moment 20/36 (task 19): force_integral=-5.739516e-01
  [BOTH][Rank 0] Done moment 20/36 (task 19): force_integral=-5.739516e-01
  [BOTH][Rank 0] Done moment 20/36 (task 19): force_integral=-5.739516e-01
  [BOTH][Rank 0] Done moment 20/36 (task 19): force_integral=-5.739516e-01
  [BOTH][Rank 0] Done moment 20/36 (task 19): force_integral=-5.739516e-01
  [BOTH][Rank 0] Done moment 20/36 (task 19): force_integral=-5.739516e-01
  [BOTH][Rank 0] Done moment 20/36 (task 19): force_integral=-5.739516e-01
  [BOTH][Rank 0] Done moment 20/36 (task 19): force_integral=-5.739516e-01
  [BOTH][Rank 0] Done moment 20/36 (task 19): force_integral=-5.739516e-01
  [BOTH][Rank 0] Done moment 20/36 (task 19): force_integral=-5.739516e-01
  [BOTH][Rank 0] Done moment 20/36 (task 19): force_integral=-5.739516e-01
  [BOTH][Rank 0] Done moment 20/36 (task 19): force_integral=-5.739516e-01
  [BOTH][Rank 0] Done moment 20/36 (task 19): force_integral=-5.739516e-01
  [BOTH][Rank 0] Done moment 20/36 (task 19): force_integral=-5.739516e-01
  [BOTH][Rank 0] Done moment 20/36 (task 19): force_integral=-5.739516e-01
  [BOTH][Rank 0] Done moment 20/36 (task 19): force_integral=-5.739516e-01
  [BOTH][Rank 0] Done moment 20/36 (task 19): force_integral=-5.739516e-01
  [BOTH][Rank 0] Done moment 20/36 (task 19): force_integral=-5.739516e-01
  [BOTH][Rank 0] Done moment 20/36 (task 19): force_integral=-5.739516e-01
  [BOTH][Rank 0] Done moment 20/36 (task 19): force_integral=-5.739516e-01
  [BOTH][Rank 0] Done moment 20/36 (task 19): force_integral=-5.739516e-01
  [BOTH][Rank 0] Done moment 20/36 (task 19): force_integral=-5.739516e-01
  [BOTH][Rank 0] Done moment 20/36 (task 19): force_integral=-5.739516e-01
  [BOTH][Rank 0] Done moment 20/36 (task 19): force_integral=-5.739516e-01
  [BOTH][Rank 0] Done moment 20/36 (task 19): force_integral=-5.739516e-01
  [BOTH][Rank 0] Done moment 20/36 (task 19): force_integral=-5.739516e-01
  [BOTH][Rank 0] Done moment 20/36 (task 19): force_integral=-5.739516e-01
  [BOTH][Rank 0] Done moment 20/36 (task 19): force_integral=-5.739516e-01
  [BOTH][Rank 0] Done moment 20/36 (task 19): force_integral=-5.739516e-01
  [BOTH][Rank 0] Done moment 20/36 (task 19): force_integral=-5.739516e-01
  [BOTH][Rank 0] Done moment 20/36 (task 19): force_integral=-5.739516e-01
  [BOTH][Rank 0] Done moment 20/36 (task 19): force_integral=-5.739516e-01
  [BOTH][Rank 0] Done moment 20/36 (task 19): force_integral=-5.739516e-01
  [BOTH][Rank 0] Done moment 20/36 (task 19): force_integral=-5.739516e-01
  [BOTH][Rank 0] Done moment 20/36 (task 19): force_integral=-5.739516e-01
  [BOTH][Rank 0] Done moment 20/36 (task 19): force_integral=-5.739516e-01
  [BOTH][Rank 0] Done moment 20/36 (task 19): force_integral=-5.739516e-01
  [BOTH][Rank 0] Done moment 20/36 (task 19): force_integral=-5.739516e-01
  [BOTH][Rank 0] Done moment 20/36 (task 19): force_integral=-5.739516e-01
  [BOTH][Rank 0] Done moment 20/36 (task 19): force_integral=-5.739516e-01
  [BOTH][Rank 0] Done moment 20/36 (task 19): force_integral=-5.739516e-01
  [BOTH][Rank 0] Done moment 20/36 (task 19): force_integral=-5.739516e-01
  [BOTH][Rank 0] Done moment 20/36 (task 19): force_integral=-5.739516e-01
  [BOTH][Rank 0] Done moment 20/36 (task 19): force_integral=-5.739516e-01
  [BOTH][Rank 0] Done moment 20/36 (task 19): force_integral=-5.739516e-01
  [BOTH][Rank 0] Done moment 20/36 (task 19): force_integral=-5.739516e-01
  [BOTH][Rank 0] Done moment 20/36 (task 19): force_integral=-5.739516e-01
  [BOTH][Rank 0] Done moment 20/36 (task 19): force_integral=-5.739516e-01
  [BOTH][Rank 0] Done moment 20/36 (task 19): force_integral=-5.739516e-01
  [BOTH][Rank 0] Done moment 20/36 (task 19): force_integral=-5.739516e-01
  [BOTH][Rank 0] Done moment 20/36 (task 19): force_integral=-5.739516e-01
  [BOTH][Rank 0] Done moment 20/36 (task 19): force_integral=-5.739516e-01
  [BOTH][Rank 0] Done moment 20/36 (task 19): force_integral=-5.739516e-01
  [BOTH][Rank 0] Done moment 20/36 (task 19): force_integral=-5.739516e-01
  [BOTH][Rank 0] Done moment 20/36 (task 19): force_integral=-5.739516e-01
  [BOTH][Rank 0] Done moment 20/36 (task 19): force_integral=-5.739516e-01
  [BOTH][Rank 0] Done moment 20/36 (task 19): force_integral=-5.739516e-01
  [BOTH][Rank 0] Done moment 20/36 (task 19): force_integral=-5.739516e-01
  [BOTH][Rank 0] Done moment 20/36 (task 19): force_integral=-5.739516e-01
  [BOTH][Rank 0] Done moment 20/36 (task 19): force_integral=-5.739516e-01
  [BOTH][Rank 0] Done moment 20/36 (task 19): force_integral=-5.739516e-01
  [BOTH][Rank 0] Done moment 20/36 (task 19): force_integral=-5.739516e-01
  [BOTH][Rank 0] Done moment 20/36 (task 19): force_integral=-5.739516e-01
  [BOTH][Rank 0] Done moment 20/36 (task 19): force_integral=-5.739516e-01
  [BOTH][Rank 0] Done moment 20/36 (task 19): force_integral=-5.739516e-01
  [BOTH][Rank 0] Done moment 20/36 (task 19): force_integral=-5.739516e-01
  [BOTH][Rank 0] Done moment 20/36 (task 19): force_integral=-5.739516e-01
  [BOTH][Rank 0] Done moment 20/36 (task 19): force_integral=-5.739516e-01
  [BOTH][Rank 0] Done moment 20/36 (task 19): force_integral=-5.739516e-01
  [BOTH][Rank 0] Done moment 20/36 (task 19): force_integral=-5.739516e-01
  [BOTH][Rank 0] Done moment 20/36 (task 19): force_integral=-5.739516e-01
  [BOTH][Rank 0] Done moment 20/36 (task 19): force_integral=-5.739516e-01
  [BOTH][Rank 0] Done moment 20/36 (task 19): force_integral=-5.739516e-01
  [BOTH][Rank 0] Done moment 20/36 (task 19): force_integral=-5.739516e-01
  [BOTH][Rank 0] Done moment 20/36 (task 19): force_integral=-5.739516e-01
  [BOTH][Rank 0] Done moment 20/36 (task 19): force_integral=-5.739516e-01
  [BOTH][Rank 0] Done moment 20/36 (task 19): force_integral=-5.739516e-01
  [BOTH][Rank 0] Done moment 20/36 (task 19): force_integral=-5.739516e-01
  [BOTH][Rank 0] Done moment 20/36 (task 19): force_integral=-5.739516e-01
  [BOTH][Rank 0] Done moment 20/36 (task 19): force_integral=-5.739516e-01
  [BOTH][Rank 0] Done moment 20/36 (task 19): force_integral=-5.739516e-01
  [BOTH][Rank 0] Done moment 20/36 (task 19): force_integral=-5.739516e-01
  [BOTH][Rank 0] Done moment 20/36 (task 19): force_integral=-5.739516e-01
  [BOTH][Rank 0] Done moment 20/36 (task 19): force_integral=-5.739516e-01
  [BOTH][Rank 0] Done moment 20/36 (task 19): force_integral=-5.739516e-01
  [BOTH][Rank 0] Done moment 20/36 (task 19): force_integral=-5.739516e-01
  [BOTH][Rank 0] Done moment 20/36 (task 19): force_integral=-5.739516e-01
  [BOTH][Rank 0] Done moment 20/36 (task 19): force_integral=-5.739516e-01
  [BOTH][Rank 0] Done moment 20/36 (task 19): force_integral=-5.739516e-01
  [BOTH][Rank 0] Done moment 20/36 (task 19): force_integral=-5.739516e-01
  [BOTH][Rank 0] Done moment 20/36 (task 19): force_integral=-5.739516e-01
  [BOTH][Rank 0] Done moment 20/36 (task 19): force_integral=-5.739516e-01
  [BOTH][Rank 0] Done moment 20/36 (task 19): force_integral=-5.739516e-01
  [BOTH][Rank 0] Done moment 20/36 (task 19): force_integral=-5.739516e-01
  [BOTH][Rank 0] Done moment 20/36 (task 19): force_integral=-5.739516e-01
  [BOTH][Rank 0] Done moment 20/36 (task 19): force_integral=-5.739516e-01
  [BOTH][Rank 0] Done moment 20/36 (task 19): force_integral=-5.739516e-01
  [BOTH][Rank 0] Done moment 20/36 (task 19): force_integral=-5.739516e-01
  [BOTH][Rank 0] Done moment 21/36 (task 20): force_integral=+0.000000e+00
  [BOTH][Rank 0] Done moment 21/36 (task 20): force_integral=+0.000000e+00
  [BOTH][Rank 0] Done moment 21/36 (task 20): force_integral=+0.000000e+00
  [BOTH][Rank 0] Done moment 21/36 (task 20): force_integral=+0.000000e+00
  [BOTH][Rank 0] Done moment 21/36 (task 20): force_integral=+0.000000e+00
  [BOTH][Rank 0] Done moment 21/36 (task 20): force_integral=+0.000000e+00
  [BOTH][Rank 0] Done moment 21/36 (task 20): force_integral=+0.000000e+00
  [BOTH][Rank 0] Done moment 21/36 (task 20): force_integral=+0.000000e+00
  [BOTH][Rank 0] Done moment 21/36 (task 20): force_integral=+0.000000e+00
  [BOTH][Rank 0] Done moment 21/36 (task 20): force_integral=+0.000000e+00
  [BOTH][Rank 0] Done moment 21/36 (task 20): force_integral=+0.000000e+00
  [BOTH][Rank 0] Done moment 21/36 (task 20): force_integral=+0.000000e+00
  [BOTH][Rank 0] Done moment 21/36 (task 20): force_integral=+0.000000e+00
  [BOTH][Rank 0] Done moment 21/36 (task 20): force_integral=+0.000000e+00
  [BOTH][Rank 0] Done moment 21/36 (task 20): force_integral=+0.000000e+00
  [BOTH][Rank 0] Done moment 21/36 (task 20): force_integral=+0.000000e+00
  [BOTH][Rank 0] Done moment 21/36 (task 20): force_integral=+0.000000e+00
  [BOTH][Rank 0] Done moment 21/36 (task 20): force_integral=+0.000000e+00
  [BOTH][Rank 0] Done moment 21/36 (task 20): force_integral=+0.000000e+00
  [BOTH][Rank 0] Done moment 21/36 (task 20): force_integral=+0.000000e+00
  [BOTH][Rank 0] Done moment 21/36 (task 20): force_integral=+0.000000e+00
  [BOTH][Rank 0] Done moment 21/36 (task 20): force_integral=+0.000000e+00
  [BOTH][Rank 0] Done moment 21/36 (task 20): force_integral=+0.000000e+00
  [BOTH][Rank 0] Done moment 21/36 (task 20): force_integral=+0.000000e+00
  [BOTH][Rank 0] Done moment 21/36 (task 20): force_integral=+0.000000e+00
  [BOTH][Rank 0] Done moment 21/36 (task 20): force_integral=+0.000000e+00
  [BOTH][Rank 0] Done moment 21/36 (task 20): force_integral=+0.000000e+00
  [BOTH][Rank 0] Done moment 21/36 (task 20): force_integral=+0.000000e+00
  [BOTH][Rank 0] Done moment 21/36 (task 20): force_integral=+0.000000e+00
  [BOTH][Rank 0] Done moment 21/36 (task 20): force_integral=+0.000000e+00
  [BOTH][Rank 0] Done moment 21/36 (task 20): force_integral=+0.000000e+00
  [BOTH][Rank 0] Done moment 21/36 (task 20): force_integral=+0.000000e+00
  [BOTH][Rank 0] Done moment 21/36 (task 20): force_integral=+0.000000e+00
  [BOTH][Rank 0] Done moment 21/36 (task 20): force_integral=+0.000000e+00
  [BOTH][Rank 0] Done moment 21/36 (task 20): force_integral=+0.000000e+00
  [BOTH][Rank 0] Done moment 21/36 (task 20): force_integral=+0.000000e+00
  [BOTH][Rank 0] Done moment 21/36 (task 20): force_integral=+0.000000e+00
  [BOTH][Rank 0] Done moment 21/36 (task 20): force_integral=+0.000000e+00
  [BOTH][Rank 0] Done moment 21/36 (task 20): force_integral=+0.000000e+00
  [BOTH][Rank 0] Done moment 21/36 (task 20): force_integral=+0.000000e+00
  [BOTH][Rank 0] Done moment 21/36 (task 20): force_integral=+0.000000e+00
  [BOTH][Rank 0] Done moment 21/36 (task 20): force_integral=+0.000000e+00
  [BOTH][Rank 0] Done moment 21/36 (task 20): force_integral=+0.000000e+00
  [BOTH][Rank 0] Done moment 21/36 (task 20): force_integral=+0.000000e+00
  [BOTH][Rank 0] Done moment 21/36 (task 20): force_integral=+0.000000e+00
  [BOTH][Rank 0] Done moment 21/36 (task 20): force_integral=+0.000000e+00
  [BOTH][Rank 0] Done moment 21/36 (task 20): force_integral=+0.000000e+00
  [BOTH][Rank 0] Done moment 21/36 (task 20): force_integral=+0.000000e+00
  [BOTH][Rank 0] Done moment 21/36 (task 20): force_integral=+0.000000e+00
  [BOTH][Rank 0] Done moment 21/36 (task 20): force_integral=+0.000000e+00
  [BOTH][Rank 0] Done moment 21/36 (task 20): force_integral=+0.000000e+00
  [BOTH][Rank 0] Done moment 21/36 (task 20): force_integral=+0.000000e+00
  [BOTH][Rank 0] Done moment 21/36 (task 20): force_integral=+0.000000e+00
  [BOTH][Rank 0] Done moment 21/36 (task 20): force_integral=+0.000000e+00
  [BOTH][Rank 0] Done moment 21/36 (task 20): force_integral=+0.000000e+00
  [BOTH][Rank 0] Done moment 21/36 (task 20): force_integral=+0.000000e+00
  [BOTH][Rank 0] Done moment 21/36 (task 20): force_integral=+0.000000e+00
  [BOTH][Rank 0] Done moment 21/36 (task 20): force_integral=+0.000000e+00
  [BOTH][Rank 0] Done moment 21/36 (task 20): force_integral=+0.000000e+00
  [BOTH][Rank 0] Done moment 21/36 (task 20): force_integral=+0.000000e+00
  [BOTH][Rank 0] Done moment 21/36 (task 20): force_integral=+0.000000e+00
  [BOTH][Rank 0] Done moment 21/36 (task 20): force_integral=+0.000000e+00
  [BOTH][Rank 0] Done moment 21/36 (task 20): force_integral=+0.000000e+00
  [BOTH][Rank 0] Done moment 21/36 (task 20): force_integral=+0.000000e+00
  [BOTH][Rank 0] Done moment 21/36 (task 20): force_integral=+0.000000e+00
  [BOTH][Rank 0] Done moment 21/36 (task 20): force_integral=+0.000000e+00
  [BOTH][Rank 0] Done moment 21/36 (task 20): force_integral=+0.000000e+00
  [BOTH][Rank 0] Done moment 21/36 (task 20): force_integral=+0.000000e+00
  [BOTH][Rank 0] Done moment 21/36 (task 20): force_integral=+0.000000e+00
  [BOTH][Rank 0] Done moment 21/36 (task 20): force_integral=+0.000000e+00
  [BOTH][Rank 0] Done moment 21/36 (task 20): force_integral=+0.000000e+00
  [BOTH][Rank 0] Done moment 21/36 (task 20): force_integral=+0.000000e+00
  [BOTH][Rank 0] Done moment 21/36 (task 20): force_integral=+0.000000e+00
  [BOTH][Rank 0] Done moment 21/36 (task 20): force_integral=+0.000000e+00
  [BOTH][Rank 0] Done moment 21/36 (task 20): force_integral=+0.000000e+00
  [BOTH][Rank 0] Done moment 21/36 (task 20): force_integral=+0.000000e+00
  [BOTH][Rank 0] Done moment 21/36 (task 20): force_integral=+0.000000e+00
  [BOTH][Rank 0] Done moment 21/36 (task 20): force_integral=+0.000000e+00
  [BOTH][Rank 0] Done moment 21/36 (task 20): force_integral=+0.000000e+00
  [BOTH][Rank 0] Done moment 21/36 (task 20): force_integral=+0.000000e+00
  [BOTH][Rank 0] Done moment 21/36 (task 20): force_integral=+0.000000e+00
  [BOTH][Rank 0] Done moment 21/36 (task 20): force_integral=+0.000000e+00
  [BOTH][Rank 0] Done moment 21/36 (task 20): force_integral=+0.000000e+00
  [BOTH][Rank 0] Done moment 21/36 (task 20): force_integral=+0.000000e+00
  [BOTH][Rank 0] Done moment 21/36 (task 20): force_integral=+0.000000e+00
  [BOTH][Rank 0] Done moment 21/36 (task 20): force_integral=+0.000000e+00
  [BOTH][Rank 0] Done moment 21/36 (task 20): force_integral=+0.000000e+00
  [BOTH][Rank 0] Done moment 21/36 (task 20): force_integral=+0.000000e+00
  [BOTH][Rank 0] Done moment 21/36 (task 20): force_integral=+0.000000e+00
  [BOTH][Rank 0] Done moment 21/36 (task 20): force_integral=+0.000000e+00
  [BOTH][Rank 0] Done moment 21/36 (task 20): force_integral=+0.000000e+00
  [BOTH][Rank 0] Done moment 21/36 (task 20): force_integral=+0.000000e+00
  [BOTH][Rank 0] Done moment 21/36 (task 20): force_integral=+0.000000e+00
  [BOTH][Rank 0] Done moment 21/36 (task 20): force_integral=+0.000000e+00
  [BOTH][Rank 0] Done moment 21/36 (task 20): force_integral=+0.000000e+00
  [BOTH][Rank 0] Done moment 21/36 (task 20): force_integral=+0.000000e+00
  [BOTH][Rank 0] Done moment 21/36 (task 20): force_integral=+0.000000e+00
  [BOTH][Rank 0] Done moment 21/36 (task 20): force_integral=+0.000000e+00
  [BOTH][Rank 0] Done moment 21/36 (task 20): force_integral=+0.000000e+00
  [BOTH][Rank 0] Done moment 21/36 (task 20): force_integral=+0.000000e+00
  [BOTH][Rank 0] Done moment 21/36 (task 20): force_integral=+0.000000e+00
  [BOTH][Rank 0] Done moment 21/36 (task 20): force_integral=+0.000000e+00
  [BOTH][Rank 0] Done moment 21/36 (task 20): force_integral=+0.000000e+00
  [BOTH][Rank 0] Done moment 21/36 (task 20): force_integral=+0.000000e+00
  [BOTH][Rank 0] Done moment 21/36 (task 20): force_integral=+0.000000e+00
  [BOTH][Rank 0] Done moment 21/36 (task 20): force_integral=+0.000000e+00
  [BOTH][Rank 0] Done moment 21/36 (task 20): force_integral=+0.000000e+00
  [BOTH][Rank 0] Done moment 21/36 (task 20): force_integral=+0.000000e+00
  [BOTH][Rank 0] Done moment 21/36 (task 20): force_integral=+0.000000e+00
  [BOTH][Rank 0] Done moment 21/36 (task 20): force_integral=+0.000000e+00
  [BOTH][Rank 0] Done moment 21/36 (task 20): force_integral=+0.000000e+00
  [BOTH][Rank 0] Done moment 21/36 (task 20): force_integral=+0.000000e+00
  [BOTH][Rank 0] Done moment 21/36 (task 20): force_integral=+0.000000e+00
  [BOTH][Rank 0] Done moment 21/36 (task 20): force_integral=+0.000000e+00
  [BOTH][Rank 0] Done moment 21/36 (task 20): force_integral=+0.000000e+00
  [BOTH][Rank 0] Done moment 21/36 (task 20): force_integral=+0.000000e+00
  [BOTH][Rank 0] Done moment 21/36 (task 20): force_integral=+0.000000e+00
  [BOTH][Rank 0] Done moment 21/36 (task 20): force_integral=+0.000000e+00
  [BOTH][Rank 0] Done moment 21/36 (task 20): force_integral=+0.000000e+00
  [BOTH][Rank 0] Done moment 21/36 (task 20): force_integral=+0.000000e+00
  [BOTH][Rank 0] Done moment 21/36 (task 20): force_integral=+0.000000e+00
  [BOTH][Rank 0] Done moment 21/36 (task 20): force_integral=+0.000000e+00
  [BOTH][Rank 0] Done moment 21/36 (task 20): force_integral=+0.000000e+00
  [BOTH][Rank 0] Done moment 21/36 (task 20): force_integral=+0.000000e+00
  [BOTH][Rank 0] Done moment 21/36 (task 20): force_integral=+0.000000e+00
  [BOTH][Rank 0] Done moment 21/36 (task 20): force_integral=+0.000000e+00
  [BOTH][Rank 0] Done moment 21/36 (task 20): force_integral=+0.000000e+00
  [BOTH][Rank 0] Done moment 21/36 (task 20): force_integral=+0.000000e+00
  [BOTH][Rank 0] Done moment 22/36 (task 21): force_integral=+0.000000e+00
  [BOTH][Rank 0] Done moment 22/36 (task 21): force_integral=+0.000000e+00
  [BOTH][Rank 0] Done moment 22/36 (task 21): force_integral=+0.000000e+00
  [BOTH][Rank 0] Done moment 22/36 (task 21): force_integral=+0.000000e+00
  [BOTH][Rank 0] Done moment 22/36 (task 21): force_integral=+0.000000e+00
  [BOTH][Rank 0] Done moment 22/36 (task 21): force_integral=+0.000000e+00
  [BOTH][Rank 0] Done moment 22/36 (task 21): force_integral=+0.000000e+00
  [BOTH][Rank 0] Done moment 22/36 (task 21): force_integral=+0.000000e+00
  [BOTH][Rank 0] Done moment 22/36 (task 21): force_integral=+0.000000e+00
  [BOTH][Rank 0] Done moment 22/36 (task 21): force_integral=+0.000000e+00
  [BOTH][Rank 0] Done moment 22/36 (task 21): force_integral=+0.000000e+00
  [BOTH][Rank 0] Done moment 22/36 (task 21): force_integral=+0.000000e+00
  [BOTH][Rank 0] Done moment 22/36 (task 21): force_integral=+0.000000e+00
  [BOTH][Rank 0] Done moment 22/36 (task 21): force_integral=+0.000000e+00
  [BOTH][Rank 0] Done moment 22/36 (task 21): force_integral=+0.000000e+00
  [BOTH][Rank 0] Done moment 22/36 (task 21): force_integral=+0.000000e+00
  [BOTH][Rank 0] Done moment 22/36 (task 21): force_integral=+0.000000e+00
  [BOTH][Rank 0] Done moment 22/36 (task 21): force_integral=+0.000000e+00
  [BOTH][Rank 0] Done moment 22/36 (task 21): force_integral=+0.000000e+00
  [BOTH][Rank 0] Done moment 22/36 (task 21): force_integral=+0.000000e+00
  [BOTH][Rank 0] Done moment 22/36 (task 21): force_integral=+0.000000e+00
  [BOTH][Rank 0] Done moment 22/36 (task 21): force_integral=+0.000000e+00
  [BOTH][Rank 0] Done moment 22/36 (task 21): force_integral=+0.000000e+00
  [BOTH][Rank 0] Done moment 22/36 (task 21): force_integral=+0.000000e+00
  [BOTH][Rank 0] Done moment 22/36 (task 21): force_integral=+0.000000e+00
  [BOTH][Rank 0] Done moment 22/36 (task 21): force_integral=+0.000000e+00
  [BOTH][Rank 0] Done moment 22/36 (task 21): force_integral=+0.000000e+00
  [BOTH][Rank 0] Done moment 22/36 (task 21): force_integral=+0.000000e+00
  [BOTH][Rank 0] Done moment 22/36 (task 21): force_integral=+0.000000e+00
  [BOTH][Rank 0] Done moment 22/36 (task 21): force_integral=+0.000000e+00
  [BOTH][Rank 0] Done moment 22/36 (task 21): force_integral=+0.000000e+00
  [BOTH][Rank 0] Done moment 22/36 (task 21): force_integral=+0.000000e+00
  [BOTH][Rank 0] Done moment 22/36 (task 21): force_integral=+0.000000e+00
  [BOTH][Rank 0] Done moment 22/36 (task 21): force_integral=+0.000000e+00
  [BOTH][Rank 0] Done moment 22/36 (task 21): force_integral=+0.000000e+00
  [BOTH][Rank 0] Done moment 22/36 (task 21): force_integral=+0.000000e+00
  [BOTH][Rank 0] Done moment 22/36 (task 21): force_integral=+0.000000e+00
  [BOTH][Rank 0] Done moment 22/36 (task 21): force_integral=+0.000000e+00
  [BOTH][Rank 0] Done moment 22/36 (task 21): force_integral=+0.000000e+00
  [BOTH][Rank 0] Done moment 22/36 (task 21): force_integral=+0.000000e+00
  [BOTH][Rank 0] Done moment 22/36 (task 21): force_integral=+0.000000e+00
  [BOTH][Rank 0] Done moment 22/36 (task 21): force_integral=+0.000000e+00
  [BOTH][Rank 0] Done moment 22/36 (task 21): force_integral=+0.000000e+00
  [BOTH][Rank 0] Done moment 22/36 (task 21): force_integral=+0.000000e+00
  [BOTH][Rank 0] Done moment 22/36 (task 21): force_integral=+0.000000e+00
  [BOTH][Rank 0] Done moment 22/36 (task 21): force_integral=+0.000000e+00
  [BOTH][Rank 0] Done moment 22/36 (task 21): force_integral=+0.000000e+00
  [BOTH][Rank 0] Done moment 22/36 (task 21): force_integral=+0.000000e+00
  [BOTH][Rank 0] Done moment 22/36 (task 21): force_integral=+0.000000e+00
  [BOTH][Rank 0] Done moment 22/36 (task 21): force_integral=+0.000000e+00
  [BOTH][Rank 0] Done moment 22/36 (task 21): force_integral=+0.000000e+00
  [BOTH][Rank 0] Done moment 22/36 (task 21): force_integral=+0.000000e+00
  [BOTH][Rank 0] Done moment 22/36 (task 21): force_integral=+0.000000e+00
  [BOTH][Rank 0] Done moment 22/36 (task 21): force_integral=+0.000000e+00
  [BOTH][Rank 0] Done moment 22/36 (task 21): force_integral=+0.000000e+00
  [BOTH][Rank 0] Done moment 22/36 (task 21): force_integral=+0.000000e+00
  [BOTH][Rank 0] Done moment 22/36 (task 21): force_integral=+0.000000e+00
  [BOTH][Rank 0] Done moment 22/36 (task 21): force_integral=+0.000000e+00
  [BOTH][Rank 0] Done moment 22/36 (task 21): force_integral=+0.000000e+00
  [BOTH][Rank 0] Done moment 22/36 (task 21): force_integral=+0.000000e+00
  [BOTH][Rank 0] Done moment 22/36 (task 21): force_integral=+0.000000e+00
  [BOTH][Rank 0] Done moment 22/36 (task 21): force_integral=+0.000000e+00
  [BOTH][Rank 0] Done moment 22/36 (task 21): force_integral=+0.000000e+00
  [BOTH][Rank 0] Done moment 22/36 (task 21): force_integral=+0.000000e+00
  [BOTH][Rank 0] Done moment 22/36 (task 21): force_integral=+0.000000e+00
  [BOTH][Rank 0] Done moment 22/36 (task 21): force_integral=+0.000000e+00
  [BOTH][Rank 0] Done moment 22/36 (task 21): force_integral=+0.000000e+00
  [BOTH][Rank 0] Done moment 22/36 (task 21): force_integral=+0.000000e+00
  [BOTH][Rank 0] Done moment 22/36 (task 21): force_integral=+0.000000e+00
  [BOTH][Rank 0] Done moment 22/36 (task 21): force_integral=+0.000000e+00
  [BOTH][Rank 0] Done moment 22/36 (task 21): force_integral=+0.000000e+00
  [BOTH][Rank 0] Done moment 22/36 (task 21): force_integral=+0.000000e+00
  [BOTH][Rank 0] Done moment 22/36 (task 21): force_integral=+0.000000e+00
  [BOTH][Rank 0] Done moment 22/36 (task 21): force_integral=+0.000000e+00
  [BOTH][Rank 0] Done moment 22/36 (task 21): force_integral=+0.000000e+00
  [BOTH][Rank 0] Done moment 22/36 (task 21): force_integral=+0.000000e+00
  [BOTH][Rank 0] Done moment 22/36 (task 21): force_integral=+0.000000e+00
  [BOTH][Rank 0] Done moment 22/36 (task 21): force_integral=+0.000000e+00
  [BOTH][Rank 0] Done moment 22/36 (task 21): force_integral=+0.000000e+00
  [BOTH][Rank 0] Done moment 22/36 (task 21): force_integral=+0.000000e+00
  [BOTH][Rank 0] Done moment 22/36 (task 21): force_integral=+0.000000e+00
  [BOTH][Rank 0] Done moment 22/36 (task 21): force_integral=+0.000000e+00
  [BOTH][Rank 0] Done moment 22/36 (task 21): force_integral=+0.000000e+00
  [BOTH][Rank 0] Done moment 22/36 (task 21): force_integral=+0.000000e+00
  [BOTH][Rank 0] Done moment 22/36 (task 21): force_integral=+0.000000e+00
  [BOTH][Rank 0] Done moment 22/36 (task 21): force_integral=+0.000000e+00
  [BOTH][Rank 0] Done moment 22/36 (task 21): force_integral=+0.000000e+00
  [BOTH][Rank 0] Done moment 22/36 (task 21): force_integral=+0.000000e+00
  [BOTH][Rank 0] Done moment 22/36 (task 21): force_integral=+0.000000e+00
  [BOTH][Rank 0] Done moment 22/36 (task 21): force_integral=+0.000000e+00
  [BOTH][Rank 0] Done moment 22/36 (task 21): force_integral=+0.000000e+00
  [BOTH][Rank 0] Done moment 22/36 (task 21): force_integral=+0.000000e+00
  [BOTH][Rank 0] Done moment 22/36 (task 21): force_integral=+0.000000e+00
  [BOTH][Rank 0] Done moment 22/36 (task 21): force_integral=+0.000000e+00
  [BOTH][Rank 0] Done moment 22/36 (task 21): force_integral=+0.000000e+00
  [BOTH][Rank 0] Done moment 22/36 (task 21): force_integral=+0.000000e+00
  [BOTH][Rank 0] Done moment 22/36 (task 21): force_integral=+0.000000e+00
  [BOTH][Rank 0] Done moment 22/36 (task 21): force_integral=+0.000000e+00
  [BOTH][Rank 0] Done moment 22/36 (task 21): force_integral=+0.000000e+00
  [BOTH][Rank 0] Done moment 22/36 (task 21): force_integral=+0.000000e+00
  [BOTH][Rank 0] Done moment 22/36 (task 21): force_integral=+0.000000e+00
  [BOTH][Rank 0] Done moment 22/36 (task 21): force_integral=+0.000000e+00
  [BOTH][Rank 0] Done moment 22/36 (task 21): force_integral=+0.000000e+00
  [BOTH][Rank 0] Done moment 22/36 (task 21): force_integral=+0.000000e+00
  [BOTH][Rank 0] Done moment 22/36 (task 21): force_integral=+0.000000e+00
  [BOTH][Rank 0] Done moment 22/36 (task 21): force_integral=+0.000000e+00
  [BOTH][Rank 0] Done moment 22/36 (task 21): force_integral=+0.000000e+00
  [BOTH][Rank 0] Done moment 22/36 (task 21): force_integral=+0.000000e+00
  [BOTH][Rank 0] Done moment 22/36 (task 21): force_integral=+0.000000e+00
  [BOTH][Rank 0] Done moment 22/36 (task 21): force_integral=+0.000000e+00
  [BOTH][Rank 0] Done moment 22/36 (task 21): force_integral=+0.000000e+00
  [BOTH][Rank 0] Done moment 22/36 (task 21): force_integral=+0.000000e+00
  [BOTH][Rank 0] Done moment 22/36 (task 21): force_integral=+0.000000e+00
  [BOTH][Rank 0] Done moment 22/36 (task 21): force_integral=+0.000000e+00
  [BOTH][Rank 0] Done moment 22/36 (task 21): force_integral=+0.000000e+00
  [BOTH][Rank 0] Done moment 22/36 (task 21): force_integral=+0.000000e+00
  [BOTH][Rank 0] Done moment 22/36 (task 21): force_integral=+0.000000e+00
  [BOTH][Rank 0] Done moment 22/36 (task 21): force_integral=+0.000000e+00
  [BOTH][Rank 0] Done moment 22/36 (task 21): force_integral=+0.000000e+00
  [BOTH][Rank 0] Done moment 22/36 (task 21): force_integral=+0.000000e+00
  [BOTH][Rank 0] Done moment 22/36 (task 21): force_integral=+0.000000e+00
  [BOTH][Rank 0] Done moment 22/36 (task 21): force_integral=+0.000000e+00
  [BOTH][Rank 0] Done moment 22/36 (task 21): force_integral=+0.000000e+00
  [BOTH][Rank 0] Done moment 22/36 (task 21): force_integral=+0.000000e+00
  [BOTH][Rank 0] Done moment 22/36 (task 21): force_integral=+0.000000e+00
  [BOTH][Rank 0] Done moment 22/36 (task 21): force_integral=+0.000000e+00
  [BOTH][Rank 0] Done moment 22/36 (task 21): force_integral=+0.000000e+00
  [BOTH][Rank 0] Done moment 22/36 (task 21): force_integral=+0.000000e+00
  [BOTH][Rank 0] Done moment 23/36 (task 22): force_integral=-1.666809e+03
  [BOTH][Rank 0] Done moment 23/36 (task 22): force_integral=-1.666809e+03
  [BOTH][Rank 0] Done moment 23/36 (task 22): force_integral=-1.666809e+03
  [BOTH][Rank 0] Done moment 23/36 (task 22): force_integral=-1.666809e+03
  [BOTH][Rank 0] Done moment 23/36 (task 22): force_integral=-1.666809e+03
  [BOTH][Rank 0] Done moment 23/36 (task 22): force_integral=-1.666809e+03
  [BOTH][Rank 0] Done moment 23/36 (task 22): force_integral=-1.666809e+03
  [BOTH][Rank 0] Done moment 23/36 (task 22): force_integral=-1.666809e+03
  [BOTH][Rank 0] Done moment 23/36 (task 22): force_integral=-1.666809e+03
  [BOTH][Rank 0] Done moment 23/36 (task 22): force_integral=-1.666809e+03
  [BOTH][Rank 0] Done moment 23/36 (task 22): force_integral=-1.666809e+03
  [BOTH][Rank 0] Done moment 23/36 (task 22): force_integral=-1.666809e+03
  [BOTH][Rank 0] Done moment 23/36 (task 22): force_integral=-1.666809e+03
  [BOTH][Rank 0] Done moment 23/36 (task 22): force_integral=-1.666809e+03
  [BOTH][Rank 0] Done moment 23/36 (task 22): force_integral=-1.666809e+03
  [BOTH][Rank 0] Done moment 23/36 (task 22): force_integral=-1.666809e+03
  [BOTH][Rank 0] Done moment 23/36 (task 22): force_integral=-1.666809e+03
  [BOTH][Rank 0] Done moment 23/36 (task 22): force_integral=-1.666809e+03
  [BOTH][Rank 0] Done moment 23/36 (task 22): force_integral=-1.666809e+03
  [BOTH][Rank 0] Done moment 23/36 (task 22): force_integral=-1.666809e+03
  [BOTH][Rank 0] Done moment 23/36 (task 22): force_integral=-1.666809e+03
  [BOTH][Rank 0] Done moment 23/36 (task 22): force_integral=-1.666809e+03
  [BOTH][Rank 0] Done moment 23/36 (task 22): force_integral=-1.666809e+03
  [BOTH][Rank 0] Done moment 23/36 (task 22): force_integral=-1.666809e+03
  [BOTH][Rank 0] Done moment 23/36 (task 22): force_integral=-1.666809e+03
  [BOTH][Rank 0] Done moment 23/36 (task 22): force_integral=-1.666809e+03
  [BOTH][Rank 0] Done moment 23/36 (task 22): force_integral=-1.666809e+03
  [BOTH][Rank 0] Done moment 23/36 (task 22): force_integral=-1.666809e+03
  [BOTH][Rank 0] Done moment 23/36 (task 22): force_integral=-1.666809e+03
  [BOTH][Rank 0] Done moment 23/36 (task 22): force_integral=-1.666809e+03
  [BOTH][Rank 0] Done moment 23/36 (task 22): force_integral=-1.666809e+03
  [BOTH][Rank 0] Done moment 23/36 (task 22): force_integral=-1.666809e+03
  [BOTH][Rank 0] Done moment 23/36 (task 22): force_integral=-1.666809e+03
  [BOTH][Rank 0] Done moment 23/36 (task 22): force_integral=-1.666809e+03
  [BOTH][Rank 0] Done moment 23/36 (task 22): force_integral=-1.666809e+03
  [BOTH][Rank 0] Done moment 23/36 (task 22): force_integral=-1.666809e+03
  [BOTH][Rank 0] Done moment 23/36 (task 22): force_integral=-1.666809e+03
  [BOTH][Rank 0] Done moment 23/36 (task 22): force_integral=-1.666809e+03
  [BOTH][Rank 0] Done moment 23/36 (task 22): force_integral=-1.666809e+03
  [BOTH][Rank 0] Done moment 23/36 (task 22): force_integral=-1.666809e+03
  [BOTH][Rank 0] Done moment 23/36 (task 22): force_integral=-1.666809e+03
  [BOTH][Rank 0] Done moment 23/36 (task 22): force_integral=-1.666809e+03
  [BOTH][Rank 0] Done moment 23/36 (task 22): force_integral=-1.666809e+03
  [BOTH][Rank 0] Done moment 23/36 (task 22): force_integral=-1.666809e+03
  [BOTH][Rank 0] Done moment 23/36 (task 22): force_integral=-1.666809e+03
  [BOTH][Rank 0] Done moment 23/36 (task 22): force_integral=-1.666809e+03
  [BOTH][Rank 0] Done moment 23/36 (task 22): force_integral=-1.666809e+03
  [BOTH][Rank 0] Done moment 23/36 (task 22): force_integral=-1.666809e+03
  [BOTH][Rank 0] Done moment 23/36 (task 22): force_integral=-1.666809e+03
  [BOTH][Rank 0] Done moment 23/36 (task 22): force_integral=-1.666809e+03
  [BOTH][Rank 0] Done moment 23/36 (task 22): force_integral=-1.666809e+03
  [BOTH][Rank 0] Done moment 23/36 (task 22): force_integral=-1.666809e+03
  [BOTH][Rank 0] Done moment 23/36 (task 22): force_integral=-1.666809e+03
  [BOTH][Rank 0] Done moment 23/36 (task 22): force_integral=-1.666809e+03
  [BOTH][Rank 0] Done moment 23/36 (task 22): force_integral=-1.666809e+03
  [BOTH][Rank 0] Done moment 23/36 (task 22): force_integral=-1.666809e+03
  [BOTH][Rank 0] Done moment 23/36 (task 22): force_integral=-1.666809e+03
  [BOTH][Rank 0] Done moment 23/36 (task 22): force_integral=-1.666809e+03
  [BOTH][Rank 0] Done moment 23/36 (task 22): force_integral=-1.666809e+03
  [BOTH][Rank 0] Done moment 23/36 (task 22): force_integral=-1.666809e+03
  [BOTH][Rank 0] Done moment 23/36 (task 22): force_integral=-1.666809e+03
  [BOTH][Rank 0] Done moment 23/36 (task 22): force_integral=-1.666809e+03
  [BOTH][Rank 0] Done moment 23/36 (task 22): force_integral=-1.666809e+03
  [BOTH][Rank 0] Done moment 23/36 (task 22): force_integral=-1.666809e+03
  [BOTH][Rank 0] Done moment 23/36 (task 22): force_integral=-1.666809e+03
  [BOTH][Rank 0] Done moment 23/36 (task 22): force_integral=-1.666809e+03
  [BOTH][Rank 0] Done moment 23/36 (task 22): force_integral=-1.666809e+03
  [BOTH][Rank 0] Done moment 23/36 (task 22): force_integral=-1.666809e+03
  [BOTH][Rank 0] Done moment 23/36 (task 22): force_integral=-1.666809e+03
  [BOTH][Rank 0] Done moment 23/36 (task 22): force_integral=-1.666809e+03
  [BOTH][Rank 0] Done moment 23/36 (task 22): force_integral=-1.666809e+03
  [BOTH][Rank 0] Done moment 23/36 (task 22): force_integral=-1.666809e+03
  [BOTH][Rank 0] Done moment 23/36 (task 22): force_integral=-1.666809e+03
  [BOTH][Rank 0] Done moment 23/36 (task 22): force_integral=-1.666809e+03
  [BOTH][Rank 0] Done moment 23/36 (task 22): force_integral=-1.666809e+03
  [BOTH][Rank 0] Done moment 23/36 (task 22): force_integral=-1.666809e+03
  [BOTH][Rank 0] Done moment 23/36 (task 22): force_integral=-1.666809e+03
  [BOTH][Rank 0] Done moment 23/36 (task 22): force_integral=-1.666809e+03
  [BOTH][Rank 0] Done moment 23/36 (task 22): force_integral=-1.666809e+03
  [BOTH][Rank 0] Done moment 23/36 (task 22): force_integral=-1.666809e+03
  [BOTH][Rank 0] Done moment 23/36 (task 22): force_integral=-1.666809e+03
  [BOTH][Rank 0] Done moment 23/36 (task 22): force_integral=-1.666809e+03
  [BOTH][Rank 0] Done moment 23/36 (task 22): force_integral=-1.666809e+03
  [BOTH][Rank 0] Done moment 23/36 (task 22): force_integral=-1.666809e+03
  [BOTH][Rank 0] Done moment 23/36 (task 22): force_integral=-1.666809e+03
  [BOTH][Rank 0] Done moment 23/36 (task 22): force_integral=-1.666809e+03
  [BOTH][Rank 0] Done moment 23/36 (task 22): force_integral=-1.666809e+03
  [BOTH][Rank 0] Done moment 23/36 (task 22): force_integral=-1.666809e+03
  [BOTH][Rank 0] Done moment 23/36 (task 22): force_integral=-1.666809e+03
  [BOTH][Rank 0] Done moment 23/36 (task 22): force_integral=-1.666809e+03
  [BOTH][Rank 0] Done moment 23/36 (task 22): force_integral=-1.666809e+03
  [BOTH][Rank 0] Done moment 23/36 (task 22): force_integral=-1.666809e+03
  [BOTH][Rank 0] Done moment 23/36 (task 22): force_integral=-1.666809e+03
  [BOTH][Rank 0] Done moment 23/36 (task 22): force_integral=-1.666809e+03
  [BOTH][Rank 0] Done moment 23/36 (task 22): force_integral=-1.666809e+03
  [BOTH][Rank 0] Done moment 23/36 (task 22): force_integral=-1.666809e+03
  [BOTH][Rank 0] Done moment 23/36 (task 22): force_integral=-1.666809e+03
  [BOTH][Rank 0] Done moment 23/36 (task 22): force_integral=-1.666809e+03
  [BOTH][Rank 0] Done moment 23/36 (task 22): force_integral=-1.666809e+03
  [BOTH][Rank 0] Done moment 23/36 (task 22): force_integral=-1.666809e+03
  [BOTH][Rank 0] Done moment 23/36 (task 22): force_integral=-1.666809e+03
  [BOTH][Rank 0] Done moment 23/36 (task 22): force_integral=-1.666809e+03
  [BOTH][Rank 0] Done moment 23/36 (task 22): force_integral=-1.666809e+03
  [BOTH][Rank 0] Done moment 23/36 (task 22): force_integral=-1.666809e+03
  [BOTH][Rank 0] Done moment 23/36 (task 22): force_integral=-1.666809e+03
  [BOTH][Rank 0] Done moment 23/36 (task 22): force_integral=-1.666809e+03
  [BOTH][Rank 0] Done moment 23/36 (task 22): force_integral=-1.666809e+03
  [BOTH][Rank 0] Done moment 23/36 (task 22): force_integral=-1.666809e+03
  [BOTH][Rank 0] Done moment 23/36 (task 22): force_integral=-1.666809e+03
  [BOTH][Rank 0] Done moment 23/36 (task 22): force_integral=-1.666809e+03
  [BOTH][Rank 0] Done moment 23/36 (task 22): force_integral=-1.666809e+03
  [BOTH][Rank 0] Done moment 23/36 (task 22): force_integral=-1.666809e+03
  [BOTH][Rank 0] Done moment 23/36 (task 22): force_integral=-1.666809e+03
  [BOTH][Rank 0] Done moment 23/36 (task 22): force_integral=-1.666809e+03
  [BOTH][Rank 0] Done moment 23/36 (task 22): force_integral=-1.666809e+03
  [BOTH][Rank 0] Done moment 23/36 (task 22): force_integral=-1.666809e+03
  [BOTH][Rank 0] Done moment 23/36 (task 22): force_integral=-1.666809e+03
  [BOTH][Rank 0] Done moment 23/36 (task 22): force_integral=-1.666809e+03
  [BOTH][Rank 0] Done moment 23/36 (task 22): force_integral=-1.666809e+03
  [BOTH][Rank 0] Done moment 23/36 (task 22): force_integral=-1.666809e+03
  [BOTH][Rank 0] Done moment 23/36 (task 22): force_integral=-1.666809e+03
  [BOTH][Rank 0] Done moment 23/36 (task 22): force_integral=-1.666809e+03
  [BOTH][Rank 0] Done moment 23/36 (task 22): force_integral=-1.666809e+03
  [BOTH][Rank 0] Done moment 23/36 (task 22): force_integral=-1.666809e+03
  [BOTH][Rank 0] Done moment 23/36 (task 22): force_integral=-1.666809e+03
  [BOTH][Rank 0] Done moment 23/36 (task 22): force_integral=-1.666809e+03
  [BOTH][Rank 0] Done moment 23/36 (task 22): force_integral=-1.666809e+03
  [BOTH][Rank 0] Done moment 23/36 (task 22): force_integral=-1.666809e+03
  [BOTH][Rank 0] Done moment 24/36 (task 23): force_integral=+1.708288e+03
  [BOTH][Rank 0] Done moment 24/36 (task 23): force_integral=+1.708288e+03
  [BOTH][Rank 0] Done moment 24/36 (task 23): force_integral=+1.708288e+03
  [BOTH][Rank 0] Done moment 24/36 (task 23): force_integral=+1.708288e+03
  [BOTH][Rank 0] Done moment 24/36 (task 23): force_integral=+1.708288e+03
  [BOTH][Rank 0] Done moment 24/36 (task 23): force_integral=+1.708288e+03
  [BOTH][Rank 0] Done moment 24/36 (task 23): force_integral=+1.708288e+03
  [BOTH][Rank 0] Done moment 24/36 (task 23): force_integral=+1.708288e+03
  [BOTH][Rank 0] Done moment 24/36 (task 23): force_integral=+1.708288e+03
  [BOTH][Rank 0] Done moment 24/36 (task 23): force_integral=+1.708288e+03
  [BOTH][Rank 0] Done moment 24/36 (task 23): force_integral=+1.708288e+03
  [BOTH][Rank 0] Done moment 24/36 (task 23): force_integral=+1.708288e+03
  [BOTH][Rank 0] Done moment 24/36 (task 23): force_integral=+1.708288e+03
  [BOTH][Rank 0] Done moment 24/36 (task 23): force_integral=+1.708288e+03
  [BOTH][Rank 0] Done moment 24/36 (task 23): force_integral=+1.708288e+03
  [BOTH][Rank 0] Done moment 24/36 (task 23): force_integral=+1.708288e+03
  [BOTH][Rank 0] Done moment 24/36 (task 23): force_integral=+1.708288e+03
  [BOTH][Rank 0] Done moment 24/36 (task 23): force_integral=+1.708288e+03
  [BOTH][Rank 0] Done moment 24/36 (task 23): force_integral=+1.708288e+03
  [BOTH][Rank 0] Done moment 24/36 (task 23): force_integral=+1.708288e+03
  [BOTH][Rank 0] Done moment 24/36 (task 23): force_integral=+1.708288e+03
  [BOTH][Rank 0] Done moment 24/36 (task 23): force_integral=+1.708288e+03
  [BOTH][Rank 0] Done moment 24/36 (task 23): force_integral=+1.708288e+03
  [BOTH][Rank 0] Done moment 24/36 (task 23): force_integral=+1.708288e+03
  [BOTH][Rank 0] Done moment 24/36 (task 23): force_integral=+1.708288e+03
  [BOTH][Rank 0] Done moment 24/36 (task 23): force_integral=+1.708288e+03
  [BOTH][Rank 0] Done moment 24/36 (task 23): force_integral=+1.708288e+03
  [BOTH][Rank 0] Done moment 24/36 (task 23): force_integral=+1.708288e+03
  [BOTH][Rank 0] Done moment 24/36 (task 23): force_integral=+1.708288e+03
  [BOTH][Rank 0] Done moment 24/36 (task 23): force_integral=+1.708288e+03
  [BOTH][Rank 0] Done moment 24/36 (task 23): force_integral=+1.708288e+03
  [BOTH][Rank 0] Done moment 24/36 (task 23): force_integral=+1.708288e+03
  [BOTH][Rank 0] Done moment 24/36 (task 23): force_integral=+1.708288e+03
  [BOTH][Rank 0] Done moment 24/36 (task 23): force_integral=+1.708288e+03
  [BOTH][Rank 0] Done moment 24/36 (task 23): force_integral=+1.708288e+03
  [BOTH][Rank 0] Done moment 24/36 (task 23): force_integral=+1.708288e+03
  [BOTH][Rank 0] Done moment 24/36 (task 23): force_integral=+1.708288e+03
  [BOTH][Rank 0] Done moment 24/36 (task 23): force_integral=+1.708288e+03
  [BOTH][Rank 0] Done moment 24/36 (task 23): force_integral=+1.708288e+03
  [BOTH][Rank 0] Done moment 24/36 (task 23): force_integral=+1.708288e+03
  [BOTH][Rank 0] Done moment 24/36 (task 23): force_integral=+1.708288e+03
  [BOTH][Rank 0] Done moment 24/36 (task 23): force_integral=+1.708288e+03
  [BOTH][Rank 0] Done moment 24/36 (task 23): force_integral=+1.708288e+03
  [BOTH][Rank 0] Done moment 24/36 (task 23): force_integral=+1.708288e+03
  [BOTH][Rank 0] Done moment 24/36 (task 23): force_integral=+1.708288e+03
  [BOTH][Rank 0] Done moment 24/36 (task 23): force_integral=+1.708288e+03
  [BOTH][Rank 0] Done moment 24/36 (task 23): force_integral=+1.708288e+03
  [BOTH][Rank 0] Done moment 24/36 (task 23): force_integral=+1.708288e+03
  [BOTH][Rank 0] Done moment 24/36 (task 23): force_integral=+1.708288e+03
  [BOTH][Rank 0] Done moment 24/36 (task 23): force_integral=+1.708288e+03
  [BOTH][Rank 0] Done moment 24/36 (task 23): force_integral=+1.708288e+03
  [BOTH][Rank 0] Done moment 24/36 (task 23): force_integral=+1.708288e+03
  [BOTH][Rank 0] Done moment 24/36 (task 23): force_integral=+1.708288e+03
  [BOTH][Rank 0] Done moment 24/36 (task 23): force_integral=+1.708288e+03
  [BOTH][Rank 0] Done moment 24/36 (task 23): force_integral=+1.708288e+03
  [BOTH][Rank 0] Done moment 24/36 (task 23): force_integral=+1.708288e+03
  [BOTH][Rank 0] Done moment 24/36 (task 23): force_integral=+1.708288e+03
  [BOTH][Rank 0] Done moment 24/36 (task 23): force_integral=+1.708288e+03
  [BOTH][Rank 0] Done moment 24/36 (task 23): force_integral=+1.708288e+03
  [BOTH][Rank 0] Done moment 24/36 (task 23): force_integral=+1.708288e+03
  [BOTH][Rank 0] Done moment 24/36 (task 23): force_integral=+1.708288e+03
  [BOTH][Rank 0] Done moment 24/36 (task 23): force_integral=+1.708288e+03
  [BOTH][Rank 0] Done moment 24/36 (task 23): force_integral=+1.708288e+03
  [BOTH][Rank 0] Done moment 24/36 (task 23): force_integral=+1.708288e+03
  [BOTH][Rank 0] Done moment 24/36 (task 23): force_integral=+1.708288e+03
  [BOTH][Rank 0] Done moment 24/36 (task 23): force_integral=+1.708288e+03
  [BOTH][Rank 0] Done moment 24/36 (task 23): force_integral=+1.708288e+03
  [BOTH][Rank 0] Done moment 24/36 (task 23): force_integral=+1.708288e+03
  [BOTH][Rank 0] Done moment 24/36 (task 23): force_integral=+1.708288e+03
  [BOTH][Rank 0] Done moment 24/36 (task 23): force_integral=+1.708288e+03
  [BOTH][Rank 0] Done moment 24/36 (task 23): force_integral=+1.708288e+03
  [BOTH][Rank 0] Done moment 24/36 (task 23): force_integral=+1.708288e+03
  [BOTH][Rank 0] Done moment 24/36 (task 23): force_integral=+1.708288e+03
  [BOTH][Rank 0] Done moment 24/36 (task 23): force_integral=+1.708288e+03
  [BOTH][Rank 0] Done moment 24/36 (task 23): force_integral=+1.708288e+03
  [BOTH][Rank 0] Done moment 24/36 (task 23): force_integral=+1.708288e+03
  [BOTH][Rank 0] Done moment 24/36 (task 23): force_integral=+1.708288e+03
  [BOTH][Rank 0] Done moment 24/36 (task 23): force_integral=+1.708288e+03
  [BOTH][Rank 0] Done moment 24/36 (task 23): force_integral=+1.708288e+03
  [BOTH][Rank 0] Done moment 24/36 (task 23): force_integral=+1.708288e+03
  [BOTH][Rank 0] Done moment 24/36 (task 23): force_integral=+1.708288e+03
  [BOTH][Rank 0] Done moment 24/36 (task 23): force_integral=+1.708288e+03
  [BOTH][Rank 0] Done moment 24/36 (task 23): force_integral=+1.708288e+03
  [BOTH][Rank 0] Done moment 24/36 (task 23): force_integral=+1.708288e+03
  [BOTH][Rank 0] Done moment 24/36 (task 23): force_integral=+1.708288e+03
  [BOTH][Rank 0] Done moment 24/36 (task 23): force_integral=+1.708288e+03
  [BOTH][Rank 0] Done moment 24/36 (task 23): force_integral=+1.708288e+03
  [BOTH][Rank 0] Done moment 24/36 (task 23): force_integral=+1.708288e+03
  [BOTH][Rank 0] Done moment 24/36 (task 23): force_integral=+1.708288e+03
  [BOTH][Rank 0] Done moment 24/36 (task 23): force_integral=+1.708288e+03
  [BOTH][Rank 0] Done moment 24/36 (task 23): force_integral=+1.708288e+03
  [BOTH][Rank 0] Done moment 24/36 (task 23): force_integral=+1.708288e+03
  [BOTH][Rank 0] Done moment 24/36 (task 23): force_integral=+1.708288e+03
  [BOTH][Rank 0] Done moment 24/36 (task 23): force_integral=+1.708288e+03
  [BOTH][Rank 0] Done moment 24/36 (task 23): force_integral=+1.708288e+03
  [BOTH][Rank 0] Done moment 24/36 (task 23): force_integral=+1.708288e+03
  [BOTH][Rank 0] Done moment 24/36 (task 23): force_integral=+1.708288e+03
  [BOTH][Rank 0] Done moment 24/36 (task 23): force_integral=+1.708288e+03
  [BOTH][Rank 0] Done moment 24/36 (task 23): force_integral=+1.708288e+03
  [BOTH][Rank 0] Done moment 24/36 (task 23): force_integral=+1.708288e+03
  [BOTH][Rank 0] Done moment 24/36 (task 23): force_integral=+1.708288e+03
  [BOTH][Rank 0] Done moment 24/36 (task 23): force_integral=+1.708288e+03
  [BOTH][Rank 0] Done moment 24/36 (task 23): force_integral=+1.708288e+03
  [BOTH][Rank 0] Done moment 24/36 (task 23): force_integral=+1.708288e+03
  [BOTH][Rank 0] Done moment 24/36 (task 23): force_integral=+1.708288e+03
  [BOTH][Rank 0] Done moment 24/36 (task 23): force_integral=+1.708288e+03
  [BOTH][Rank 0] Done moment 24/36 (task 23): force_integral=+1.708288e+03
  [BOTH][Rank 0] Done moment 24/36 (task 23): force_integral=+1.708288e+03
  [BOTH][Rank 0] Done moment 24/36 (task 23): force_integral=+1.708288e+03
  [BOTH][Rank 0] Done moment 24/36 (task 23): force_integral=+1.708288e+03
  [BOTH][Rank 0] Done moment 24/36 (task 23): force_integral=+1.708288e+03
  [BOTH][Rank 0] Done moment 24/36 (task 23): force_integral=+1.708288e+03
  [BOTH][Rank 0] Done moment 24/36 (task 23): force_integral=+1.708288e+03
  [BOTH][Rank 0] Done moment 24/36 (task 23): force_integral=+1.708288e+03
  [BOTH][Rank 0] Done moment 24/36 (task 23): force_integral=+1.708288e+03
  [BOTH][Rank 0] Done moment 24/36 (task 23): force_integral=+1.708288e+03
  [BOTH][Rank 0] Done moment 24/36 (task 23): force_integral=+1.708288e+03
  [BOTH][Rank 0] Done moment 24/36 (task 23): force_integral=+1.708288e+03
  [BOTH][Rank 0] Done moment 24/36 (task 23): force_integral=+1.708288e+03
  [BOTH][Rank 0] Done moment 24/36 (task 23): force_integral=+1.708288e+03
  [BOTH][Rank 0] Done moment 24/36 (task 23): force_integral=+1.708288e+03
  [BOTH][Rank 0] Done moment 24/36 (task 23): force_integral=+1.708288e+03
  [BOTH][Rank 0] Done moment 24/36 (task 23): force_integral=+1.708288e+03
  [BOTH][Rank 0] Done moment 24/36 (task 23): force_integral=+1.708288e+03
  [BOTH][Rank 0] Done moment 24/36 (task 23): force_integral=+1.708288e+03
  [BOTH][Rank 0] Done moment 24/36 (task 23): force_integral=+1.708288e+03
  [BOTH][Rank 0] Done moment 24/36 (task 23): force_integral=+1.708288e+03
  [BOTH][Rank 0] Done moment 24/36 (task 23): force_integral=+1.708288e+03
  [BOTH][Rank 0] Done moment 25/36 (task 24): force_integral=+0.000000e+00
  [BOTH][Rank 0] Done moment 25/36 (task 24): force_integral=+0.000000e+00
  [BOTH][Rank 0] Done moment 25/36 (task 24): force_integral=+0.000000e+00
  [BOTH][Rank 0] Done moment 25/36 (task 24): force_integral=+0.000000e+00
  [BOTH][Rank 0] Done moment 25/36 (task 24): force_integral=+0.000000e+00
  [BOTH][Rank 0] Done moment 25/36 (task 24): force_integral=+0.000000e+00
  [BOTH][Rank 0] Done moment 25/36 (task 24): force_integral=+0.000000e+00
  [BOTH][Rank 0] Done moment 25/36 (task 24): force_integral=+0.000000e+00
  [BOTH][Rank 0] Done moment 25/36 (task 24): force_integral=+0.000000e+00
  [BOTH][Rank 0] Done moment 25/36 (task 24): force_integral=+0.000000e+00
  [BOTH][Rank 0] Done moment 25/36 (task 24): force_integral=+0.000000e+00
  [BOTH][Rank 0] Done moment 25/36 (task 24): force_integral=+0.000000e+00
  [BOTH][Rank 0] Done moment 25/36 (task 24): force_integral=+0.000000e+00
  [BOTH][Rank 0] Done moment 25/36 (task 24): force_integral=+0.000000e+00
  [BOTH][Rank 0] Done moment 25/36 (task 24): force_integral=+0.000000e+00
  [BOTH][Rank 0] Done moment 25/36 (task 24): force_integral=+0.000000e+00
  [BOTH][Rank 0] Done moment 25/36 (task 24): force_integral=+0.000000e+00
  [BOTH][Rank 0] Done moment 25/36 (task 24): force_integral=+0.000000e+00
  [BOTH][Rank 0] Done moment 25/36 (task 24): force_integral=+0.000000e+00
  [BOTH][Rank 0] Done moment 25/36 (task 24): force_integral=+0.000000e+00
  [BOTH][Rank 0] Done moment 25/36 (task 24): force_integral=+0.000000e+00
  [BOTH][Rank 0] Done moment 25/36 (task 24): force_integral=+0.000000e+00
  [BOTH][Rank 0] Done moment 25/36 (task 24): force_integral=+0.000000e+00
  [BOTH][Rank 0] Done moment 25/36 (task 24): force_integral=+0.000000e+00
  [BOTH][Rank 0] Done moment 25/36 (task 24): force_integral=+0.000000e+00
  [BOTH][Rank 0] Done moment 25/36 (task 24): force_integral=+0.000000e+00
  [BOTH][Rank 0] Done moment 25/36 (task 24): force_integral=+0.000000e+00
  [BOTH][Rank 0] Done moment 25/36 (task 24): force_integral=+0.000000e+00
  [BOTH][Rank 0] Done moment 25/36 (task 24): force_integral=+0.000000e+00
  [BOTH][Rank 0] Done moment 25/36 (task 24): force_integral=+0.000000e+00
  [BOTH][Rank 0] Done moment 25/36 (task 24): force_integral=+0.000000e+00
  [BOTH][Rank 0] Done moment 25/36 (task 24): force_integral=+0.000000e+00
  [BOTH][Rank 0] Done moment 25/36 (task 24): force_integral=+0.000000e+00
  [BOTH][Rank 0] Done moment 25/36 (task 24): force_integral=+0.000000e+00
  [BOTH][Rank 0] Done moment 25/36 (task 24): force_integral=+0.000000e+00
  [BOTH][Rank 0] Done moment 25/36 (task 24): force_integral=+0.000000e+00
  [BOTH][Rank 0] Done moment 25/36 (task 24): force_integral=+0.000000e+00
  [BOTH][Rank 0] Done moment 25/36 (task 24): force_integral=+0.000000e+00
  [BOTH][Rank 0] Done moment 25/36 (task 24): force_integral=+0.000000e+00
  [BOTH][Rank 0] Done moment 25/36 (task 24): force_integral=+0.000000e+00
  [BOTH][Rank 0] Done moment 25/36 (task 24): force_integral=+0.000000e+00
  [BOTH][Rank 0] Done moment 25/36 (task 24): force_integral=+0.000000e+00
  [BOTH][Rank 0] Done moment 25/36 (task 24): force_integral=+0.000000e+00
  [BOTH][Rank 0] Done moment 25/36 (task 24): force_integral=+0.000000e+00
  [BOTH][Rank 0] Done moment 25/36 (task 24): force_integral=+0.000000e+00
  [BOTH][Rank 0] Done moment 25/36 (task 24): force_integral=+0.000000e+00
  [BOTH][Rank 0] Done moment 25/36 (task 24): force_integral=+0.000000e+00
  [BOTH][Rank 0] Done moment 25/36 (task 24): force_integral=+0.000000e+00
  [BOTH][Rank 0] Done moment 25/36 (task 24): force_integral=+0.000000e+00
  [BOTH][Rank 0] Done moment 25/36 (task 24): force_integral=+0.000000e+00
  [BOTH][Rank 0] Done moment 25/36 (task 24): force_integral=+0.000000e+00
  [BOTH][Rank 0] Done moment 25/36 (task 24): force_integral=+0.000000e+00
  [BOTH][Rank 0] Done moment 25/36 (task 24): force_integral=+0.000000e+00
  [BOTH][Rank 0] Done moment 25/36 (task 24): force_integral=+0.000000e+00
  [BOTH][Rank 0] Done moment 25/36 (task 24): force_integral=+0.000000e+00
  [BOTH][Rank 0] Done moment 25/36 (task 24): force_integral=+0.000000e+00
  [BOTH][Rank 0] Done moment 25/36 (task 24): force_integral=+0.000000e+00
  [BOTH][Rank 0] Done moment 25/36 (task 24): force_integral=+0.000000e+00
  [BOTH][Rank 0] Done moment 25/36 (task 24): force_integral=+0.000000e+00
  [BOTH][Rank 0] Done moment 25/36 (task 24): force_integral=+0.000000e+00
  [BOTH][Rank 0] Done moment 25/36 (task 24): force_integral=+0.000000e+00
  [BOTH][Rank 0] Done moment 25/36 (task 24): force_integral=+0.000000e+00
  [BOTH][Rank 0] Done moment 25/36 (task 24): force_integral=+0.000000e+00
  [BOTH][Rank 0] Done moment 25/36 (task 24): force_integral=+0.000000e+00
  [BOTH][Rank 0] Done moment 25/36 (task 24): force_integral=+0.000000e+00
  [BOTH][Rank 0] Done moment 25/36 (task 24): force_integral=+0.000000e+00
  [BOTH][Rank 0] Done moment 25/36 (task 24): force_integral=+0.000000e+00
  [BOTH][Rank 0] Done moment 25/36 (task 24): force_integral=+0.000000e+00
  [BOTH][Rank 0] Done moment 25/36 (task 24): force_integral=+0.000000e+00
  [BOTH][Rank 0] Done moment 25/36 (task 24): force_integral=+0.000000e+00
  [BOTH][Rank 0] Done moment 25/36 (task 24): force_integral=+0.000000e+00
  [BOTH][Rank 0] Done moment 25/36 (task 24): force_integral=+0.000000e+00
  [BOTH][Rank 0] Done moment 25/36 (task 24): force_integral=+0.000000e+00
  [BOTH][Rank 0] Done moment 25/36 (task 24): force_integral=+0.000000e+00
  [BOTH][Rank 0] Done moment 25/36 (task 24): force_integral=+0.000000e+00
  [BOTH][Rank 0] Done moment 25/36 (task 24): force_integral=+0.000000e+00
  [BOTH][Rank 0] Done moment 25/36 (task 24): force_integral=+0.000000e+00
  [BOTH][Rank 0] Done moment 25/36 (task 24): force_integral=+0.000000e+00
  [BOTH][Rank 0] Done moment 25/36 (task 24): force_integral=+0.000000e+00
  [BOTH][Rank 0] Done moment 25/36 (task 24): force_integral=+0.000000e+00
  [BOTH][Rank 0] Done moment 25/36 (task 24): force_integral=+0.000000e+00
  [BOTH][Rank 0] Done moment 25/36 (task 24): force_integral=+0.000000e+00
  [BOTH][Rank 0] Done moment 25/36 (task 24): force_integral=+0.000000e+00
  [BOTH][Rank 0] Done moment 25/36 (task 24): force_integral=+0.000000e+00
  [BOTH][Rank 0] Done moment 25/36 (task 24): force_integral=+0.000000e+00
  [BOTH][Rank 0] Done moment 25/36 (task 24): force_integral=+0.000000e+00
  [BOTH][Rank 0] Done moment 25/36 (task 24): force_integral=+0.000000e+00
  [BOTH][Rank 0] Done moment 25/36 (task 24): force_integral=+0.000000e+00
  [BOTH][Rank 0] Done moment 25/36 (task 24): force_integral=+0.000000e+00
  [BOTH][Rank 0] Done moment 25/36 (task 24): force_integral=+0.000000e+00
  [BOTH][Rank 0] Done moment 25/36 (task 24): force_integral=+0.000000e+00
  [BOTH][Rank 0] Done moment 25/36 (task 24): force_integral=+0.000000e+00
  [BOTH][Rank 0] Done moment 25/36 (task 24): force_integral=+0.000000e+00
  [BOTH][Rank 0] Done moment 25/36 (task 24): force_integral=+0.000000e+00
  [BOTH][Rank 0] Done moment 25/36 (task 24): force_integral=+0.000000e+00
  [BOTH][Rank 0] Done moment 25/36 (task 24): force_integral=+0.000000e+00
  [BOTH][Rank 0] Done moment 25/36 (task 24): force_integral=+0.000000e+00
  [BOTH][Rank 0] Done moment 25/36 (task 24): force_integral=+0.000000e+00
  [BOTH][Rank 0] Done moment 25/36 (task 24): force_integral=+0.000000e+00
  [BOTH][Rank 0] Done moment 25/36 (task 24): force_integral=+0.000000e+00
  [BOTH][Rank 0] Done moment 25/36 (task 24): force_integral=+0.000000e+00
  [BOTH][Rank 0] Done moment 25/36 (task 24): force_integral=+0.000000e+00
  [BOTH][Rank 0] Done moment 25/36 (task 24): force_integral=+0.000000e+00
  [BOTH][Rank 0] Done moment 25/36 (task 24): force_integral=+0.000000e+00
  [BOTH][Rank 0] Done moment 25/36 (task 24): force_integral=+0.000000e+00
  [BOTH][Rank 0] Done moment 25/36 (task 24): force_integral=+0.000000e+00
  [BOTH][Rank 0] Done moment 25/36 (task 24): force_integral=+0.000000e+00
  [BOTH][Rank 0] Done moment 25/36 (task 24): force_integral=+0.000000e+00
  [BOTH][Rank 0] Done moment 25/36 (task 24): force_integral=+0.000000e+00
  [BOTH][Rank 0] Done moment 25/36 (task 24): force_integral=+0.000000e+00
  [BOTH][Rank 0] Done moment 25/36 (task 24): force_integral=+0.000000e+00
  [BOTH][Rank 0] Done moment 25/36 (task 24): force_integral=+0.000000e+00
  [BOTH][Rank 0] Done moment 25/36 (task 24): force_integral=+0.000000e+00
  [BOTH][Rank 0] Done moment 25/36 (task 24): force_integral=+0.000000e+00
  [BOTH][Rank 0] Done moment 25/36 (task 24): force_integral=+0.000000e+00
  [BOTH][Rank 0] Done moment 25/36 (task 24): force_integral=+0.000000e+00
  [BOTH][Rank 0] Done moment 25/36 (task 24): force_integral=+0.000000e+00
  [BOTH][Rank 0] Done moment 25/36 (task 24): force_integral=+0.000000e+00
  [BOTH][Rank 0] Done moment 25/36 (task 24): force_integral=+0.000000e+00
  [BOTH][Rank 0] Done moment 25/36 (task 24): force_integral=+0.000000e+00
  [BOTH][Rank 0] Done moment 25/36 (task 24): force_integral=+0.000000e+00
  [BOTH][Rank 0] Done moment 25/36 (task 24): force_integral=+0.000000e+00
  [BOTH][Rank 0] Done moment 25/36 (task 24): force_integral=+0.000000e+00
  [BOTH][Rank 0] Done moment 25/36 (task 24): force_integral=+0.000000e+00
  [BOTH][Rank 0] Done moment 25/36 (task 24): force_integral=+0.000000e+00
  [BOTH][Rank 0] Done moment 25/36 (task 24): force_integral=+0.000000e+00
  [BOTH][Rank 0] Done moment 25/36 (task 24): force_integral=+0.000000e+00
  [BOTH][Rank 0] Done moment 25/36 (task 24): force_integral=+0.000000e+00
  [BOTH][Rank 0] Done moment 26/36 (task 25): force_integral=+0.000000e+00
  [BOTH][Rank 0] Done moment 26/36 (task 25): force_integral=+0.000000e+00
  [BOTH][Rank 0] Done moment 26/36 (task 25): force_integral=+0.000000e+00
  [BOTH][Rank 0] Done moment 26/36 (task 25): force_integral=+0.000000e+00
  [BOTH][Rank 0] Done moment 26/36 (task 25): force_integral=+0.000000e+00
  [BOTH][Rank 0] Done moment 26/36 (task 25): force_integral=+0.000000e+00
  [BOTH][Rank 0] Done moment 26/36 (task 25): force_integral=+0.000000e+00
  [BOTH][Rank 0] Done moment 26/36 (task 25): force_integral=+0.000000e+00
  [BOTH][Rank 0] Done moment 26/36 (task 25): force_integral=+0.000000e+00
  [BOTH][Rank 0] Done moment 26/36 (task 25): force_integral=+0.000000e+00
  [BOTH][Rank 0] Done moment 26/36 (task 25): force_integral=+0.000000e+00
  [BOTH][Rank 0] Done moment 26/36 (task 25): force_integral=+0.000000e+00
  [BOTH][Rank 0] Done moment 26/36 (task 25): force_integral=+0.000000e+00
  [BOTH][Rank 0] Done moment 26/36 (task 25): force_integral=+0.000000e+00
  [BOTH][Rank 0] Done moment 26/36 (task 25): force_integral=+0.000000e+00
  [BOTH][Rank 0] Done moment 26/36 (task 25): force_integral=+0.000000e+00
  [BOTH][Rank 0] Done moment 26/36 (task 25): force_integral=+0.000000e+00
  [BOTH][Rank 0] Done moment 26/36 (task 25): force_integral=+0.000000e+00
  [BOTH][Rank 0] Done moment 26/36 (task 25): force_integral=+0.000000e+00
  [BOTH][Rank 0] Done moment 26/36 (task 25): force_integral=+0.000000e+00
  [BOTH][Rank 0] Done moment 26/36 (task 25): force_integral=+0.000000e+00
  [BOTH][Rank 0] Done moment 26/36 (task 25): force_integral=+0.000000e+00
  [BOTH][Rank 0] Done moment 26/36 (task 25): force_integral=+0.000000e+00
  [BOTH][Rank 0] Done moment 26/36 (task 25): force_integral=+0.000000e+00
  [BOTH][Rank 0] Done moment 26/36 (task 25): force_integral=+0.000000e+00
  [BOTH][Rank 0] Done moment 26/36 (task 25): force_integral=+0.000000e+00
  [BOTH][Rank 0] Done moment 26/36 (task 25): force_integral=+0.000000e+00
  [BOTH][Rank 0] Done moment 26/36 (task 25): force_integral=+0.000000e+00
  [BOTH][Rank 0] Done moment 26/36 (task 25): force_integral=+0.000000e+00
  [BOTH][Rank 0] Done moment 26/36 (task 25): force_integral=+0.000000e+00
  [BOTH][Rank 0] Done moment 26/36 (task 25): force_integral=+0.000000e+00
  [BOTH][Rank 0] Done moment 26/36 (task 25): force_integral=+0.000000e+00
  [BOTH][Rank 0] Done moment 26/36 (task 25): force_integral=+0.000000e+00
  [BOTH][Rank 0] Done moment 26/36 (task 25): force_integral=+0.000000e+00
  [BOTH][Rank 0] Done moment 26/36 (task 25): force_integral=+0.000000e+00
  [BOTH][Rank 0] Done moment 26/36 (task 25): force_integral=+0.000000e+00
  [BOTH][Rank 0] Done moment 26/36 (task 25): force_integral=+0.000000e+00
  [BOTH][Rank 0] Done moment 26/36 (task 25): force_integral=+0.000000e+00
  [BOTH][Rank 0] Done moment 26/36 (task 25): force_integral=+0.000000e+00
  [BOTH][Rank 0] Done moment 26/36 (task 25): force_integral=+0.000000e+00
  [BOTH][Rank 0] Done moment 26/36 (task 25): force_integral=+0.000000e+00
  [BOTH][Rank 0] Done moment 26/36 (task 25): force_integral=+0.000000e+00
  [BOTH][Rank 0] Done moment 26/36 (task 25): force_integral=+0.000000e+00
  [BOTH][Rank 0] Done moment 26/36 (task 25): force_integral=+0.000000e+00
  [BOTH][Rank 0] Done moment 26/36 (task 25): force_integral=+0.000000e+00
  [BOTH][Rank 0] Done moment 26/36 (task 25): force_integral=+0.000000e+00
  [BOTH][Rank 0] Done moment 26/36 (task 25): force_integral=+0.000000e+00
  [BOTH][Rank 0] Done moment 26/36 (task 25): force_integral=+0.000000e+00
  [BOTH][Rank 0] Done moment 26/36 (task 25): force_integral=+0.000000e+00
  [BOTH][Rank 0] Done moment 26/36 (task 25): force_integral=+0.000000e+00
  [BOTH][Rank 0] Done moment 26/36 (task 25): force_integral=+0.000000e+00
  [BOTH][Rank 0] Done moment 26/36 (task 25): force_integral=+0.000000e+00
  [BOTH][Rank 0] Done moment 26/36 (task 25): force_integral=+0.000000e+00
  [BOTH][Rank 0] Done moment 26/36 (task 25): force_integral=+0.000000e+00
  [BOTH][Rank 0] Done moment 26/36 (task 25): force_integral=+0.000000e+00
  [BOTH][Rank 0] Done moment 26/36 (task 25): force_integral=+0.000000e+00
  [BOTH][Rank 0] Done moment 26/36 (task 25): force_integral=+0.000000e+00
  [BOTH][Rank 0] Done moment 26/36 (task 25): force_integral=+0.000000e+00
  [BOTH][Rank 0] Done moment 26/36 (task 25): force_integral=+0.000000e+00
  [BOTH][Rank 0] Done moment 26/36 (task 25): force_integral=+0.000000e+00
  [BOTH][Rank 0] Done moment 26/36 (task 25): force_integral=+0.000000e+00
  [BOTH][Rank 0] Done moment 26/36 (task 25): force_integral=+0.000000e+00
  [BOTH][Rank 0] Done moment 26/36 (task 25): force_integral=+0.000000e+00
  [BOTH][Rank 0] Done moment 26/36 (task 25): force_integral=+0.000000e+00
  [BOTH][Rank 0] Done moment 26/36 (task 25): force_integral=+0.000000e+00
  [BOTH][Rank 0] Done moment 26/36 (task 25): force_integral=+0.000000e+00
  [BOTH][Rank 0] Done moment 26/36 (task 25): force_integral=+0.000000e+00
  [BOTH][Rank 0] Done moment 26/36 (task 25): force_integral=+0.000000e+00
  [BOTH][Rank 0] Done moment 26/36 (task 25): force_integral=+0.000000e+00
  [BOTH][Rank 0] Done moment 26/36 (task 25): force_integral=+0.000000e+00
  [BOTH][Rank 0] Done moment 26/36 (task 25): force_integral=+0.000000e+00
  [BOTH][Rank 0] Done moment 26/36 (task 25): force_integral=+0.000000e+00
  [BOTH][Rank 0] Done moment 26/36 (task 25): force_integral=+0.000000e+00
  [BOTH][Rank 0] Done moment 26/36 (task 25): force_integral=+0.000000e+00
  [BOTH][Rank 0] Done moment 26/36 (task 25): force_integral=+0.000000e+00
  [BOTH][Rank 0] Done moment 26/36 (task 25): force_integral=+0.000000e+00
  [BOTH][Rank 0] Done moment 26/36 (task 25): force_integral=+0.000000e+00
  [BOTH][Rank 0] Done moment 26/36 (task 25): force_integral=+0.000000e+00
  [BOTH][Rank 0] Done moment 26/36 (task 25): force_integral=+0.000000e+00
  [BOTH][Rank 0] Done moment 26/36 (task 25): force_integral=+0.000000e+00
  [BOTH][Rank 0] Done moment 26/36 (task 25): force_integral=+0.000000e+00
  [BOTH][Rank 0] Done moment 26/36 (task 25): force_integral=+0.000000e+00
  [BOTH][Rank 0] Done moment 26/36 (task 25): force_integral=+0.000000e+00
  [BOTH][Rank 0] Done moment 26/36 (task 25): force_integral=+0.000000e+00
  [BOTH][Rank 0] Done moment 26/36 (task 25): force_integral=+0.000000e+00
  [BOTH][Rank 0] Done moment 26/36 (task 25): force_integral=+0.000000e+00
  [BOTH][Rank 0] Done moment 26/36 (task 25): force_integral=+0.000000e+00
  [BOTH][Rank 0] Done moment 26/36 (task 25): force_integral=+0.000000e+00
  [BOTH][Rank 0] Done moment 26/36 (task 25): force_integral=+0.000000e+00
  [BOTH][Rank 0] Done moment 26/36 (task 25): force_integral=+0.000000e+00
  [BOTH][Rank 0] Done moment 26/36 (task 25): force_integral=+0.000000e+00
  [BOTH][Rank 0] Done moment 26/36 (task 25): force_integral=+0.000000e+00
  [BOTH][Rank 0] Done moment 26/36 (task 25): force_integral=+0.000000e+00
  [BOTH][Rank 0] Done moment 26/36 (task 25): force_integral=+0.000000e+00
  [BOTH][Rank 0] Done moment 26/36 (task 25): force_integral=+0.000000e+00
  [BOTH][Rank 0] Done moment 26/36 (task 25): force_integral=+0.000000e+00
  [BOTH][Rank 0] Done moment 26/36 (task 25): force_integral=+0.000000e+00
  [BOTH][Rank 0] Done moment 26/36 (task 25): force_integral=+0.000000e+00
  [BOTH][Rank 0] Done moment 26/36 (task 25): force_integral=+0.000000e+00
  [BOTH][Rank 0] Done moment 26/36 (task 25): force_integral=+0.000000e+00
  [BOTH][Rank 0] Done moment 26/36 (task 25): force_integral=+0.000000e+00
  [BOTH][Rank 0] Done moment 26/36 (task 25): force_integral=+0.000000e+00
  [BOTH][Rank 0] Done moment 26/36 (task 25): force_integral=+0.000000e+00
  [BOTH][Rank 0] Done moment 26/36 (task 25): force_integral=+0.000000e+00
  [BOTH][Rank 0] Done moment 26/36 (task 25): force_integral=+0.000000e+00
  [BOTH][Rank 0] Done moment 26/36 (task 25): force_integral=+0.000000e+00
  [BOTH][Rank 0] Done moment 26/36 (task 25): force_integral=+0.000000e+00
  [BOTH][Rank 0] Done moment 26/36 (task 25): force_integral=+0.000000e+00
  [BOTH][Rank 0] Done moment 26/36 (task 25): force_integral=+0.000000e+00
  [BOTH][Rank 0] Done moment 26/36 (task 25): force_integral=+0.000000e+00
  [BOTH][Rank 0] Done moment 26/36 (task 25): force_integral=+0.000000e+00
  [BOTH][Rank 0] Done moment 26/36 (task 25): force_integral=+0.000000e+00
  [BOTH][Rank 0] Done moment 26/36 (task 25): force_integral=+0.000000e+00
  [BOTH][Rank 0] Done moment 26/36 (task 25): force_integral=+0.000000e+00
  [BOTH][Rank 0] Done moment 26/36 (task 25): force_integral=+0.000000e+00
  [BOTH][Rank 0] Done moment 26/36 (task 25): force_integral=+0.000000e+00
  [BOTH][Rank 0] Done moment 26/36 (task 25): force_integral=+0.000000e+00
  [BOTH][Rank 0] Done moment 26/36 (task 25): force_integral=+0.000000e+00
  [BOTH][Rank 0] Done moment 26/36 (task 25): force_integral=+0.000000e+00
  [BOTH][Rank 0] Done moment 26/36 (task 25): force_integral=+0.000000e+00
  [BOTH][Rank 0] Done moment 26/36 (task 25): force_integral=+0.000000e+00
  [BOTH][Rank 0] Done moment 26/36 (task 25): force_integral=+0.000000e+00
  [BOTH][Rank 0] Done moment 26/36 (task 25): force_integral=+0.000000e+00
  [BOTH][Rank 0] Done moment 26/36 (task 25): force_integral=+0.000000e+00
  [BOTH][Rank 0] Done moment 26/36 (task 25): force_integral=+0.000000e+00
  [BOTH][Rank 0] Done moment 26/36 (task 25): force_integral=+0.000000e+00
  [BOTH][Rank 0] Done moment 26/36 (task 25): force_integral=+0.000000e+00
  [BOTH][Rank 0] Done moment 26/36 (task 25): force_integral=+0.000000e+00
  [BOTH][Rank 0] Done moment 27/36 (task 26): force_integral=-5.740429e-01
  [BOTH][Rank 0] Done moment 27/36 (task 26): force_integral=-5.740429e-01
  [BOTH][Rank 0] Done moment 27/36 (task 26): force_integral=-5.740429e-01
  [BOTH][Rank 0] Done moment 27/36 (task 26): force_integral=-5.740429e-01
  [BOTH][Rank 0] Done moment 27/36 (task 26): force_integral=-5.740429e-01
  [BOTH][Rank 0] Done moment 27/36 (task 26): force_integral=-5.740429e-01
  [BOTH][Rank 0] Done moment 27/36 (task 26): force_integral=-5.740429e-01
  [BOTH][Rank 0] Done moment 27/36 (task 26): force_integral=-5.740429e-01
  [BOTH][Rank 0] Done moment 27/36 (task 26): force_integral=-5.740429e-01
  [BOTH][Rank 0] Done moment 27/36 (task 26): force_integral=-5.740429e-01
  [BOTH][Rank 0] Done moment 27/36 (task 26): force_integral=-5.740429e-01
  [BOTH][Rank 0] Done moment 27/36 (task 26): force_integral=-5.740429e-01
  [BOTH][Rank 0] Done moment 27/36 (task 26): force_integral=-5.740429e-01
  [BOTH][Rank 0] Done moment 27/36 (task 26): force_integral=-5.740429e-01
  [BOTH][Rank 0] Done moment 27/36 (task 26): force_integral=-5.740429e-01
  [BOTH][Rank 0] Done moment 27/36 (task 26): force_integral=-5.740429e-01
  [BOTH][Rank 0] Done moment 27/36 (task 26): force_integral=-5.740429e-01
  [BOTH][Rank 0] Done moment 27/36 (task 26): force_integral=-5.740429e-01
  [BOTH][Rank 0] Done moment 27/36 (task 26): force_integral=-5.740429e-01
  [BOTH][Rank 0] Done moment 27/36 (task 26): force_integral=-5.740429e-01
  [BOTH][Rank 0] Done moment 27/36 (task 26): force_integral=-5.740429e-01
  [BOTH][Rank 0] Done moment 27/36 (task 26): force_integral=-5.740429e-01
  [BOTH][Rank 0] Done moment 27/36 (task 26): force_integral=-5.740429e-01
  [BOTH][Rank 0] Done moment 27/36 (task 26): force_integral=-5.740429e-01
  [BOTH][Rank 0] Done moment 27/36 (task 26): force_integral=-5.740429e-01
  [BOTH][Rank 0] Done moment 27/36 (task 26): force_integral=-5.740429e-01
  [BOTH][Rank 0] Done moment 27/36 (task 26): force_integral=-5.740429e-01
  [BOTH][Rank 0] Done moment 27/36 (task 26): force_integral=-5.740429e-01
  [BOTH][Rank 0] Done moment 27/36 (task 26): force_integral=-5.740429e-01
  [BOTH][Rank 0] Done moment 27/36 (task 26): force_integral=-5.740429e-01
  [BOTH][Rank 0] Done moment 27/36 (task 26): force_integral=-5.740429e-01
  [BOTH][Rank 0] Done moment 27/36 (task 26): force_integral=-5.740429e-01
  [BOTH][Rank 0] Done moment 27/36 (task 26): force_integral=-5.740429e-01
  [BOTH][Rank 0] Done moment 27/36 (task 26): force_integral=-5.740429e-01
  [BOTH][Rank 0] Done moment 27/36 (task 26): force_integral=-5.740429e-01
  [BOTH][Rank 0] Done moment 27/36 (task 26): force_integral=-5.740429e-01
  [BOTH][Rank 0] Done moment 27/36 (task 26): force_integral=-5.740429e-01
  [BOTH][Rank 0] Done moment 27/36 (task 26): force_integral=-5.740429e-01
  [BOTH][Rank 0] Done moment 27/36 (task 26): force_integral=-5.740429e-01
  [BOTH][Rank 0] Done moment 27/36 (task 26): force_integral=-5.740429e-01
  [BOTH][Rank 0] Done moment 27/36 (task 26): force_integral=-5.740429e-01
  [BOTH][Rank 0] Done moment 27/36 (task 26): force_integral=-5.740429e-01
  [BOTH][Rank 0] Done moment 27/36 (task 26): force_integral=-5.740429e-01
  [BOTH][Rank 0] Done moment 27/36 (task 26): force_integral=-5.740429e-01
  [BOTH][Rank 0] Done moment 27/36 (task 26): force_integral=-5.740429e-01
  [BOTH][Rank 0] Done moment 27/36 (task 26): force_integral=-5.740429e-01
  [BOTH][Rank 0] Done moment 27/36 (task 26): force_integral=-5.740429e-01
  [BOTH][Rank 0] Done moment 27/36 (task 26): force_integral=-5.740429e-01
  [BOTH][Rank 0] Done moment 27/36 (task 26): force_integral=-5.740429e-01
  [BOTH][Rank 0] Done moment 27/36 (task 26): force_integral=-5.740429e-01
  [BOTH][Rank 0] Done moment 27/36 (task 26): force_integral=-5.740429e-01
  [BOTH][Rank 0] Done moment 27/36 (task 26): force_integral=-5.740429e-01
  [BOTH][Rank 0] Done moment 27/36 (task 26): force_integral=-5.740429e-01
  [BOTH][Rank 0] Done moment 27/36 (task 26): force_integral=-5.740429e-01
  [BOTH][Rank 0] Done moment 27/36 (task 26): force_integral=-5.740429e-01
  [BOTH][Rank 0] Done moment 27/36 (task 26): force_integral=-5.740429e-01
  [BOTH][Rank 0] Done moment 27/36 (task 26): force_integral=-5.740429e-01
  [BOTH][Rank 0] Done moment 27/36 (task 26): force_integral=-5.740429e-01
  [BOTH][Rank 0] Done moment 27/36 (task 26): force_integral=-5.740429e-01
  [BOTH][Rank 0] Done moment 27/36 (task 26): force_integral=-5.740429e-01
  [BOTH][Rank 0] Done moment 27/36 (task 26): force_integral=-5.740429e-01
  [BOTH][Rank 0] Done moment 27/36 (task 26): force_integral=-5.740429e-01
  [BOTH][Rank 0] Done moment 27/36 (task 26): force_integral=-5.740429e-01
  [BOTH][Rank 0] Done moment 27/36 (task 26): force_integral=-5.740429e-01
  [BOTH][Rank 0] Done moment 27/36 (task 26): force_integral=-5.740429e-01
  [BOTH][Rank 0] Done moment 27/36 (task 26): force_integral=-5.740429e-01
  [BOTH][Rank 0] Done moment 27/36 (task 26): force_integral=-5.740429e-01
  [BOTH][Rank 0] Done moment 27/36 (task 26): force_integral=-5.740429e-01
  [BOTH][Rank 0] Done moment 27/36 (task 26): force_integral=-5.740429e-01
  [BOTH][Rank 0] Done moment 27/36 (task 26): force_integral=-5.740429e-01
  [BOTH][Rank 0] Done moment 27/36 (task 26): force_integral=-5.740429e-01
  [BOTH][Rank 0] Done moment 27/36 (task 26): force_integral=-5.740429e-01
  [BOTH][Rank 0] Done moment 27/36 (task 26): force_integral=-5.740429e-01
  [BOTH][Rank 0] Done moment 27/36 (task 26): force_integral=-5.740429e-01
  [BOTH][Rank 0] Done moment 27/36 (task 26): force_integral=-5.740429e-01
  [BOTH][Rank 0] Done moment 27/36 (task 26): force_integral=-5.740429e-01
  [BOTH][Rank 0] Done moment 27/36 (task 26): force_integral=-5.740429e-01
  [BOTH][Rank 0] Done moment 27/36 (task 26): force_integral=-5.740429e-01
  [BOTH][Rank 0] Done moment 27/36 (task 26): force_integral=-5.740429e-01
  [BOTH][Rank 0] Done moment 27/36 (task 26): force_integral=-5.740429e-01
  [BOTH][Rank 0] Done moment 27/36 (task 26): force_integral=-5.740429e-01
  [BOTH][Rank 0] Done moment 27/36 (task 26): force_integral=-5.740429e-01
  [BOTH][Rank 0] Done moment 27/36 (task 26): force_integral=-5.740429e-01
  [BOTH][Rank 0] Done moment 27/36 (task 26): force_integral=-5.740429e-01
  [BOTH][Rank 0] Done moment 27/36 (task 26): force_integral=-5.740429e-01
  [BOTH][Rank 0] Done moment 27/36 (task 26): force_integral=-5.740429e-01
  [BOTH][Rank 0] Done moment 27/36 (task 26): force_integral=-5.740429e-01
  [BOTH][Rank 0] Done moment 27/36 (task 26): force_integral=-5.740429e-01
  [BOTH][Rank 0] Done moment 27/36 (task 26): force_integral=-5.740429e-01
  [BOTH][Rank 0] Done moment 27/36 (task 26): force_integral=-5.740429e-01
  [BOTH][Rank 0] Done moment 27/36 (task 26): force_integral=-5.740429e-01
  [BOTH][Rank 0] Done moment 27/36 (task 26): force_integral=-5.740429e-01
  [BOTH][Rank 0] Done moment 27/36 (task 26): force_integral=-5.740429e-01
  [BOTH][Rank 0] Done moment 27/36 (task 26): force_integral=-5.740429e-01
  [BOTH][Rank 0] Done moment 27/36 (task 26): force_integral=-5.740429e-01
  [BOTH][Rank 0] Done moment 27/36 (task 26): force_integral=-5.740429e-01
  [BOTH][Rank 0] Done moment 27/36 (task 26): force_integral=-5.740429e-01
  [BOTH][Rank 0] Done moment 27/36 (task 26): force_integral=-5.740429e-01
  [BOTH][Rank 0] Done moment 27/36 (task 26): force_integral=-5.740429e-01
  [BOTH][Rank 0] Done moment 27/36 (task 26): force_integral=-5.740429e-01
  [BOTH][Rank 0] Done moment 27/36 (task 26): force_integral=-5.740429e-01
  [BOTH][Rank 0] Done moment 27/36 (task 26): force_integral=-5.740429e-01
  [BOTH][Rank 0] Done moment 27/36 (task 26): force_integral=-5.740429e-01
  [BOTH][Rank 0] Done moment 27/36 (task 26): force_integral=-5.740429e-01
  [BOTH][Rank 0] Done moment 27/36 (task 26): force_integral=-5.740429e-01
  [BOTH][Rank 0] Done moment 27/36 (task 26): force_integral=-5.740429e-01
  [BOTH][Rank 0] Done moment 27/36 (task 26): force_integral=-5.740429e-01
  [BOTH][Rank 0] Done moment 27/36 (task 26): force_integral=-5.740429e-01
  [BOTH][Rank 0] Done moment 27/36 (task 26): force_integral=-5.740429e-01
  [BOTH][Rank 0] Done moment 27/36 (task 26): force_integral=-5.740429e-01
  [BOTH][Rank 0] Done moment 27/36 (task 26): force_integral=-5.740429e-01
  [BOTH][Rank 0] Done moment 27/36 (task 26): force_integral=-5.740429e-01
  [BOTH][Rank 0] Done moment 27/36 (task 26): force_integral=-5.740429e-01
  [BOTH][Rank 0] Done moment 27/36 (task 26): force_integral=-5.740429e-01
  [BOTH][Rank 0] Done moment 27/36 (task 26): force_integral=-5.740429e-01
  [BOTH][Rank 0] Done moment 27/36 (task 26): force_integral=-5.740429e-01
  [BOTH][Rank 0] Done moment 27/36 (task 26): force_integral=-5.740429e-01
  [BOTH][Rank 0] Done moment 27/36 (task 26): force_integral=-5.740429e-01
  [BOTH][Rank 0] Done moment 27/36 (task 26): force_integral=-5.740429e-01
  [BOTH][Rank 0] Done moment 27/36 (task 26): force_integral=-5.740429e-01
  [BOTH][Rank 0] Done moment 27/36 (task 26): force_integral=-5.740429e-01
  [BOTH][Rank 0] Done moment 27/36 (task 26): force_integral=-5.740429e-01
  [BOTH][Rank 0] Done moment 27/36 (task 26): force_integral=-5.740429e-01
  [BOTH][Rank 0] Done moment 27/36 (task 26): force_integral=-5.740429e-01
  [BOTH][Rank 0] Done moment 27/36 (task 26): force_integral=-5.740429e-01
  [BOTH][Rank 0] Done moment 27/36 (task 26): force_integral=-5.740429e-01
  [BOTH][Rank 0] Done moment 27/36 (task 26): force_integral=-5.740429e-01
  [BOTH][Rank 0] Done moment 27/36 (task 26): force_integral=-5.740429e-01
  [BOTH][Rank 0] Done moment 28/36 (task 27): force_integral=-5.740429e-01
  [BOTH][Rank 0] Done moment 28/36 (task 27): force_integral=-5.740429e-01
  [BOTH][Rank 0] Done moment 28/36 (task 27): force_integral=-5.740429e-01
  [BOTH][Rank 0] Done moment 28/36 (task 27): force_integral=-5.740429e-01
  [BOTH][Rank 0] Done moment 28/36 (task 27): force_integral=-5.740429e-01
  [BOTH][Rank 0] Done moment 28/36 (task 27): force_integral=-5.740429e-01
  [BOTH][Rank 0] Done moment 28/36 (task 27): force_integral=-5.740429e-01
  [BOTH][Rank 0] Done moment 28/36 (task 27): force_integral=-5.740429e-01
  [BOTH][Rank 0] Done moment 28/36 (task 27): force_integral=-5.740429e-01
  [BOTH][Rank 0] Done moment 28/36 (task 27): force_integral=-5.740429e-01
  [BOTH][Rank 0] Done moment 28/36 (task 27): force_integral=-5.740429e-01
  [BOTH][Rank 0] Done moment 28/36 (task 27): force_integral=-5.740429e-01
  [BOTH][Rank 0] Done moment 28/36 (task 27): force_integral=-5.740429e-01
  [BOTH][Rank 0] Done moment 28/36 (task 27): force_integral=-5.740429e-01
  [BOTH][Rank 0] Done moment 28/36 (task 27): force_integral=-5.740429e-01
  [BOTH][Rank 0] Done moment 28/36 (task 27): force_integral=-5.740429e-01
  [BOTH][Rank 0] Done moment 28/36 (task 27): force_integral=-5.740429e-01
  [BOTH][Rank 0] Done moment 28/36 (task 27): force_integral=-5.740429e-01
  [BOTH][Rank 0] Done moment 28/36 (task 27): force_integral=-5.740429e-01
  [BOTH][Rank 0] Done moment 28/36 (task 27): force_integral=-5.740429e-01
  [BOTH][Rank 0] Done moment 28/36 (task 27): force_integral=-5.740429e-01
  [BOTH][Rank 0] Done moment 28/36 (task 27): force_integral=-5.740429e-01
  [BOTH][Rank 0] Done moment 28/36 (task 27): force_integral=-5.740429e-01
  [BOTH][Rank 0] Done moment 28/36 (task 27): force_integral=-5.740429e-01
  [BOTH][Rank 0] Done moment 28/36 (task 27): force_integral=-5.740429e-01
  [BOTH][Rank 0] Done moment 28/36 (task 27): force_integral=-5.740429e-01
  [BOTH][Rank 0] Done moment 28/36 (task 27): force_integral=-5.740429e-01
  [BOTH][Rank 0] Done moment 28/36 (task 27): force_integral=-5.740429e-01
  [BOTH][Rank 0] Done moment 28/36 (task 27): force_integral=-5.740429e-01
  [BOTH][Rank 0] Done moment 28/36 (task 27): force_integral=-5.740429e-01
  [BOTH][Rank 0] Done moment 28/36 (task 27): force_integral=-5.740429e-01
  [BOTH][Rank 0] Done moment 28/36 (task 27): force_integral=-5.740429e-01
  [BOTH][Rank 0] Done moment 28/36 (task 27): force_integral=-5.740429e-01
  [BOTH][Rank 0] Done moment 28/36 (task 27): force_integral=-5.740429e-01
  [BOTH][Rank 0] Done moment 28/36 (task 27): force_integral=-5.740429e-01
  [BOTH][Rank 0] Done moment 28/36 (task 27): force_integral=-5.740429e-01
  [BOTH][Rank 0] Done moment 28/36 (task 27): force_integral=-5.740429e-01
  [BOTH][Rank 0] Done moment 28/36 (task 27): force_integral=-5.740429e-01
  [BOTH][Rank 0] Done moment 28/36 (task 27): force_integral=-5.740429e-01
  [BOTH][Rank 0] Done moment 28/36 (task 27): force_integral=-5.740429e-01
  [BOTH][Rank 0] Done moment 28/36 (task 27): force_integral=-5.740429e-01
  [BOTH][Rank 0] Done moment 28/36 (task 27): force_integral=-5.740429e-01
  [BOTH][Rank 0] Done moment 28/36 (task 27): force_integral=-5.740429e-01
  [BOTH][Rank 0] Done moment 28/36 (task 27): force_integral=-5.740429e-01
  [BOTH][Rank 0] Done moment 28/36 (task 27): force_integral=-5.740429e-01
  [BOTH][Rank 0] Done moment 28/36 (task 27): force_integral=-5.740429e-01
  [BOTH][Rank 0] Done moment 28/36 (task 27): force_integral=-5.740429e-01
  [BOTH][Rank 0] Done moment 28/36 (task 27): force_integral=-5.740429e-01
  [BOTH][Rank 0] Done moment 28/36 (task 27): force_integral=-5.740429e-01
  [BOTH][Rank 0] Done moment 28/36 (task 27): force_integral=-5.740429e-01
  [BOTH][Rank 0] Done moment 28/36 (task 27): force_integral=-5.740429e-01
  [BOTH][Rank 0] Done moment 28/36 (task 27): force_integral=-5.740429e-01
  [BOTH][Rank 0] Done moment 28/36 (task 27): force_integral=-5.740429e-01
  [BOTH][Rank 0] Done moment 28/36 (task 27): force_integral=-5.740429e-01
  [BOTH][Rank 0] Done moment 28/36 (task 27): force_integral=-5.740429e-01
  [BOTH][Rank 0] Done moment 28/36 (task 27): force_integral=-5.740429e-01
  [BOTH][Rank 0] Done moment 28/36 (task 27): force_integral=-5.740429e-01
  [BOTH][Rank 0] Done moment 28/36 (task 27): force_integral=-5.740429e-01
  [BOTH][Rank 0] Done moment 28/36 (task 27): force_integral=-5.740429e-01
  [BOTH][Rank 0] Done moment 28/36 (task 27): force_integral=-5.740429e-01
  [BOTH][Rank 0] Done moment 28/36 (task 27): force_integral=-5.740429e-01
  [BOTH][Rank 0] Done moment 28/36 (task 27): force_integral=-5.740429e-01
  [BOTH][Rank 0] Done moment 28/36 (task 27): force_integral=-5.740429e-01
  [BOTH][Rank 0] Done moment 28/36 (task 27): force_integral=-5.740429e-01
  [BOTH][Rank 0] Done moment 28/36 (task 27): force_integral=-5.740429e-01
  [BOTH][Rank 0] Done moment 28/36 (task 27): force_integral=-5.740429e-01
  [BOTH][Rank 0] Done moment 28/36 (task 27): force_integral=-5.740429e-01
  [BOTH][Rank 0] Done moment 28/36 (task 27): force_integral=-5.740429e-01
  [BOTH][Rank 0] Done moment 28/36 (task 27): force_integral=-5.740429e-01
  [BOTH][Rank 0] Done moment 28/36 (task 27): force_integral=-5.740429e-01
  [BOTH][Rank 0] Done moment 28/36 (task 27): force_integral=-5.740429e-01
  [BOTH][Rank 0] Done moment 28/36 (task 27): force_integral=-5.740429e-01
  [BOTH][Rank 0] Done moment 28/36 (task 27): force_integral=-5.740429e-01
  [BOTH][Rank 0] Done moment 28/36 (task 27): force_integral=-5.740429e-01
  [BOTH][Rank 0] Done moment 28/36 (task 27): force_integral=-5.740429e-01
  [BOTH][Rank 0] Done moment 28/36 (task 27): force_integral=-5.740429e-01
  [BOTH][Rank 0] Done moment 28/36 (task 27): force_integral=-5.740429e-01
  [BOTH][Rank 0] Done moment 28/36 (task 27): force_integral=-5.740429e-01
  [BOTH][Rank 0] Done moment 28/36 (task 27): force_integral=-5.740429e-01
  [BOTH][Rank 0] Done moment 28/36 (task 27): force_integral=-5.740429e-01
  [BOTH][Rank 0] Done moment 28/36 (task 27): force_integral=-5.740429e-01
  [BOTH][Rank 0] Done moment 28/36 (task 27): force_integral=-5.740429e-01
  [BOTH][Rank 0] Done moment 28/36 (task 27): force_integral=-5.740429e-01
  [BOTH][Rank 0] Done moment 28/36 (task 27): force_integral=-5.740429e-01
  [BOTH][Rank 0] Done moment 28/36 (task 27): force_integral=-5.740429e-01
  [BOTH][Rank 0] Done moment 28/36 (task 27): force_integral=-5.740429e-01
  [BOTH][Rank 0] Done moment 28/36 (task 27): force_integral=-5.740429e-01
  [BOTH][Rank 0] Done moment 28/36 (task 27): force_integral=-5.740429e-01
  [BOTH][Rank 0] Done moment 28/36 (task 27): force_integral=-5.740429e-01
  [BOTH][Rank 0] Done moment 28/36 (task 27): force_integral=-5.740429e-01
  [BOTH][Rank 0] Done moment 28/36 (task 27): force_integral=-5.740429e-01
  [BOTH][Rank 0] Done moment 28/36 (task 27): force_integral=-5.740429e-01
  [BOTH][Rank 0] Done moment 28/36 (task 27): force_integral=-5.740429e-01
  [BOTH][Rank 0] Done moment 28/36 (task 27): force_integral=-5.740429e-01
  [BOTH][Rank 0] Done moment 28/36 (task 27): force_integral=-5.740429e-01
  [BOTH][Rank 0] Done moment 28/36 (task 27): force_integral=-5.740429e-01
  [BOTH][Rank 0] Done moment 28/36 (task 27): force_integral=-5.740429e-01
  [BOTH][Rank 0] Done moment 28/36 (task 27): force_integral=-5.740429e-01
  [BOTH][Rank 0] Done moment 28/36 (task 27): force_integral=-5.740429e-01
  [BOTH][Rank 0] Done moment 28/36 (task 27): force_integral=-5.740429e-01
  [BOTH][Rank 0] Done moment 28/36 (task 27): force_integral=-5.740429e-01
  [BOTH][Rank 0] Done moment 28/36 (task 27): force_integral=-5.740429e-01
  [BOTH][Rank 0] Done moment 28/36 (task 27): force_integral=-5.740429e-01
  [BOTH][Rank 0] Done moment 28/36 (task 27): force_integral=-5.740429e-01
  [BOTH][Rank 0] Done moment 28/36 (task 27): force_integral=-5.740429e-01
  [BOTH][Rank 0] Done moment 28/36 (task 27): force_integral=-5.740429e-01
  [BOTH][Rank 0] Done moment 28/36 (task 27): force_integral=-5.740429e-01
  [BOTH][Rank 0] Done moment 28/36 (task 27): force_integral=-5.740429e-01
  [BOTH][Rank 0] Done moment 28/36 (task 27): force_integral=-5.740429e-01
  [BOTH][Rank 0] Done moment 28/36 (task 27): force_integral=-5.740429e-01
  [BOTH][Rank 0] Done moment 28/36 (task 27): force_integral=-5.740429e-01
  [BOTH][Rank 0] Done moment 28/36 (task 27): force_integral=-5.740429e-01
  [BOTH][Rank 0] Done moment 28/36 (task 27): force_integral=-5.740429e-01
  [BOTH][Rank 0] Done moment 28/36 (task 27): force_integral=-5.740429e-01
  [BOTH][Rank 0] Done moment 28/36 (task 27): force_integral=-5.740429e-01
  [BOTH][Rank 0] Done moment 28/36 (task 27): force_integral=-5.740429e-01
  [BOTH][Rank 0] Done moment 28/36 (task 27): force_integral=-5.740429e-01
  [BOTH][Rank 0] Done moment 28/36 (task 27): force_integral=-5.740429e-01
  [BOTH][Rank 0] Done moment 28/36 (task 27): force_integral=-5.740429e-01
  [BOTH][Rank 0] Done moment 28/36 (task 27): force_integral=-5.740429e-01
  [BOTH][Rank 0] Done moment 28/36 (task 27): force_integral=-5.740429e-01
  [BOTH][Rank 0] Done moment 28/36 (task 27): force_integral=-5.740429e-01
  [BOTH][Rank 0] Done moment 28/36 (task 27): force_integral=-5.740429e-01
  [BOTH][Rank 0] Done moment 28/36 (task 27): force_integral=-5.740429e-01
  [BOTH][Rank 0] Done moment 28/36 (task 27): force_integral=-5.740429e-01
  [BOTH][Rank 0] Done moment 28/36 (task 27): force_integral=-5.740429e-01
  [BOTH][Rank 0] Done moment 28/36 (task 27): force_integral=-5.740429e-01
  [BOTH][Rank 0] Done moment 28/36 (task 27): force_integral=-5.740429e-01
  [BOTH][Rank 0] Done moment 29/36 (task 28): force_integral=-1.668413e+03
  [BOTH][Rank 0] Done moment 29/36 (task 28): force_integral=-1.668413e+03
  [BOTH][Rank 0] Done moment 29/36 (task 28): force_integral=-1.668413e+03
  [BOTH][Rank 0] Done moment 29/36 (task 28): force_integral=-1.668413e+03
  [BOTH][Rank 0] Done moment 29/36 (task 28): force_integral=-1.668413e+03
  [BOTH][Rank 0] Done moment 29/36 (task 28): force_integral=-1.668413e+03
  [BOTH][Rank 0] Done moment 29/36 (task 28): force_integral=-1.668413e+03
  [BOTH][Rank 0] Done moment 29/36 (task 28): force_integral=-1.668413e+03
  [BOTH][Rank 0] Done moment 29/36 (task 28): force_integral=-1.668413e+03
  [BOTH][Rank 0] Done moment 29/36 (task 28): force_integral=-1.668413e+03
  [BOTH][Rank 0] Done moment 29/36 (task 28): force_integral=-1.668413e+03
  [BOTH][Rank 0] Done moment 29/36 (task 28): force_integral=-1.668413e+03
  [BOTH][Rank 0] Done moment 29/36 (task 28): force_integral=-1.668413e+03
  [BOTH][Rank 0] Done moment 29/36 (task 28): force_integral=-1.668413e+03
  [BOTH][Rank 0] Done moment 29/36 (task 28): force_integral=-1.668413e+03
  [BOTH][Rank 0] Done moment 29/36 (task 28): force_integral=-1.668413e+03
  [BOTH][Rank 0] Done moment 29/36 (task 28): force_integral=-1.668413e+03
  [BOTH][Rank 0] Done moment 29/36 (task 28): force_integral=-1.668413e+03
  [BOTH][Rank 0] Done moment 29/36 (task 28): force_integral=-1.668413e+03
  [BOTH][Rank 0] Done moment 29/36 (task 28): force_integral=-1.668413e+03
  [BOTH][Rank 0] Done moment 29/36 (task 28): force_integral=-1.668413e+03
  [BOTH][Rank 0] Done moment 29/36 (task 28): force_integral=-1.668413e+03
  [BOTH][Rank 0] Done moment 29/36 (task 28): force_integral=-1.668413e+03
  [BOTH][Rank 0] Done moment 29/36 (task 28): force_integral=-1.668413e+03
  [BOTH][Rank 0] Done moment 29/36 (task 28): force_integral=-1.668413e+03
  [BOTH][Rank 0] Done moment 29/36 (task 28): force_integral=-1.668413e+03
  [BOTH][Rank 0] Done moment 29/36 (task 28): force_integral=-1.668413e+03
  [BOTH][Rank 0] Done moment 29/36 (task 28): force_integral=-1.668413e+03
  [BOTH][Rank 0] Done moment 29/36 (task 28): force_integral=-1.668413e+03
  [BOTH][Rank 0] Done moment 29/36 (task 28): force_integral=-1.668413e+03
  [BOTH][Rank 0] Done moment 29/36 (task 28): force_integral=-1.668413e+03
  [BOTH][Rank 0] Done moment 29/36 (task 28): force_integral=-1.668413e+03
  [BOTH][Rank 0] Done moment 29/36 (task 28): force_integral=-1.668413e+03
  [BOTH][Rank 0] Done moment 29/36 (task 28): force_integral=-1.668413e+03
  [BOTH][Rank 0] Done moment 29/36 (task 28): force_integral=-1.668413e+03
  [BOTH][Rank 0] Done moment 29/36 (task 28): force_integral=-1.668413e+03
  [BOTH][Rank 0] Done moment 29/36 (task 28): force_integral=-1.668413e+03
  [BOTH][Rank 0] Done moment 29/36 (task 28): force_integral=-1.668413e+03
  [BOTH][Rank 0] Done moment 29/36 (task 28): force_integral=-1.668413e+03
  [BOTH][Rank 0] Done moment 29/36 (task 28): force_integral=-1.668413e+03
  [BOTH][Rank 0] Done moment 29/36 (task 28): force_integral=-1.668413e+03
  [BOTH][Rank 0] Done moment 29/36 (task 28): force_integral=-1.668413e+03
  [BOTH][Rank 0] Done moment 29/36 (task 28): force_integral=-1.668413e+03
  [BOTH][Rank 0] Done moment 29/36 (task 28): force_integral=-1.668413e+03
  [BOTH][Rank 0] Done moment 29/36 (task 28): force_integral=-1.668413e+03
  [BOTH][Rank 0] Done moment 29/36 (task 28): force_integral=-1.668413e+03
  [BOTH][Rank 0] Done moment 29/36 (task 28): force_integral=-1.668413e+03
  [BOTH][Rank 0] Done moment 29/36 (task 28): force_integral=-1.668413e+03
  [BOTH][Rank 0] Done moment 29/36 (task 28): force_integral=-1.668413e+03
  [BOTH][Rank 0] Done moment 29/36 (task 28): force_integral=-1.668413e+03
  [BOTH][Rank 0] Done moment 29/36 (task 28): force_integral=-1.668413e+03
  [BOTH][Rank 0] Done moment 29/36 (task 28): force_integral=-1.668413e+03
  [BOTH][Rank 0] Done moment 29/36 (task 28): force_integral=-1.668413e+03
  [BOTH][Rank 0] Done moment 29/36 (task 28): force_integral=-1.668413e+03
  [BOTH][Rank 0] Done moment 29/36 (task 28): force_integral=-1.668413e+03
  [BOTH][Rank 0] Done moment 29/36 (task 28): force_integral=-1.668413e+03
  [BOTH][Rank 0] Done moment 29/36 (task 28): force_integral=-1.668413e+03
  [BOTH][Rank 0] Done moment 29/36 (task 28): force_integral=-1.668413e+03
  [BOTH][Rank 0] Done moment 29/36 (task 28): force_integral=-1.668413e+03
  [BOTH][Rank 0] Done moment 29/36 (task 28): force_integral=-1.668413e+03
  [BOTH][Rank 0] Done moment 29/36 (task 28): force_integral=-1.668413e+03
  [BOTH][Rank 0] Done moment 29/36 (task 28): force_integral=-1.668413e+03
  [BOTH][Rank 0] Done moment 29/36 (task 28): force_integral=-1.668413e+03
  [BOTH][Rank 0] Done moment 29/36 (task 28): force_integral=-1.668413e+03
  [BOTH][Rank 0] Done moment 29/36 (task 28): force_integral=-1.668413e+03
  [BOTH][Rank 0] Done moment 29/36 (task 28): force_integral=-1.668413e+03
  [BOTH][Rank 0] Done moment 29/36 (task 28): force_integral=-1.668413e+03
  [BOTH][Rank 0] Done moment 29/36 (task 28): force_integral=-1.668413e+03
  [BOTH][Rank 0] Done moment 29/36 (task 28): force_integral=-1.668413e+03
  [BOTH][Rank 0] Done moment 29/36 (task 28): force_integral=-1.668413e+03
  [BOTH][Rank 0] Done moment 29/36 (task 28): force_integral=-1.668413e+03
  [BOTH][Rank 0] Done moment 29/36 (task 28): force_integral=-1.668413e+03
  [BOTH][Rank 0] Done moment 29/36 (task 28): force_integral=-1.668413e+03
  [BOTH][Rank 0] Done moment 29/36 (task 28): force_integral=-1.668413e+03
  [BOTH][Rank 0] Done moment 29/36 (task 28): force_integral=-1.668413e+03
  [BOTH][Rank 0] Done moment 29/36 (task 28): force_integral=-1.668413e+03
  [BOTH][Rank 0] Done moment 29/36 (task 28): force_integral=-1.668413e+03
  [BOTH][Rank 0] Done moment 29/36 (task 28): force_integral=-1.668413e+03
  [BOTH][Rank 0] Done moment 29/36 (task 28): force_integral=-1.668413e+03
  [BOTH][Rank 0] Done moment 29/36 (task 28): force_integral=-1.668413e+03
  [BOTH][Rank 0] Done moment 29/36 (task 28): force_integral=-1.668413e+03
  [BOTH][Rank 0] Done moment 29/36 (task 28): force_integral=-1.668413e+03
  [BOTH][Rank 0] Done moment 29/36 (task 28): force_integral=-1.668413e+03
  [BOTH][Rank 0] Done moment 29/36 (task 28): force_integral=-1.668413e+03
  [BOTH][Rank 0] Done moment 29/36 (task 28): force_integral=-1.668413e+03
  [BOTH][Rank 0] Done moment 29/36 (task 28): force_integral=-1.668413e+03
  [BOTH][Rank 0] Done moment 29/36 (task 28): force_integral=-1.668413e+03
  [BOTH][Rank 0] Done moment 29/36 (task 28): force_integral=-1.668413e+03
  [BOTH][Rank 0] Done moment 29/36 (task 28): force_integral=-1.668413e+03
  [BOTH][Rank 0] Done moment 29/36 (task 28): force_integral=-1.668413e+03
  [BOTH][Rank 0] Done moment 29/36 (task 28): force_integral=-1.668413e+03
  [BOTH][Rank 0] Done moment 29/36 (task 28): force_integral=-1.668413e+03
  [BOTH][Rank 0] Done moment 29/36 (task 28): force_integral=-1.668413e+03
  [BOTH][Rank 0] Done moment 29/36 (task 28): force_integral=-1.668413e+03
  [BOTH][Rank 0] Done moment 29/36 (task 28): force_integral=-1.668413e+03
  [BOTH][Rank 0] Done moment 29/36 (task 28): force_integral=-1.668413e+03
  [BOTH][Rank 0] Done moment 29/36 (task 28): force_integral=-1.668413e+03
  [BOTH][Rank 0] Done moment 29/36 (task 28): force_integral=-1.668413e+03
  [BOTH][Rank 0] Done moment 29/36 (task 28): force_integral=-1.668413e+03
  [BOTH][Rank 0] Done moment 29/36 (task 28): force_integral=-1.668413e+03
  [BOTH][Rank 0] Done moment 29/36 (task 28): force_integral=-1.668413e+03
  [BOTH][Rank 0] Done moment 29/36 (task 28): force_integral=-1.668413e+03
  [BOTH][Rank 0] Done moment 29/36 (task 28): force_integral=-1.668413e+03
  [BOTH][Rank 0] Done moment 29/36 (task 28): force_integral=-1.668413e+03
  [BOTH][Rank 0] Done moment 29/36 (task 28): force_integral=-1.668413e+03
  [BOTH][Rank 0] Done moment 29/36 (task 28): force_integral=-1.668413e+03
  [BOTH][Rank 0] Done moment 29/36 (task 28): force_integral=-1.668413e+03
  [BOTH][Rank 0] Done moment 29/36 (task 28): force_integral=-1.668413e+03
  [BOTH][Rank 0] Done moment 29/36 (task 28): force_integral=-1.668413e+03
  [BOTH][Rank 0] Done moment 29/36 (task 28): force_integral=-1.668413e+03
  [BOTH][Rank 0] Done moment 29/36 (task 28): force_integral=-1.668413e+03
  [BOTH][Rank 0] Done moment 29/36 (task 28): force_integral=-1.668413e+03
  [BOTH][Rank 0] Done moment 29/36 (task 28): force_integral=-1.668413e+03
  [BOTH][Rank 0] Done moment 29/36 (task 28): force_integral=-1.668413e+03
  [BOTH][Rank 0] Done moment 29/36 (task 28): force_integral=-1.668413e+03
  [BOTH][Rank 0] Done moment 29/36 (task 28): force_integral=-1.668413e+03
  [BOTH][Rank 0] Done moment 29/36 (task 28): force_integral=-1.668413e+03
  [BOTH][Rank 0] Done moment 29/36 (task 28): force_integral=-1.668413e+03
  [BOTH][Rank 0] Done moment 29/36 (task 28): force_integral=-1.668413e+03
  [BOTH][Rank 0] Done moment 29/36 (task 28): force_integral=-1.668413e+03
  [BOTH][Rank 0] Done moment 29/36 (task 28): force_integral=-1.668413e+03
  [BOTH][Rank 0] Done moment 29/36 (task 28): force_integral=-1.668413e+03
  [BOTH][Rank 0] Done moment 29/36 (task 28): force_integral=-1.668413e+03
  [BOTH][Rank 0] Done moment 29/36 (task 28): force_integral=-1.668413e+03
  [BOTH][Rank 0] Done moment 29/36 (task 28): force_integral=-1.668413e+03
  [BOTH][Rank 0] Done moment 29/36 (task 28): force_integral=-1.668413e+03
  [BOTH][Rank 0] Done moment 29/36 (task 28): force_integral=-1.668413e+03
  [BOTH][Rank 0] Done moment 29/36 (task 28): force_integral=-1.668413e+03
  [BOTH][Rank 0] Done moment 30/36 (task 29): force_integral=+1.708290e+03
  [BOTH][Rank 0] Done moment 30/36 (task 29): force_integral=+1.708290e+03
  [BOTH][Rank 0] Done moment 30/36 (task 29): force_integral=+1.708290e+03
  [BOTH][Rank 0] Done moment 30/36 (task 29): force_integral=+1.708290e+03
  [BOTH][Rank 0] Done moment 30/36 (task 29): force_integral=+1.708290e+03
  [BOTH][Rank 0] Done moment 30/36 (task 29): force_integral=+1.708290e+03
  [BOTH][Rank 0] Done moment 30/36 (task 29): force_integral=+1.708290e+03
  [BOTH][Rank 0] Done moment 30/36 (task 29): force_integral=+1.708290e+03
  [BOTH][Rank 0] Done moment 30/36 (task 29): force_integral=+1.708290e+03
  [BOTH][Rank 0] Done moment 30/36 (task 29): force_integral=+1.708290e+03
  [BOTH][Rank 0] Done moment 30/36 (task 29): force_integral=+1.708290e+03
  [BOTH][Rank 0] Done moment 30/36 (task 29): force_integral=+1.708290e+03
  [BOTH][Rank 0] Done moment 30/36 (task 29): force_integral=+1.708290e+03
  [BOTH][Rank 0] Done moment 30/36 (task 29): force_integral=+1.708290e+03
  [BOTH][Rank 0] Done moment 30/36 (task 29): force_integral=+1.708290e+03
  [BOTH][Rank 0] Done moment 30/36 (task 29): force_integral=+1.708290e+03
  [BOTH][Rank 0] Done moment 30/36 (task 29): force_integral=+1.708290e+03
  [BOTH][Rank 0] Done moment 30/36 (task 29): force_integral=+1.708290e+03
  [BOTH][Rank 0] Done moment 30/36 (task 29): force_integral=+1.708290e+03
  [BOTH][Rank 0] Done moment 30/36 (task 29): force_integral=+1.708290e+03
  [BOTH][Rank 0] Done moment 30/36 (task 29): force_integral=+1.708290e+03
  [BOTH][Rank 0] Done moment 30/36 (task 29): force_integral=+1.708290e+03
  [BOTH][Rank 0] Done moment 30/36 (task 29): force_integral=+1.708290e+03
  [BOTH][Rank 0] Done moment 30/36 (task 29): force_integral=+1.708290e+03
  [BOTH][Rank 0] Done moment 30/36 (task 29): force_integral=+1.708290e+03
  [BOTH][Rank 0] Done moment 30/36 (task 29): force_integral=+1.708290e+03
  [BOTH][Rank 0] Done moment 30/36 (task 29): force_integral=+1.708290e+03
  [BOTH][Rank 0] Done moment 30/36 (task 29): force_integral=+1.708290e+03
  [BOTH][Rank 0] Done moment 30/36 (task 29): force_integral=+1.708290e+03
  [BOTH][Rank 0] Done moment 30/36 (task 29): force_integral=+1.708290e+03
  [BOTH][Rank 0] Done moment 30/36 (task 29): force_integral=+1.708290e+03
  [BOTH][Rank 0] Done moment 30/36 (task 29): force_integral=+1.708290e+03
  [BOTH][Rank 0] Done moment 30/36 (task 29): force_integral=+1.708290e+03
  [BOTH][Rank 0] Done moment 30/36 (task 29): force_integral=+1.708290e+03
  [BOTH][Rank 0] Done moment 30/36 (task 29): force_integral=+1.708290e+03
  [BOTH][Rank 0] Done moment 30/36 (task 29): force_integral=+1.708290e+03
  [BOTH][Rank 0] Done moment 30/36 (task 29): force_integral=+1.708290e+03
  [BOTH][Rank 0] Done moment 30/36 (task 29): force_integral=+1.708290e+03
  [BOTH][Rank 0] Done moment 30/36 (task 29): force_integral=+1.708290e+03
  [BOTH][Rank 0] Done moment 30/36 (task 29): force_integral=+1.708290e+03
  [BOTH][Rank 0] Done moment 30/36 (task 29): force_integral=+1.708290e+03
  [BOTH][Rank 0] Done moment 30/36 (task 29): force_integral=+1.708290e+03
  [BOTH][Rank 0] Done moment 30/36 (task 29): force_integral=+1.708290e+03
  [BOTH][Rank 0] Done moment 30/36 (task 29): force_integral=+1.708290e+03
  [BOTH][Rank 0] Done moment 30/36 (task 29): force_integral=+1.708290e+03
  [BOTH][Rank 0] Done moment 30/36 (task 29): force_integral=+1.708290e+03
  [BOTH][Rank 0] Done moment 30/36 (task 29): force_integral=+1.708290e+03
  [BOTH][Rank 0] Done moment 30/36 (task 29): force_integral=+1.708290e+03
  [BOTH][Rank 0] Done moment 30/36 (task 29): force_integral=+1.708290e+03
  [BOTH][Rank 0] Done moment 30/36 (task 29): force_integral=+1.708290e+03
  [BOTH][Rank 0] Done moment 30/36 (task 29): force_integral=+1.708290e+03
  [BOTH][Rank 0] Done moment 30/36 (task 29): force_integral=+1.708290e+03
  [BOTH][Rank 0] Done moment 30/36 (task 29): force_integral=+1.708290e+03
  [BOTH][Rank 0] Done moment 30/36 (task 29): force_integral=+1.708290e+03
  [BOTH][Rank 0] Done moment 30/36 (task 29): force_integral=+1.708290e+03
  [BOTH][Rank 0] Done moment 30/36 (task 29): force_integral=+1.708290e+03
  [BOTH][Rank 0] Done moment 30/36 (task 29): force_integral=+1.708290e+03
  [BOTH][Rank 0] Done moment 30/36 (task 29): force_integral=+1.708290e+03
  [BOTH][Rank 0] Done moment 30/36 (task 29): force_integral=+1.708290e+03
  [BOTH][Rank 0] Done moment 30/36 (task 29): force_integral=+1.708290e+03
  [BOTH][Rank 0] Done moment 30/36 (task 29): force_integral=+1.708290e+03
  [BOTH][Rank 0] Done moment 30/36 (task 29): force_integral=+1.708290e+03
  [BOTH][Rank 0] Done moment 30/36 (task 29): force_integral=+1.708290e+03
  [BOTH][Rank 0] Done moment 30/36 (task 29): force_integral=+1.708290e+03
  [BOTH][Rank 0] Done moment 30/36 (task 29): force_integral=+1.708290e+03
  [BOTH][Rank 0] Done moment 30/36 (task 29): force_integral=+1.708290e+03
  [BOTH][Rank 0] Done moment 30/36 (task 29): force_integral=+1.708290e+03
  [BOTH][Rank 0] Done moment 30/36 (task 29): force_integral=+1.708290e+03
  [BOTH][Rank 0] Done moment 30/36 (task 29): force_integral=+1.708290e+03
  [BOTH][Rank 0] Done moment 30/36 (task 29): force_integral=+1.708290e+03
  [BOTH][Rank 0] Done moment 30/36 (task 29): force_integral=+1.708290e+03
  [BOTH][Rank 0] Done moment 30/36 (task 29): force_integral=+1.708290e+03
  [BOTH][Rank 0] Done moment 30/36 (task 29): force_integral=+1.708290e+03
  [BOTH][Rank 0] Done moment 30/36 (task 29): force_integral=+1.708290e+03
  [BOTH][Rank 0] Done moment 30/36 (task 29): force_integral=+1.708290e+03
  [BOTH][Rank 0] Done moment 30/36 (task 29): force_integral=+1.708290e+03
  [BOTH][Rank 0] Done moment 30/36 (task 29): force_integral=+1.708290e+03
  [BOTH][Rank 0] Done moment 30/36 (task 29): force_integral=+1.708290e+03
  [BOTH][Rank 0] Done moment 30/36 (task 29): force_integral=+1.708290e+03
  [BOTH][Rank 0] Done moment 30/36 (task 29): force_integral=+1.708290e+03
  [BOTH][Rank 0] Done moment 30/36 (task 29): force_integral=+1.708290e+03
  [BOTH][Rank 0] Done moment 30/36 (task 29): force_integral=+1.708290e+03
  [BOTH][Rank 0] Done moment 30/36 (task 29): force_integral=+1.708290e+03
  [BOTH][Rank 0] Done moment 30/36 (task 29): force_integral=+1.708290e+03
  [BOTH][Rank 0] Done moment 30/36 (task 29): force_integral=+1.708290e+03
  [BOTH][Rank 0] Done moment 30/36 (task 29): force_integral=+1.708290e+03
  [BOTH][Rank 0] Done moment 30/36 (task 29): force_integral=+1.708290e+03
  [BOTH][Rank 0] Done moment 30/36 (task 29): force_integral=+1.708290e+03
  [BOTH][Rank 0] Done moment 30/36 (task 29): force_integral=+1.708290e+03
  [BOTH][Rank 0] Done moment 30/36 (task 29): force_integral=+1.708290e+03
  [BOTH][Rank 0] Done moment 30/36 (task 29): force_integral=+1.708290e+03
  [BOTH][Rank 0] Done moment 30/36 (task 29): force_integral=+1.708290e+03
  [BOTH][Rank 0] Done moment 30/36 (task 29): force_integral=+1.708290e+03
  [BOTH][Rank 0] Done moment 30/36 (task 29): force_integral=+1.708290e+03
  [BOTH][Rank 0] Done moment 30/36 (task 29): force_integral=+1.708290e+03
  [BOTH][Rank 0] Done moment 30/36 (task 29): force_integral=+1.708290e+03
  [BOTH][Rank 0] Done moment 30/36 (task 29): force_integral=+1.708290e+03
  [BOTH][Rank 0] Done moment 30/36 (task 29): force_integral=+1.708290e+03
  [BOTH][Rank 0] Done moment 30/36 (task 29): force_integral=+1.708290e+03
  [BOTH][Rank 0] Done moment 30/36 (task 29): force_integral=+1.708290e+03
  [BOTH][Rank 0] Done moment 30/36 (task 29): force_integral=+1.708290e+03
  [BOTH][Rank 0] Done moment 30/36 (task 29): force_integral=+1.708290e+03
  [BOTH][Rank 0] Done moment 30/36 (task 29): force_integral=+1.708290e+03
  [BOTH][Rank 0] Done moment 30/36 (task 29): force_integral=+1.708290e+03
  [BOTH][Rank 0] Done moment 30/36 (task 29): force_integral=+1.708290e+03
  [BOTH][Rank 0] Done moment 30/36 (task 29): force_integral=+1.708290e+03
  [BOTH][Rank 0] Done moment 30/36 (task 29): force_integral=+1.708290e+03
  [BOTH][Rank 0] Done moment 30/36 (task 29): force_integral=+1.708290e+03
  [BOTH][Rank 0] Done moment 30/36 (task 29): force_integral=+1.708290e+03
  [BOTH][Rank 0] Done moment 30/36 (task 29): force_integral=+1.708290e+03
  [BOTH][Rank 0] Done moment 30/36 (task 29): force_integral=+1.708290e+03
  [BOTH][Rank 0] Done moment 30/36 (task 29): force_integral=+1.708290e+03
  [BOTH][Rank 0] Done moment 30/36 (task 29): force_integral=+1.708290e+03
  [BOTH][Rank 0] Done moment 30/36 (task 29): force_integral=+1.708290e+03
  [BOTH][Rank 0] Done moment 30/36 (task 29): force_integral=+1.708290e+03
  [BOTH][Rank 0] Done moment 30/36 (task 29): force_integral=+1.708290e+03
  [BOTH][Rank 0] Done moment 30/36 (task 29): force_integral=+1.708290e+03
  [BOTH][Rank 0] Done moment 30/36 (task 29): force_integral=+1.708290e+03
  [BOTH][Rank 0] Done moment 30/36 (task 29): force_integral=+1.708290e+03
  [BOTH][Rank 0] Done moment 30/36 (task 29): force_integral=+1.708290e+03
  [BOTH][Rank 0] Done moment 30/36 (task 29): force_integral=+1.708290e+03
  [BOTH][Rank 0] Done moment 30/36 (task 29): force_integral=+1.708290e+03
  [BOTH][Rank 0] Done moment 30/36 (task 29): force_integral=+1.708290e+03
  [BOTH][Rank 0] Done moment 30/36 (task 29): force_integral=+1.708290e+03
  [BOTH][Rank 0] Done moment 30/36 (task 29): force_integral=+1.708290e+03
  [BOTH][Rank 0] Done moment 30/36 (task 29): force_integral=+1.708290e+03
  [BOTH][Rank 0] Done moment 30/36 (task 29): force_integral=+1.708290e+03
  [BOTH][Rank 0] Done moment 30/36 (task 29): force_integral=+1.708290e+03
  [BOTH][Rank 0] Done moment 31/36 (task 30): force_integral=+0.000000e+00
  [BOTH][Rank 0] Done moment 31/36 (task 30): force_integral=+0.000000e+00
  [BOTH][Rank 0] Done moment 31/36 (task 30): force_integral=+0.000000e+00
  [BOTH][Rank 0] Done moment 31/36 (task 30): force_integral=+0.000000e+00
  [BOTH][Rank 0] Done moment 31/36 (task 30): force_integral=+0.000000e+00
  [BOTH][Rank 0] Done moment 31/36 (task 30): force_integral=+0.000000e+00
  [BOTH][Rank 0] Done moment 31/36 (task 30): force_integral=+0.000000e+00
  [BOTH][Rank 0] Done moment 31/36 (task 30): force_integral=+0.000000e+00
  [BOTH][Rank 0] Done moment 31/36 (task 30): force_integral=+0.000000e+00
  [BOTH][Rank 0] Done moment 31/36 (task 30): force_integral=+0.000000e+00
  [BOTH][Rank 0] Done moment 31/36 (task 30): force_integral=+0.000000e+00
  [BOTH][Rank 0] Done moment 31/36 (task 30): force_integral=+0.000000e+00
  [BOTH][Rank 0] Done moment 31/36 (task 30): force_integral=+0.000000e+00
  [BOTH][Rank 0] Done moment 31/36 (task 30): force_integral=+0.000000e+00
  [BOTH][Rank 0] Done moment 31/36 (task 30): force_integral=+0.000000e+00
  [BOTH][Rank 0] Done moment 31/36 (task 30): force_integral=+0.000000e+00
  [BOTH][Rank 0] Done moment 31/36 (task 30): force_integral=+0.000000e+00
  [BOTH][Rank 0] Done moment 31/36 (task 30): force_integral=+0.000000e+00
  [BOTH][Rank 0] Done moment 31/36 (task 30): force_integral=+0.000000e+00
  [BOTH][Rank 0] Done moment 31/36 (task 30): force_integral=+0.000000e+00
  [BOTH][Rank 0] Done moment 31/36 (task 30): force_integral=+0.000000e+00
  [BOTH][Rank 0] Done moment 31/36 (task 30): force_integral=+0.000000e+00
  [BOTH][Rank 0] Done moment 31/36 (task 30): force_integral=+0.000000e+00
  [BOTH][Rank 0] Done moment 31/36 (task 30): force_integral=+0.000000e+00
  [BOTH][Rank 0] Done moment 31/36 (task 30): force_integral=+0.000000e+00
  [BOTH][Rank 0] Done moment 31/36 (task 30): force_integral=+0.000000e+00
  [BOTH][Rank 0] Done moment 31/36 (task 30): force_integral=+0.000000e+00
  [BOTH][Rank 0] Done moment 31/36 (task 30): force_integral=+0.000000e+00
  [BOTH][Rank 0] Done moment 31/36 (task 30): force_integral=+0.000000e+00
  [BOTH][Rank 0] Done moment 31/36 (task 30): force_integral=+0.000000e+00
  [BOTH][Rank 0] Done moment 31/36 (task 30): force_integral=+0.000000e+00
  [BOTH][Rank 0] Done moment 31/36 (task 30): force_integral=+0.000000e+00
  [BOTH][Rank 0] Done moment 31/36 (task 30): force_integral=+0.000000e+00
  [BOTH][Rank 0] Done moment 31/36 (task 30): force_integral=+0.000000e+00
  [BOTH][Rank 0] Done moment 31/36 (task 30): force_integral=+0.000000e+00
  [BOTH][Rank 0] Done moment 31/36 (task 30): force_integral=+0.000000e+00
  [BOTH][Rank 0] Done moment 31/36 (task 30): force_integral=+0.000000e+00
  [BOTH][Rank 0] Done moment 31/36 (task 30): force_integral=+0.000000e+00
  [BOTH][Rank 0] Done moment 31/36 (task 30): force_integral=+0.000000e+00
  [BOTH][Rank 0] Done moment 31/36 (task 30): force_integral=+0.000000e+00
  [BOTH][Rank 0] Done moment 31/36 (task 30): force_integral=+0.000000e+00
  [BOTH][Rank 0] Done moment 31/36 (task 30): force_integral=+0.000000e+00
  [BOTH][Rank 0] Done moment 31/36 (task 30): force_integral=+0.000000e+00
  [BOTH][Rank 0] Done moment 31/36 (task 30): force_integral=+0.000000e+00
  [BOTH][Rank 0] Done moment 31/36 (task 30): force_integral=+0.000000e+00
  [BOTH][Rank 0] Done moment 31/36 (task 30): force_integral=+0.000000e+00
  [BOTH][Rank 0] Done moment 31/36 (task 30): force_integral=+0.000000e+00
  [BOTH][Rank 0] Done moment 31/36 (task 30): force_integral=+0.000000e+00
  [BOTH][Rank 0] Done moment 31/36 (task 30): force_integral=+0.000000e+00
  [BOTH][Rank 0] Done moment 31/36 (task 30): force_integral=+0.000000e+00
  [BOTH][Rank 0] Done moment 31/36 (task 30): force_integral=+0.000000e+00
  [BOTH][Rank 0] Done moment 31/36 (task 30): force_integral=+0.000000e+00
  [BOTH][Rank 0] Done moment 31/36 (task 30): force_integral=+0.000000e+00
  [BOTH][Rank 0] Done moment 31/36 (task 30): force_integral=+0.000000e+00
  [BOTH][Rank 0] Done moment 31/36 (task 30): force_integral=+0.000000e+00
  [BOTH][Rank 0] Done moment 31/36 (task 30): force_integral=+0.000000e+00
  [BOTH][Rank 0] Done moment 31/36 (task 30): force_integral=+0.000000e+00
  [BOTH][Rank 0] Done moment 31/36 (task 30): force_integral=+0.000000e+00
  [BOTH][Rank 0] Done moment 31/36 (task 30): force_integral=+0.000000e+00
  [BOTH][Rank 0] Done moment 31/36 (task 30): force_integral=+0.000000e+00
  [BOTH][Rank 0] Done moment 31/36 (task 30): force_integral=+0.000000e+00
  [BOTH][Rank 0] Done moment 31/36 (task 30): force_integral=+0.000000e+00
  [BOTH][Rank 0] Done moment 31/36 (task 30): force_integral=+0.000000e+00
  [BOTH][Rank 0] Done moment 31/36 (task 30): force_integral=+0.000000e+00
  [BOTH][Rank 0] Done moment 31/36 (task 30): force_integral=+0.000000e+00
  [BOTH][Rank 0] Done moment 31/36 (task 30): force_integral=+0.000000e+00
  [BOTH][Rank 0] Done moment 31/36 (task 30): force_integral=+0.000000e+00
  [BOTH][Rank 0] Done moment 31/36 (task 30): force_integral=+0.000000e+00
  [BOTH][Rank 0] Done moment 31/36 (task 30): force_integral=+0.000000e+00
  [BOTH][Rank 0] Done moment 31/36 (task 30): force_integral=+0.000000e+00
  [BOTH][Rank 0] Done moment 31/36 (task 30): force_integral=+0.000000e+00
  [BOTH][Rank 0] Done moment 31/36 (task 30): force_integral=+0.000000e+00
  [BOTH][Rank 0] Done moment 31/36 (task 30): force_integral=+0.000000e+00
  [BOTH][Rank 0] Done moment 31/36 (task 30): force_integral=+0.000000e+00
  [BOTH][Rank 0] Done moment 31/36 (task 30): force_integral=+0.000000e+00
  [BOTH][Rank 0] Done moment 31/36 (task 30): force_integral=+0.000000e+00
  [BOTH][Rank 0] Done moment 31/36 (task 30): force_integral=+0.000000e+00
  [BOTH][Rank 0] Done moment 31/36 (task 30): force_integral=+0.000000e+00
  [BOTH][Rank 0] Done moment 31/36 (task 30): force_integral=+0.000000e+00
  [BOTH][Rank 0] Done moment 31/36 (task 30): force_integral=+0.000000e+00
  [BOTH][Rank 0] Done moment 31/36 (task 30): force_integral=+0.000000e+00
  [BOTH][Rank 0] Done moment 31/36 (task 30): force_integral=+0.000000e+00
  [BOTH][Rank 0] Done moment 31/36 (task 30): force_integral=+0.000000e+00
  [BOTH][Rank 0] Done moment 31/36 (task 30): force_integral=+0.000000e+00
  [BOTH][Rank 0] Done moment 31/36 (task 30): force_integral=+0.000000e+00
  [BOTH][Rank 0] Done moment 31/36 (task 30): force_integral=+0.000000e+00
  [BOTH][Rank 0] Done moment 31/36 (task 30): force_integral=+0.000000e+00
  [BOTH][Rank 0] Done moment 31/36 (task 30): force_integral=+0.000000e+00
  [BOTH][Rank 0] Done moment 31/36 (task 30): force_integral=+0.000000e+00
  [BOTH][Rank 0] Done moment 31/36 (task 30): force_integral=+0.000000e+00
  [BOTH][Rank 0] Done moment 31/36 (task 30): force_integral=+0.000000e+00
  [BOTH][Rank 0] Done moment 31/36 (task 30): force_integral=+0.000000e+00
  [BOTH][Rank 0] Done moment 31/36 (task 30): force_integral=+0.000000e+00
  [BOTH][Rank 0] Done moment 31/36 (task 30): force_integral=+0.000000e+00
  [BOTH][Rank 0] Done moment 31/36 (task 30): force_integral=+0.000000e+00
  [BOTH][Rank 0] Done moment 31/36 (task 30): force_integral=+0.000000e+00
  [BOTH][Rank 0] Done moment 31/36 (task 30): force_integral=+0.000000e+00
  [BOTH][Rank 0] Done moment 31/36 (task 30): force_integral=+0.000000e+00
  [BOTH][Rank 0] Done moment 31/36 (task 30): force_integral=+0.000000e+00
  [BOTH][Rank 0] Done moment 31/36 (task 30): force_integral=+0.000000e+00
  [BOTH][Rank 0] Done moment 31/36 (task 30): force_integral=+0.000000e+00
  [BOTH][Rank 0] Done moment 31/36 (task 30): force_integral=+0.000000e+00
  [BOTH][Rank 0] Done moment 31/36 (task 30): force_integral=+0.000000e+00
  [BOTH][Rank 0] Done moment 31/36 (task 30): force_integral=+0.000000e+00
  [BOTH][Rank 0] Done moment 31/36 (task 30): force_integral=+0.000000e+00
  [BOTH][Rank 0] Done moment 31/36 (task 30): force_integral=+0.000000e+00
  [BOTH][Rank 0] Done moment 31/36 (task 30): force_integral=+0.000000e+00
  [BOTH][Rank 0] Done moment 31/36 (task 30): force_integral=+0.000000e+00
  [BOTH][Rank 0] Done moment 31/36 (task 30): force_integral=+0.000000e+00
  [BOTH][Rank 0] Done moment 31/36 (task 30): force_integral=+0.000000e+00
  [BOTH][Rank 0] Done moment 31/36 (task 30): force_integral=+0.000000e+00
  [BOTH][Rank 0] Done moment 31/36 (task 30): force_integral=+0.000000e+00
  [BOTH][Rank 0] Done moment 31/36 (task 30): force_integral=+0.000000e+00
  [BOTH][Rank 0] Done moment 31/36 (task 30): force_integral=+0.000000e+00
  [BOTH][Rank 0] Done moment 31/36 (task 30): force_integral=+0.000000e+00
  [BOTH][Rank 0] Done moment 31/36 (task 30): force_integral=+0.000000e+00
  [BOTH][Rank 0] Done moment 31/36 (task 30): force_integral=+0.000000e+00
  [BOTH][Rank 0] Done moment 31/36 (task 30): force_integral=+0.000000e+00
  [BOTH][Rank 0] Done moment 31/36 (task 30): force_integral=+0.000000e+00
  [BOTH][Rank 0] Done moment 31/36 (task 30): force_integral=+0.000000e+00
  [BOTH][Rank 0] Done moment 31/36 (task 30): force_integral=+0.000000e+00
  [BOTH][Rank 0] Done moment 31/36 (task 30): force_integral=+0.000000e+00
  [BOTH][Rank 0] Done moment 31/36 (task 30): force_integral=+0.000000e+00
  [BOTH][Rank 0] Done moment 31/36 (task 30): force_integral=+0.000000e+00
  [BOTH][Rank 0] Done moment 31/36 (task 30): force_integral=+0.000000e+00
  [BOTH][Rank 0] Done moment 31/36 (task 30): force_integral=+0.000000e+00
  [BOTH][Rank 0] Done moment 31/36 (task 30): force_integral=+0.000000e+00
  [BOTH][Rank 0] Done moment 31/36 (task 30): force_integral=+0.000000e+00
  [BOTH][Rank 0] Done moment 32/36 (task 31): force_integral=+0.000000e+00
  [BOTH][Rank 0] Done moment 32/36 (task 31): force_integral=+0.000000e+00
  [BOTH][Rank 0] Done moment 32/36 (task 31): force_integral=+0.000000e+00
  [BOTH][Rank 0] Done moment 32/36 (task 31): force_integral=+0.000000e+00
  [BOTH][Rank 0] Done moment 32/36 (task 31): force_integral=+0.000000e+00
  [BOTH][Rank 0] Done moment 32/36 (task 31): force_integral=+0.000000e+00
  [BOTH][Rank 0] Done moment 32/36 (task 31): force_integral=+0.000000e+00
  [BOTH][Rank 0] Done moment 32/36 (task 31): force_integral=+0.000000e+00
  [BOTH][Rank 0] Done moment 32/36 (task 31): force_integral=+0.000000e+00
  [BOTH][Rank 0] Done moment 32/36 (task 31): force_integral=+0.000000e+00
  [BOTH][Rank 0] Done moment 32/36 (task 31): force_integral=+0.000000e+00
  [BOTH][Rank 0] Done moment 32/36 (task 31): force_integral=+0.000000e+00
  [BOTH][Rank 0] Done moment 32/36 (task 31): force_integral=+0.000000e+00
  [BOTH][Rank 0] Done moment 32/36 (task 31): force_integral=+0.000000e+00
  [BOTH][Rank 0] Done moment 32/36 (task 31): force_integral=+0.000000e+00
  [BOTH][Rank 0] Done moment 32/36 (task 31): force_integral=+0.000000e+00
  [BOTH][Rank 0] Done moment 32/36 (task 31): force_integral=+0.000000e+00
  [BOTH][Rank 0] Done moment 32/36 (task 31): force_integral=+0.000000e+00
  [BOTH][Rank 0] Done moment 32/36 (task 31): force_integral=+0.000000e+00
  [BOTH][Rank 0] Done moment 32/36 (task 31): force_integral=+0.000000e+00
  [BOTH][Rank 0] Done moment 32/36 (task 31): force_integral=+0.000000e+00
  [BOTH][Rank 0] Done moment 32/36 (task 31): force_integral=+0.000000e+00
  [BOTH][Rank 0] Done moment 32/36 (task 31): force_integral=+0.000000e+00
  [BOTH][Rank 0] Done moment 32/36 (task 31): force_integral=+0.000000e+00
  [BOTH][Rank 0] Done moment 32/36 (task 31): force_integral=+0.000000e+00
  [BOTH][Rank 0] Done moment 32/36 (task 31): force_integral=+0.000000e+00
  [BOTH][Rank 0] Done moment 32/36 (task 31): force_integral=+0.000000e+00
  [BOTH][Rank 0] Done moment 32/36 (task 31): force_integral=+0.000000e+00
  [BOTH][Rank 0] Done moment 32/36 (task 31): force_integral=+0.000000e+00
  [BOTH][Rank 0] Done moment 32/36 (task 31): force_integral=+0.000000e+00
  [BOTH][Rank 0] Done moment 32/36 (task 31): force_integral=+0.000000e+00
  [BOTH][Rank 0] Done moment 32/36 (task 31): force_integral=+0.000000e+00
  [BOTH][Rank 0] Done moment 32/36 (task 31): force_integral=+0.000000e+00
  [BOTH][Rank 0] Done moment 32/36 (task 31): force_integral=+0.000000e+00
  [BOTH][Rank 0] Done moment 32/36 (task 31): force_integral=+0.000000e+00
  [BOTH][Rank 0] Done moment 32/36 (task 31): force_integral=+0.000000e+00
  [BOTH][Rank 0] Done moment 32/36 (task 31): force_integral=+0.000000e+00
  [BOTH][Rank 0] Done moment 32/36 (task 31): force_integral=+0.000000e+00
  [BOTH][Rank 0] Done moment 32/36 (task 31): force_integral=+0.000000e+00
  [BOTH][Rank 0] Done moment 32/36 (task 31): force_integral=+0.000000e+00
  [BOTH][Rank 0] Done moment 32/36 (task 31): force_integral=+0.000000e+00
  [BOTH][Rank 0] Done moment 32/36 (task 31): force_integral=+0.000000e+00
  [BOTH][Rank 0] Done moment 32/36 (task 31): force_integral=+0.000000e+00
  [BOTH][Rank 0] Done moment 32/36 (task 31): force_integral=+0.000000e+00
  [BOTH][Rank 0] Done moment 32/36 (task 31): force_integral=+0.000000e+00
  [BOTH][Rank 0] Done moment 32/36 (task 31): force_integral=+0.000000e+00
  [BOTH][Rank 0] Done moment 32/36 (task 31): force_integral=+0.000000e+00
  [BOTH][Rank 0] Done moment 32/36 (task 31): force_integral=+0.000000e+00
  [BOTH][Rank 0] Done moment 32/36 (task 31): force_integral=+0.000000e+00
  [BOTH][Rank 0] Done moment 32/36 (task 31): force_integral=+0.000000e+00
  [BOTH][Rank 0] Done moment 32/36 (task 31): force_integral=+0.000000e+00
  [BOTH][Rank 0] Done moment 32/36 (task 31): force_integral=+0.000000e+00
  [BOTH][Rank 0] Done moment 32/36 (task 31): force_integral=+0.000000e+00
  [BOTH][Rank 0] Done moment 32/36 (task 31): force_integral=+0.000000e+00
  [BOTH][Rank 0] Done moment 32/36 (task 31): force_integral=+0.000000e+00
  [BOTH][Rank 0] Done moment 32/36 (task 31): force_integral=+0.000000e+00
  [BOTH][Rank 0] Done moment 32/36 (task 31): force_integral=+0.000000e+00
  [BOTH][Rank 0] Done moment 32/36 (task 31): force_integral=+0.000000e+00
  [BOTH][Rank 0] Done moment 32/36 (task 31): force_integral=+0.000000e+00
  [BOTH][Rank 0] Done moment 32/36 (task 31): force_integral=+0.000000e+00
  [BOTH][Rank 0] Done moment 32/36 (task 31): force_integral=+0.000000e+00
  [BOTH][Rank 0] Done moment 32/36 (task 31): force_integral=+0.000000e+00
  [BOTH][Rank 0] Done moment 32/36 (task 31): force_integral=+0.000000e+00
  [BOTH][Rank 0] Done moment 32/36 (task 31): force_integral=+0.000000e+00
  [BOTH][Rank 0] Done moment 32/36 (task 31): force_integral=+0.000000e+00
  [BOTH][Rank 0] Done moment 32/36 (task 31): force_integral=+0.000000e+00
  [BOTH][Rank 0] Done moment 32/36 (task 31): force_integral=+0.000000e+00
  [BOTH][Rank 0] Done moment 32/36 (task 31): force_integral=+0.000000e+00
  [BOTH][Rank 0] Done moment 32/36 (task 31): force_integral=+0.000000e+00
  [BOTH][Rank 0] Done moment 32/36 (task 31): force_integral=+0.000000e+00
  [BOTH][Rank 0] Done moment 32/36 (task 31): force_integral=+0.000000e+00
  [BOTH][Rank 0] Done moment 32/36 (task 31): force_integral=+0.000000e+00
  [BOTH][Rank 0] Done moment 32/36 (task 31): force_integral=+0.000000e+00
  [BOTH][Rank 0] Done moment 32/36 (task 31): force_integral=+0.000000e+00
  [BOTH][Rank 0] Done moment 32/36 (task 31): force_integral=+0.000000e+00
  [BOTH][Rank 0] Done moment 32/36 (task 31): force_integral=+0.000000e+00
  [BOTH][Rank 0] Done moment 32/36 (task 31): force_integral=+0.000000e+00
  [BOTH][Rank 0] Done moment 32/36 (task 31): force_integral=+0.000000e+00
  [BOTH][Rank 0] Done moment 32/36 (task 31): force_integral=+0.000000e+00
  [BOTH][Rank 0] Done moment 32/36 (task 31): force_integral=+0.000000e+00
  [BOTH][Rank 0] Done moment 32/36 (task 31): force_integral=+0.000000e+00
  [BOTH][Rank 0] Done moment 32/36 (task 31): force_integral=+0.000000e+00
  [BOTH][Rank 0] Done moment 32/36 (task 31): force_integral=+0.000000e+00
  [BOTH][Rank 0] Done moment 32/36 (task 31): force_integral=+0.000000e+00
  [BOTH][Rank 0] Done moment 32/36 (task 31): force_integral=+0.000000e+00
  [BOTH][Rank 0] Done moment 32/36 (task 31): force_integral=+0.000000e+00
  [BOTH][Rank 0] Done moment 32/36 (task 31): force_integral=+0.000000e+00
  [BOTH][Rank 0] Done moment 32/36 (task 31): force_integral=+0.000000e+00
  [BOTH][Rank 0] Done moment 32/36 (task 31): force_integral=+0.000000e+00
  [BOTH][Rank 0] Done moment 32/36 (task 31): force_integral=+0.000000e+00
  [BOTH][Rank 0] Done moment 32/36 (task 31): force_integral=+0.000000e+00
  [BOTH][Rank 0] Done moment 32/36 (task 31): force_integral=+0.000000e+00
  [BOTH][Rank 0] Done moment 32/36 (task 31): force_integral=+0.000000e+00
  [BOTH][Rank 0] Done moment 32/36 (task 31): force_integral=+0.000000e+00
  [BOTH][Rank 0] Done moment 32/36 (task 31): force_integral=+0.000000e+00
  [BOTH][Rank 0] Done moment 32/36 (task 31): force_integral=+0.000000e+00
  [BOTH][Rank 0] Done moment 32/36 (task 31): force_integral=+0.000000e+00
  [BOTH][Rank 0] Done moment 32/36 (task 31): force_integral=+0.000000e+00
  [BOTH][Rank 0] Done moment 32/36 (task 31): force_integral=+0.000000e+00
  [BOTH][Rank 0] Done moment 32/36 (task 31): force_integral=+0.000000e+00
  [BOTH][Rank 0] Done moment 32/36 (task 31): force_integral=+0.000000e+00
  [BOTH][Rank 0] Done moment 32/36 (task 31): force_integral=+0.000000e+00
  [BOTH][Rank 0] Done moment 32/36 (task 31): force_integral=+0.000000e+00
  [BOTH][Rank 0] Done moment 32/36 (task 31): force_integral=+0.000000e+00
  [BOTH][Rank 0] Done moment 32/36 (task 31): force_integral=+0.000000e+00
  [BOTH][Rank 0] Done moment 32/36 (task 31): force_integral=+0.000000e+00
  [BOTH][Rank 0] Done moment 32/36 (task 31): force_integral=+0.000000e+00
  [BOTH][Rank 0] Done moment 32/36 (task 31): force_integral=+0.000000e+00
  [BOTH][Rank 0] Done moment 32/36 (task 31): force_integral=+0.000000e+00
  [BOTH][Rank 0] Done moment 32/36 (task 31): force_integral=+0.000000e+00
  [BOTH][Rank 0] Done moment 32/36 (task 31): force_integral=+0.000000e+00
  [BOTH][Rank 0] Done moment 32/36 (task 31): force_integral=+0.000000e+00
  [BOTH][Rank 0] Done moment 32/36 (task 31): force_integral=+0.000000e+00
  [BOTH][Rank 0] Done moment 32/36 (task 31): force_integral=+0.000000e+00
  [BOTH][Rank 0] Done moment 32/36 (task 31): force_integral=+0.000000e+00
  [BOTH][Rank 0] Done moment 32/36 (task 31): force_integral=+0.000000e+00
  [BOTH][Rank 0] Done moment 32/36 (task 31): force_integral=+0.000000e+00
  [BOTH][Rank 0] Done moment 32/36 (task 31): force_integral=+0.000000e+00
  [BOTH][Rank 0] Done moment 32/36 (task 31): force_integral=+0.000000e+00
  [BOTH][Rank 0] Done moment 32/36 (task 31): force_integral=+0.000000e+00
  [BOTH][Rank 0] Done moment 32/36 (task 31): force_integral=+0.000000e+00
  [BOTH][Rank 0] Done moment 32/36 (task 31): force_integral=+0.000000e+00
  [BOTH][Rank 0] Done moment 32/36 (task 31): force_integral=+0.000000e+00
  [BOTH][Rank 0] Done moment 32/36 (task 31): force_integral=+0.000000e+00
  [BOTH][Rank 0] Done moment 32/36 (task 31): force_integral=+0.000000e+00
  [BOTH][Rank 0] Done moment 32/36 (task 31): force_integral=+0.000000e+00
  [BOTH][Rank 0] Done moment 32/36 (task 31): force_integral=+0.000000e+00
  [BOTH][Rank 0] Done moment 32/36 (task 31): force_integral=+0.000000e+00
  [BOTH][Rank 0] Done moment 33/36 (task 32): force_integral=+0.000000e+00
  [BOTH][Rank 0] Done moment 33/36 (task 32): force_integral=+0.000000e+00
  [BOTH][Rank 0] Done moment 33/36 (task 32): force_integral=+0.000000e+00
  [BOTH][Rank 0] Done moment 33/36 (task 32): force_integral=+0.000000e+00
  [BOTH][Rank 0] Done moment 33/36 (task 32): force_integral=+0.000000e+00
  [BOTH][Rank 0] Done moment 33/36 (task 32): force_integral=+0.000000e+00
  [BOTH][Rank 0] Done moment 33/36 (task 32): force_integral=+0.000000e+00
  [BOTH][Rank 0] Done moment 33/36 (task 32): force_integral=+0.000000e+00
  [BOTH][Rank 0] Done moment 33/36 (task 32): force_integral=+0.000000e+00
  [BOTH][Rank 0] Done moment 33/36 (task 32): force_integral=+0.000000e+00
  [BOTH][Rank 0] Done moment 33/36 (task 32): force_integral=+0.000000e+00
  [BOTH][Rank 0] Done moment 33/36 (task 32): force_integral=+0.000000e+00
  [BOTH][Rank 0] Done moment 33/36 (task 32): force_integral=+0.000000e+00
  [BOTH][Rank 0] Done moment 33/36 (task 32): force_integral=+0.000000e+00
  [BOTH][Rank 0] Done moment 33/36 (task 32): force_integral=+0.000000e+00
  [BOTH][Rank 0] Done moment 33/36 (task 32): force_integral=+0.000000e+00
  [BOTH][Rank 0] Done moment 33/36 (task 32): force_integral=+0.000000e+00
  [BOTH][Rank 0] Done moment 33/36 (task 32): force_integral=+0.000000e+00
  [BOTH][Rank 0] Done moment 33/36 (task 32): force_integral=+0.000000e+00
  [BOTH][Rank 0] Done moment 33/36 (task 32): force_integral=+0.000000e+00
  [BOTH][Rank 0] Done moment 33/36 (task 32): force_integral=+0.000000e+00
  [BOTH][Rank 0] Done moment 33/36 (task 32): force_integral=+0.000000e+00
  [BOTH][Rank 0] Done moment 33/36 (task 32): force_integral=+0.000000e+00
  [BOTH][Rank 0] Done moment 33/36 (task 32): force_integral=+0.000000e+00
  [BOTH][Rank 0] Done moment 33/36 (task 32): force_integral=+0.000000e+00
  [BOTH][Rank 0] Done moment 33/36 (task 32): force_integral=+0.000000e+00
  [BOTH][Rank 0] Done moment 33/36 (task 32): force_integral=+0.000000e+00
  [BOTH][Rank 0] Done moment 33/36 (task 32): force_integral=+0.000000e+00
  [BOTH][Rank 0] Done moment 33/36 (task 32): force_integral=+0.000000e+00
  [BOTH][Rank 0] Done moment 33/36 (task 32): force_integral=+0.000000e+00
  [BOTH][Rank 0] Done moment 33/36 (task 32): force_integral=+0.000000e+00
  [BOTH][Rank 0] Done moment 33/36 (task 32): force_integral=+0.000000e+00
  [BOTH][Rank 0] Done moment 33/36 (task 32): force_integral=+0.000000e+00
  [BOTH][Rank 0] Done moment 33/36 (task 32): force_integral=+0.000000e+00
  [BOTH][Rank 0] Done moment 33/36 (task 32): force_integral=+0.000000e+00
  [BOTH][Rank 0] Done moment 33/36 (task 32): force_integral=+0.000000e+00
  [BOTH][Rank 0] Done moment 33/36 (task 32): force_integral=+0.000000e+00
  [BOTH][Rank 0] Done moment 33/36 (task 32): force_integral=+0.000000e+00
  [BOTH][Rank 0] Done moment 33/36 (task 32): force_integral=+0.000000e+00
  [BOTH][Rank 0] Done moment 33/36 (task 32): force_integral=+0.000000e+00
  [BOTH][Rank 0] Done moment 33/36 (task 32): force_integral=+0.000000e+00
  [BOTH][Rank 0] Done moment 33/36 (task 32): force_integral=+0.000000e+00
  [BOTH][Rank 0] Done moment 33/36 (task 32): force_integral=+0.000000e+00
  [BOTH][Rank 0] Done moment 33/36 (task 32): force_integral=+0.000000e+00
  [BOTH][Rank 0] Done moment 33/36 (task 32): force_integral=+0.000000e+00
  [BOTH][Rank 0] Done moment 33/36 (task 32): force_integral=+0.000000e+00
  [BOTH][Rank 0] Done moment 33/36 (task 32): force_integral=+0.000000e+00
  [BOTH][Rank 0] Done moment 33/36 (task 32): force_integral=+0.000000e+00
  [BOTH][Rank 0] Done moment 33/36 (task 32): force_integral=+0.000000e+00
  [BOTH][Rank 0] Done moment 33/36 (task 32): force_integral=+0.000000e+00
  [BOTH][Rank 0] Done moment 33/36 (task 32): force_integral=+0.000000e+00
  [BOTH][Rank 0] Done moment 33/36 (task 32): force_integral=+0.000000e+00
  [BOTH][Rank 0] Done moment 33/36 (task 32): force_integral=+0.000000e+00
  [BOTH][Rank 0] Done moment 33/36 (task 32): force_integral=+0.000000e+00
  [BOTH][Rank 0] Done moment 33/36 (task 32): force_integral=+0.000000e+00
  [BOTH][Rank 0] Done moment 33/36 (task 32): force_integral=+0.000000e+00
  [BOTH][Rank 0] Done moment 33/36 (task 32): force_integral=+0.000000e+00
  [BOTH][Rank 0] Done moment 33/36 (task 32): force_integral=+0.000000e+00
  [BOTH][Rank 0] Done moment 33/36 (task 32): force_integral=+0.000000e+00
  [BOTH][Rank 0] Done moment 33/36 (task 32): force_integral=+0.000000e+00
  [BOTH][Rank 0] Done moment 33/36 (task 32): force_integral=+0.000000e+00
  [BOTH][Rank 0] Done moment 33/36 (task 32): force_integral=+0.000000e+00
  [BOTH][Rank 0] Done moment 33/36 (task 32): force_integral=+0.000000e+00
  [BOTH][Rank 0] Done moment 33/36 (task 32): force_integral=+0.000000e+00
  [BOTH][Rank 0] Done moment 33/36 (task 32): force_integral=+0.000000e+00
  [BOTH][Rank 0] Done moment 33/36 (task 32): force_integral=+0.000000e+00
  [BOTH][Rank 0] Done moment 33/36 (task 32): force_integral=+0.000000e+00
  [BOTH][Rank 0] Done moment 33/36 (task 32): force_integral=+0.000000e+00
  [BOTH][Rank 0] Done moment 33/36 (task 32): force_integral=+0.000000e+00
  [BOTH][Rank 0] Done moment 33/36 (task 32): force_integral=+0.000000e+00
  [BOTH][Rank 0] Done moment 33/36 (task 32): force_integral=+0.000000e+00
  [BOTH][Rank 0] Done moment 33/36 (task 32): force_integral=+0.000000e+00
  [BOTH][Rank 0] Done moment 33/36 (task 32): force_integral=+0.000000e+00
  [BOTH][Rank 0] Done moment 33/36 (task 32): force_integral=+0.000000e+00
  [BOTH][Rank 0] Done moment 33/36 (task 32): force_integral=+0.000000e+00
  [BOTH][Rank 0] Done moment 33/36 (task 32): force_integral=+0.000000e+00
  [BOTH][Rank 0] Done moment 33/36 (task 32): force_integral=+0.000000e+00
  [BOTH][Rank 0] Done moment 33/36 (task 32): force_integral=+0.000000e+00
  [BOTH][Rank 0] Done moment 33/36 (task 32): force_integral=+0.000000e+00
  [BOTH][Rank 0] Done moment 33/36 (task 32): force_integral=+0.000000e+00
  [BOTH][Rank 0] Done moment 33/36 (task 32): force_integral=+0.000000e+00
  [BOTH][Rank 0] Done moment 33/36 (task 32): force_integral=+0.000000e+00
  [BOTH][Rank 0] Done moment 33/36 (task 32): force_integral=+0.000000e+00
  [BOTH][Rank 0] Done moment 33/36 (task 32): force_integral=+0.000000e+00
  [BOTH][Rank 0] Done moment 33/36 (task 32): force_integral=+0.000000e+00
  [BOTH][Rank 0] Done moment 33/36 (task 32): force_integral=+0.000000e+00
  [BOTH][Rank 0] Done moment 33/36 (task 32): force_integral=+0.000000e+00
  [BOTH][Rank 0] Done moment 33/36 (task 32): force_integral=+0.000000e+00
  [BOTH][Rank 0] Done moment 33/36 (task 32): force_integral=+0.000000e+00
  [BOTH][Rank 0] Done moment 33/36 (task 32): force_integral=+0.000000e+00
  [BOTH][Rank 0] Done moment 33/36 (task 32): force_integral=+0.000000e+00
  [BOTH][Rank 0] Done moment 33/36 (task 32): force_integral=+0.000000e+00
  [BOTH][Rank 0] Done moment 33/36 (task 32): force_integral=+0.000000e+00
  [BOTH][Rank 0] Done moment 33/36 (task 32): force_integral=+0.000000e+00
  [BOTH][Rank 0] Done moment 33/36 (task 32): force_integral=+0.000000e+00
  [BOTH][Rank 0] Done moment 33/36 (task 32): force_integral=+0.000000e+00
  [BOTH][Rank 0] Done moment 33/36 (task 32): force_integral=+0.000000e+00
  [BOTH][Rank 0] Done moment 33/36 (task 32): force_integral=+0.000000e+00
  [BOTH][Rank 0] Done moment 33/36 (task 32): force_integral=+0.000000e+00
  [BOTH][Rank 0] Done moment 33/36 (task 32): force_integral=+0.000000e+00
  [BOTH][Rank 0] Done moment 33/36 (task 32): force_integral=+0.000000e+00
  [BOTH][Rank 0] Done moment 33/36 (task 32): force_integral=+0.000000e+00
  [BOTH][Rank 0] Done moment 33/36 (task 32): force_integral=+0.000000e+00
  [BOTH][Rank 0] Done moment 33/36 (task 32): force_integral=+0.000000e+00
  [BOTH][Rank 0] Done moment 33/36 (task 32): force_integral=+0.000000e+00
  [BOTH][Rank 0] Done moment 33/36 (task 32): force_integral=+0.000000e+00
  [BOTH][Rank 0] Done moment 33/36 (task 32): force_integral=+0.000000e+00
  [BOTH][Rank 0] Done moment 33/36 (task 32): force_integral=+0.000000e+00
  [BOTH][Rank 0] Done moment 33/36 (task 32): force_integral=+0.000000e+00
  [BOTH][Rank 0] Done moment 33/36 (task 32): force_integral=+0.000000e+00
  [BOTH][Rank 0] Done moment 33/36 (task 32): force_integral=+0.000000e+00
  [BOTH][Rank 0] Done moment 33/36 (task 32): force_integral=+0.000000e+00
  [BOTH][Rank 0] Done moment 33/36 (task 32): force_integral=+0.000000e+00
  [BOTH][Rank 0] Done moment 33/36 (task 32): force_integral=+0.000000e+00
  [BOTH][Rank 0] Done moment 33/36 (task 32): force_integral=+0.000000e+00
  [BOTH][Rank 0] Done moment 33/36 (task 32): force_integral=+0.000000e+00
  [BOTH][Rank 0] Done moment 33/36 (task 32): force_integral=+0.000000e+00
  [BOTH][Rank 0] Done moment 33/36 (task 32): force_integral=+0.000000e+00
  [BOTH][Rank 0] Done moment 33/36 (task 32): force_integral=+0.000000e+00
  [BOTH][Rank 0] Done moment 33/36 (task 32): force_integral=+0.000000e+00
  [BOTH][Rank 0] Done moment 33/36 (task 32): force_integral=+0.000000e+00
  [BOTH][Rank 0] Done moment 33/36 (task 32): force_integral=+0.000000e+00
  [BOTH][Rank 0] Done moment 33/36 (task 32): force_integral=+0.000000e+00
  [BOTH][Rank 0] Done moment 33/36 (task 32): force_integral=+0.000000e+00
  [BOTH][Rank 0] Done moment 33/36 (task 32): force_integral=+0.000000e+00
  [BOTH][Rank 0] Done moment 33/36 (task 32): force_integral=+0.000000e+00
  [BOTH][Rank 0] Done moment 33/36 (task 32): force_integral=+0.000000e+00
  [BOTH][Rank 0] Done moment 33/36 (task 32): force_integral=+0.000000e+00
  [BOTH][Rank 0] Done moment 34/36 (task 33): force_integral=+0.000000e+00
  [BOTH][Rank 0] Done moment 34/36 (task 33): force_integral=+0.000000e+00
  [BOTH][Rank 0] Done moment 34/36 (task 33): force_integral=+0.000000e+00
  [BOTH][Rank 0] Done moment 34/36 (task 33): force_integral=+0.000000e+00
  [BOTH][Rank 0] Done moment 34/36 (task 33): force_integral=+0.000000e+00
  [BOTH][Rank 0] Done moment 34/36 (task 33): force_integral=+0.000000e+00
  [BOTH][Rank 0] Done moment 34/36 (task 33): force_integral=+0.000000e+00
  [BOTH][Rank 0] Done moment 34/36 (task 33): force_integral=+0.000000e+00
  [BOTH][Rank 0] Done moment 34/36 (task 33): force_integral=+0.000000e+00
  [BOTH][Rank 0] Done moment 34/36 (task 33): force_integral=+0.000000e+00
  [BOTH][Rank 0] Done moment 34/36 (task 33): force_integral=+0.000000e+00
  [BOTH][Rank 0] Done moment 34/36 (task 33): force_integral=+0.000000e+00
  [BOTH][Rank 0] Done moment 34/36 (task 33): force_integral=+0.000000e+00
  [BOTH][Rank 0] Done moment 34/36 (task 33): force_integral=+0.000000e+00
  [BOTH][Rank 0] Done moment 34/36 (task 33): force_integral=+0.000000e+00
  [BOTH][Rank 0] Done moment 34/36 (task 33): force_integral=+0.000000e+00
  [BOTH][Rank 0] Done moment 34/36 (task 33): force_integral=+0.000000e+00
  [BOTH][Rank 0] Done moment 34/36 (task 33): force_integral=+0.000000e+00
  [BOTH][Rank 0] Done moment 34/36 (task 33): force_integral=+0.000000e+00
  [BOTH][Rank 0] Done moment 34/36 (task 33): force_integral=+0.000000e+00
  [BOTH][Rank 0] Done moment 34/36 (task 33): force_integral=+0.000000e+00
  [BOTH][Rank 0] Done moment 34/36 (task 33): force_integral=+0.000000e+00
  [BOTH][Rank 0] Done moment 34/36 (task 33): force_integral=+0.000000e+00
  [BOTH][Rank 0] Done moment 34/36 (task 33): force_integral=+0.000000e+00
  [BOTH][Rank 0] Done moment 34/36 (task 33): force_integral=+0.000000e+00
  [BOTH][Rank 0] Done moment 34/36 (task 33): force_integral=+0.000000e+00
  [BOTH][Rank 0] Done moment 34/36 (task 33): force_integral=+0.000000e+00
  [BOTH][Rank 0] Done moment 34/36 (task 33): force_integral=+0.000000e+00
  [BOTH][Rank 0] Done moment 34/36 (task 33): force_integral=+0.000000e+00
  [BOTH][Rank 0] Done moment 34/36 (task 33): force_integral=+0.000000e+00
  [BOTH][Rank 0] Done moment 34/36 (task 33): force_integral=+0.000000e+00
  [BOTH][Rank 0] Done moment 34/36 (task 33): force_integral=+0.000000e+00
  [BOTH][Rank 0] Done moment 34/36 (task 33): force_integral=+0.000000e+00
  [BOTH][Rank 0] Done moment 34/36 (task 33): force_integral=+0.000000e+00
  [BOTH][Rank 0] Done moment 34/36 (task 33): force_integral=+0.000000e+00
  [BOTH][Rank 0] Done moment 34/36 (task 33): force_integral=+0.000000e+00
  [BOTH][Rank 0] Done moment 34/36 (task 33): force_integral=+0.000000e+00
  [BOTH][Rank 0] Done moment 34/36 (task 33): force_integral=+0.000000e+00
  [BOTH][Rank 0] Done moment 34/36 (task 33): force_integral=+0.000000e+00
  [BOTH][Rank 0] Done moment 34/36 (task 33): force_integral=+0.000000e+00
  [BOTH][Rank 0] Done moment 34/36 (task 33): force_integral=+0.000000e+00
  [BOTH][Rank 0] Done moment 34/36 (task 33): force_integral=+0.000000e+00
  [BOTH][Rank 0] Done moment 34/36 (task 33): force_integral=+0.000000e+00
  [BOTH][Rank 0] Done moment 34/36 (task 33): force_integral=+0.000000e+00
  [BOTH][Rank 0] Done moment 34/36 (task 33): force_integral=+0.000000e+00
  [BOTH][Rank 0] Done moment 34/36 (task 33): force_integral=+0.000000e+00
  [BOTH][Rank 0] Done moment 34/36 (task 33): force_integral=+0.000000e+00
  [BOTH][Rank 0] Done moment 34/36 (task 33): force_integral=+0.000000e+00
  [BOTH][Rank 0] Done moment 34/36 (task 33): force_integral=+0.000000e+00
  [BOTH][Rank 0] Done moment 34/36 (task 33): force_integral=+0.000000e+00
  [BOTH][Rank 0] Done moment 34/36 (task 33): force_integral=+0.000000e+00
  [BOTH][Rank 0] Done moment 34/36 (task 33): force_integral=+0.000000e+00
  [BOTH][Rank 0] Done moment 34/36 (task 33): force_integral=+0.000000e+00
  [BOTH][Rank 0] Done moment 34/36 (task 33): force_integral=+0.000000e+00
  [BOTH][Rank 0] Done moment 34/36 (task 33): force_integral=+0.000000e+00
  [BOTH][Rank 0] Done moment 34/36 (task 33): force_integral=+0.000000e+00
  [BOTH][Rank 0] Done moment 34/36 (task 33): force_integral=+0.000000e+00
  [BOTH][Rank 0] Done moment 34/36 (task 33): force_integral=+0.000000e+00
  [BOTH][Rank 0] Done moment 34/36 (task 33): force_integral=+0.000000e+00
  [BOTH][Rank 0] Done moment 34/36 (task 33): force_integral=+0.000000e+00
  [BOTH][Rank 0] Done moment 34/36 (task 33): force_integral=+0.000000e+00
  [BOTH][Rank 0] Done moment 34/36 (task 33): force_integral=+0.000000e+00
  [BOTH][Rank 0] Done moment 34/36 (task 33): force_integral=+0.000000e+00
  [BOTH][Rank 0] Done moment 34/36 (task 33): force_integral=+0.000000e+00
  [BOTH][Rank 0] Done moment 34/36 (task 33): force_integral=+0.000000e+00
  [BOTH][Rank 0] Done moment 34/36 (task 33): force_integral=+0.000000e+00
  [BOTH][Rank 0] Done moment 34/36 (task 33): force_integral=+0.000000e+00
  [BOTH][Rank 0] Done moment 34/36 (task 33): force_integral=+0.000000e+00
  [BOTH][Rank 0] Done moment 34/36 (task 33): force_integral=+0.000000e+00
  [BOTH][Rank 0] Done moment 34/36 (task 33): force_integral=+0.000000e+00
  [BOTH][Rank 0] Done moment 34/36 (task 33): force_integral=+0.000000e+00
  [BOTH][Rank 0] Done moment 34/36 (task 33): force_integral=+0.000000e+00
  [BOTH][Rank 0] Done moment 34/36 (task 33): force_integral=+0.000000e+00
  [BOTH][Rank 0] Done moment 34/36 (task 33): force_integral=+0.000000e+00
  [BOTH][Rank 0] Done moment 34/36 (task 33): force_integral=+0.000000e+00
  [BOTH][Rank 0] Done moment 34/36 (task 33): force_integral=+0.000000e+00
  [BOTH][Rank 0] Done moment 34/36 (task 33): force_integral=+0.000000e+00
  [BOTH][Rank 0] Done moment 34/36 (task 33): force_integral=+0.000000e+00
  [BOTH][Rank 0] Done moment 34/36 (task 33): force_integral=+0.000000e+00
  [BOTH][Rank 0] Done moment 34/36 (task 33): force_integral=+0.000000e+00
  [BOTH][Rank 0] Done moment 34/36 (task 33): force_integral=+0.000000e+00
  [BOTH][Rank 0] Done moment 34/36 (task 33): force_integral=+0.000000e+00
  [BOTH][Rank 0] Done moment 34/36 (task 33): force_integral=+0.000000e+00
  [BOTH][Rank 0] Done moment 34/36 (task 33): force_integral=+0.000000e+00
  [BOTH][Rank 0] Done moment 34/36 (task 33): force_integral=+0.000000e+00
  [BOTH][Rank 0] Done moment 34/36 (task 33): force_integral=+0.000000e+00
  [BOTH][Rank 0] Done moment 34/36 (task 33): force_integral=+0.000000e+00
  [BOTH][Rank 0] Done moment 34/36 (task 33): force_integral=+0.000000e+00
  [BOTH][Rank 0] Done moment 34/36 (task 33): force_integral=+0.000000e+00
  [BOTH][Rank 0] Done moment 34/36 (task 33): force_integral=+0.000000e+00
  [BOTH][Rank 0] Done moment 34/36 (task 33): force_integral=+0.000000e+00
  [BOTH][Rank 0] Done moment 34/36 (task 33): force_integral=+0.000000e+00
  [BOTH][Rank 0] Done moment 34/36 (task 33): force_integral=+0.000000e+00
  [BOTH][Rank 0] Done moment 34/36 (task 33): force_integral=+0.000000e+00
  [BOTH][Rank 0] Done moment 34/36 (task 33): force_integral=+0.000000e+00
  [BOTH][Rank 0] Done moment 34/36 (task 33): force_integral=+0.000000e+00
  [BOTH][Rank 0] Done moment 34/36 (task 33): force_integral=+0.000000e+00
  [BOTH][Rank 0] Done moment 34/36 (task 33): force_integral=+0.000000e+00
  [BOTH][Rank 0] Done moment 34/36 (task 33): force_integral=+0.000000e+00
  [BOTH][Rank 0] Done moment 34/36 (task 33): force_integral=+0.000000e+00
  [BOTH][Rank 0] Done moment 34/36 (task 33): force_integral=+0.000000e+00
  [BOTH][Rank 0] Done moment 34/36 (task 33): force_integral=+0.000000e+00
  [BOTH][Rank 0] Done moment 34/36 (task 33): force_integral=+0.000000e+00
  [BOTH][Rank 0] Done moment 34/36 (task 33): force_integral=+0.000000e+00
  [BOTH][Rank 0] Done moment 34/36 (task 33): force_integral=+0.000000e+00
  [BOTH][Rank 0] Done moment 34/36 (task 33): force_integral=+0.000000e+00
  [BOTH][Rank 0] Done moment 34/36 (task 33): force_integral=+0.000000e+00
  [BOTH][Rank 0] Done moment 34/36 (task 33): force_integral=+0.000000e+00
  [BOTH][Rank 0] Done moment 34/36 (task 33): force_integral=+0.000000e+00
  [BOTH][Rank 0] Done moment 34/36 (task 33): force_integral=+0.000000e+00
  [BOTH][Rank 0] Done moment 34/36 (task 33): force_integral=+0.000000e+00
  [BOTH][Rank 0] Done moment 34/36 (task 33): force_integral=+0.000000e+00
  [BOTH][Rank 0] Done moment 34/36 (task 33): force_integral=+0.000000e+00
  [BOTH][Rank 0] Done moment 34/36 (task 33): force_integral=+0.000000e+00
  [BOTH][Rank 0] Done moment 34/36 (task 33): force_integral=+0.000000e+00
  [BOTH][Rank 0] Done moment 34/36 (task 33): force_integral=+0.000000e+00
  [BOTH][Rank 0] Done moment 34/36 (task 33): force_integral=+0.000000e+00
  [BOTH][Rank 0] Done moment 34/36 (task 33): force_integral=+0.000000e+00
  [BOTH][Rank 0] Done moment 34/36 (task 33): force_integral=+0.000000e+00
  [BOTH][Rank 0] Done moment 34/36 (task 33): force_integral=+0.000000e+00
  [BOTH][Rank 0] Done moment 34/36 (task 33): force_integral=+0.000000e+00
  [BOTH][Rank 0] Done moment 34/36 (task 33): force_integral=+0.000000e+00
  [BOTH][Rank 0] Done moment 34/36 (task 33): force_integral=+0.000000e+00
  [BOTH][Rank 0] Done moment 34/36 (task 33): force_integral=+0.000000e+00
  [BOTH][Rank 0] Done moment 34/36 (task 33): force_integral=+0.000000e+00
  [BOTH][Rank 0] Done moment 34/36 (task 33): force_integral=+0.000000e+00
  [BOTH][Rank 0] Done moment 34/36 (task 33): force_integral=+0.000000e+00
  [BOTH][Rank 0] Done moment 34/36 (task 33): force_integral=+0.000000e+00
  [BOTH][Rank 0] Done moment 35/36 (task 34): force_integral=+5.266331e+03
  [BOTH][Rank 0] Done moment 35/36 (task 34): force_integral=+5.266331e+03
  [BOTH][Rank 0] Done moment 35/36 (task 34): force_integral=+5.266331e+03
  [BOTH][Rank 0] Done moment 35/36 (task 34): force_integral=+5.266331e+03
  [BOTH][Rank 0] Done moment 35/36 (task 34): force_integral=+5.266331e+03
  [BOTH][Rank 0] Done moment 35/36 (task 34): force_integral=+5.266331e+03
  [BOTH][Rank 0] Done moment 35/36 (task 34): force_integral=+5.266331e+03
  [BOTH][Rank 0] Done moment 35/36 (task 34): force_integral=+5.266331e+03
  [BOTH][Rank 0] Done moment 35/36 (task 34): force_integral=+5.266331e+03
  [BOTH][Rank 0] Done moment 35/36 (task 34): force_integral=+5.266331e+03
  [BOTH][Rank 0] Done moment 35/36 (task 34): force_integral=+5.266331e+03
  [BOTH][Rank 0] Done moment 35/36 (task 34): force_integral=+5.266331e+03
  [BOTH][Rank 0] Done moment 35/36 (task 34): force_integral=+5.266331e+03
  [BOTH][Rank 0] Done moment 35/36 (task 34): force_integral=+5.266331e+03
  [BOTH][Rank 0] Done moment 35/36 (task 34): force_integral=+5.266331e+03
  [BOTH][Rank 0] Done moment 35/36 (task 34): force_integral=+5.266331e+03
  [BOTH][Rank 0] Done moment 35/36 (task 34): force_integral=+5.266331e+03
  [BOTH][Rank 0] Done moment 35/36 (task 34): force_integral=+5.266331e+03
  [BOTH][Rank 0] Done moment 35/36 (task 34): force_integral=+5.266331e+03
  [BOTH][Rank 0] Done moment 35/36 (task 34): force_integral=+5.266331e+03
  [BOTH][Rank 0] Done moment 35/36 (task 34): force_integral=+5.266331e+03
  [BOTH][Rank 0] Done moment 35/36 (task 34): force_integral=+5.266331e+03
  [BOTH][Rank 0] Done moment 35/36 (task 34): force_integral=+5.266331e+03
  [BOTH][Rank 0] Done moment 35/36 (task 34): force_integral=+5.266331e+03
  [BOTH][Rank 0] Done moment 35/36 (task 34): force_integral=+5.266331e+03
  [BOTH][Rank 0] Done moment 35/36 (task 34): force_integral=+5.266331e+03
  [BOTH][Rank 0] Done moment 35/36 (task 34): force_integral=+5.266331e+03
  [BOTH][Rank 0] Done moment 35/36 (task 34): force_integral=+5.266331e+03
  [BOTH][Rank 0] Done moment 35/36 (task 34): force_integral=+5.266331e+03
  [BOTH][Rank 0] Done moment 35/36 (task 34): force_integral=+5.266331e+03
  [BOTH][Rank 0] Done moment 35/36 (task 34): force_integral=+5.266331e+03
  [BOTH][Rank 0] Done moment 35/36 (task 34): force_integral=+5.266331e+03
  [BOTH][Rank 0] Done moment 35/36 (task 34): force_integral=+5.266331e+03
  [BOTH][Rank 0] Done moment 35/36 (task 34): force_integral=+5.266331e+03
  [BOTH][Rank 0] Done moment 35/36 (task 34): force_integral=+5.266331e+03
  [BOTH][Rank 0] Done moment 35/36 (task 34): force_integral=+5.266331e+03
  [BOTH][Rank 0] Done moment 35/36 (task 34): force_integral=+5.266331e+03
  [BOTH][Rank 0] Done moment 35/36 (task 34): force_integral=+5.266331e+03
  [BOTH][Rank 0] Done moment 35/36 (task 34): force_integral=+5.266331e+03
  [BOTH][Rank 0] Done moment 35/36 (task 34): force_integral=+5.266331e+03
  [BOTH][Rank 0] Done moment 35/36 (task 34): force_integral=+5.266331e+03
  [BOTH][Rank 0] Done moment 35/36 (task 34): force_integral=+5.266331e+03
  [BOTH][Rank 0] Done moment 35/36 (task 34): force_integral=+5.266331e+03
  [BOTH][Rank 0] Done moment 35/36 (task 34): force_integral=+5.266331e+03
  [BOTH][Rank 0] Done moment 35/36 (task 34): force_integral=+5.266331e+03
  [BOTH][Rank 0] Done moment 35/36 (task 34): force_integral=+5.266331e+03
  [BOTH][Rank 0] Done moment 35/36 (task 34): force_integral=+5.266331e+03
  [BOTH][Rank 0] Done moment 35/36 (task 34): force_integral=+5.266331e+03
  [BOTH][Rank 0] Done moment 35/36 (task 34): force_integral=+5.266331e+03
  [BOTH][Rank 0] Done moment 35/36 (task 34): force_integral=+5.266331e+03
  [BOTH][Rank 0] Done moment 35/36 (task 34): force_integral=+5.266331e+03
  [BOTH][Rank 0] Done moment 35/36 (task 34): force_integral=+5.266331e+03
  [BOTH][Rank 0] Done moment 35/36 (task 34): force_integral=+5.266331e+03
  [BOTH][Rank 0] Done moment 35/36 (task 34): force_integral=+5.266331e+03
  [BOTH][Rank 0] Done moment 35/36 (task 34): force_integral=+5.266331e+03
  [BOTH][Rank 0] Done moment 35/36 (task 34): force_integral=+5.266331e+03
  [BOTH][Rank 0] Done moment 35/36 (task 34): force_integral=+5.266331e+03
  [BOTH][Rank 0] Done moment 35/36 (task 34): force_integral=+5.266331e+03
  [BOTH][Rank 0] Done moment 35/36 (task 34): force_integral=+5.266331e+03
  [BOTH][Rank 0] Done moment 35/36 (task 34): force_integral=+5.266331e+03
  [BOTH][Rank 0] Done moment 35/36 (task 34): force_integral=+5.266331e+03
  [BOTH][Rank 0] Done moment 35/36 (task 34): force_integral=+5.266331e+03
  [BOTH][Rank 0] Done moment 35/36 (task 34): force_integral=+5.266331e+03
  [BOTH][Rank 0] Done moment 35/36 (task 34): force_integral=+5.266331e+03
  [BOTH][Rank 0] Done moment 35/36 (task 34): force_integral=+5.266331e+03
  [BOTH][Rank 0] Done moment 35/36 (task 34): force_integral=+5.266331e+03
  [BOTH][Rank 0] Done moment 35/36 (task 34): force_integral=+5.266331e+03
  [BOTH][Rank 0] Done moment 35/36 (task 34): force_integral=+5.266331e+03
  [BOTH][Rank 0] Done moment 35/36 (task 34): force_integral=+5.266331e+03
  [BOTH][Rank 0] Done moment 35/36 (task 34): force_integral=+5.266331e+03
  [BOTH][Rank 0] Done moment 35/36 (task 34): force_integral=+5.266331e+03
  [BOTH][Rank 0] Done moment 35/36 (task 34): force_integral=+5.266331e+03
  [BOTH][Rank 0] Done moment 35/36 (task 34): force_integral=+5.266331e+03
  [BOTH][Rank 0] Done moment 35/36 (task 34): force_integral=+5.266331e+03
  [BOTH][Rank 0] Done moment 35/36 (task 34): force_integral=+5.266331e+03
  [BOTH][Rank 0] Done moment 35/36 (task 34): force_integral=+5.266331e+03
  [BOTH][Rank 0] Done moment 35/36 (task 34): force_integral=+5.266331e+03
  [BOTH][Rank 0] Done moment 35/36 (task 34): force_integral=+5.266331e+03
  [BOTH][Rank 0] Done moment 35/36 (task 34): force_integral=+5.266331e+03
  [BOTH][Rank 0] Done moment 35/36 (task 34): force_integral=+5.266331e+03
  [BOTH][Rank 0] Done moment 35/36 (task 34): force_integral=+5.266331e+03
  [BOTH][Rank 0] Done moment 35/36 (task 34): force_integral=+5.266331e+03
  [BOTH][Rank 0] Done moment 35/36 (task 34): force_integral=+5.266331e+03
  [BOTH][Rank 0] Done moment 35/36 (task 34): force_integral=+5.266331e+03
  [BOTH][Rank 0] Done moment 35/36 (task 34): force_integral=+5.266331e+03
  [BOTH][Rank 0] Done moment 35/36 (task 34): force_integral=+5.266331e+03
  [BOTH][Rank 0] Done moment 35/36 (task 34): force_integral=+5.266331e+03
  [BOTH][Rank 0] Done moment 35/36 (task 34): force_integral=+5.266331e+03
  [BOTH][Rank 0] Done moment 35/36 (task 34): force_integral=+5.266331e+03
  [BOTH][Rank 0] Done moment 35/36 (task 34): force_integral=+5.266331e+03
  [BOTH][Rank 0] Done moment 35/36 (task 34): force_integral=+5.266331e+03
  [BOTH][Rank 0] Done moment 35/36 (task 34): force_integral=+5.266331e+03
  [BOTH][Rank 0] Done moment 35/36 (task 34): force_integral=+5.266331e+03
  [BOTH][Rank 0] Done moment 35/36 (task 34): force_integral=+5.266331e+03
  [BOTH][Rank 0] Done moment 35/36 (task 34): force_integral=+5.266331e+03
  [BOTH][Rank 0] Done moment 35/36 (task 34): force_integral=+5.266331e+03
  [BOTH][Rank 0] Done moment 35/36 (task 34): force_integral=+5.266331e+03
  [BOTH][Rank 0] Done moment 35/36 (task 34): force_integral=+5.266331e+03
  [BOTH][Rank 0] Done moment 35/36 (task 34): force_integral=+5.266331e+03
  [BOTH][Rank 0] Done moment 35/36 (task 34): force_integral=+5.266331e+03
  [BOTH][Rank 0] Done moment 35/36 (task 34): force_integral=+5.266331e+03
  [BOTH][Rank 0] Done moment 35/36 (task 34): force_integral=+5.266331e+03
  [BOTH][Rank 0] Done moment 35/36 (task 34): force_integral=+5.266331e+03
  [BOTH][Rank 0] Done moment 35/36 (task 34): force_integral=+5.266331e+03
  [BOTH][Rank 0] Done moment 35/36 (task 34): force_integral=+5.266331e+03
  [BOTH][Rank 0] Done moment 35/36 (task 34): force_integral=+5.266331e+03
  [BOTH][Rank 0] Done moment 35/36 (task 34): force_integral=+5.266331e+03
  [BOTH][Rank 0] Done moment 35/36 (task 34): force_integral=+5.266331e+03
  [BOTH][Rank 0] Done moment 35/36 (task 34): force_integral=+5.266331e+03
  [BOTH][Rank 0] Done moment 35/36 (task 34): force_integral=+5.266331e+03
  [BOTH][Rank 0] Done moment 35/36 (task 34): force_integral=+5.266331e+03
  [BOTH][Rank 0] Done moment 35/36 (task 34): force_integral=+5.266331e+03
  [BOTH][Rank 0] Done moment 35/36 (task 34): force_integral=+5.266331e+03
  [BOTH][Rank 0] Done moment 35/36 (task 34): force_integral=+5.266331e+03
  [BOTH][Rank 0] Done moment 35/36 (task 34): force_integral=+5.266331e+03
  [BOTH][Rank 0] Done moment 35/36 (task 34): force_integral=+5.266331e+03
  [BOTH][Rank 0] Done moment 35/36 (task 34): force_integral=+5.266331e+03
  [BOTH][Rank 0] Done moment 35/36 (task 34): force_integral=+5.266331e+03
  [BOTH][Rank 0] Done moment 35/36 (task 34): force_integral=+5.266331e+03
  [BOTH][Rank 0] Done moment 35/36 (task 34): force_integral=+5.266331e+03
  [BOTH][Rank 0] Done moment 35/36 (task 34): force_integral=+5.266331e+03
  [BOTH][Rank 0] Done moment 35/36 (task 34): force_integral=+5.266331e+03
  [BOTH][Rank 0] Done moment 35/36 (task 34): force_integral=+5.266331e+03
  [BOTH][Rank 0] Done moment 35/36 (task 34): force_integral=+5.266331e+03
  [BOTH][Rank 0] Done moment 35/36 (task 34): force_integral=+5.266331e+03
  [BOTH][Rank 0] Done moment 35/36 (task 34): force_integral=+5.266331e+03
  [BOTH][Rank 0] Done moment 35/36 (task 34): force_integral=+5.266331e+03
  [BOTH][Rank 0] Done moment 35/36 (task 34): force_integral=+5.266331e+03
  [BOTH][Rank 0] Done moment 36/36 (task 35): force_integral=-3.579616e+03
  [BOTH][Rank 0] Done moment 36/36 (task 35): force_integral=-3.579616e+03
  [BOTH][Rank 0] Done moment 36/36 (task 35): force_integral=-3.579616e+03
  [BOTH][Rank 0] Done moment 36/36 (task 35): force_integral=-3.579616e+03
  [BOTH][Rank 0] Done moment 36/36 (task 35): force_integral=-3.579616e+03
  [BOTH][Rank 0] Done moment 36/36 (task 35): force_integral=-3.579616e+03
  [BOTH][Rank 0] Done moment 36/36 (task 35): force_integral=-3.579616e+03
  [BOTH][Rank 0] Done moment 36/36 (task 35): force_integral=-3.579616e+03
  [BOTH][Rank 0] Done moment 36/36 (task 35): force_integral=-3.579616e+03
  [BOTH][Rank 0] Done moment 36/36 (task 35): force_integral=-3.579616e+03
  [BOTH][Rank 0] Done moment 36/36 (task 35): force_integral=-3.579616e+03
  [BOTH][Rank 0] Done moment 36/36 (task 35): force_integral=-3.579616e+03
  [BOTH][Rank 0] Done moment 36/36 (task 35): force_integral=-3.579616e+03
  [BOTH][Rank 0] Done moment 36/36 (task 35): force_integral=-3.579616e+03
  [BOTH][Rank 0] Done moment 36/36 (task 35): force_integral=-3.579616e+03
  [BOTH][Rank 0] Done moment 36/36 (task 35): force_integral=-3.579616e+03
  [BOTH][Rank 0] Done moment 36/36 (task 35): force_integral=-3.579616e+03
  [BOTH][Rank 0] Done moment 36/36 (task 35): force_integral=-3.579616e+03
  [BOTH][Rank 0] Done moment 36/36 (task 35): force_integral=-3.579616e+03
  [BOTH][Rank 0] Done moment 36/36 (task 35): force_integral=-3.579616e+03
  [BOTH][Rank 0] Done moment 36/36 (task 35): force_integral=-3.579616e+03
  [BOTH][Rank 0] Done moment 36/36 (task 35): force_integral=-3.579616e+03
  [BOTH][Rank 0] Done moment 36/36 (task 35): force_integral=-3.579616e+03
  [BOTH][Rank 0] Done moment 36/36 (task 35): force_integral=-3.579616e+03
  [BOTH][Rank 0] Done moment 36/36 (task 35): force_integral=-3.579616e+03
  [BOTH][Rank 0] Done moment 36/36 (task 35): force_integral=-3.579616e+03
  [BOTH][Rank 0] Done moment 36/36 (task 35): force_integral=-3.579616e+03
  [BOTH][Rank 0] Done moment 36/36 (task 35): force_integral=-3.579616e+03
  [BOTH][Rank 0] Done moment 36/36 (task 35): force_integral=-3.579616e+03
  [BOTH][Rank 0] Done moment 36/36 (task 35): force_integral=-3.579616e+03
  [BOTH][Rank 0] Done moment 36/36 (task 35): force_integral=-3.579616e+03
  [BOTH][Rank 0] Done moment 36/36 (task 35): force_integral=-3.579616e+03
  [BOTH][Rank 0] Done moment 36/36 (task 35): force_integral=-3.579616e+03
  [BOTH][Rank 0] Done moment 36/36 (task 35): force_integral=-3.579616e+03
  [BOTH][Rank 0] Done moment 36/36 (task 35): force_integral=-3.579616e+03
  [BOTH][Rank 0] Done moment 36/36 (task 35): force_integral=-3.579616e+03
  [BOTH][Rank 0] Done moment 36/36 (task 35): force_integral=-3.579616e+03
  [BOTH][Rank 0] Done moment 36/36 (task 35): force_integral=-3.579616e+03
  [BOTH][Rank 0] Done moment 36/36 (task 35): force_integral=-3.579616e+03
  [BOTH][Rank 0] Done moment 36/36 (task 35): force_integral=-3.579616e+03
  [BOTH][Rank 0] Done moment 36/36 (task 35): force_integral=-3.579616e+03
  [BOTH][Rank 0] Done moment 36/36 (task 35): force_integral=-3.579616e+03
  [BOTH][Rank 0] Done moment 36/36 (task 35): force_integral=-3.579616e+03
  [BOTH][Rank 0] Done moment 36/36 (task 35): force_integral=-3.579616e+03
  [BOTH][Rank 0] Done moment 36/36 (task 35): force_integral=-3.579616e+03
  [BOTH][Rank 0] Done moment 36/36 (task 35): force_integral=-3.579616e+03
  [BOTH][Rank 0] Done moment 36/36 (task 35): force_integral=-3.579616e+03
  [BOTH][Rank 0] Done moment 36/36 (task 35): force_integral=-3.579616e+03
  [BOTH][Rank 0] Done moment 36/36 (task 35): force_integral=-3.579616e+03
  [BOTH][Rank 0] Done moment 36/36 (task 35): force_integral=-3.579616e+03
  [BOTH][Rank 0] Done moment 36/36 (task 35): force_integral=-3.579616e+03
  [BOTH][Rank 0] Done moment 36/36 (task 35): force_integral=-3.579616e+03
  [BOTH][Rank 0] Done moment 36/36 (task 35): force_integral=-3.579616e+03
  [BOTH][Rank 0] Done moment 36/36 (task 35): force_integral=-3.579616e+03
  [BOTH][Rank 0] Done moment 36/36 (task 35): force_integral=-3.579616e+03
  [BOTH][Rank 0] Done moment 36/36 (task 35): force_integral=-3.579616e+03
  [BOTH][Rank 0] Done moment 36/36 (task 35): force_integral=-3.579616e+03
  [BOTH][Rank 0] Done moment 36/36 (task 35): force_integral=-3.579616e+03
  [BOTH][Rank 0] Done moment 36/36 (task 35): force_integral=-3.579616e+03
  [BOTH][Rank 0] Done moment 36/36 (task 35): force_integral=-3.579616e+03
  [BOTH][Rank 0] Done moment 36/36 (task 35): force_integral=-3.579616e+03
  [BOTH][Rank 0] Done moment 36/36 (task 35): force_integral=-3.579616e+03
  [BOTH][Rank 0] Done moment 36/36 (task 35): force_integral=-3.579616e+03
  [BOTH][Rank 0] Done moment 36/36 (task 35): force_integral=-3.579616e+03
  [BOTH][Rank 0] Done moment 36/36 (task 35): force_integral=-3.579616e+03
  [BOTH][Rank 0] Done moment 36/36 (task 35): force_integral=-3.579616e+03
  [BOTH][Rank 0] Done moment 36/36 (task 35): force_integral=-3.579616e+03
  [BOTH][Rank 0] Done moment 36/36 (task 35): force_integral=-3.579616e+03
  [BOTH][Rank 0] Done moment 36/36 (task 35): force_integral=-3.579616e+03
  [BOTH][Rank 0] Done moment 36/36 (task 35): force_integral=-3.579616e+03
  [BOTH][Rank 0] Done moment 36/36 (task 35): force_integral=-3.579616e+03
  [BOTH][Rank 0] Done moment 36/36 (task 35): force_integral=-3.579616e+03
  [BOTH][Rank 0] Done moment 36/36 (task 35): force_integral=-3.579616e+03
  [BOTH][Rank 0] Done moment 36/36 (task 35): force_integral=-3.579616e+03
  [BOTH][Rank 0] Done moment 36/36 (task 35): force_integral=-3.579616e+03
  [BOTH][Rank 0] Done moment 36/36 (task 35): force_integral=-3.579616e+03
  [BOTH][Rank 0] Done moment 36/36 (task 35): force_integral=-3.579616e+03
  [BOTH][Rank 0] Done moment 36/36 (task 35): force_integral=-3.579616e+03
  [BOTH][Rank 0] Done moment 36/36 (task 35): force_integral=-3.579616e+03
  [BOTH][Rank 0] Done moment 36/36 (task 35): force_integral=-3.579616e+03
  [BOTH][Rank 0] Done moment 36/36 (task 35): force_integral=-3.579616e+03
  [BOTH][Rank 0] Done moment 36/36 (task 35): force_integral=-3.579616e+03
  [BOTH][Rank 0] Done moment 36/36 (task 35): force_integral=-3.579616e+03
  [BOTH][Rank 0] Done moment 36/36 (task 35): force_integral=-3.579616e+03
  [BOTH][Rank 0] Done moment 36/36 (task 35): force_integral=-3.579616e+03
  [BOTH][Rank 0] Done moment 36/36 (task 35): force_integral=-3.579616e+03
  [BOTH][Rank 0] Done moment 36/36 (task 35): force_integral=-3.579616e+03
  [BOTH][Rank 0] Done moment 36/36 (task 35): force_integral=-3.579616e+03
  [BOTH][Rank 0] Done moment 36/36 (task 35): force_integral=-3.579616e+03
  [BOTH][Rank 0] Done moment 36/36 (task 35): force_integral=-3.579616e+03
  [BOTH][Rank 0] Done moment 36/36 (task 35): force_integral=-3.579616e+03
  [BOTH][Rank 0] Done moment 36/36 (task 35): force_integral=-3.579616e+03
  [BOTH][Rank 0] Done moment 36/36 (task 35): force_integral=-3.579616e+03
  [BOTH][Rank 0] Done moment 36/36 (task 35): force_integral=-3.579616e+03
  [BOTH][Rank 0] Done moment 36/36 (task 35): force_integral=-3.579616e+03
  [BOTH][Rank 0] Done moment 36/36 (task 35): force_integral=-3.579616e+03
  [BOTH][Rank 0] Done moment 36/36 (task 35): force_integral=-3.579616e+03
  [BOTH][Rank 0] Done moment 36/36 (task 35): force_integral=-3.579616e+03
  [BOTH][Rank 0] Done moment 36/36 (task 35): force_integral=-3.579616e+03
  [BOTH][Rank 0] Done moment 36/36 (task 35): force_integral=-3.579616e+03
  [BOTH][Rank 0] Done moment 36/36 (task 35): force_integral=-3.579616e+03
  [BOTH][Rank 0] Done moment 36/36 (task 35): force_integral=-3.579616e+03
  [BOTH][Rank 0] Done moment 36/36 (task 35): force_integral=-3.579616e+03
  [BOTH][Rank 0] Done moment 36/36 (task 35): force_integral=-3.579616e+03
  [BOTH][Rank 0] Done moment 36/36 (task 35): force_integral=-3.579616e+03
  [BOTH][Rank 0] Done moment 36/36 (task 35): force_integral=-3.579616e+03
  [BOTH][Rank 0] Done moment 36/36 (task 35): force_integral=-3.579616e+03
  [BOTH][Rank 0] Done moment 36/36 (task 35): force_integral=-3.579616e+03
  [BOTH][Rank 0] Done moment 36/36 (task 35): force_integral=-3.579616e+03
  [BOTH][Rank 0] Done moment 36/36 (task 35): force_integral=-3.579616e+03
  [BOTH][Rank 0] Done moment 36/36 (task 35): force_integral=-3.579616e+03
  [BOTH][Rank 0] Done moment 36/36 (task 35): force_integral=-3.579616e+03
  [BOTH][Rank 0] Done moment 36/36 (task 35): force_integral=-3.579616e+03
  [BOTH][Rank 0] Done moment 36/36 (task 35): force_integral=-3.579616e+03
  [BOTH][Rank 0] Done moment 36/36 (task 35): force_integral=-3.579616e+03
  [BOTH][Rank 0] Done moment 36/36 (task 35): force_integral=-3.579616e+03
  [BOTH][Rank 0] Done moment 36/36 (task 35): force_integral=-3.579616e+03
  [BOTH][Rank 0] Done moment 36/36 (task 35): force_integral=-3.579616e+03
  [BOTH][Rank 0] Done moment 36/36 (task 35): force_integral=-3.579616e+03
  [BOTH][Rank 0] Done moment 36/36 (task 35): force_integral=-3.579616e+03
  [BOTH][Rank 0] Done moment 36/36 (task 35): force_integral=-3.579616e+03
  [BOTH][Rank 0] Done moment 36/36 (task 35): force_integral=-3.579616e+03
  [BOTH][Rank 0] Done moment 36/36 (task 35): force_integral=-3.579616e+03
  [BOTH][Rank 0] Done moment 36/36 (task 35): force_integral=-3.579616e+03
  [BOTH][Rank 0] Done moment 36/36 (task 35): force_integral=-3.579616e+03
  [SELF][Rank 0] Done moment 1/36 (task 0): force_integral=+3.321319e-01
  [BOTH][Rank 0] Done moment 36/36 (task 35): force_integral=-3.579616e+03
  [BOTH][Rank 0] Done moment 36/36 (task 35): force_integral=-3.579616e+03
  [BOTH][Rank 0] Done moment 36/36 (task 35): force_integral=-3.579616e+03
  [SELF][Rank 0] Done moment 1/36 (task 0): force_integral=+3.321319e-01
  [SELF][Rank 0] Done moment 1/36 (task 0): force_integral=+3.321319e-01
  [SELF][Rank 0] Done moment 1/36 (task 0): force_integral=+3.321319e-01
  [SELF][Rank 0] Done moment 1/36 (task 0): force_integral=+3.321319e-01
  [SELF][Rank 0] Done moment 1/36 (task 0): force_integral=+3.321319e-01
  [SELF][Rank 0] Done moment 1/36 (task 0): force_integral=+3.321319e-01
  [SELF][Rank 0] Done moment 1/36 (task 0): force_integral=+3.321319e-01
  [SELF][Rank 0] Done moment 1/36 (task 0): force_integral=+3.321319e-01
  [SELF][Rank 0] Done moment 1/36 (task 0): force_integral=+3.321319e-01
  [SELF][Rank 0] Done moment 1/36 (task 0): force_integral=+3.321319e-01
  [SELF][Rank 0] Done moment 1/36 (task 0): force_integral=+3.321319e-01
  [SELF][Rank 0] Done moment 1/36 (task 0): force_integral=+3.321319e-01
  [SELF][Rank 0] Done moment 1/36 (task 0): force_integral=+3.321319e-01
  [SELF][Rank 0] Done moment 1/36 (task 0): force_integral=+3.321319e-01
  [SELF][Rank 0] Done moment 1/36 (task 0): force_integral=+3.321319e-01
  [SELF][Rank 0] Done moment 1/36 (task 0): force_integral=+3.321319e-01
  [SELF][Rank 0] Done moment 1/36 (task 0): force_integral=+3.321319e-01
  [SELF][Rank 0] Done moment 1/36 (task 0): force_integral=+3.321319e-01
  [SELF][Rank 0] Done moment 1/36 (task 0): force_integral=+3.321319e-01
  [SELF][Rank 0] Done moment 1/36 (task 0): force_integral=+3.321319e-01
  [SELF][Rank 0] Done moment 1/36 (task 0): force_integral=+3.321319e-01
  [SELF][Rank 0] Done moment 1/36 (task 0): force_integral=+3.321319e-01
  [SELF][Rank 0] Done moment 1/36 (task 0): force_integral=+3.321319e-01
  [SELF][Rank 0] Done moment 1/36 (task 0): force_integral=+3.321319e-01
  [SELF][Rank 0] Done moment 1/36 (task 0): force_integral=+3.321319e-01
  [SELF][Rank 0] Done moment 1/36 (task 0): force_integral=+3.321319e-01
  [SELF][Rank 0] Done moment 1/36 (task 0): force_integral=+3.321319e-01
  [SELF][Rank 0] Done moment 1/36 (task 0): force_integral=+3.321319e-01
  [SELF][Rank 0] Done moment 1/36 (task 0): force_integral=+3.321319e-01
  [SELF][Rank 0] Done moment 1/36 (task 0): force_integral=+3.321319e-01
  [SELF][Rank 0] Done moment 1/36 (task 0): force_integral=+3.321319e-01
  [SELF][Rank 0] Done moment 1/36 (task 0): force_integral=+3.321319e-01
  [SELF][Rank 0] Done moment 1/36 (task 0): force_integral=+3.321319e-01
  [SELF][Rank 0] Done moment 1/36 (task 0): force_integral=+3.321319e-01
  [SELF][Rank 0] Done moment 1/36 (task 0): force_integral=+3.321319e-01
  [SELF][Rank 0] Done moment 1/36 (task 0): force_integral=+3.321319e-01
  [SELF][Rank 0] Done moment 1/36 (task 0): force_integral=+3.321319e-01
  [SELF][Rank 0] Done moment 1/36 (task 0): force_integral=+3.321319e-01
  [SELF][Rank 0] Done moment 1/36 (task 0): force_integral=+3.321319e-01
  [SELF][Rank 0] Done moment 1/36 (task 0): force_integral=+3.321319e-01
  [SELF][Rank 0] Done moment 1/36 (task 0): force_integral=+3.321319e-01
  [SELF][Rank 0] Done moment 1/36 (task 0): force_integral=+3.321319e-01
  [SELF][Rank 0] Done moment 1/36 (task 0): force_integral=+3.321319e-01
  [SELF][Rank 0] Done moment 1/36 (task 0): force_integral=+3.321319e-01
  [SELF][Rank 0] Done moment 1/36 (task 0): force_integral=+3.321319e-01
  [SELF][Rank 0] Done moment 1/36 (task 0): force_integral=+3.321319e-01
  [SELF][Rank 0] Done moment 1/36 (task 0): force_integral=+3.321319e-01
  [SELF][Rank 0] Done moment 1/36 (task 0): force_integral=+3.321319e-01
  [SELF][Rank 0] Done moment 1/36 (task 0): force_integral=+3.321319e-01
  [SELF][Rank 0] Done moment 1/36 (task 0): force_integral=+3.321319e-01
  [SELF][Rank 0] Done moment 1/36 (task 0): force_integral=+3.321319e-01
  [SELF][Rank 0] Done moment 1/36 (task 0): force_integral=+3.321319e-01
  [SELF][Rank 0] Done moment 1/36 (task 0): force_integral=+3.321319e-01
  [SELF][Rank 0] Done moment 1/36 (task 0): force_integral=+3.321319e-01
  [SELF][Rank 0] Done moment 1/36 (task 0): force_integral=+3.321319e-01
  [SELF][Rank 0] Done moment 1/36 (task 0): force_integral=+3.321319e-01
  [SELF][Rank 0] Done moment 1/36 (task 0): force_integral=+3.321319e-01
  [SELF][Rank 0] Done moment 1/36 (task 0): force_integral=+3.321319e-01
  [SELF][Rank 0] Done moment 1/36 (task 0): force_integral=+3.321319e-01
  [SELF][Rank 0] Done moment 1/36 (task 0): force_integral=+3.321319e-01
  [SELF][Rank 0] Done moment 1/36 (task 0): force_integral=+3.321319e-01
  [SELF][Rank 0] Done moment 1/36 (task 0): force_integral=+3.321319e-01
  [SELF][Rank 0] Done moment 1/36 (task 0): force_integral=+3.321319e-01
  [SELF][Rank 0] Done moment 1/36 (task 0): force_integral=+3.321319e-01
  [SELF][Rank 0] Done moment 1/36 (task 0): force_integral=+3.321319e-01
  [SELF][Rank 0] Done moment 1/36 (task 0): force_integral=+3.321319e-01
  [SELF][Rank 0] Done moment 1/36 (task 0): force_integral=+3.321319e-01
  [SELF][Rank 0] Done moment 1/36 (task 0): force_integral=+3.321319e-01
  [SELF][Rank 0] Done moment 1/36 (task 0): force_integral=+3.321319e-01
  [SELF][Rank 0] Done moment 1/36 (task 0): force_integral=+3.321319e-01
  [SELF][Rank 0] Done moment 1/36 (task 0): force_integral=+3.321319e-01
  [SELF][Rank 0] Done moment 1/36 (task 0): force_integral=+3.321319e-01
  [SELF][Rank 0] Done moment 1/36 (task 0): force_integral=+3.321319e-01
  [SELF][Rank 0] Done moment 1/36 (task 0): force_integral=+3.321319e-01
  [SELF][Rank 0] Done moment 1/36 (task 0): force_integral=+3.321319e-01
  [SELF][Rank 0] Done moment 1/36 (task 0): force_integral=+3.321319e-01
  [SELF][Rank 0] Done moment 1/36 (task 0): force_integral=+3.321319e-01
  [SELF][Rank 0] Done moment 1/36 (task 0): force_integral=+3.321319e-01
  [SELF][Rank 0] Done moment 1/36 (task 0): force_integral=+3.321319e-01
  [SELF][Rank 0] Done moment 1/36 (task 0): force_integral=+3.321319e-01
  [SELF][Rank 0] Done moment 1/36 (task 0): force_integral=+3.321319e-01
  [SELF][Rank 0] Done moment 1/36 (task 0): force_integral=+3.321319e-01
  [SELF][Rank 0] Done moment 1/36 (task 0): force_integral=+3.321319e-01
  [SELF][Rank 0] Done moment 1/36 (task 0): force_integral=+3.321319e-01
  [SELF][Rank 0] Done moment 1/36 (task 0): force_integral=+3.321319e-01
  [SELF][Rank 0] Done moment 1/36 (task 0): force_integral=+3.321319e-01
  [SELF][Rank 0] Done moment 1/36 (task 0): force_integral=+3.321319e-01
  [SELF][Rank 0] Done moment 1/36 (task 0): force_integral=+3.321319e-01
  [SELF][Rank 0] Done moment 1/36 (task 0): force_integral=+3.321319e-01
  [SELF][Rank 0] Done moment 1/36 (task 0): force_integral=+3.321319e-01
  [SELF][Rank 0] Done moment 1/36 (task 0): force_integral=+3.321319e-01
  [SELF][Rank 0] Done moment 1/36 (task 0): force_integral=+3.321319e-01
  [SELF][Rank 0] Done moment 1/36 (task 0): force_integral=+3.321319e-01
  [SELF][Rank 0] Done moment 1/36 (task 0): force_integral=+3.321319e-01
  [SELF][Rank 0] Done moment 1/36 (task 0): force_integral=+3.321319e-01
  [SELF][Rank 0] Done moment 1/36 (task 0): force_integral=+3.321319e-01
  [SELF][Rank 0] Done moment 1/36 (task 0): force_integral=+3.321319e-01
  [SELF][Rank 0] Done moment 1/36 (task 0): force_integral=+3.321319e-01
  [SELF][Rank 0] Done moment 1/36 (task 0): force_integral=+3.321319e-01
  [SELF][Rank 0] Done moment 1/36 (task 0): force_integral=+3.321319e-01
  [SELF][Rank 0] Done moment 1/36 (task 0): force_integral=+3.321319e-01
  [SELF][Rank 0] Done moment 1/36 (task 0): force_integral=+3.321319e-01
  [SELF][Rank 0] Done moment 1/36 (task 0): force_integral=+3.321319e-01
  [SELF][Rank 0] Done moment 1/36 (task 0): force_integral=+3.321319e-01
  [SELF][Rank 0] Done moment 1/36 (task 0): force_integral=+3.321319e-01
  [SELF][Rank 0] Done moment 1/36 (task 0): force_integral=+3.321319e-01
  [SELF][Rank 0] Done moment 1/36 (task 0): force_integral=+3.321319e-01
  [SELF][Rank 0] Done moment 1/36 (task 0): force_integral=+3.321319e-01
  [SELF][Rank 0] Done moment 1/36 (task 0): force_integral=+3.321319e-01
  [SELF][Rank 0] Done moment 1/36 (task 0): force_integral=+3.321319e-01
  [SELF][Rank 0] Done moment 1/36 (task 0): force_integral=+3.321319e-01
  [SELF][Rank 0] Done moment 1/36 (task 0): force_integral=+3.321319e-01
  [SELF][Rank 0] Done moment 1/36 (task 0): force_integral=+3.321319e-01
  [SELF][Rank 0] Done moment 1/36 (task 0): force_integral=+3.321319e-01
  [SELF][Rank 0] Done moment 1/36 (task 0): force_integral=+3.321319e-01
  [SELF][Rank 0] Done moment 1/36 (task 0): force_integral=+3.321319e-01
  [SELF][Rank 0] Done moment 1/36 (task 0): force_integral=+3.321319e-01
  [SELF][Rank 0] Done moment 1/36 (task 0): force_integral=+3.321319e-01
  [SELF][Rank 0] Done moment 1/36 (task 0): force_integral=+3.321319e-01
  [SELF][Rank 0] Done moment 2/36 (task 1): force_integral=+3.321319e-01
  [SELF][Rank 0] Done moment 1/36 (task 0): force_integral=+3.321319e-01
  [SELF][Rank 0] Done moment 1/36 (task 0): force_integral=+3.321319e-01
  [SELF][Rank 0] Done moment 1/36 (task 0): force_integral=+3.321319e-01
  [SELF][Rank 0] Done moment 1/36 (task 0): force_integral=+3.321319e-01
  [SELF][Rank 0] Done moment 1/36 (task 0): force_integral=+3.321319e-01
  [SELF][Rank 0] Done moment 1/36 (task 0): force_integral=+3.321319e-01
  [SELF][Rank 0] Done moment 1/36 (task 0): force_integral=+3.321319e-01
  [SELF][Rank 0] Done moment 1/36 (task 0): force_integral=+3.321319e-01
  [SELF][Rank 0] Done moment 2/36 (task 1): force_integral=+3.321319e-01

CRITICAL SIGNAL RECEIVED IN TASK -1: SIGTERM

CRITICAL SIGNAL RECEIVED IN TASK -1: SIGTERM

[CRASH HANDLER] Logged crash details to 'cluster_diagnostics/crash_logs/crash_task_-1_20260922_190613.log'.

[CRASH HANDLER] Logged crash details to 'cluster_diagnostics/crash_logs/crash_task_-1_20260922_190613.log'.

CRITICAL SIGNAL RECEIVED IN TASK -1: SIGTERM

CRITICAL SIGNAL RECEIVED IN TASK -1: SIGTERM

[CRASH HANDLER] Logged crash details to 'cluster_diagnostics/crash_logs/crash_task_-1_20260922_190613.log'.

CRITICAL SIGNAL RECEIVED IN TASK -1: SIGTERM

[CRASH HANDLER] Logged crash details to 'cluster_diagnostics/crash_logs/crash_task_-1_20260922_190613.log'.

CRITICAL SIGNAL RECEIVED IN TASK -1: SIGTERM

CRITICAL SIGNAL RECEIVED IN TASK -1: SIGTERM

CRITICAL SIGNAL RECEIVED IN TASK -1: SIGTERM

[CRASH HANDLER] Logged crash details to 'cluster_diagnostics/crash_logs/crash_task_-1_20260922_190613.log'.

[CRASH HANDLER] Logged crash details to 'cluster_diagnostics/crash_logs/crash_task_-1_20260922_190613.log'.

[CRASH HANDLER] Logged crash details to 'cluster_diagnostics/crash_logs/crash_task_-1_20260922_190613.log'.

[CRASH HANDLER] Logged crash details to 'cluster_diagnostics/crash_logs/crash_task_-1_20260922_190613.log'.

CRITICAL SIGNAL RECEIVED IN TASK -1: SIGTERM

[CRASH HANDLER] Logged crash details to 'cluster_diagnostics/crash_logs/crash_task_-1_20260922_190613.log'.

CRITICAL SIGNAL RECEIVED IN TASK -1: SIGTERM

CRITICAL SIGNAL RECEIVED IN TASK -1: SIGTERM

[CRASH HANDLER] Logged crash details to 'cluster_diagnostics/crash_logs/crash_task_-1_20260922_190613.log'.

[CRASH HANDLER] Logged crash details to 'cluster_diagnostics/crash_logs/crash_task_-1_20260922_190613.log'.

CRITICAL SIGNAL RECEIVED IN TASK -1: SIGTERM

[CRASH HANDLER] Logged crash details to 'cluster_diagnostics/crash_logs/crash_task_-1_20260922_190613.log'.

CRITICAL SIGNAL RECEIVED IN TASK -1: SIGTERM

CRITICAL SIGNAL RECEIVED IN TASK -1: SIGTERM

[CRASH HANDLER] Logged crash details to 'cluster_diagnostics/crash_logs/crash_task_-1_20260922_190613.log'.

[CRASH HANDLER] Logged crash details to 'cluster_diagnostics/crash_logs/crash_task_-1_20260922_190613.log'.
[CRASH HANDLER WARNING] Corrupted master crash file (Expecting value: line 1 column 1 (char 0)). Resetting.
[CRASH HANDLER WARNING] Corrupted master crash file (Expecting value: line 1 column 1 (char 0)). Resetting.
[CRASH HANDLER WARNING] Corrupted master crash file (Expecting value: line 1 column 1 (char 0)). Resetting.
[CRASH HANDLER WARNING] Corrupted master crash file (Expecting value: line 1 column 1 (char 0)). Resetting.
[CRASH HANDLER WARNING] Corrupted master crash file (Expecting value: line 1 column 1 (char 0)). Resetting.
[CRASH HANDLER WARNING] Corrupted master crash file (Expecting value: line 1 column 1 (char 0)). Resetting.
[CRASH HANDLER] Auto-syncing crash report to GitHub...
[CRASH HANDLER] Auto-syncing crash report to GitHub...
[CRASH HANDLER] Auto-syncing crash report to GitHub...
[CRASH HANDLER] Auto-syncing crash report to GitHub...
[CRASH HANDLER] Auto-syncing crash report to GitHub...
[CRASH HANDLER] Auto-syncing crash report to GitHub...
[CRASH HANDLER] Auto-syncing crash report to GitHub...
[CRASH HANDLER] Auto-syncing crash report to GitHub...
[CRASH HANDLER] Auto-syncing crash report to GitHub...
[CRASH HANDLER] Auto-syncing crash report to GitHub...
[CRASH HANDLER] Auto-syncing crash report to GitHub...
[CRASH HANDLER] Auto-syncing crash report to GitHub...

CRITICAL SIGNAL RECEIVED IN TASK -1: SIGTERM

CRITICAL SIGNAL RECEIVED IN TASK -1: SIGTERM

[CRASH HANDLER] Logged crash details to 'cluster_diagnostics/crash_logs/crash_task_-1_20260922_190613.log'.
[CRASH HANDLER WARNING] Corrupted master crash file (Extra data: line 44 column 5 (char 1164)). Resetting.

[CRASH HANDLER] Logged crash details to 'cluster_diagnostics/crash_logs/crash_task_-1_20260922_190613.log'.

CRITICAL SIGNAL RECEIVED IN TASK -1: SIGTERM
[CRASH HANDLER] Auto-syncing crash report to GitHub...

CRITICAL SIGNAL RECEIVED IN TASK -1: SIGTERM

[CRASH HANDLER] Logged crash details to 'cluster_diagnostics/crash_logs/crash_task_-1_20260922_190613.log'.
[CRASH HANDLER] Auto-syncing crash report to GitHub...

[CRASH HANDLER] Logged crash details to 'cluster_diagnostics/crash_logs/crash_task_-1_20260922_190613.log'.

CRITICAL SIGNAL RECEIVED IN TASK -1: SIGTERM
[CRASH HANDLER WARNING] Corrupted master crash file (Expecting value: line 1 column 1 (char 0)). Resetting.
[CRASH HANDLER] Auto-syncing crash report to GitHub...

CRITICAL SIGNAL RECEIVED IN TASK -1: SIGTERM

CRITICAL SIGNAL RECEIVED IN TASK -1: SIGTERM
[CRASH HANDLER] Auto-syncing crash report to GitHub...

[CRASH HANDLER] Logged crash details to 'cluster_diagnostics/crash_logs/crash_task_-1_20260922_190613.log'.

[CRASH HANDLER] Logged crash details to 'cluster_diagnostics/crash_logs/crash_task_-1_20260922_190613.log'.

CRITICAL SIGNAL RECEIVED IN TASK -1: SIGTERM

CRITICAL SIGNAL RECEIVED IN TASK -1: SIGTERM

[CRASH HANDLER] Logged crash details to 'cluster_diagnostics/crash_logs/crash_task_-1_20260922_190613.log'.
[CRASH HANDLER] Auto-syncing crash report to GitHub...
[CRASH HANDLER] Auto-syncing crash report to GitHub...

[CRASH HANDLER] Logged crash details to 'cluster_diagnostics/crash_logs/crash_task_-1_20260922_190613.log'.

[CRASH HANDLER] Logged crash details to 'cluster_diagnostics/crash_logs/crash_task_-1_20260922_190613.log'.
[CRASH HANDLER WARNING] Corrupted master crash file (Expecting value: line 1 column 1 (char 0)). Resetting.
[CRASH HANDLER WARNING] Corrupted master crash file (Expecting value: line 1 column 1 (char 0)). Resetting.
[CRASH HANDLER] Auto-syncing crash report to GitHub...

CRITICAL SIGNAL RECEIVED IN TASK -1: SIGTERM
[CRASH HANDLER] Auto-syncing crash report to GitHub...
[CRASH HANDLER] Auto-syncing crash report to GitHub...

[CRASH HANDLER] Logged crash details to 'cluster_diagnostics/crash_logs/crash_task_-1_20260922_190613.log'.
[CRASH HANDLER] Auto-syncing crash report to GitHub...

CRITICAL SIGNAL RECEIVED IN TASK -1: SIGTERM

CRITICAL SIGNAL RECEIVED IN TASK -1: SIGTERM

CRITICAL SIGNAL RECEIVED IN TASK -1: SIGTERM

CRITICAL SIGNAL RECEIVED IN TASK -1: SIGTERM

[CRASH HANDLER] Logged crash details to 'cluster_diagnostics/crash_logs/crash_task_-1_20260922_190613.log'.

[CRASH HANDLER] Logged crash details to 'cluster_diagnostics/crash_logs/crash_task_-1_20260922_190613.log'.

[CRASH HANDLER] Logged crash details to 'cluster_diagnostics/crash_logs/crash_task_-1_20260922_190613.log'.

[CRASH HANDLER] Logged crash details to 'cluster_diagnostics/crash_logs/crash_task_-1_20260922_190613.log'.
[CRASH HANDLER WARNING] Corrupted master crash file (Expecting value: line 1 column 1 (char 0)). Resetting.
[CRASH HANDLER WARNING] Corrupted master crash file (Expecting value: line 1 column 1 (char 0)). Resetting.
[CRASH HANDLER] Auto-syncing crash report to GitHub...
[CRASH HANDLER] Auto-syncing crash report to GitHub...
[CRASH HANDLER] Auto-syncing crash report to GitHub...
[CRASH HANDLER] Auto-syncing crash report to GitHub...

CRITICAL SIGNAL RECEIVED IN TASK -1: SIGTERM

CRITICAL SIGNAL RECEIVED IN TASK -1: SIGTERM

[CRASH HANDLER] Logged crash details to 'cluster_diagnostics/crash_logs/crash_task_-1_20260922_190613.log'.

CRITICAL SIGNAL RECEIVED IN TASK -1: SIGTERM

CRITICAL SIGNAL RECEIVED IN TASK -1: SIGTERM

[CRASH HANDLER] Logged crash details to 'cluster_diagnostics/crash_logs/crash_task_-1_20260922_190613.log'.

CRITICAL SIGNAL RECEIVED IN TASK -1: SIGTERM
[CRASH HANDLER] Auto-syncing crash report to GitHub...

[CRASH HANDLER] Logged crash details to 'cluster_diagnostics/crash_logs/crash_task_-1_20260922_190613.log'.

CRITICAL SIGNAL RECEIVED IN TASK -1: SIGTERM
[CRASH HANDLER WARNING] Corrupted master crash file (Expecting value: line 1 column 1 (char 0)). Resetting.
[CRASH HANDLER] Auto-syncing crash report to GitHub...

[CRASH HANDLER] Logged crash details to 'cluster_diagnostics/crash_logs/crash_task_-1_20260922_190613.log'.

[CRASH HANDLER] Logged crash details to 'cluster_diagnostics/crash_logs/crash_task_-1_20260922_190613.log'.
[CRASH HANDLER WARNING] Corrupted master crash file (Expecting value: line 1 column 1 (char 0)). Resetting.

[CRASH HANDLER] Logged crash details to 'cluster_diagnostics/crash_logs/crash_task_-1_20260922_190613.log'.
[CRASH HANDLER WARNING] Corrupted master crash file (Expecting value: line 1 column 1 (char 0)). Resetting.
[CRASH HANDLER] Auto-syncing crash report to GitHub...
[CRASH HANDLER] Auto-syncing crash report to GitHub...
[CRASH HANDLER WARNING] Corrupted master crash file (Expecting value: line 1 column 1 (char 0)). Resetting.
[CRASH HANDLER] Auto-syncing crash report to GitHub...

CRITICAL SIGNAL RECEIVED IN TASK -1: SIGTERM
[CRASH HANDLER] Auto-syncing crash report to GitHub...

CRITICAL SIGNAL RECEIVED IN TASK -1: SIGTERM

[CRASH HANDLER] Logged crash details to 'cluster_diagnostics/crash_logs/crash_task_-1_20260922_190613.log'.

[CRASH HANDLER] Logged crash details to 'cluster_diagnostics/crash_logs/crash_task_-1_20260922_190613.log'.

CRITICAL SIGNAL RECEIVED IN TASK -1: SIGTERM
[CRASH HANDLER] Auto-syncing crash report to GitHub...

CRITICAL SIGNAL RECEIVED IN TASK -1: SIGTERM

[CRASH HANDLER] Logged crash details to 'cluster_diagnostics/crash_logs/crash_task_-1_20260922_190613.log'.
[CRASH HANDLER] Auto-syncing crash report to GitHub...

[CRASH HANDLER] Logged crash details to 'cluster_diagnostics/crash_logs/crash_task_-1_20260922_190613.log'.
[CRASH HANDLER] Auto-syncing crash report to GitHub...

CRITICAL SIGNAL RECEIVED IN TASK -1: SIGTERM
[CRASH HANDLER] Auto-syncing crash report to GitHub...

[CRASH HANDLER] Logged crash details to 'cluster_diagnostics/crash_logs/crash_task_-1_20260922_190613.log'.

CRITICAL SIGNAL RECEIVED IN TASK -1: SIGTERM
[CRASH HANDLER] Auto-syncing crash report to GitHub...

CRITICAL SIGNAL RECEIVED IN TASK -1: SIGTERM

[CRASH HANDLER] Logged crash details to 'cluster_diagnostics/crash_logs/crash_task_-1_20260922_190613.log'.

CRITICAL SIGNAL RECEIVED IN TASK -1: SIGTERM

CRITICAL SIGNAL RECEIVED IN TASK -1: SIGTERM

CRITICAL SIGNAL RECEIVED IN TASK -1: SIGTERM
[CRASH HANDLER] Auto-syncing crash report to GitHub...

[CRASH HANDLER] Logged crash details to 'cluster_diagnostics/crash_logs/crash_task_-1_20260922_190613.log'.

[CRASH HANDLER] Logged crash details to 'cluster_diagnostics/crash_logs/crash_task_-1_20260922_190613.log'.

[CRASH HANDLER] Logged crash details to 'cluster_diagnostics/crash_logs/crash_task_-1_20260922_190613.log'.

[CRASH HANDLER] Logged crash details to 'cluster_diagnostics/crash_logs/crash_task_-1_20260922_190613.log'.

CRITICAL SIGNAL RECEIVED IN TASK -1: SIGTERM
[CRASH HANDLER] Auto-syncing crash report to GitHub...
[CRASH HANDLER] Auto-syncing crash report to GitHub...
[CRASH HANDLER] Auto-syncing crash report to GitHub...

[CRASH HANDLER] Logged crash details to 'cluster_diagnostics/crash_logs/crash_task_-1_20260922_190613.log'.

CRITICAL SIGNAL RECEIVED IN TASK -1: SIGTERM
[CRASH HANDLER] Auto-syncing crash report to GitHub...
[CRASH HANDLER] Auto-syncing crash report to GitHub...

[CRASH HANDLER] Logged crash details to 'cluster_diagnostics/crash_logs/crash_task_-1_20260922_190613.log'.

CRITICAL SIGNAL RECEIVED IN TASK -1: SIGTERM
[CRASH HANDLER] Auto-syncing crash report to GitHub...

[CRASH HANDLER] Logged crash details to 'cluster_diagnostics/crash_logs/crash_task_-1_20260922_190613.log'.
[CRASH HANDLER] Auto-syncing crash report to GitHub...

CRITICAL SIGNAL RECEIVED IN TASK -1: SIGTERM

[CRASH HANDLER] Logged crash details to 'cluster_diagnostics/crash_logs/crash_task_-1_20260922_190613.log'.

CRITICAL SIGNAL RECEIVED IN TASK -1: SIGTERM
[CRASH HANDLER] Auto-syncing crash report to GitHub...

[CRASH HANDLER] Logged crash details to 'cluster_diagnostics/crash_logs/crash_task_-1_20260922_190613.log'.
[CRASH HANDLER] Auto-syncing crash report to GitHub...

CRITICAL SIGNAL RECEIVED IN TASK -1: SIGTERM

[CRASH HANDLER] Logged crash details to 'cluster_diagnostics/crash_logs/crash_task_-1_20260922_190613.log'.
[CRASH HANDLER] Auto-syncing crash report to GitHub...

CRITICAL SIGNAL RECEIVED IN TASK -1: SIGTERM

CRITICAL SIGNAL RECEIVED IN TASK -1: SIGTERM

CRITICAL SIGNAL RECEIVED IN TASK -1: SIGTERM

[CRASH HANDLER] Logged crash details to 'cluster_diagnostics/crash_logs/crash_task_-1_20260922_190613.log'.

CRITICAL SIGNAL RECEIVED IN TASK -1: SIGTERM

[CRASH HANDLER] Logged crash details to 'cluster_diagnostics/crash_logs/crash_task_-1_20260922_190613.log'.

[CRASH HANDLER] Logged crash details to 'cluster_diagnostics/crash_logs/crash_task_-1_20260922_190613.log'.
[CRASH HANDLER] Auto-syncing crash report to GitHub...

[CRASH HANDLER] Logged crash details to 'cluster_diagnostics/crash_logs/crash_task_-1_20260922_190613.log'.
[CRASH HANDLER] Auto-syncing crash report to GitHub...
[CRASH HANDLER WARNING] Corrupted master crash file (Expecting value: line 1 column 1 (char 0)). Resetting.
[CRASH HANDLER] Auto-syncing crash report to GitHub...
[CRASH HANDLER] Auto-syncing crash report to GitHub...

CRITICAL SIGNAL RECEIVED IN TASK -1: SIGTERM

CRITICAL SIGNAL RECEIVED IN TASK -1: SIGTERM

[CRASH HANDLER] Logged crash details to 'cluster_diagnostics/crash_logs/crash_task_-1_20260922_190613.log'.
[CRASH HANDLER WARNING] Corrupted master crash file (Extra data: line 43 column 6 (char 1163)). Resetting.

CRITICAL SIGNAL RECEIVED IN TASK -1: SIGTERM

[CRASH HANDLER] Logged crash details to 'cluster_diagnostics/crash_logs/crash_task_-1_20260922_190613.log'.
[CRASH HANDLER WARNING] Corrupted master crash file (Expecting value: line 1 column 1 (char 0)). Resetting.

[CRASH HANDLER] Logged crash details to 'cluster_diagnostics/crash_logs/crash_task_-1_20260922_190613.log'.

CRITICAL SIGNAL RECEIVED IN TASK -1: SIGTERM

CRITICAL SIGNAL RECEIVED IN TASK -1: SIGTERM

[CRASH HANDLER] Logged crash details to 'cluster_diagnostics/crash_logs/crash_task_-1_20260922_190613.log'.

[CRASH HANDLER] Logged crash details to 'cluster_diagnostics/crash_logs/crash_task_-1_20260922_190613.log'.
[CRASH HANDLER] Auto-syncing crash report to GitHub...
[CRASH HANDLER WARNING] Corrupted master crash file (Expecting value: line 1 column 1 (char 0)). Resetting.
[CRASH HANDLER WARNING] Corrupted master crash file (Expecting value: line 1 column 1 (char 0)). Resetting.
[CRASH HANDLER WARNING] Corrupted master crash file (Expecting value: line 1 column 1 (char 0)). Resetting.
[CRASH HANDLER] Auto-syncing crash report to GitHub...
[CRASH HANDLER] Auto-syncing crash report to GitHub...
[CRASH HANDLER] Auto-syncing crash report to GitHub...
[CRASH HANDLER] Auto-syncing crash report to GitHub...

CRITICAL SIGNAL RECEIVED IN TASK -1: SIGTERM

CRITICAL SIGNAL RECEIVED IN TASK -1: SIGTERM

[CRASH HANDLER] Logged crash details to 'cluster_diagnostics/crash_logs/crash_task_-1_20260922_190613.log'.

CRITICAL SIGNAL RECEIVED IN TASK -1: SIGTERM

[CRASH HANDLER] Logged crash details to 'cluster_diagnostics/crash_logs/crash_task_-1_20260922_190613.log'.
[CRASH HANDLER] Auto-syncing crash report to GitHub...

CRITICAL SIGNAL RECEIVED IN TASK -1: SIGTERM

[CRASH HANDLER] Logged crash details to 'cluster_diagnostics/crash_logs/crash_task_-1_20260922_190613.log'.
[CRASH HANDLER] Auto-syncing crash report to GitHub...
[CRASH HANDLER] Auto-syncing crash report to GitHub...

CRITICAL SIGNAL RECEIVED IN TASK -1: SIGTERM

CRITICAL SIGNAL RECEIVED IN TASK -1: SIGTERM

[CRASH HANDLER] Logged crash details to 'cluster_diagnostics/crash_logs/crash_task_-1_20260922_190613.log'.

CRITICAL SIGNAL RECEIVED IN TASK -1: SIGTERM
[CRASH HANDLER] Auto-syncing crash report to GitHub...

[CRASH HANDLER] Logged crash details to 'cluster_diagnostics/crash_logs/crash_task_-1_20260922_190613.log'.

[CRASH HANDLER] Logged crash details to 'cluster_diagnostics/crash_logs/crash_task_-1_20260922_190613.log'.
[CRASH HANDLER] Auto-syncing crash report to GitHub...

[CRASH HANDLER] Logged crash details to 'cluster_diagnostics/crash_logs/crash_task_-1_20260922_190613.log'.
[CRASH HANDLER WARNING] Corrupted master crash file (Expecting value: line 1 column 1 (char 0)). Resetting.
[CRASH HANDLER] Auto-syncing crash report to GitHub...

CRITICAL SIGNAL RECEIVED IN TASK -1: SIGTERM
[CRASH HANDLER] Auto-syncing crash report to GitHub...

CRITICAL SIGNAL RECEIVED IN TASK -1: SIGTERM

[CRASH HANDLER] Logged crash details to 'cluster_diagnostics/crash_logs/crash_task_-1_20260922_190613.log'.

[CRASH HANDLER] Logged crash details to 'cluster_diagnostics/crash_logs/crash_task_-1_20260922_190613.log'.
[CRASH HANDLER] Auto-syncing crash report to GitHub...

CRITICAL SIGNAL RECEIVED IN TASK -1: SIGTERM
[CRASH HANDLER] Auto-syncing crash report to GitHub...

[CRASH HANDLER] Logged crash details to 'cluster_diagnostics/crash_logs/crash_task_-1_20260922_190613.log'.
[CRASH HANDLER] Auto-syncing crash report to GitHub...

CRITICAL SIGNAL RECEIVED IN TASK -1: SIGTERM

CRITICAL SIGNAL RECEIVED IN TASK -1: SIGTERM

[CRASH HANDLER] Logged crash details to 'cluster_diagnostics/crash_logs/crash_task_-1_20260922_190613.log'.

CRITICAL SIGNAL RECEIVED IN TASK -1: SIGTERM

[CRASH HANDLER] Logged crash details to 'cluster_diagnostics/crash_logs/crash_task_-1_20260922_190613.log'.
[CRASH HANDLER] Auto-syncing crash report to GitHub...
[CRASH HANDLER WARNING] Corrupted master crash file (Expecting value: line 1 column 1 (char 0)). Resetting.

CRITICAL SIGNAL RECEIVED IN TASK -1: SIGTERM

[CRASH HANDLER] Logged crash details to 'cluster_diagnostics/crash_logs/crash_task_-1_20260922_190613.log'.
[CRASH HANDLER WARNING] Corrupted master crash file (Expecting value: line 1 column 1 (char 0)). Resetting.
[CRASH HANDLER] Auto-syncing crash report to GitHub...

[CRASH HANDLER] Logged crash details to 'cluster_diagnostics/crash_logs/crash_task_-1_20260922_190613.log'.
[CRASH HANDLER] Auto-syncing crash report to GitHub...
[CRASH HANDLER] Auto-syncing crash report to GitHub...

CRITICAL SIGNAL RECEIVED IN TASK -1: SIGTERM

[CRASH HANDLER] Logged crash details to 'cluster_diagnostics/crash_logs/crash_task_-1_20260922_190613.log'.
[CRASH HANDLER] Auto-syncing crash report to GitHub...

CRITICAL SIGNAL RECEIVED IN TASK -1: SIGTERM

CRITICAL SIGNAL RECEIVED IN TASK -1: SIGTERM

[CRASH HANDLER] Logged crash details to 'cluster_diagnostics/crash_logs/crash_task_-1_20260922_190613.log'.

[CRASH HANDLER] Logged crash details to 'cluster_diagnostics/crash_logs/crash_task_-1_20260922_190613.log'.

CRITICAL SIGNAL RECEIVED IN TASK -1: SIGTERM
[CRASH HANDLER] Auto-syncing crash report to GitHub...
[CRASH HANDLER] Auto-syncing crash report to GitHub...

[CRASH HANDLER] Logged crash details to 'cluster_diagnostics/crash_logs/crash_task_-1_20260922_190613.log'.
[CRASH HANDLER] Auto-syncing crash report to GitHub...

CRITICAL SIGNAL RECEIVED IN TASK -1: SIGTERM

CRITICAL SIGNAL RECEIVED IN TASK -1: SIGTERM

[CRASH HANDLER] Logged crash details to 'cluster_diagnostics/crash_logs/crash_task_-1_20260922_190613.log'.

[CRASH HANDLER] Logged crash details to 'cluster_diagnostics/crash_logs/crash_task_-1_20260922_190613.log'.
[CRASH HANDLER] Auto-syncing crash report to GitHub...
[CRASH HANDLER] Auto-syncing crash report to GitHub...

CRITICAL SIGNAL RECEIVED IN TASK -1: SIGTERM

[CRASH HANDLER] Logged crash details to 'cluster_diagnostics/crash_logs/crash_task_-1_20260922_190613.log'.
[CRASH HANDLER] Auto-syncing crash report to GitHub...

CRITICAL SIGNAL RECEIVED IN TASK -1: SIGTERM

[CRASH HANDLER] Logged crash details to 'cluster_diagnostics/crash_logs/crash_task_-1_20260922_190613.log'.
[CRASH HANDLER] Auto-syncing crash report to GitHub...

CRITICAL SIGNAL RECEIVED IN TASK -1: SIGTERM

[CRASH HANDLER] Logged crash details to 'cluster_diagnostics/crash_logs/crash_task_-1_20260922_190613.log'.
[CRASH HANDLER] Auto-syncing crash report to GitHub...

CRITICAL SIGNAL RECEIVED IN TASK -1: SIGTERM

[CRASH HANDLER] Logged crash details to 'cluster_diagnostics/crash_logs/crash_task_-1_20260922_190613.log'.

CRITICAL SIGNAL RECEIVED IN TASK -1: SIGTERM

CRITICAL SIGNAL RECEIVED IN TASK -1: SIGTERM
[CRASH HANDLER] Auto-syncing crash report to GitHub...

CRITICAL SIGNAL RECEIVED IN TASK -1: SIGTERM

CRITICAL SIGNAL RECEIVED IN TASK -1: SIGTERM

[CRASH HANDLER] Logged crash details to 'cluster_diagnostics/crash_logs/crash_task_-1_20260922_190613.log'.

[CRASH HANDLER] Logged crash details to 'cluster_diagnostics/crash_logs/crash_task_-1_20260922_190613.log'.

[CRASH HANDLER] Logged crash details to 'cluster_diagnostics/crash_logs/crash_task_-1_20260922_190613.log'.
[CRASH HANDLER WARNING] Corrupted master crash file (Expecting value: line 1 column 1 (char 0)). Resetting.
[CRASH HANDLER WARNING] Corrupted master crash file (Expecting value: line 1 column 1 (char 0)). Resetting.
[CRASH HANDLER] Auto-syncing crash report to GitHub...

CRITICAL SIGNAL RECEIVED IN TASK -1: SIGTERM
[CRASH HANDLER] Auto-syncing crash report to GitHub...

[CRASH HANDLER] Logged crash details to 'cluster_diagnostics/crash_logs/crash_task_-1_20260922_190613.log'.
[CRASH HANDLER] Auto-syncing crash report to GitHub...
[CRASH HANDLER] Auto-syncing crash report to GitHub...

[CRASH HANDLER] Logged crash details to 'cluster_diagnostics/crash_logs/crash_task_-1_20260922_190613.log'.
[CRASH HANDLER] Auto-syncing crash report to GitHub...

CRITICAL SIGNAL RECEIVED IN TASK -1: SIGTERM

[CRASH HANDLER] Logged crash details to 'cluster_diagnostics/crash_logs/crash_task_-1_20260922_190613.log'.
[CRASH HANDLER] Auto-syncing crash report to GitHub...

CRITICAL SIGNAL RECEIVED IN TASK -1: SIGTERM

[CRASH HANDLER] Logged crash details to 'cluster_diagnostics/crash_logs/crash_task_-1_20260922_190613.log'.

CRITICAL SIGNAL RECEIVED IN TASK -1: SIGTERM
[CRASH HANDLER] Auto-syncing crash report to GitHub...

CRITICAL SIGNAL RECEIVED IN TASK -1: SIGTERM

[CRASH HANDLER] Logged crash details to 'cluster_diagnostics/crash_logs/crash_task_-1_20260922_190613.log'.
[CRASH HANDLER] Auto-syncing crash report to GitHub...

[CRASH HANDLER] Logged crash details to 'cluster_diagnostics/crash_logs/crash_task_-1_20260922_190613.log'.

CRITICAL SIGNAL RECEIVED IN TASK -1: SIGTERM
[CRASH HANDLER] Auto-syncing crash report to GitHub...

CRITICAL SIGNAL RECEIVED IN TASK -1: SIGTERM

CRITICAL SIGNAL RECEIVED IN TASK -1: SIGTERM

[CRASH HANDLER] Logged crash details to 'cluster_diagnostics/crash_logs/crash_task_-1_20260922_190613.log'.

CRITICAL SIGNAL RECEIVED IN TASK -1: SIGTERM

[CRASH HANDLER] Logged crash details to 'cluster_diagnostics/crash_logs/crash_task_-1_20260922_190613.log'.

CRITICAL SIGNAL RECEIVED IN TASK -1: SIGTERM

[CRASH HANDLER] Logged crash details to 'cluster_diagnostics/crash_logs/crash_task_-1_20260922_190613.log'.
[CRASH HANDLER WARNING] Corrupted master crash file (Expecting value: line 1 column 1 (char 0)). Resetting.

[CRASH HANDLER] Logged crash details to 'cluster_diagnostics/crash_logs/crash_task_-1_20260922_190613.log'.
[CRASH HANDLER WARNING] Corrupted master crash file (Expecting value: line 1 column 1 (char 0)). Resetting.
[CRASH HANDLER WARNING] Corrupted master crash file (Expecting value: line 1 column 1 (char 0)). Resetting.
[CRASH HANDLER] Auto-syncing crash report to GitHub...

[CRASH HANDLER] Logged crash details to 'cluster_diagnostics/crash_logs/crash_task_-1_20260922_190613.log'.
[CRASH HANDLER WARNING] Corrupted master crash file (Extra data: line 43 column 6 (char 1163)). Resetting.
[CRASH HANDLER] Auto-syncing crash report to GitHub...

CRITICAL SIGNAL RECEIVED IN TASK -1: SIGTERM

[CRASH HANDLER] Logged crash details to 'cluster_diagnostics/crash_logs/crash_task_-1_20260922_190613.log'.
[CRASH HANDLER WARNING] Corrupted master crash file (Extra data: line 43 column 6 (char 1163)). Resetting.
[CRASH HANDLER] Auto-syncing crash report to GitHub...
[CRASH HANDLER] Auto-syncing crash report to GitHub...
[CRASH HANDLER] Auto-syncing crash report to GitHub...
[CRASH HANDLER] Auto-syncing crash report to GitHub...

CRITICAL SIGNAL RECEIVED IN TASK -1: SIGTERM

[CRASH HANDLER] Logged crash details to 'cluster_diagnostics/crash_logs/crash_task_-1_20260922_190613.log'.
[CRASH HANDLER] Auto-syncing crash report to GitHub...

CRITICAL SIGNAL RECEIVED IN TASK -1: SIGTERM

[CRASH HANDLER] Logged crash details to 'cluster_diagnostics/crash_logs/crash_task_-1_20260922_190613.log'.
[CRASH HANDLER] Auto-syncing crash report to GitHub...

CRITICAL SIGNAL RECEIVED IN TASK -1: SIGTERM

CRITICAL SIGNAL RECEIVED IN TASK -1: SIGTERM

CRITICAL SIGNAL RECEIVED IN TASK -1: SIGTERM

[CRASH HANDLER] Logged crash details to 'cluster_diagnostics/crash_logs/crash_task_-1_20260922_190613.log'.
[CRASH HANDLER] Auto-syncing crash report to GitHub...

[CRASH HANDLER] Logged crash details to 'cluster_diagnostics/crash_logs/crash_task_-1_20260922_190613.log'.
[CRASH HANDLER] Auto-syncing crash report to GitHub...

CRITICAL SIGNAL RECEIVED IN TASK -1: SIGTERM

[CRASH HANDLER] Logged crash details to 'cluster_diagnostics/crash_logs/crash_task_-1_20260922_190613.log'.
[CRASH HANDLER] Auto-syncing crash report to GitHub...

CRITICAL SIGNAL RECEIVED IN TASK -1: SIGTERM

[CRASH HANDLER] Logged crash details to 'cluster_diagnostics/crash_logs/crash_task_-1_20260922_190613.log'.

[CRASH HANDLER] Logged crash details to 'cluster_diagnostics/crash_logs/crash_task_-1_20260922_190613.log'.
[CRASH HANDLER] Auto-syncing crash report to GitHub...

CRITICAL SIGNAL RECEIVED IN TASK -1: SIGTERM
[CRASH HANDLER] Auto-syncing crash report to GitHub...

[CRASH HANDLER] Logged crash details to 'cluster_diagnostics/crash_logs/crash_task_-1_20260922_190613.log'.
[CRASH HANDLER] Auto-syncing crash report to GitHub...

CRITICAL SIGNAL RECEIVED IN TASK -1: SIGTERM

CRITICAL SIGNAL RECEIVED IN TASK -1: SIGTERM

[CRASH HANDLER] Logged crash details to 'cluster_diagnostics/crash_logs/crash_task_-1_20260922_190613.log'.
[CRASH HANDLER] Auto-syncing crash report to GitHub...

[CRASH HANDLER] Logged crash details to 'cluster_diagnostics/crash_logs/crash_task_-1_20260922_190613.log'.
[CRASH HANDLER] Auto-syncing crash report to GitHub...

CRITICAL SIGNAL RECEIVED IN TASK -1: SIGTERM

[CRASH HANDLER] Logged crash details to 'cluster_diagnostics/crash_logs/crash_task_-1_20260922_190613.log'.

CRITICAL SIGNAL RECEIVED IN TASK -1: SIGTERM
[CRASH HANDLER] Auto-syncing crash report to GitHub...

[CRASH HANDLER] Logged crash details to 'cluster_diagnostics/crash_logs/crash_task_-1_20260922_190613.log'.
[CRASH HANDLER] Auto-syncing crash report to GitHub...

CRITICAL SIGNAL RECEIVED IN TASK -1: SIGTERM

CRITICAL SIGNAL RECEIVED IN TASK -1: SIGTERM

[CRASH HANDLER] Logged crash details to 'cluster_diagnostics/crash_logs/crash_task_-1_20260922_190613.log'.

CRITICAL SIGNAL RECEIVED IN TASK -1: SIGTERM

[CRASH HANDLER] Logged crash details to 'cluster_diagnostics/crash_logs/crash_task_-1_20260922_190613.log'.
[CRASH HANDLER WARNING] Corrupted master crash file (Expecting value: line 1 column 1 (char 0)). Resetting.
[CRASH HANDLER] Auto-syncing crash report to GitHub...
[CRASH HANDLER] Auto-syncing crash report to GitHub...

[CRASH HANDLER] Logged crash details to 'cluster_diagnostics/crash_logs/crash_task_-1_20260922_190613.log'.
[CRASH HANDLER WARNING] Corrupted master crash file (Extra data: line 43 column 6 (char 1163)). Resetting.

CRITICAL SIGNAL RECEIVED IN TASK -1: SIGTERM

CRITICAL SIGNAL RECEIVED IN TASK -1: SIGTERM
[CRASH HANDLER] Auto-syncing crash report to GitHub...

[CRASH HANDLER] Logged crash details to 'cluster_diagnostics/crash_logs/crash_task_-1_20260922_190613.log'.

[CRASH HANDLER] Logged crash details to 'cluster_diagnostics/crash_logs/crash_task_-1_20260922_190613.log'.
[CRASH HANDLER WARNING] Corrupted master crash file (Expecting value: line 1 column 1 (char 0)). Resetting.

CRITICAL SIGNAL RECEIVED IN TASK -1: SIGTERM
[CRASH HANDLER] Auto-syncing crash report to GitHub...

[CRASH HANDLER] Logged crash details to 'cluster_diagnostics/crash_logs/crash_task_-1_20260922_190613.log'.
[CRASH HANDLER] Auto-syncing crash report to GitHub...
[CRASH HANDLER WARNING] Corrupted master crash file (Expecting value: line 1 column 1 (char 0)). Resetting.
[CRASH HANDLER] Auto-syncing crash report to GitHub...

CRITICAL SIGNAL RECEIVED IN TASK -1: SIGTERM

CRITICAL SIGNAL RECEIVED IN TASK -1: SIGTERM

[CRASH HANDLER] Logged crash details to 'cluster_diagnostics/crash_logs/crash_task_-1_20260922_190613.log'.

[CRASH HANDLER] Logged crash details to 'cluster_diagnostics/crash_logs/crash_task_-1_20260922_190613.log'.

CRITICAL SIGNAL RECEIVED IN TASK -1: SIGTERM
[CRASH HANDLER WARNING] Corrupted master crash file (Expecting value: line 1 column 1 (char 0)). Resetting.

[CRASH HANDLER] Logged crash details to 'cluster_diagnostics/crash_logs/crash_task_-1_20260922_190613.log'.
[CRASH HANDLER] Auto-syncing crash report to GitHub...
[CRASH HANDLER WARNING] Corrupted master crash file (Expecting value: line 1 column 1 (char 0)). Resetting.
[CRASH HANDLER] Auto-syncing crash report to GitHub...
[CRASH HANDLER] Auto-syncing crash report to GitHub...

CRITICAL SIGNAL RECEIVED IN TASK -1: SIGTERM

[CRASH HANDLER] Logged crash details to 'cluster_diagnostics/crash_logs/crash_task_-1_20260922_190613.log'.

CRITICAL SIGNAL RECEIVED IN TASK -1: SIGTERM
[CRASH HANDLER] Auto-syncing crash report to GitHub...

[CRASH HANDLER] Logged crash details to 'cluster_diagnostics/crash_logs/crash_task_-1_20260922_190613.log'.
[CRASH HANDLER] Auto-syncing crash report to GitHub...

CRITICAL SIGNAL RECEIVED IN TASK -1: SIGTERM

CRITICAL SIGNAL RECEIVED IN TASK -1: SIGTERM

[CRASH HANDLER] Logged crash details to 'cluster_diagnostics/crash_logs/crash_task_-1_20260922_190613.log'.

CRITICAL SIGNAL RECEIVED IN TASK -1: SIGTERM

CRITICAL SIGNAL RECEIVED IN TASK -1: SIGTERM

[CRASH HANDLER] Logged crash details to 'cluster_diagnostics/crash_logs/crash_task_-1_20260922_190613.log'.
[CRASH HANDLER WARNING] Corrupted master crash file (Expecting value: line 1 column 1 (char 0)). Resetting.
[CRASH HANDLER] Auto-syncing crash report to GitHub...

[CRASH HANDLER] Logged crash details to 'cluster_diagnostics/crash_logs/crash_task_-1_20260922_190613.log'.
[CRASH HANDLER WARNING] Corrupted master crash file (Expecting value: line 1 column 1 (char 0)). Resetting.
[CRASH HANDLER] Auto-syncing crash report to GitHub...

CRITICAL SIGNAL RECEIVED IN TASK -1: SIGTERM

[CRASH HANDLER] Logged crash details to 'cluster_diagnostics/crash_logs/crash_task_-1_20260922_190613.log'.
[CRASH HANDLER] Auto-syncing crash report to GitHub...
[CRASH HANDLER] Auto-syncing crash report to GitHub...

[CRASH HANDLER] Logged crash details to 'cluster_diagnostics/crash_logs/crash_task_-1_20260922_190613.log'.
[CRASH HANDLER] Auto-syncing crash report to GitHub...

CRITICAL SIGNAL RECEIVED IN TASK -1: SIGTERM

CRITICAL SIGNAL RECEIVED IN TASK -1: SIGTERM

[CRASH HANDLER] Logged crash details to 'cluster_diagnostics/crash_logs/crash_task_-1_20260922_190613.log'.

CRITICAL SIGNAL RECEIVED IN TASK -1: SIGTERM

[CRASH HANDLER] Logged crash details to 'cluster_diagnostics/crash_logs/crash_task_-1_20260922_190613.log'.
[CRASH HANDLER WARNING] Corrupted master crash file (Expecting value: line 1 column 1 (char 0)). Resetting.
[CRASH HANDLER] Auto-syncing crash report to GitHub...

[CRASH HANDLER] Logged crash details to 'cluster_diagnostics/crash_logs/crash_task_-1_20260922_190613.log'.
[CRASH HANDLER WARNING] Corrupted master crash file (Expecting value: line 1 column 1 (char 0)). Resetting.
[CRASH HANDLER] Auto-syncing crash report to GitHub...
[CRASH HANDLER] Auto-syncing crash report to GitHub...

CRITICAL SIGNAL RECEIVED IN TASK -1: SIGTERM

[CRASH HANDLER] Logged crash details to 'cluster_diagnostics/crash_logs/crash_task_-1_20260922_190627.log'.
[CRASH HANDLER] Auto-syncing crash report to GitHub...
[CRASH HANDLER] Successfully pushed crash log to GitHub!
[CRASH HANDLER] Successfully pushed crash log to GitHub!
[CRASH HANDLER] Successfully pushed crash log to GitHub!

Elapsed run time = 43209.0392 s

Elapsed run time = 43209.0411 s
[CRASH HANDLER] Successfully pushed crash log to GitHub!

Elapsed run time = 43209.0436 s
[CRASH HANDLER] Successfully pushed crash log to GitHub!
[CRASH HANDLER] Successfully pushed crash log to GitHub!

Elapsed run time = 43209.0468 s

Elapsed run time = 43209.0496 s

Elapsed run time = 43209.0507 s
[CRASH HANDLER] Successfully pushed crash log to GitHub!
[CRASH HANDLER] Successfully pushed crash log to GitHub!

Elapsed run time = 43209.0559 s
[CRASH HANDLER] Successfully pushed crash log to GitHub!

Elapsed run time = 43209.0576 s
[CRASH HANDLER] Successfully pushed crash log to GitHub!
[CRASH HANDLER] Successfully pushed crash log to GitHub!

Elapsed run time = 43209.0611 s
[CRASH HANDLER] Successfully pushed crash log to GitHub!

Elapsed run time = 43209.0629 s

Elapsed run time = 43209.0656 s

Elapsed run time = 43209.0669 s
[CRASH HANDLER] Successfully pushed crash log to GitHub!
[CRASH HANDLER] Successfully pushed crash log to GitHub!
[CRASH HANDLER] Successfully pushed crash log to GitHub!

Elapsed run time = 43209.0725 s
[CRASH HANDLER] Successfully pushed crash log to GitHub!

Elapsed run time = 43209.0750 s
[CRASH HANDLER] Successfully pushed crash log to GitHub!

Elapsed run time = 43209.0770 s

Elapsed run time = 43209.0787 s
[CRASH HANDLER] Successfully pushed crash log to GitHub!

Elapsed run time = 43209.0818 s
[CRASH HANDLER] Successfully pushed crash log to GitHub!
[CRASH HANDLER] Successfully pushed crash log to GitHub!

Elapsed run time = 43209.0848 s

Elapsed run time = 43209.0877 s

Elapsed run time = 43209.0888 s
[CRASH HANDLER] Successfully pushed crash log to GitHub!
[CRASH HANDLER] Successfully pushed crash log to GitHub!

Elapsed run time = 43209.0953 s

Elapsed run time = 43209.0996 s
[CRASH HANDLER] Successfully pushed crash log to GitHub!

Elapsed run time = 43209.1077 s
[CRASH HANDLER] Successfully pushed crash log to GitHub!

Elapsed run time = 43209.1169 s
[CRASH HANDLER] Successfully pushed crash log to GitHub!
[CRASH HANDLER] Successfully pushed crash log to GitHub!

Elapsed run time = 43209.1247 s
[CRASH HANDLER] Successfully pushed crash log to GitHub!

Elapsed run time = 43209.1270 s
[CRASH HANDLER] Successfully pushed crash log to GitHub!

Elapsed run time = 43209.1299 s
[CRASH HANDLER] Successfully pushed crash log to GitHub!

Elapsed run time = 43209.1340 s
[CRASH HANDLER] Successfully pushed crash log to GitHub!
[CRASH HANDLER] Successfully pushed crash log to GitHub!

Elapsed run time = 43209.1379 s

Elapsed run time = 43209.1394 s
[CRASH HANDLER] Successfully pushed crash log to GitHub!

Elapsed run time = 43209.1426 s
[CRASH HANDLER] Successfully pushed crash log to GitHub!

Elapsed run time = 43209.1448 s
[CRASH HANDLER] Successfully pushed crash log to GitHub!

Elapsed run time = 43209.1476 s
[CRASH HANDLER] Successfully pushed crash log to GitHub!

Elapsed run time = 43209.1514 s
[CRASH HANDLER] Successfully pushed crash log to GitHub!
[CRASH HANDLER] Successfully pushed crash log to GitHub!

Elapsed run time = 43209.1539 s
[CRASH HANDLER] Successfully pushed crash log to GitHub!

Elapsed run time = 43209.1572 s

Elapsed run time = 43209.1583 s
[CRASH HANDLER] Successfully pushed crash log to GitHub!
[CRASH HANDLER] Successfully pushed crash log to GitHub!

Elapsed run time = 43209.1621 s

Elapsed run time = 43209.1639 s
[CRASH HANDLER] Successfully pushed crash log to GitHub!

Elapsed run time = 43209.1649 s
[CRASH HANDLER] Successfully pushed crash log to GitHub!
[CRASH HANDLER] Successfully pushed crash log to GitHub!

Elapsed run time = 43209.1703 s

Elapsed run time = 43209.1709 s
[CRASH HANDLER] Successfully pushed crash log to GitHub!

Elapsed run time = 43209.1734 s
[CRASH HANDLER] Successfully pushed crash log to GitHub!

Elapsed run time = 43209.1767 s
[CRASH HANDLER] Successfully pushed crash log to GitHub!

Elapsed run time = 43209.1789 s
[CRASH HANDLER] Successfully pushed crash log to GitHub!

Elapsed run time = 43209.1824 s
[CRASH HANDLER] Successfully pushed crash log to GitHub!

Elapsed run time = 43209.1875 s
[CRASH HANDLER] Successfully pushed crash log to GitHub!

Elapsed run time = 43209.1911 s
[CRASH HANDLER] Successfully pushed crash log to GitHub!

Elapsed run time = 43209.1951 s
[CRASH HANDLER] Successfully pushed crash log to GitHub!
[CRASH HANDLER] Successfully pushed crash log to GitHub!

Elapsed run time = 43209.1991 s
[CRASH HANDLER] Successfully pushed crash log to GitHub!

Elapsed run time = 43209.2015 s

Elapsed run time = 43209.2024 s
[CRASH HANDLER] Successfully pushed crash log to GitHub!

Elapsed run time = 43209.2047 s
[CRASH HANDLER] Successfully pushed crash log to GitHub!

Elapsed run time = 43209.2083 s
[CRASH HANDLER] Successfully pushed crash log to GitHub!
[CRASH HANDLER] Successfully pushed crash log to GitHub!

Elapsed run time = 43209.2111 s
[CRASH HANDLER] Successfully pushed crash log to GitHub!

Elapsed run time = 43209.2144 s

Elapsed run time = 43209.2152 s

Elapsed run time = 43209.2157 s
[CRASH HANDLER] Successfully pushed crash log to GitHub!
[CRASH HANDLER] Successfully pushed crash log to GitHub!
[CRASH HANDLER] Successfully pushed crash log to GitHub!

Elapsed run time = 43209.2220 s
[CRASH HANDLER] Successfully pushed crash log to GitHub!

Elapsed run time = 43209.2251 s
[CRASH HANDLER] Successfully pushed crash log to GitHub!

Elapsed run time = 43209.2271 s
[CRASH HANDLER] Successfully pushed crash log to GitHub!

Elapsed run time = 43209.2280 s
[CRASH HANDLER] Successfully pushed crash log to GitHub!

Elapsed run time = 43209.2316 s

Elapsed run time = 43209.2331 s
[CRASH HANDLER] Successfully pushed crash log to GitHub!

Elapsed run time = 43209.2362 s
[CRASH HANDLER] Successfully pushed crash log to GitHub!

Elapsed run time = 43209.2386 s

Elapsed run time = 43209.2416 s
[CRASH HANDLER] Successfully pushed crash log to GitHub!
[CRASH HANDLER] Successfully pushed crash log to GitHub!
[CRASH HANDLER] Successfully pushed crash log to GitHub!

Elapsed run time = 43209.2480 s

Elapsed run time = 43209.2497 s

Elapsed run time = 43209.2509 s
[CRASH HANDLER] Successfully pushed crash log to GitHub!
[CRASH HANDLER] Successfully pushed crash log to GitHub!

Elapsed run time = 43209.2565 s
[CRASH HANDLER] Successfully pushed crash log to GitHub!

Elapsed run time = 43209.2595 s
[CRASH HANDLER] Successfully pushed crash log to GitHub!

Elapsed run time = 43209.2627 s
[CRASH HANDLER] Successfully pushed crash log to GitHub!

Elapsed run time = 43209.2659 s
[CRASH HANDLER] Successfully pushed crash log to GitHub!

Elapsed run time = 43209.2698 s

Elapsed run time = 43209.2720 s
[CRASH HANDLER] Successfully pushed crash log to GitHub!
[CRASH HANDLER] Successfully pushed crash log to GitHub!

Elapsed run time = 43209.2779 s

Elapsed run time = 43209.2817 s
[CRASH HANDLER] Successfully pushed crash log to GitHub!

Elapsed run time = 43209.2905 s
[CRASH HANDLER] Successfully pushed crash log to GitHub!
[CRASH HANDLER] Successfully pushed crash log to GitHub!

Elapsed run time = 43209.3012 s
[CRASH HANDLER] Successfully pushed crash log to GitHub!

Elapsed run time = 43209.3050 s
[CRASH HANDLER] Successfully pushed crash log to GitHub!

Elapsed run time = 43209.3076 s
[CRASH HANDLER] Successfully pushed crash log to GitHub!

Elapsed run time = 43209.3118 s
[CRASH HANDLER] Successfully pushed crash log to GitHub!

Elapsed run time = 43209.3144 s
[CRASH HANDLER] Successfully pushed crash log to GitHub!

Elapsed run time = 43209.3176 s

Elapsed run time = 43209.3214 s
[CRASH HANDLER] Successfully pushed crash log to GitHub!
[CRASH HANDLER] Successfully pushed crash log to GitHub!
[CRASH HANDLER] Successfully pushed crash log to GitHub!

Elapsed run time = 43209.3275 s

Elapsed run time = 43209.3292 s
[CRASH HANDLER] Successfully pushed crash log to GitHub!
[CRASH HANDLER] Successfully pushed crash log to GitHub!

Elapsed run time = 43209.3324 s

Elapsed run time = 43209.3359 s

Elapsed run time = 43209.3360 s
[CRASH HANDLER] Successfully pushed crash log to GitHub!
[CRASH HANDLER] Successfully pushed crash log to GitHub!

Elapsed run time = 43209.3423 s
[CRASH HANDLER] Successfully pushed crash log to GitHub!

Elapsed run time = 43209.3458 s
[CRASH HANDLER] Successfully pushed crash log to GitHub!
[CRASH HANDLER] Successfully pushed crash log to GitHub!

Elapsed run time = 43209.3492 s

Elapsed run time = 43209.3523 s

Elapsed run time = 43209.3546 s
[CRASH HANDLER] Successfully pushed crash log to GitHub!

Elapsed run time = 43209.3616 s
[CRASH HANDLER] Successfully pushed crash log to GitHub!
[CRASH HANDLER] Successfully pushed crash log to GitHub!
[CRASH HANDLER] Successfully pushed crash log to GitHub!

Elapsed run time = 43209.3710 s

Elapsed run time = 43209.3720 s
[CRASH HANDLER] Successfully pushed crash log to GitHub!

Elapsed run time = 43209.3760 s
[CRASH HANDLER] Successfully pushed crash log to GitHub!

Elapsed run time = 43209.3802 s
[CRASH HANDLER] Successfully pushed crash log to GitHub!

Elapsed run time = 43209.3844 s
[CRASH HANDLER] Successfully pushed crash log to GitHub!
[CRASH HANDLER] Successfully pushed crash log to GitHub!

Elapsed run time = 43209.3890 s
[CRASH HANDLER] Successfully pushed crash log to GitHub!

Elapsed run time = 43209.3906 s
[CRASH HANDLER] Successfully pushed crash log to GitHub!

Elapsed run time = 43209.3937 s

Elapsed run time = 43209.3947 s

Elapsed run time = 43209.3987 s
[CRASH HANDLER] Successfully pushed crash log to GitHub!

Elapsed run time = 43209.4052 s
[CRASH HANDLER] Successfully pushed crash log to GitHub!
[CRASH HANDLER] Successfully pushed crash log to GitHub!

Elapsed run time = 43209.4129 s
[CRASH HANDLER] Successfully pushed crash log to GitHub!

Elapsed run time = 43209.4155 s

Elapsed run time = 43209.4187 s
[CRASH HANDLER] Successfully pushed crash log to GitHub!

Elapsed run time = 43209.4401 s
[CRASH HANDLER] Successfully pushed crash log to GitHub!

Elapsed run time = 43209.4459 s
[CRASH HANDLER] Successfully pushed crash log to GitHub!
[CRASH HANDLER] Successfully pushed crash log to GitHub!

Elapsed run time = 43209.4599 s

Elapsed run time = 43209.4654 s
[CRASH HANDLER] Successfully pushed crash log to GitHub!

Elapsed run time = 43209.4774 s
[CRASH HANDLER] Successfully pushed crash log to GitHub!

Elapsed run time = 43209.4870 s
[CRASH HANDLER] Successfully pushed crash log to GitHub!
[CRASH HANDLER] Successfully pushed crash log to GitHub!

Elapsed run time = 43209.4958 s

Elapsed run time = 43209.4977 s
[CRASH HANDLER] Successfully pushed crash log to GitHub!

Elapsed run time = 43209.5209 s
[CRASH HANDLER] Successfully pushed crash log to GitHub!

Elapsed run time = 43209.5901 s
[CRASH HANDLER] Successfully pushed crash log to GitHub!

Elapsed run time = 43209.6369 s
On branch main
Your branch is up to date with 'origin/main'.

Changes not staged for commit:
  (use "git add <file>..." to update what will be committed)
  (use "git restore <file>..." to discard changes in working directory)
	modified:   cluster_diagnostics/master_crash_report.json

Untracked files:
  (use "git add <file>..." to include in what will be committed)
	cluster_diagnostics/crash_logs/crash_task_-1_20260922_190613.log
	cluster_diagnostics/crash_logs/crash_task_-1_20260922_190627.log

no changes added to commit (use "git add" and/or "git commit -a")
[CRASH HANDLER] Successfully pushed crash log to GitHub!

Elapsed run time = 43211.3661 s
[CRASH HANDLER] Successfully pushed crash log to GitHub!
[CRASH HANDLER] Successfully pushed crash log to GitHub!
[CRASH HANDLER] Successfully pushed crash log to GitHub!
[CRASH HANDLER] Successfully pushed crash log to GitHub!
[CRASH HANDLER] Successfully pushed crash log to GitHub!

Elapsed run time = 43213.6549 s

Elapsed run time = 43213.6550 s

Elapsed run time = 43213.6552 s

Elapsed run time = 43213.6553 s

Elapsed run time = 43213.6587 s
Command failed with exit status 143.
==================================================
[CRASH DETECTED] Task 6 exited with status code 143
==================================================
