================================================================================
CASIMIR_CLUTCH TASK: 6 / 10
Host: x1000c5s3b1n1
Started: Thu Sep 24 05:31:25 PM EDT 2026
================================================================================
Reading task parameters from sweep_configs_clutch/config_006.json...
Executing Quantum Clutch Simulation
Label: Clutch: Menger Spire (N=3) vs Sierpinski Sieve (N=3), d=80nm, th=0.0deg
Params: d=0.08 um, N_top=3, N_bot=3, mat=Gold, res=60, nmax=1, theta=0.0 deg, alpha=75.0 deg, r_tip=5.0 nm, eps=1.0
==================================================
RUNNING CRASH-PROOF MEEP SIMULATION WRAPPER
==================================================
Executing: srun -n 128 /N/u/gogordon/BigRed200/.conda/envs/meep/bin/python execution/run_meep_simulation.py --L 2.0 --d 0.08 --N 3 --N-bottom 3 --theta 0.0 --material Gold --res 60 --nmax 1 --eps-bg 1.0 --config all --no-subgroups --T-run 12.0 --max-walltime-hours 11.0 --campaign-task-id 6 --clutch --corrugation-angle 75.0 --r-tip 5.0
Starting simulation: d=0.08 um, N_top=3, N_bottom=3, material=Gold, resolution=60, nmax=1, theta=0.0, eps_bg=1.0, config=all, clutch=True, stepped_sieve=False, corrugated=False
Parallel configuration: 128 processes running 1 parallel moment partitions.
Loaded cached 'both' force: 1.207199e+03 from .tmp/chk_v4_d_0.0800_Ntop_3_Nbot_3_mat_Gold_res_60_th_0.0_clutch_al_75.0_rtip_5.0_L_2.00_both.json
[SELF] Loaded 19 cached moments from .tmp/chk_moments_v4_d_0.0800_Ntop_3_Nbot_3_mat_Gold_res_60_th_0.0_clutch_al_75.0_rtip_5.0_L_2.00_self.json
  [SELF][Rank 0] Skipped moment 1/36 (task 0) [CACHED]: force_integral=+3.321319e-01
  [SELF][Rank 0] Skipped moment 2/36 (task 1) [CACHED]: force_integral=+3.321319e-01
  [SELF][Rank 0] Skipped moment 3/36 (task 2) [CACHED]: force_integral=+0.000000e+00
  [SELF][Rank 0] Skipped moment 4/36 (task 3) [CACHED]: force_integral=+0.000000e+00
  [SELF][Rank 0] Skipped moment 5/36 (task 4) [CACHED]: force_integral=-4.109556e+02
  [SELF][Rank 0] Skipped moment 6/36 (task 5) [CACHED]: force_integral=+4.261280e+02
  [SELF][Rank 0] Skipped moment 7/36 (task 6) [CACHED]: force_integral=+0.000000e+00
  [SELF][Rank 0] Skipped moment 8/36 (task 7) [CACHED]: force_integral=+0.000000e+00
  [SELF][Rank 0] Skipped moment 9/36 (task 8) [CACHED]: force_integral=+7.519375e-01
  [SELF][Rank 0] Skipped moment 10/36 (task 9) [CACHED]: force_integral=+7.519375e-01
  [SELF][Rank 0] Skipped moment 11/36 (task 10) [CACHED]: force_integral=-1.901725e+03
  [SELF][Rank 0] Skipped moment 12/36 (task 11) [CACHED]: force_integral=+1.744000e+03
  [SELF][Rank 0] Skipped moment 13/36 (task 12) [CACHED]: force_integral=+0.000000e+00
  [SELF][Rank 0] Skipped moment 14/36 (task 13) [CACHED]: force_integral=+0.000000e+00
  [SELF][Rank 0] Skipped moment 15/36 (task 14) [CACHED]: force_integral=+0.000000e+00
  [SELF][Rank 0] Skipped moment 16/36 (task 15) [CACHED]: force_integral=+0.000000e+00
  [SELF][Rank 0] Skipped moment 17/36 (task 16) [CACHED]: force_integral=+2.630256e+03
  [SELF][Rank 0] Skipped moment 18/36 (task 17) [CACHED]: force_integral=-3.051846e+03
  [SELF][Rank 0] Skipped moment 19/36 (task 18) [CACHED]: force_integral=-6.352680e-01
  [SELF][Rank 0] Done moment 20/36 (task 19): force_integral=-6.352680e-01
  [SELF][Rank 0] Done moment 20/36 (task 19): force_integral=-6.352680e-01
  [SELF][Rank 0] Done moment 20/36 (task 19): force_integral=-6.352680e-01
  [SELF][Rank 0] Done moment 20/36 (task 19): force_integral=-6.352680e-01
  [SELF][Rank 0] Done moment 20/36 (task 19): force_integral=-6.352680e-01
  [SELF][Rank 0] Done moment 20/36 (task 19): force_integral=-6.352680e-01
  [SELF][Rank 0] Done moment 20/36 (task 19): force_integral=-6.352680e-01
  [SELF][Rank 0] Done moment 20/36 (task 19): force_integral=-6.352680e-01
  [SELF][Rank 0] Done moment 20/36 (task 19): force_integral=-6.352680e-01
  [SELF][Rank 0] Done moment 20/36 (task 19): force_integral=-6.352680e-01
  [SELF][Rank 0] Done moment 20/36 (task 19): force_integral=-6.352680e-01
  [SELF][Rank 0] Done moment 20/36 (task 19): force_integral=-6.352680e-01
  [SELF][Rank 0] Done moment 20/36 (task 19): force_integral=-6.352680e-01
  [SELF][Rank 0] Done moment 20/36 (task 19): force_integral=-6.352680e-01
  [SELF][Rank 0] Done moment 20/36 (task 19): force_integral=-6.352680e-01
  [SELF][Rank 0] Done moment 20/36 (task 19): force_integral=-6.352680e-01
  [SELF][Rank 0] Done moment 20/36 (task 19): force_integral=-6.352680e-01
  [SELF][Rank 0] Done moment 20/36 (task 19): force_integral=-6.352680e-01
  [SELF][Rank 0] Done moment 20/36 (task 19): force_integral=-6.352680e-01
  [SELF][Rank 0] Done moment 20/36 (task 19): force_integral=-6.352680e-01
  [SELF][Rank 0] Done moment 20/36 (task 19): force_integral=-6.352680e-01
  [SELF][Rank 0] Done moment 20/36 (task 19): force_integral=-6.352680e-01
  [SELF][Rank 0] Done moment 20/36 (task 19): force_integral=-6.352680e-01
  [SELF][Rank 0] Done moment 20/36 (task 19): force_integral=-6.352680e-01
  [SELF][Rank 0] Done moment 20/36 (task 19): force_integral=-6.352680e-01
  [SELF][Rank 0] Done moment 20/36 (task 19): force_integral=-6.352680e-01
  [SELF][Rank 0] Done moment 20/36 (task 19): force_integral=-6.352680e-01
  [SELF][Rank 0] Done moment 20/36 (task 19): force_integral=-6.352680e-01
  [SELF][Rank 0] Done moment 20/36 (task 19): force_integral=-6.352680e-01
  [SELF][Rank 0] Done moment 20/36 (task 19): force_integral=-6.352680e-01
  [SELF][Rank 0] Done moment 20/36 (task 19): force_integral=-6.352680e-01
  [SELF][Rank 0] Done moment 20/36 (task 19): force_integral=-6.352680e-01
  [SELF][Rank 0] Done moment 20/36 (task 19): force_integral=-6.352680e-01
  [SELF][Rank 0] Done moment 20/36 (task 19): force_integral=-6.352680e-01
  [SELF][Rank 0] Done moment 20/36 (task 19): force_integral=-6.352680e-01
  [SELF][Rank 0] Done moment 20/36 (task 19): force_integral=-6.352680e-01
  [SELF][Rank 0] Done moment 20/36 (task 19): force_integral=-6.352680e-01
  [SELF][Rank 0] Done moment 20/36 (task 19): force_integral=-6.352680e-01
  [SELF][Rank 0] Done moment 20/36 (task 19): force_integral=-6.352680e-01
  [SELF][Rank 0] Done moment 20/36 (task 19): force_integral=-6.352680e-01
  [SELF][Rank 0] Done moment 20/36 (task 19): force_integral=-6.352680e-01
  [SELF][Rank 0] Done moment 20/36 (task 19): force_integral=-6.352680e-01
  [SELF][Rank 0] Done moment 20/36 (task 19): force_integral=-6.352680e-01
  [SELF][Rank 0] Done moment 20/36 (task 19): force_integral=-6.352680e-01
  [SELF][Rank 0] Done moment 20/36 (task 19): force_integral=-6.352680e-01
  [SELF][Rank 0] Done moment 20/36 (task 19): force_integral=-6.352680e-01
  [SELF][Rank 0] Done moment 20/36 (task 19): force_integral=-6.352680e-01
  [SELF][Rank 0] Done moment 20/36 (task 19): force_integral=-6.352680e-01
  [SELF][Rank 0] Done moment 20/36 (task 19): force_integral=-6.352680e-01
  [SELF][Rank 0] Done moment 20/36 (task 19): force_integral=-6.352680e-01
  [SELF][Rank 0] Done moment 20/36 (task 19): force_integral=-6.352680e-01
  [SELF][Rank 0] Done moment 20/36 (task 19): force_integral=-6.352680e-01
  [SELF][Rank 0] Done moment 20/36 (task 19): force_integral=-6.352680e-01
  [SELF][Rank 0] Done moment 20/36 (task 19): force_integral=-6.352680e-01
  [SELF][Rank 0] Done moment 20/36 (task 19): force_integral=-6.352680e-01
  [SELF][Rank 0] Done moment 20/36 (task 19): force_integral=-6.352680e-01
  [SELF][Rank 0] Done moment 20/36 (task 19): force_integral=-6.352680e-01
  [SELF][Rank 0] Done moment 20/36 (task 19): force_integral=-6.352680e-01
  [SELF][Rank 0] Done moment 20/36 (task 19): force_integral=-6.352680e-01
  [SELF][Rank 0] Done moment 20/36 (task 19): force_integral=-6.352680e-01
  [SELF][Rank 0] Done moment 20/36 (task 19): force_integral=-6.352680e-01
  [SELF][Rank 0] Done moment 20/36 (task 19): force_integral=-6.352680e-01
  [SELF][Rank 0] Done moment 20/36 (task 19): force_integral=-6.352680e-01
  [SELF][Rank 0] Done moment 20/36 (task 19): force_integral=-6.352680e-01
  [SELF][Rank 0] Done moment 20/36 (task 19): force_integral=-6.352680e-01
  [SELF][Rank 0] Done moment 20/36 (task 19): force_integral=-6.352680e-01
  [SELF][Rank 0] Done moment 20/36 (task 19): force_integral=-6.352680e-01
  [SELF][Rank 0] Done moment 20/36 (task 19): force_integral=-6.352680e-01
  [SELF][Rank 0] Done moment 20/36 (task 19): force_integral=-6.352680e-01
  [SELF][Rank 0] Done moment 20/36 (task 19): force_integral=-6.352680e-01
  [SELF][Rank 0] Done moment 20/36 (task 19): force_integral=-6.352680e-01
  [SELF][Rank 0] Done moment 20/36 (task 19): force_integral=-6.352680e-01
  [SELF][Rank 0] Done moment 20/36 (task 19): force_integral=-6.352680e-01
  [SELF][Rank 0] Done moment 20/36 (task 19): force_integral=-6.352680e-01
  [SELF][Rank 0] Done moment 20/36 (task 19): force_integral=-6.352680e-01
  [SELF][Rank 0] Done moment 20/36 (task 19): force_integral=-6.352680e-01
  [SELF][Rank 0] Done moment 20/36 (task 19): force_integral=-6.352680e-01
  [SELF][Rank 0] Done moment 20/36 (task 19): force_integral=-6.352680e-01
  [SELF][Rank 0] Done moment 20/36 (task 19): force_integral=-6.352680e-01
  [SELF][Rank 0] Done moment 20/36 (task 19): force_integral=-6.352680e-01
  [SELF][Rank 0] Done moment 20/36 (task 19): force_integral=-6.352680e-01
  [SELF][Rank 0] Done moment 20/36 (task 19): force_integral=-6.352680e-01
  [SELF][Rank 0] Done moment 20/36 (task 19): force_integral=-6.352680e-01
  [SELF][Rank 0] Done moment 20/36 (task 19): force_integral=-6.352680e-01
  [SELF][Rank 0] Done moment 20/36 (task 19): force_integral=-6.352680e-01
  [SELF][Rank 0] Done moment 20/36 (task 19): force_integral=-6.352680e-01
  [SELF][Rank 0] Done moment 20/36 (task 19): force_integral=-6.352680e-01
  [SELF][Rank 0] Done moment 20/36 (task 19): force_integral=-6.352680e-01
  [SELF][Rank 0] Done moment 20/36 (task 19): force_integral=-6.352680e-01
  [SELF][Rank 0] Done moment 20/36 (task 19): force_integral=-6.352680e-01
  [SELF][Rank 0] Done moment 20/36 (task 19): force_integral=-6.352680e-01
  [SELF][Rank 0] Done moment 20/36 (task 19): force_integral=-6.352680e-01
  [SELF][Rank 0] Done moment 20/36 (task 19): force_integral=-6.352680e-01
  [SELF][Rank 0] Done moment 20/36 (task 19): force_integral=-6.352680e-01
  [SELF][Rank 0] Done moment 20/36 (task 19): force_integral=-6.352680e-01
  [SELF][Rank 0] Done moment 20/36 (task 19): force_integral=-6.352680e-01
  [SELF][Rank 0] Done moment 20/36 (task 19): force_integral=-6.352680e-01
  [SELF][Rank 0] Done moment 20/36 (task 19): force_integral=-6.352680e-01
  [SELF][Rank 0] Done moment 20/36 (task 19): force_integral=-6.352680e-01
  [SELF][Rank 0] Done moment 20/36 (task 19): force_integral=-6.352680e-01
  [SELF][Rank 0] Done moment 20/36 (task 19): force_integral=-6.352680e-01
  [SELF][Rank 0] Done moment 20/36 (task 19): force_integral=-6.352680e-01
  [SELF][Rank 0] Done moment 20/36 (task 19): force_integral=-6.352680e-01
  [SELF][Rank 0] Done moment 20/36 (task 19): force_integral=-6.352680e-01
  [SELF][Rank 0] Done moment 20/36 (task 19): force_integral=-6.352680e-01
  [SELF][Rank 0] Done moment 20/36 (task 19): force_integral=-6.352680e-01
  [SELF][Rank 0] Done moment 20/36 (task 19): force_integral=-6.352680e-01
  [SELF][Rank 0] Done moment 20/36 (task 19): force_integral=-6.352680e-01
  [SELF][Rank 0] Done moment 20/36 (task 19): force_integral=-6.352680e-01
  [SELF][Rank 0] Done moment 20/36 (task 19): force_integral=-6.352680e-01
  [SELF][Rank 0] Done moment 20/36 (task 19): force_integral=-6.352680e-01
  [SELF][Rank 0] Done moment 20/36 (task 19): force_integral=-6.352680e-01
  [SELF][Rank 0] Done moment 20/36 (task 19): force_integral=-6.352680e-01
  [SELF][Rank 0] Done moment 20/36 (task 19): force_integral=-6.352680e-01
  [SELF][Rank 0] Done moment 20/36 (task 19): force_integral=-6.352680e-01
  [SELF][Rank 0] Done moment 20/36 (task 19): force_integral=-6.352680e-01
  [SELF][Rank 0] Done moment 20/36 (task 19): force_integral=-6.352680e-01
  [SELF][Rank 0] Done moment 20/36 (task 19): force_integral=-6.352680e-01
  [SELF][Rank 0] Done moment 20/36 (task 19): force_integral=-6.352680e-01
  [SELF][Rank 0] Done moment 20/36 (task 19): force_integral=-6.352680e-01
  [SELF][Rank 0] Done moment 20/36 (task 19): force_integral=-6.352680e-01
  [SELF][Rank 0] Done moment 20/36 (task 19): force_integral=-6.352680e-01
  [SELF][Rank 0] Done moment 20/36 (task 19): force_integral=-6.352680e-01
  [SELF][Rank 0] Done moment 20/36 (task 19): force_integral=-6.352680e-01
  [SELF][Rank 0] Done moment 20/36 (task 19): force_integral=-6.352680e-01
  [SELF][Rank 0] Done moment 20/36 (task 19): force_integral=-6.352680e-01
  [SELF][Rank 0] Done moment 20/36 (task 19): force_integral=-6.352680e-01
  [SELF][Rank 0] Done moment 20/36 (task 19): force_integral=-6.352680e-01
  [SELF][Rank 0] Done moment 21/36 (task 20): force_integral=+0.000000e+00
  [SELF][Rank 0] Done moment 21/36 (task 20): force_integral=+0.000000e+00
  [SELF][Rank 0] Done moment 21/36 (task 20): force_integral=+0.000000e+00
  [SELF][Rank 0] Done moment 21/36 (task 20): force_integral=+0.000000e+00
  [SELF][Rank 0] Done moment 21/36 (task 20): force_integral=+0.000000e+00
  [SELF][Rank 0] Done moment 21/36 (task 20): force_integral=+0.000000e+00
  [SELF][Rank 0] Done moment 21/36 (task 20): force_integral=+0.000000e+00
  [SELF][Rank 0] Done moment 21/36 (task 20): force_integral=+0.000000e+00
  [SELF][Rank 0] Done moment 21/36 (task 20): force_integral=+0.000000e+00
  [SELF][Rank 0] Done moment 21/36 (task 20): force_integral=+0.000000e+00
  [SELF][Rank 0] Done moment 21/36 (task 20): force_integral=+0.000000e+00
  [SELF][Rank 0] Done moment 21/36 (task 20): force_integral=+0.000000e+00
  [SELF][Rank 0] Done moment 21/36 (task 20): force_integral=+0.000000e+00
  [SELF][Rank 0] Done moment 21/36 (task 20): force_integral=+0.000000e+00
  [SELF][Rank 0] Done moment 21/36 (task 20): force_integral=+0.000000e+00
  [SELF][Rank 0] Done moment 21/36 (task 20): force_integral=+0.000000e+00
  [SELF][Rank 0] Done moment 21/36 (task 20): force_integral=+0.000000e+00
  [SELF][Rank 0] Done moment 21/36 (task 20): force_integral=+0.000000e+00
  [SELF][Rank 0] Done moment 21/36 (task 20): force_integral=+0.000000e+00
  [SELF][Rank 0] Done moment 21/36 (task 20): force_integral=+0.000000e+00
  [SELF][Rank 0] Done moment 21/36 (task 20): force_integral=+0.000000e+00
  [SELF][Rank 0] Done moment 21/36 (task 20): force_integral=+0.000000e+00
  [SELF][Rank 0] Done moment 21/36 (task 20): force_integral=+0.000000e+00
  [SELF][Rank 0] Done moment 21/36 (task 20): force_integral=+0.000000e+00
  [SELF][Rank 0] Done moment 21/36 (task 20): force_integral=+0.000000e+00
  [SELF][Rank 0] Done moment 21/36 (task 20): force_integral=+0.000000e+00
  [SELF][Rank 0] Done moment 21/36 (task 20): force_integral=+0.000000e+00
  [SELF][Rank 0] Done moment 21/36 (task 20): force_integral=+0.000000e+00
  [SELF][Rank 0] Done moment 21/36 (task 20): force_integral=+0.000000e+00
  [SELF][Rank 0] Done moment 21/36 (task 20): force_integral=+0.000000e+00
  [SELF][Rank 0] Done moment 21/36 (task 20): force_integral=+0.000000e+00
  [SELF][Rank 0] Done moment 21/36 (task 20): force_integral=+0.000000e+00
  [SELF][Rank 0] Done moment 21/36 (task 20): force_integral=+0.000000e+00
  [SELF][Rank 0] Done moment 21/36 (task 20): force_integral=+0.000000e+00
  [SELF][Rank 0] Done moment 21/36 (task 20): force_integral=+0.000000e+00
  [SELF][Rank 0] Done moment 21/36 (task 20): force_integral=+0.000000e+00
  [SELF][Rank 0] Done moment 21/36 (task 20): force_integral=+0.000000e+00
  [SELF][Rank 0] Done moment 21/36 (task 20): force_integral=+0.000000e+00
  [SELF][Rank 0] Done moment 21/36 (task 20): force_integral=+0.000000e+00
  [SELF][Rank 0] Done moment 21/36 (task 20): force_integral=+0.000000e+00
  [SELF][Rank 0] Done moment 21/36 (task 20): force_integral=+0.000000e+00
  [SELF][Rank 0] Done moment 21/36 (task 20): force_integral=+0.000000e+00
  [SELF][Rank 0] Done moment 21/36 (task 20): force_integral=+0.000000e+00
  [SELF][Rank 0] Done moment 21/36 (task 20): force_integral=+0.000000e+00
  [SELF][Rank 0] Done moment 21/36 (task 20): force_integral=+0.000000e+00
  [SELF][Rank 0] Done moment 21/36 (task 20): force_integral=+0.000000e+00
  [SELF][Rank 0] Done moment 21/36 (task 20): force_integral=+0.000000e+00
  [SELF][Rank 0] Done moment 21/36 (task 20): force_integral=+0.000000e+00
  [SELF][Rank 0] Done moment 21/36 (task 20): force_integral=+0.000000e+00
  [SELF][Rank 0] Done moment 21/36 (task 20): force_integral=+0.000000e+00
  [SELF][Rank 0] Done moment 21/36 (task 20): force_integral=+0.000000e+00
  [SELF][Rank 0] Done moment 21/36 (task 20): force_integral=+0.000000e+00
  [SELF][Rank 0] Done moment 21/36 (task 20): force_integral=+0.000000e+00
  [SELF][Rank 0] Done moment 21/36 (task 20): force_integral=+0.000000e+00
  [SELF][Rank 0] Done moment 21/36 (task 20): force_integral=+0.000000e+00
  [SELF][Rank 0] Done moment 21/36 (task 20): force_integral=+0.000000e+00
  [SELF][Rank 0] Done moment 21/36 (task 20): force_integral=+0.000000e+00
  [SELF][Rank 0] Done moment 21/36 (task 20): force_integral=+0.000000e+00
  [SELF][Rank 0] Done moment 21/36 (task 20): force_integral=+0.000000e+00
  [SELF][Rank 0] Done moment 21/36 (task 20): force_integral=+0.000000e+00
  [SELF][Rank 0] Done moment 21/36 (task 20): force_integral=+0.000000e+00
  [SELF][Rank 0] Done moment 21/36 (task 20): force_integral=+0.000000e+00
  [SELF][Rank 0] Done moment 21/36 (task 20): force_integral=+0.000000e+00
  [SELF][Rank 0] Done moment 21/36 (task 20): force_integral=+0.000000e+00
  [SELF][Rank 0] Done moment 21/36 (task 20): force_integral=+0.000000e+00
  [SELF][Rank 0] Done moment 21/36 (task 20): force_integral=+0.000000e+00
  [SELF][Rank 0] Done moment 21/36 (task 20): force_integral=+0.000000e+00
  [SELF][Rank 0] Done moment 21/36 (task 20): force_integral=+0.000000e+00
  [SELF][Rank 0] Done moment 21/36 (task 20): force_integral=+0.000000e+00
  [SELF][Rank 0] Done moment 21/36 (task 20): force_integral=+0.000000e+00
  [SELF][Rank 0] Done moment 21/36 (task 20): force_integral=+0.000000e+00
  [SELF][Rank 0] Done moment 21/36 (task 20): force_integral=+0.000000e+00
  [SELF][Rank 0] Done moment 21/36 (task 20): force_integral=+0.000000e+00
  [SELF][Rank 0] Done moment 21/36 (task 20): force_integral=+0.000000e+00
  [SELF][Rank 0] Done moment 21/36 (task 20): force_integral=+0.000000e+00
  [SELF][Rank 0] Done moment 21/36 (task 20): force_integral=+0.000000e+00
  [SELF][Rank 0] Done moment 21/36 (task 20): force_integral=+0.000000e+00
  [SELF][Rank 0] Done moment 21/36 (task 20): force_integral=+0.000000e+00
  [SELF][Rank 0] Done moment 21/36 (task 20): force_integral=+0.000000e+00
  [SELF][Rank 0] Done moment 21/36 (task 20): force_integral=+0.000000e+00
  [SELF][Rank 0] Done moment 21/36 (task 20): force_integral=+0.000000e+00
  [SELF][Rank 0] Done moment 21/36 (task 20): force_integral=+0.000000e+00
  [SELF][Rank 0] Done moment 21/36 (task 20): force_integral=+0.000000e+00
  [SELF][Rank 0] Done moment 21/36 (task 20): force_integral=+0.000000e+00
  [SELF][Rank 0] Done moment 21/36 (task 20): force_integral=+0.000000e+00
  [SELF][Rank 0] Done moment 21/36 (task 20): force_integral=+0.000000e+00
  [SELF][Rank 0] Done moment 21/36 (task 20): force_integral=+0.000000e+00
  [SELF][Rank 0] Done moment 21/36 (task 20): force_integral=+0.000000e+00
  [SELF][Rank 0] Done moment 21/36 (task 20): force_integral=+0.000000e+00
  [SELF][Rank 0] Done moment 21/36 (task 20): force_integral=+0.000000e+00
  [SELF][Rank 0] Done moment 21/36 (task 20): force_integral=+0.000000e+00
  [SELF][Rank 0] Done moment 21/36 (task 20): force_integral=+0.000000e+00
  [SELF][Rank 0] Done moment 21/36 (task 20): force_integral=+0.000000e+00
  [SELF][Rank 0] Done moment 21/36 (task 20): force_integral=+0.000000e+00
  [SELF][Rank 0] Done moment 21/36 (task 20): force_integral=+0.000000e+00
  [SELF][Rank 0] Done moment 21/36 (task 20): force_integral=+0.000000e+00
  [SELF][Rank 0] Done moment 21/36 (task 20): force_integral=+0.000000e+00
  [SELF][Rank 0] Done moment 21/36 (task 20): force_integral=+0.000000e+00
  [SELF][Rank 0] Done moment 21/36 (task 20): force_integral=+0.000000e+00
  [SELF][Rank 0] Done moment 21/36 (task 20): force_integral=+0.000000e+00
  [SELF][Rank 0] Done moment 21/36 (task 20): force_integral=+0.000000e+00
  [SELF][Rank 0] Done moment 21/36 (task 20): force_integral=+0.000000e+00
  [SELF][Rank 0] Done moment 21/36 (task 20): force_integral=+0.000000e+00
  [SELF][Rank 0] Done moment 21/36 (task 20): force_integral=+0.000000e+00
  [SELF][Rank 0] Done moment 21/36 (task 20): force_integral=+0.000000e+00
  [SELF][Rank 0] Done moment 21/36 (task 20): force_integral=+0.000000e+00
  [SELF][Rank 0] Done moment 21/36 (task 20): force_integral=+0.000000e+00
  [SELF][Rank 0] Done moment 21/36 (task 20): force_integral=+0.000000e+00
  [SELF][Rank 0] Done moment 21/36 (task 20): force_integral=+0.000000e+00
  [SELF][Rank 0] Done moment 21/36 (task 20): force_integral=+0.000000e+00
  [SELF][Rank 0] Done moment 21/36 (task 20): force_integral=+0.000000e+00
  [SELF][Rank 0] Done moment 21/36 (task 20): force_integral=+0.000000e+00
  [SELF][Rank 0] Done moment 21/36 (task 20): force_integral=+0.000000e+00
  [SELF][Rank 0] Done moment 21/36 (task 20): force_integral=+0.000000e+00
  [SELF][Rank 0] Done moment 21/36 (task 20): force_integral=+0.000000e+00
  [SELF][Rank 0] Done moment 21/36 (task 20): force_integral=+0.000000e+00
  [SELF][Rank 0] Done moment 21/36 (task 20): force_integral=+0.000000e+00
  [SELF][Rank 0] Done moment 21/36 (task 20): force_integral=+0.000000e+00
  [SELF][Rank 0] Done moment 21/36 (task 20): force_integral=+0.000000e+00
  [SELF][Rank 0] Done moment 21/36 (task 20): force_integral=+0.000000e+00
  [SELF][Rank 0] Done moment 21/36 (task 20): force_integral=+0.000000e+00
  [SELF][Rank 0] Done moment 21/36 (task 20): force_integral=+0.000000e+00
  [SELF][Rank 0] Done moment 21/36 (task 20): force_integral=+0.000000e+00
  [SELF][Rank 0] Done moment 21/36 (task 20): force_integral=+0.000000e+00
  [SELF][Rank 0] Done moment 21/36 (task 20): force_integral=+0.000000e+00
  [SELF][Rank 0] Done moment 21/36 (task 20): force_integral=+0.000000e+00
  [SELF][Rank 0] Done moment 21/36 (task 20): force_integral=+0.000000e+00
  [SELF][Rank 0] Done moment 21/36 (task 20): force_integral=+0.000000e+00
  [SELF][Rank 0] Done moment 22/36 (task 21): force_integral=+0.000000e+00
  [SELF][Rank 0] Done moment 22/36 (task 21): force_integral=+0.000000e+00
  [SELF][Rank 0] Done moment 22/36 (task 21): force_integral=+0.000000e+00
  [SELF][Rank 0] Done moment 22/36 (task 21): force_integral=+0.000000e+00
  [SELF][Rank 0] Done moment 22/36 (task 21): force_integral=+0.000000e+00
  [SELF][Rank 0] Done moment 22/36 (task 21): force_integral=+0.000000e+00
  [SELF][Rank 0] Done moment 22/36 (task 21): force_integral=+0.000000e+00
  [SELF][Rank 0] Done moment 22/36 (task 21): force_integral=+0.000000e+00
  [SELF][Rank 0] Done moment 22/36 (task 21): force_integral=+0.000000e+00
  [SELF][Rank 0] Done moment 22/36 (task 21): force_integral=+0.000000e+00
  [SELF][Rank 0] Done moment 22/36 (task 21): force_integral=+0.000000e+00
  [SELF][Rank 0] Done moment 22/36 (task 21): force_integral=+0.000000e+00
  [SELF][Rank 0] Done moment 22/36 (task 21): force_integral=+0.000000e+00
  [SELF][Rank 0] Done moment 22/36 (task 21): force_integral=+0.000000e+00
  [SELF][Rank 0] Done moment 22/36 (task 21): force_integral=+0.000000e+00
  [SELF][Rank 0] Done moment 22/36 (task 21): force_integral=+0.000000e+00
  [SELF][Rank 0] Done moment 22/36 (task 21): force_integral=+0.000000e+00
  [SELF][Rank 0] Done moment 22/36 (task 21): force_integral=+0.000000e+00
  [SELF][Rank 0] Done moment 22/36 (task 21): force_integral=+0.000000e+00
  [SELF][Rank 0] Done moment 22/36 (task 21): force_integral=+0.000000e+00
  [SELF][Rank 0] Done moment 22/36 (task 21): force_integral=+0.000000e+00
  [SELF][Rank 0] Done moment 22/36 (task 21): force_integral=+0.000000e+00
  [SELF][Rank 0] Done moment 22/36 (task 21): force_integral=+0.000000e+00
  [SELF][Rank 0] Done moment 22/36 (task 21): force_integral=+0.000000e+00
  [SELF][Rank 0] Done moment 22/36 (task 21): force_integral=+0.000000e+00
  [SELF][Rank 0] Done moment 22/36 (task 21): force_integral=+0.000000e+00
  [SELF][Rank 0] Done moment 22/36 (task 21): force_integral=+0.000000e+00
  [SELF][Rank 0] Done moment 22/36 (task 21): force_integral=+0.000000e+00
  [SELF][Rank 0] Done moment 22/36 (task 21): force_integral=+0.000000e+00
  [SELF][Rank 0] Done moment 22/36 (task 21): force_integral=+0.000000e+00
  [SELF][Rank 0] Done moment 22/36 (task 21): force_integral=+0.000000e+00
  [SELF][Rank 0] Done moment 22/36 (task 21): force_integral=+0.000000e+00
  [SELF][Rank 0] Done moment 22/36 (task 21): force_integral=+0.000000e+00
  [SELF][Rank 0] Done moment 22/36 (task 21): force_integral=+0.000000e+00
  [SELF][Rank 0] Done moment 22/36 (task 21): force_integral=+0.000000e+00
  [SELF][Rank 0] Done moment 22/36 (task 21): force_integral=+0.000000e+00
  [SELF][Rank 0] Done moment 22/36 (task 21): force_integral=+0.000000e+00
  [SELF][Rank 0] Done moment 22/36 (task 21): force_integral=+0.000000e+00
  [SELF][Rank 0] Done moment 22/36 (task 21): force_integral=+0.000000e+00
  [SELF][Rank 0] Done moment 22/36 (task 21): force_integral=+0.000000e+00
  [SELF][Rank 0] Done moment 22/36 (task 21): force_integral=+0.000000e+00
  [SELF][Rank 0] Done moment 22/36 (task 21): force_integral=+0.000000e+00
  [SELF][Rank 0] Done moment 22/36 (task 21): force_integral=+0.000000e+00
  [SELF][Rank 0] Done moment 22/36 (task 21): force_integral=+0.000000e+00
  [SELF][Rank 0] Done moment 22/36 (task 21): force_integral=+0.000000e+00
  [SELF][Rank 0] Done moment 22/36 (task 21): force_integral=+0.000000e+00
  [SELF][Rank 0] Done moment 22/36 (task 21): force_integral=+0.000000e+00
  [SELF][Rank 0] Done moment 22/36 (task 21): force_integral=+0.000000e+00
  [SELF][Rank 0] Done moment 22/36 (task 21): force_integral=+0.000000e+00
  [SELF][Rank 0] Done moment 22/36 (task 21): force_integral=+0.000000e+00
  [SELF][Rank 0] Done moment 22/36 (task 21): force_integral=+0.000000e+00
  [SELF][Rank 0] Done moment 22/36 (task 21): force_integral=+0.000000e+00
  [SELF][Rank 0] Done moment 22/36 (task 21): force_integral=+0.000000e+00
  [SELF][Rank 0] Done moment 22/36 (task 21): force_integral=+0.000000e+00
  [SELF][Rank 0] Done moment 22/36 (task 21): force_integral=+0.000000e+00
  [SELF][Rank 0] Done moment 22/36 (task 21): force_integral=+0.000000e+00
  [SELF][Rank 0] Done moment 22/36 (task 21): force_integral=+0.000000e+00
  [SELF][Rank 0] Done moment 22/36 (task 21): force_integral=+0.000000e+00
  [SELF][Rank 0] Done moment 22/36 (task 21): force_integral=+0.000000e+00
  [SELF][Rank 0] Done moment 22/36 (task 21): force_integral=+0.000000e+00
  [SELF][Rank 0] Done moment 22/36 (task 21): force_integral=+0.000000e+00
  [SELF][Rank 0] Done moment 22/36 (task 21): force_integral=+0.000000e+00
  [SELF][Rank 0] Done moment 22/36 (task 21): force_integral=+0.000000e+00
  [SELF][Rank 0] Done moment 22/36 (task 21): force_integral=+0.000000e+00
  [SELF][Rank 0] Done moment 22/36 (task 21): force_integral=+0.000000e+00
  [SELF][Rank 0] Done moment 22/36 (task 21): force_integral=+0.000000e+00
  [SELF][Rank 0] Done moment 22/36 (task 21): force_integral=+0.000000e+00
  [SELF][Rank 0] Done moment 22/36 (task 21): force_integral=+0.000000e+00
  [SELF][Rank 0] Done moment 22/36 (task 21): force_integral=+0.000000e+00
  [SELF][Rank 0] Done moment 22/36 (task 21): force_integral=+0.000000e+00
  [SELF][Rank 0] Done moment 22/36 (task 21): force_integral=+0.000000e+00
  [SELF][Rank 0] Done moment 22/36 (task 21): force_integral=+0.000000e+00
  [SELF][Rank 0] Done moment 22/36 (task 21): force_integral=+0.000000e+00
  [SELF][Rank 0] Done moment 22/36 (task 21): force_integral=+0.000000e+00
  [SELF][Rank 0] Done moment 22/36 (task 21): force_integral=+0.000000e+00
  [SELF][Rank 0] Done moment 22/36 (task 21): force_integral=+0.000000e+00
  [SELF][Rank 0] Done moment 22/36 (task 21): force_integral=+0.000000e+00
  [SELF][Rank 0] Done moment 22/36 (task 21): force_integral=+0.000000e+00
  [SELF][Rank 0] Done moment 22/36 (task 21): force_integral=+0.000000e+00
  [SELF][Rank 0] Done moment 22/36 (task 21): force_integral=+0.000000e+00
  [SELF][Rank 0] Done moment 22/36 (task 21): force_integral=+0.000000e+00
  [SELF][Rank 0] Done moment 22/36 (task 21): force_integral=+0.000000e+00
  [SELF][Rank 0] Done moment 22/36 (task 21): force_integral=+0.000000e+00
  [SELF][Rank 0] Done moment 22/36 (task 21): force_integral=+0.000000e+00
  [SELF][Rank 0] Done moment 22/36 (task 21): force_integral=+0.000000e+00
  [SELF][Rank 0] Done moment 22/36 (task 21): force_integral=+0.000000e+00
  [SELF][Rank 0] Done moment 22/36 (task 21): force_integral=+0.000000e+00
  [SELF][Rank 0] Done moment 22/36 (task 21): force_integral=+0.000000e+00
  [SELF][Rank 0] Done moment 22/36 (task 21): force_integral=+0.000000e+00
  [SELF][Rank 0] Done moment 22/36 (task 21): force_integral=+0.000000e+00
  [SELF][Rank 0] Done moment 22/36 (task 21): force_integral=+0.000000e+00
  [SELF][Rank 0] Done moment 22/36 (task 21): force_integral=+0.000000e+00
  [SELF][Rank 0] Done moment 22/36 (task 21): force_integral=+0.000000e+00
  [SELF][Rank 0] Done moment 22/36 (task 21): force_integral=+0.000000e+00
  [SELF][Rank 0] Done moment 22/36 (task 21): force_integral=+0.000000e+00
  [SELF][Rank 0] Done moment 22/36 (task 21): force_integral=+0.000000e+00
  [SELF][Rank 0] Done moment 22/36 (task 21): force_integral=+0.000000e+00
  [SELF][Rank 0] Done moment 22/36 (task 21): force_integral=+0.000000e+00
  [SELF][Rank 0] Done moment 22/36 (task 21): force_integral=+0.000000e+00
  [SELF][Rank 0] Done moment 22/36 (task 21): force_integral=+0.000000e+00
  [SELF][Rank 0] Done moment 22/36 (task 21): force_integral=+0.000000e+00
  [SELF][Rank 0] Done moment 22/36 (task 21): force_integral=+0.000000e+00
  [SELF][Rank 0] Done moment 22/36 (task 21): force_integral=+0.000000e+00
  [SELF][Rank 0] Done moment 22/36 (task 21): force_integral=+0.000000e+00
  [SELF][Rank 0] Done moment 22/36 (task 21): force_integral=+0.000000e+00
  [SELF][Rank 0] Done moment 22/36 (task 21): force_integral=+0.000000e+00
  [SELF][Rank 0] Done moment 22/36 (task 21): force_integral=+0.000000e+00
  [SELF][Rank 0] Done moment 22/36 (task 21): force_integral=+0.000000e+00
  [SELF][Rank 0] Done moment 22/36 (task 21): force_integral=+0.000000e+00
  [SELF][Rank 0] Done moment 22/36 (task 21): force_integral=+0.000000e+00
  [SELF][Rank 0] Done moment 22/36 (task 21): force_integral=+0.000000e+00
  [SELF][Rank 0] Done moment 22/36 (task 21): force_integral=+0.000000e+00
  [SELF][Rank 0] Done moment 22/36 (task 21): force_integral=+0.000000e+00
  [SELF][Rank 0] Done moment 22/36 (task 21): force_integral=+0.000000e+00
  [SELF][Rank 0] Done moment 22/36 (task 21): force_integral=+0.000000e+00
  [SELF][Rank 0] Done moment 22/36 (task 21): force_integral=+0.000000e+00
  [SELF][Rank 0] Done moment 22/36 (task 21): force_integral=+0.000000e+00
  [SELF][Rank 0] Done moment 22/36 (task 21): force_integral=+0.000000e+00
  [SELF][Rank 0] Done moment 22/36 (task 21): force_integral=+0.000000e+00
  [SELF][Rank 0] Done moment 22/36 (task 21): force_integral=+0.000000e+00
  [SELF][Rank 0] Done moment 22/36 (task 21): force_integral=+0.000000e+00
  [SELF][Rank 0] Done moment 22/36 (task 21): force_integral=+0.000000e+00
  [SELF][Rank 0] Done moment 22/36 (task 21): force_integral=+0.000000e+00
  [SELF][Rank 0] Done moment 22/36 (task 21): force_integral=+0.000000e+00
  [SELF][Rank 0] Done moment 22/36 (task 21): force_integral=+0.000000e+00
  [SELF][Rank 0] Done moment 22/36 (task 21): force_integral=+0.000000e+00
  [SELF][Rank 0] Done moment 22/36 (task 21): force_integral=+0.000000e+00
  [SELF][Rank 0] Done moment 22/36 (task 21): force_integral=+0.000000e+00
  [SELF][Rank 0] Done moment 23/36 (task 22): force_integral=-1.663714e+03
  [SELF][Rank 0] Done moment 23/36 (task 22): force_integral=-1.663714e+03
  [SELF][Rank 0] Done moment 23/36 (task 22): force_integral=-1.663714e+03
  [SELF][Rank 0] Done moment 23/36 (task 22): force_integral=-1.663714e+03
  [SELF][Rank 0] Done moment 23/36 (task 22): force_integral=-1.663714e+03
  [SELF][Rank 0] Done moment 23/36 (task 22): force_integral=-1.663714e+03
  [SELF][Rank 0] Done moment 23/36 (task 22): force_integral=-1.663714e+03
  [SELF][Rank 0] Done moment 23/36 (task 22): force_integral=-1.663714e+03
  [SELF][Rank 0] Done moment 23/36 (task 22): force_integral=-1.663714e+03
  [SELF][Rank 0] Done moment 23/36 (task 22): force_integral=-1.663714e+03
  [SELF][Rank 0] Done moment 23/36 (task 22): force_integral=-1.663714e+03
  [SELF][Rank 0] Done moment 23/36 (task 22): force_integral=-1.663714e+03
  [SELF][Rank 0] Done moment 23/36 (task 22): force_integral=-1.663714e+03
  [SELF][Rank 0] Done moment 23/36 (task 22): force_integral=-1.663714e+03
  [SELF][Rank 0] Done moment 23/36 (task 22): force_integral=-1.663714e+03
  [SELF][Rank 0] Done moment 23/36 (task 22): force_integral=-1.663714e+03
  [SELF][Rank 0] Done moment 23/36 (task 22): force_integral=-1.663714e+03
  [SELF][Rank 0] Done moment 23/36 (task 22): force_integral=-1.663714e+03
  [SELF][Rank 0] Done moment 23/36 (task 22): force_integral=-1.663714e+03
  [SELF][Rank 0] Done moment 23/36 (task 22): force_integral=-1.663714e+03
  [SELF][Rank 0] Done moment 23/36 (task 22): force_integral=-1.663714e+03
  [SELF][Rank 0] Done moment 23/36 (task 22): force_integral=-1.663714e+03
  [SELF][Rank 0] Done moment 23/36 (task 22): force_integral=-1.663714e+03
  [SELF][Rank 0] Done moment 23/36 (task 22): force_integral=-1.663714e+03
  [SELF][Rank 0] Done moment 23/36 (task 22): force_integral=-1.663714e+03
  [SELF][Rank 0] Done moment 23/36 (task 22): force_integral=-1.663714e+03
  [SELF][Rank 0] Done moment 23/36 (task 22): force_integral=-1.663714e+03
  [SELF][Rank 0] Done moment 23/36 (task 22): force_integral=-1.663714e+03
  [SELF][Rank 0] Done moment 23/36 (task 22): force_integral=-1.663714e+03
  [SELF][Rank 0] Done moment 23/36 (task 22): force_integral=-1.663714e+03
  [SELF][Rank 0] Done moment 23/36 (task 22): force_integral=-1.663714e+03
  [SELF][Rank 0] Done moment 23/36 (task 22): force_integral=-1.663714e+03
  [SELF][Rank 0] Done moment 23/36 (task 22): force_integral=-1.663714e+03
  [SELF][Rank 0] Done moment 23/36 (task 22): force_integral=-1.663714e+03
  [SELF][Rank 0] Done moment 23/36 (task 22): force_integral=-1.663714e+03
  [SELF][Rank 0] Done moment 23/36 (task 22): force_integral=-1.663714e+03
  [SELF][Rank 0] Done moment 23/36 (task 22): force_integral=-1.663714e+03
  [SELF][Rank 0] Done moment 23/36 (task 22): force_integral=-1.663714e+03
  [SELF][Rank 0] Done moment 23/36 (task 22): force_integral=-1.663714e+03
  [SELF][Rank 0] Done moment 23/36 (task 22): force_integral=-1.663714e+03
  [SELF][Rank 0] Done moment 23/36 (task 22): force_integral=-1.663714e+03
  [SELF][Rank 0] Done moment 23/36 (task 22): force_integral=-1.663714e+03
  [SELF][Rank 0] Done moment 23/36 (task 22): force_integral=-1.663714e+03
  [SELF][Rank 0] Done moment 23/36 (task 22): force_integral=-1.663714e+03
  [SELF][Rank 0] Done moment 23/36 (task 22): force_integral=-1.663714e+03
  [SELF][Rank 0] Done moment 23/36 (task 22): force_integral=-1.663714e+03
  [SELF][Rank 0] Done moment 23/36 (task 22): force_integral=-1.663714e+03
  [SELF][Rank 0] Done moment 23/36 (task 22): force_integral=-1.663714e+03
  [SELF][Rank 0] Done moment 23/36 (task 22): force_integral=-1.663714e+03
  [SELF][Rank 0] Done moment 23/36 (task 22): force_integral=-1.663714e+03
  [SELF][Rank 0] Done moment 23/36 (task 22): force_integral=-1.663714e+03
  [SELF][Rank 0] Done moment 23/36 (task 22): force_integral=-1.663714e+03
  [SELF][Rank 0] Done moment 23/36 (task 22): force_integral=-1.663714e+03
  [SELF][Rank 0] Done moment 23/36 (task 22): force_integral=-1.663714e+03
  [SELF][Rank 0] Done moment 23/36 (task 22): force_integral=-1.663714e+03
  [SELF][Rank 0] Done moment 23/36 (task 22): force_integral=-1.663714e+03
  [SELF][Rank 0] Done moment 23/36 (task 22): force_integral=-1.663714e+03
  [SELF][Rank 0] Done moment 23/36 (task 22): force_integral=-1.663714e+03
  [SELF][Rank 0] Done moment 23/36 (task 22): force_integral=-1.663714e+03
  [SELF][Rank 0] Done moment 23/36 (task 22): force_integral=-1.663714e+03
  [SELF][Rank 0] Done moment 23/36 (task 22): force_integral=-1.663714e+03
  [SELF][Rank 0] Done moment 23/36 (task 22): force_integral=-1.663714e+03
  [SELF][Rank 0] Done moment 23/36 (task 22): force_integral=-1.663714e+03
  [SELF][Rank 0] Done moment 23/36 (task 22): force_integral=-1.663714e+03
  [SELF][Rank 0] Done moment 23/36 (task 22): force_integral=-1.663714e+03
  [SELF][Rank 0] Done moment 23/36 (task 22): force_integral=-1.663714e+03
  [SELF][Rank 0] Done moment 23/36 (task 22): force_integral=-1.663714e+03
  [SELF][Rank 0] Done moment 23/36 (task 22): force_integral=-1.663714e+03
  [SELF][Rank 0] Done moment 23/36 (task 22): force_integral=-1.663714e+03
  [SELF][Rank 0] Done moment 23/36 (task 22): force_integral=-1.663714e+03
  [SELF][Rank 0] Done moment 23/36 (task 22): force_integral=-1.663714e+03
  [SELF][Rank 0] Done moment 23/36 (task 22): force_integral=-1.663714e+03
  [SELF][Rank 0] Done moment 23/36 (task 22): force_integral=-1.663714e+03
  [SELF][Rank 0] Done moment 23/36 (task 22): force_integral=-1.663714e+03
  [SELF][Rank 0] Done moment 23/36 (task 22): force_integral=-1.663714e+03
  [SELF][Rank 0] Done moment 23/36 (task 22): force_integral=-1.663714e+03
  [SELF][Rank 0] Done moment 23/36 (task 22): force_integral=-1.663714e+03
  [SELF][Rank 0] Done moment 23/36 (task 22): force_integral=-1.663714e+03
  [SELF][Rank 0] Done moment 23/36 (task 22): force_integral=-1.663714e+03
  [SELF][Rank 0] Done moment 23/36 (task 22): force_integral=-1.663714e+03
  [SELF][Rank 0] Done moment 23/36 (task 22): force_integral=-1.663714e+03
  [SELF][Rank 0] Done moment 23/36 (task 22): force_integral=-1.663714e+03
  [SELF][Rank 0] Done moment 23/36 (task 22): force_integral=-1.663714e+03
  [SELF][Rank 0] Done moment 23/36 (task 22): force_integral=-1.663714e+03
  [SELF][Rank 0] Done moment 23/36 (task 22): force_integral=-1.663714e+03
  [SELF][Rank 0] Done moment 23/36 (task 22): force_integral=-1.663714e+03
  [SELF][Rank 0] Done moment 23/36 (task 22): force_integral=-1.663714e+03
  [SELF][Rank 0] Done moment 23/36 (task 22): force_integral=-1.663714e+03
  [SELF][Rank 0] Done moment 23/36 (task 22): force_integral=-1.663714e+03
  [SELF][Rank 0] Done moment 23/36 (task 22): force_integral=-1.663714e+03
  [SELF][Rank 0] Done moment 23/36 (task 22): force_integral=-1.663714e+03
  [SELF][Rank 0] Done moment 23/36 (task 22): force_integral=-1.663714e+03
  [SELF][Rank 0] Done moment 23/36 (task 22): force_integral=-1.663714e+03
  [SELF][Rank 0] Done moment 23/36 (task 22): force_integral=-1.663714e+03
  [SELF][Rank 0] Done moment 23/36 (task 22): force_integral=-1.663714e+03
  [SELF][Rank 0] Done moment 23/36 (task 22): force_integral=-1.663714e+03
  [SELF][Rank 0] Done moment 23/36 (task 22): force_integral=-1.663714e+03
  [SELF][Rank 0] Done moment 23/36 (task 22): force_integral=-1.663714e+03
  [SELF][Rank 0] Done moment 23/36 (task 22): force_integral=-1.663714e+03
  [SELF][Rank 0] Done moment 23/36 (task 22): force_integral=-1.663714e+03
  [SELF][Rank 0] Done moment 23/36 (task 22): force_integral=-1.663714e+03
  [SELF][Rank 0] Done moment 23/36 (task 22): force_integral=-1.663714e+03
  [SELF][Rank 0] Done moment 23/36 (task 22): force_integral=-1.663714e+03
  [SELF][Rank 0] Done moment 23/36 (task 22): force_integral=-1.663714e+03
  [SELF][Rank 0] Done moment 23/36 (task 22): force_integral=-1.663714e+03
  [SELF][Rank 0] Done moment 23/36 (task 22): force_integral=-1.663714e+03
  [SELF][Rank 0] Done moment 23/36 (task 22): force_integral=-1.663714e+03
  [SELF][Rank 0] Done moment 23/36 (task 22): force_integral=-1.663714e+03
  [SELF][Rank 0] Done moment 23/36 (task 22): force_integral=-1.663714e+03
  [SELF][Rank 0] Done moment 23/36 (task 22): force_integral=-1.663714e+03
  [SELF][Rank 0] Done moment 23/36 (task 22): force_integral=-1.663714e+03
  [SELF][Rank 0] Done moment 23/36 (task 22): force_integral=-1.663714e+03
  [SELF][Rank 0] Done moment 23/36 (task 22): force_integral=-1.663714e+03
  [SELF][Rank 0] Done moment 23/36 (task 22): force_integral=-1.663714e+03
  [SELF][Rank 0] Done moment 23/36 (task 22): force_integral=-1.663714e+03
  [SELF][Rank 0] Done moment 23/36 (task 22): force_integral=-1.663714e+03
  [SELF][Rank 0] Done moment 23/36 (task 22): force_integral=-1.663714e+03
  [SELF][Rank 0] Done moment 23/36 (task 22): force_integral=-1.663714e+03
  [SELF][Rank 0] Done moment 23/36 (task 22): force_integral=-1.663714e+03
  [SELF][Rank 0] Done moment 23/36 (task 22): force_integral=-1.663714e+03
  [SELF][Rank 0] Done moment 23/36 (task 22): force_integral=-1.663714e+03
  [SELF][Rank 0] Done moment 23/36 (task 22): force_integral=-1.663714e+03
  [SELF][Rank 0] Done moment 23/36 (task 22): force_integral=-1.663714e+03
  [SELF][Rank 0] Done moment 23/36 (task 22): force_integral=-1.663714e+03
  [SELF][Rank 0] Done moment 23/36 (task 22): force_integral=-1.663714e+03
  [SELF][Rank 0] Done moment 23/36 (task 22): force_integral=-1.663714e+03
  [SELF][Rank 0] Done moment 23/36 (task 22): force_integral=-1.663714e+03
  [SELF][Rank 0] Done moment 23/36 (task 22): force_integral=-1.663714e+03
  [SELF][Rank 0] Done moment 24/36 (task 23): force_integral=+1.708287e+03
  [SELF][Rank 0] Done moment 24/36 (task 23): force_integral=+1.708287e+03
  [SELF][Rank 0] Done moment 24/36 (task 23): force_integral=+1.708287e+03
  [SELF][Rank 0] Done moment 24/36 (task 23): force_integral=+1.708287e+03
  [SELF][Rank 0] Done moment 24/36 (task 23): force_integral=+1.708287e+03
  [SELF][Rank 0] Done moment 24/36 (task 23): force_integral=+1.708287e+03
  [SELF][Rank 0] Done moment 24/36 (task 23): force_integral=+1.708287e+03
  [SELF][Rank 0] Done moment 24/36 (task 23): force_integral=+1.708287e+03
  [SELF][Rank 0] Done moment 24/36 (task 23): force_integral=+1.708287e+03
  [SELF][Rank 0] Done moment 24/36 (task 23): force_integral=+1.708287e+03
  [SELF][Rank 0] Done moment 24/36 (task 23): force_integral=+1.708287e+03
  [SELF][Rank 0] Done moment 24/36 (task 23): force_integral=+1.708287e+03
  [SELF][Rank 0] Done moment 24/36 (task 23): force_integral=+1.708287e+03
  [SELF][Rank 0] Done moment 24/36 (task 23): force_integral=+1.708287e+03
  [SELF][Rank 0] Done moment 24/36 (task 23): force_integral=+1.708287e+03
  [SELF][Rank 0] Done moment 24/36 (task 23): force_integral=+1.708287e+03
  [SELF][Rank 0] Done moment 24/36 (task 23): force_integral=+1.708287e+03
  [SELF][Rank 0] Done moment 24/36 (task 23): force_integral=+1.708287e+03
  [SELF][Rank 0] Done moment 24/36 (task 23): force_integral=+1.708287e+03
  [SELF][Rank 0] Done moment 24/36 (task 23): force_integral=+1.708287e+03
  [SELF][Rank 0] Done moment 24/36 (task 23): force_integral=+1.708287e+03
  [SELF][Rank 0] Done moment 24/36 (task 23): force_integral=+1.708287e+03
  [SELF][Rank 0] Done moment 24/36 (task 23): force_integral=+1.708287e+03
  [SELF][Rank 0] Done moment 24/36 (task 23): force_integral=+1.708287e+03
  [SELF][Rank 0] Done moment 24/36 (task 23): force_integral=+1.708287e+03
  [SELF][Rank 0] Done moment 24/36 (task 23): force_integral=+1.708287e+03
  [SELF][Rank 0] Done moment 24/36 (task 23): force_integral=+1.708287e+03
  [SELF][Rank 0] Done moment 24/36 (task 23): force_integral=+1.708287e+03
  [SELF][Rank 0] Done moment 24/36 (task 23): force_integral=+1.708287e+03
  [SELF][Rank 0] Done moment 24/36 (task 23): force_integral=+1.708287e+03
  [SELF][Rank 0] Done moment 24/36 (task 23): force_integral=+1.708287e+03
  [SELF][Rank 0] Done moment 24/36 (task 23): force_integral=+1.708287e+03
  [SELF][Rank 0] Done moment 24/36 (task 23): force_integral=+1.708287e+03
  [SELF][Rank 0] Done moment 24/36 (task 23): force_integral=+1.708287e+03
  [SELF][Rank 0] Done moment 24/36 (task 23): force_integral=+1.708287e+03
  [SELF][Rank 0] Done moment 24/36 (task 23): force_integral=+1.708287e+03
  [SELF][Rank 0] Done moment 24/36 (task 23): force_integral=+1.708287e+03
  [SELF][Rank 0] Done moment 24/36 (task 23): force_integral=+1.708287e+03
  [SELF][Rank 0] Done moment 24/36 (task 23): force_integral=+1.708287e+03
  [SELF][Rank 0] Done moment 24/36 (task 23): force_integral=+1.708287e+03
  [SELF][Rank 0] Done moment 24/36 (task 23): force_integral=+1.708287e+03
  [SELF][Rank 0] Done moment 24/36 (task 23): force_integral=+1.708287e+03
  [SELF][Rank 0] Done moment 24/36 (task 23): force_integral=+1.708287e+03
  [SELF][Rank 0] Done moment 24/36 (task 23): force_integral=+1.708287e+03
  [SELF][Rank 0] Done moment 24/36 (task 23): force_integral=+1.708287e+03
  [SELF][Rank 0] Done moment 24/36 (task 23): force_integral=+1.708287e+03
  [SELF][Rank 0] Done moment 24/36 (task 23): force_integral=+1.708287e+03
  [SELF][Rank 0] Done moment 24/36 (task 23): force_integral=+1.708287e+03
  [SELF][Rank 0] Done moment 24/36 (task 23): force_integral=+1.708287e+03
  [SELF][Rank 0] Done moment 24/36 (task 23): force_integral=+1.708287e+03
  [SELF][Rank 0] Done moment 24/36 (task 23): force_integral=+1.708287e+03
  [SELF][Rank 0] Done moment 24/36 (task 23): force_integral=+1.708287e+03
  [SELF][Rank 0] Done moment 24/36 (task 23): force_integral=+1.708287e+03
  [SELF][Rank 0] Done moment 24/36 (task 23): force_integral=+1.708287e+03
  [SELF][Rank 0] Done moment 24/36 (task 23): force_integral=+1.708287e+03
  [SELF][Rank 0] Done moment 24/36 (task 23): force_integral=+1.708287e+03
  [SELF][Rank 0] Done moment 24/36 (task 23): force_integral=+1.708287e+03
  [SELF][Rank 0] Done moment 24/36 (task 23): force_integral=+1.708287e+03
  [SELF][Rank 0] Done moment 24/36 (task 23): force_integral=+1.708287e+03
  [SELF][Rank 0] Done moment 24/36 (task 23): force_integral=+1.708287e+03
  [SELF][Rank 0] Done moment 24/36 (task 23): force_integral=+1.708287e+03
  [SELF][Rank 0] Done moment 24/36 (task 23): force_integral=+1.708287e+03
  [SELF][Rank 0] Done moment 24/36 (task 23): force_integral=+1.708287e+03
  [SELF][Rank 0] Done moment 24/36 (task 23): force_integral=+1.708287e+03
  [SELF][Rank 0] Done moment 24/36 (task 23): force_integral=+1.708287e+03
  [SELF][Rank 0] Done moment 24/36 (task 23): force_integral=+1.708287e+03
  [SELF][Rank 0] Done moment 24/36 (task 23): force_integral=+1.708287e+03
  [SELF][Rank 0] Done moment 24/36 (task 23): force_integral=+1.708287e+03
  [SELF][Rank 0] Done moment 24/36 (task 23): force_integral=+1.708287e+03
  [SELF][Rank 0] Done moment 24/36 (task 23): force_integral=+1.708287e+03
  [SELF][Rank 0] Done moment 24/36 (task 23): force_integral=+1.708287e+03
  [SELF][Rank 0] Done moment 24/36 (task 23): force_integral=+1.708287e+03
  [SELF][Rank 0] Done moment 24/36 (task 23): force_integral=+1.708287e+03
  [SELF][Rank 0] Done moment 24/36 (task 23): force_integral=+1.708287e+03
  [SELF][Rank 0] Done moment 24/36 (task 23): force_integral=+1.708287e+03
  [SELF][Rank 0] Done moment 24/36 (task 23): force_integral=+1.708287e+03
  [SELF][Rank 0] Done moment 24/36 (task 23): force_integral=+1.708287e+03
  [SELF][Rank 0] Done moment 24/36 (task 23): force_integral=+1.708287e+03
  [SELF][Rank 0] Done moment 24/36 (task 23): force_integral=+1.708287e+03
  [SELF][Rank 0] Done moment 24/36 (task 23): force_integral=+1.708287e+03
  [SELF][Rank 0] Done moment 24/36 (task 23): force_integral=+1.708287e+03
  [SELF][Rank 0] Done moment 24/36 (task 23): force_integral=+1.708287e+03
  [SELF][Rank 0] Done moment 24/36 (task 23): force_integral=+1.708287e+03
  [SELF][Rank 0] Done moment 24/36 (task 23): force_integral=+1.708287e+03
  [SELF][Rank 0] Done moment 24/36 (task 23): force_integral=+1.708287e+03
  [SELF][Rank 0] Done moment 24/36 (task 23): force_integral=+1.708287e+03
  [SELF][Rank 0] Done moment 24/36 (task 23): force_integral=+1.708287e+03
  [SELF][Rank 0] Done moment 24/36 (task 23): force_integral=+1.708287e+03
  [SELF][Rank 0] Done moment 24/36 (task 23): force_integral=+1.708287e+03
  [SELF][Rank 0] Done moment 24/36 (task 23): force_integral=+1.708287e+03
  [SELF][Rank 0] Done moment 24/36 (task 23): force_integral=+1.708287e+03
  [SELF][Rank 0] Done moment 24/36 (task 23): force_integral=+1.708287e+03
  [SELF][Rank 0] Done moment 24/36 (task 23): force_integral=+1.708287e+03
  [SELF][Rank 0] Done moment 24/36 (task 23): force_integral=+1.708287e+03
  [SELF][Rank 0] Done moment 24/36 (task 23): force_integral=+1.708287e+03
  [SELF][Rank 0] Done moment 24/36 (task 23): force_integral=+1.708287e+03
  [SELF][Rank 0] Done moment 24/36 (task 23): force_integral=+1.708287e+03
  [SELF][Rank 0] Done moment 24/36 (task 23): force_integral=+1.708287e+03
  [SELF][Rank 0] Done moment 24/36 (task 23): force_integral=+1.708287e+03
  [SELF][Rank 0] Done moment 24/36 (task 23): force_integral=+1.708287e+03
  [SELF][Rank 0] Done moment 24/36 (task 23): force_integral=+1.708287e+03
  [SELF][Rank 0] Done moment 24/36 (task 23): force_integral=+1.708287e+03
  [SELF][Rank 0] Done moment 24/36 (task 23): force_integral=+1.708287e+03
  [SELF][Rank 0] Done moment 24/36 (task 23): force_integral=+1.708287e+03
  [SELF][Rank 0] Done moment 24/36 (task 23): force_integral=+1.708287e+03
  [SELF][Rank 0] Done moment 24/36 (task 23): force_integral=+1.708287e+03
  [SELF][Rank 0] Done moment 24/36 (task 23): force_integral=+1.708287e+03
  [SELF][Rank 0] Done moment 24/36 (task 23): force_integral=+1.708287e+03
  [SELF][Rank 0] Done moment 24/36 (task 23): force_integral=+1.708287e+03
  [SELF][Rank 0] Done moment 24/36 (task 23): force_integral=+1.708287e+03
  [SELF][Rank 0] Done moment 24/36 (task 23): force_integral=+1.708287e+03
  [SELF][Rank 0] Done moment 24/36 (task 23): force_integral=+1.708287e+03
  [SELF][Rank 0] Done moment 24/36 (task 23): force_integral=+1.708287e+03
  [SELF][Rank 0] Done moment 24/36 (task 23): force_integral=+1.708287e+03
  [SELF][Rank 0] Done moment 24/36 (task 23): force_integral=+1.708287e+03
  [SELF][Rank 0] Done moment 24/36 (task 23): force_integral=+1.708287e+03
  [SELF][Rank 0] Done moment 24/36 (task 23): force_integral=+1.708287e+03
  [SELF][Rank 0] Done moment 24/36 (task 23): force_integral=+1.708287e+03
  [SELF][Rank 0] Done moment 24/36 (task 23): force_integral=+1.708287e+03
  [SELF][Rank 0] Done moment 24/36 (task 23): force_integral=+1.708287e+03
  [SELF][Rank 0] Done moment 24/36 (task 23): force_integral=+1.708287e+03
  [SELF][Rank 0] Done moment 24/36 (task 23): force_integral=+1.708287e+03
  [SELF][Rank 0] Done moment 24/36 (task 23): force_integral=+1.708287e+03
  [SELF][Rank 0] Done moment 24/36 (task 23): force_integral=+1.708287e+03
  [SELF][Rank 0] Done moment 24/36 (task 23): force_integral=+1.708287e+03
  [SELF][Rank 0] Done moment 24/36 (task 23): force_integral=+1.708287e+03
  [SELF][Rank 0] Done moment 24/36 (task 23): force_integral=+1.708287e+03
  [SELF][Rank 0] Done moment 24/36 (task 23): force_integral=+1.708287e+03
  [SELF][Rank 0] Done moment 25/36 (task 24): force_integral=+0.000000e+00
  [SELF][Rank 0] Done moment 25/36 (task 24): force_integral=+0.000000e+00
  [SELF][Rank 0] Done moment 25/36 (task 24): force_integral=+0.000000e+00
  [SELF][Rank 0] Done moment 25/36 (task 24): force_integral=+0.000000e+00
  [SELF][Rank 0] Done moment 25/36 (task 24): force_integral=+0.000000e+00
  [SELF][Rank 0] Done moment 25/36 (task 24): force_integral=+0.000000e+00
  [SELF][Rank 0] Done moment 25/36 (task 24): force_integral=+0.000000e+00
  [SELF][Rank 0] Done moment 25/36 (task 24): force_integral=+0.000000e+00
  [SELF][Rank 0] Done moment 25/36 (task 24): force_integral=+0.000000e+00
  [SELF][Rank 0] Done moment 25/36 (task 24): force_integral=+0.000000e+00
  [SELF][Rank 0] Done moment 25/36 (task 24): force_integral=+0.000000e+00
  [SELF][Rank 0] Done moment 25/36 (task 24): force_integral=+0.000000e+00
  [SELF][Rank 0] Done moment 25/36 (task 24): force_integral=+0.000000e+00
  [SELF][Rank 0] Done moment 25/36 (task 24): force_integral=+0.000000e+00
  [SELF][Rank 0] Done moment 25/36 (task 24): force_integral=+0.000000e+00
  [SELF][Rank 0] Done moment 25/36 (task 24): force_integral=+0.000000e+00
  [SELF][Rank 0] Done moment 25/36 (task 24): force_integral=+0.000000e+00
  [SELF][Rank 0] Done moment 25/36 (task 24): force_integral=+0.000000e+00
  [SELF][Rank 0] Done moment 25/36 (task 24): force_integral=+0.000000e+00
  [SELF][Rank 0] Done moment 25/36 (task 24): force_integral=+0.000000e+00
  [SELF][Rank 0] Done moment 25/36 (task 24): force_integral=+0.000000e+00
  [SELF][Rank 0] Done moment 25/36 (task 24): force_integral=+0.000000e+00
  [SELF][Rank 0] Done moment 25/36 (task 24): force_integral=+0.000000e+00
  [SELF][Rank 0] Done moment 25/36 (task 24): force_integral=+0.000000e+00
  [SELF][Rank 0] Done moment 25/36 (task 24): force_integral=+0.000000e+00
  [SELF][Rank 0] Done moment 25/36 (task 24): force_integral=+0.000000e+00
  [SELF][Rank 0] Done moment 25/36 (task 24): force_integral=+0.000000e+00
  [SELF][Rank 0] Done moment 25/36 (task 24): force_integral=+0.000000e+00
  [SELF][Rank 0] Done moment 25/36 (task 24): force_integral=+0.000000e+00
  [SELF][Rank 0] Done moment 25/36 (task 24): force_integral=+0.000000e+00
  [SELF][Rank 0] Done moment 25/36 (task 24): force_integral=+0.000000e+00
  [SELF][Rank 0] Done moment 25/36 (task 24): force_integral=+0.000000e+00
  [SELF][Rank 0] Done moment 25/36 (task 24): force_integral=+0.000000e+00
  [SELF][Rank 0] Done moment 25/36 (task 24): force_integral=+0.000000e+00
  [SELF][Rank 0] Done moment 25/36 (task 24): force_integral=+0.000000e+00
  [SELF][Rank 0] Done moment 25/36 (task 24): force_integral=+0.000000e+00
  [SELF][Rank 0] Done moment 25/36 (task 24): force_integral=+0.000000e+00
  [SELF][Rank 0] Done moment 25/36 (task 24): force_integral=+0.000000e+00
  [SELF][Rank 0] Done moment 25/36 (task 24): force_integral=+0.000000e+00
  [SELF][Rank 0] Done moment 25/36 (task 24): force_integral=+0.000000e+00
  [SELF][Rank 0] Done moment 25/36 (task 24): force_integral=+0.000000e+00
  [SELF][Rank 0] Done moment 25/36 (task 24): force_integral=+0.000000e+00
  [SELF][Rank 0] Done moment 25/36 (task 24): force_integral=+0.000000e+00
  [SELF][Rank 0] Done moment 25/36 (task 24): force_integral=+0.000000e+00
  [SELF][Rank 0] Done moment 25/36 (task 24): force_integral=+0.000000e+00
  [SELF][Rank 0] Done moment 25/36 (task 24): force_integral=+0.000000e+00
  [SELF][Rank 0] Done moment 25/36 (task 24): force_integral=+0.000000e+00
  [SELF][Rank 0] Done moment 25/36 (task 24): force_integral=+0.000000e+00
  [SELF][Rank 0] Done moment 25/36 (task 24): force_integral=+0.000000e+00
  [SELF][Rank 0] Done moment 25/36 (task 24): force_integral=+0.000000e+00
  [SELF][Rank 0] Done moment 25/36 (task 24): force_integral=+0.000000e+00
  [SELF][Rank 0] Done moment 25/36 (task 24): force_integral=+0.000000e+00
  [SELF][Rank 0] Done moment 25/36 (task 24): force_integral=+0.000000e+00
  [SELF][Rank 0] Done moment 25/36 (task 24): force_integral=+0.000000e+00
  [SELF][Rank 0] Done moment 25/36 (task 24): force_integral=+0.000000e+00
  [SELF][Rank 0] Done moment 25/36 (task 24): force_integral=+0.000000e+00
  [SELF][Rank 0] Done moment 25/36 (task 24): force_integral=+0.000000e+00
  [SELF][Rank 0] Done moment 25/36 (task 24): force_integral=+0.000000e+00
  [SELF][Rank 0] Done moment 25/36 (task 24): force_integral=+0.000000e+00
  [SELF][Rank 0] Done moment 25/36 (task 24): force_integral=+0.000000e+00
  [SELF][Rank 0] Done moment 25/36 (task 24): force_integral=+0.000000e+00
  [SELF][Rank 0] Done moment 25/36 (task 24): force_integral=+0.000000e+00
  [SELF][Rank 0] Done moment 25/36 (task 24): force_integral=+0.000000e+00
  [SELF][Rank 0] Done moment 25/36 (task 24): force_integral=+0.000000e+00
  [SELF][Rank 0] Done moment 25/36 (task 24): force_integral=+0.000000e+00
  [SELF][Rank 0] Done moment 25/36 (task 24): force_integral=+0.000000e+00
  [SELF][Rank 0] Done moment 25/36 (task 24): force_integral=+0.000000e+00
  [SELF][Rank 0] Done moment 25/36 (task 24): force_integral=+0.000000e+00
  [SELF][Rank 0] Done moment 25/36 (task 24): force_integral=+0.000000e+00
  [SELF][Rank 0] Done moment 25/36 (task 24): force_integral=+0.000000e+00
  [SELF][Rank 0] Done moment 25/36 (task 24): force_integral=+0.000000e+00
  [SELF][Rank 0] Done moment 25/36 (task 24): force_integral=+0.000000e+00
  [SELF][Rank 0] Done moment 25/36 (task 24): force_integral=+0.000000e+00
  [SELF][Rank 0] Done moment 25/36 (task 24): force_integral=+0.000000e+00
  [SELF][Rank 0] Done moment 25/36 (task 24): force_integral=+0.000000e+00
  [SELF][Rank 0] Done moment 25/36 (task 24): force_integral=+0.000000e+00
  [SELF][Rank 0] Done moment 25/36 (task 24): force_integral=+0.000000e+00
  [SELF][Rank 0] Done moment 25/36 (task 24): force_integral=+0.000000e+00
  [SELF][Rank 0] Done moment 25/36 (task 24): force_integral=+0.000000e+00
  [SELF][Rank 0] Done moment 25/36 (task 24): force_integral=+0.000000e+00
  [SELF][Rank 0] Done moment 25/36 (task 24): force_integral=+0.000000e+00
  [SELF][Rank 0] Done moment 25/36 (task 24): force_integral=+0.000000e+00
  [SELF][Rank 0] Done moment 25/36 (task 24): force_integral=+0.000000e+00
  [SELF][Rank 0] Done moment 25/36 (task 24): force_integral=+0.000000e+00
  [SELF][Rank 0] Done moment 25/36 (task 24): force_integral=+0.000000e+00
  [SELF][Rank 0] Done moment 25/36 (task 24): force_integral=+0.000000e+00
  [SELF][Rank 0] Done moment 25/36 (task 24): force_integral=+0.000000e+00
  [SELF][Rank 0] Done moment 25/36 (task 24): force_integral=+0.000000e+00
  [SELF][Rank 0] Done moment 25/36 (task 24): force_integral=+0.000000e+00
  [SELF][Rank 0] Done moment 25/36 (task 24): force_integral=+0.000000e+00
  [SELF][Rank 0] Done moment 25/36 (task 24): force_integral=+0.000000e+00
  [SELF][Rank 0] Done moment 25/36 (task 24): force_integral=+0.000000e+00
  [SELF][Rank 0] Done moment 25/36 (task 24): force_integral=+0.000000e+00
  [SELF][Rank 0] Done moment 25/36 (task 24): force_integral=+0.000000e+00
  [SELF][Rank 0] Done moment 25/36 (task 24): force_integral=+0.000000e+00
  [SELF][Rank 0] Done moment 25/36 (task 24): force_integral=+0.000000e+00
  [SELF][Rank 0] Done moment 25/36 (task 24): force_integral=+0.000000e+00
  [SELF][Rank 0] Done moment 25/36 (task 24): force_integral=+0.000000e+00
  [SELF][Rank 0] Done moment 25/36 (task 24): force_integral=+0.000000e+00
  [SELF][Rank 0] Done moment 25/36 (task 24): force_integral=+0.000000e+00
  [SELF][Rank 0] Done moment 25/36 (task 24): force_integral=+0.000000e+00
  [SELF][Rank 0] Done moment 25/36 (task 24): force_integral=+0.000000e+00
  [SELF][Rank 0] Done moment 25/36 (task 24): force_integral=+0.000000e+00
  [SELF][Rank 0] Done moment 25/36 (task 24): force_integral=+0.000000e+00
  [SELF][Rank 0] Done moment 25/36 (task 24): force_integral=+0.000000e+00
  [SELF][Rank 0] Done moment 25/36 (task 24): force_integral=+0.000000e+00
  [SELF][Rank 0] Done moment 25/36 (task 24): force_integral=+0.000000e+00
  [SELF][Rank 0] Done moment 25/36 (task 24): force_integral=+0.000000e+00
  [SELF][Rank 0] Done moment 25/36 (task 24): force_integral=+0.000000e+00
  [SELF][Rank 0] Done moment 25/36 (task 24): force_integral=+0.000000e+00
  [SELF][Rank 0] Done moment 25/36 (task 24): force_integral=+0.000000e+00
  [SELF][Rank 0] Done moment 25/36 (task 24): force_integral=+0.000000e+00
  [SELF][Rank 0] Done moment 25/36 (task 24): force_integral=+0.000000e+00
  [SELF][Rank 0] Done moment 25/36 (task 24): force_integral=+0.000000e+00
  [SELF][Rank 0] Done moment 25/36 (task 24): force_integral=+0.000000e+00
  [SELF][Rank 0] Done moment 25/36 (task 24): force_integral=+0.000000e+00
  [SELF][Rank 0] Done moment 25/36 (task 24): force_integral=+0.000000e+00
  [SELF][Rank 0] Done moment 25/36 (task 24): force_integral=+0.000000e+00
  [SELF][Rank 0] Done moment 25/36 (task 24): force_integral=+0.000000e+00
  [SELF][Rank 0] Done moment 25/36 (task 24): force_integral=+0.000000e+00
  [SELF][Rank 0] Done moment 25/36 (task 24): force_integral=+0.000000e+00
  [SELF][Rank 0] Done moment 25/36 (task 24): force_integral=+0.000000e+00
  [SELF][Rank 0] Done moment 25/36 (task 24): force_integral=+0.000000e+00
  [SELF][Rank 0] Done moment 25/36 (task 24): force_integral=+0.000000e+00
  [SELF][Rank 0] Done moment 25/36 (task 24): force_integral=+0.000000e+00
  [SELF][Rank 0] Done moment 25/36 (task 24): force_integral=+0.000000e+00
  [SELF][Rank 0] Done moment 25/36 (task 24): force_integral=+0.000000e+00
  [SELF][Rank 0] Done moment 25/36 (task 24): force_integral=+0.000000e+00
  [SELF][Rank 0] Done moment 26/36 (task 25): force_integral=+0.000000e+00
  [SELF][Rank 0] Done moment 26/36 (task 25): force_integral=+0.000000e+00
  [SELF][Rank 0] Done moment 26/36 (task 25): force_integral=+0.000000e+00
  [SELF][Rank 0] Done moment 26/36 (task 25): force_integral=+0.000000e+00
  [SELF][Rank 0] Done moment 26/36 (task 25): force_integral=+0.000000e+00
  [SELF][Rank 0] Done moment 26/36 (task 25): force_integral=+0.000000e+00
  [SELF][Rank 0] Done moment 26/36 (task 25): force_integral=+0.000000e+00
  [SELF][Rank 0] Done moment 26/36 (task 25): force_integral=+0.000000e+00
  [SELF][Rank 0] Done moment 26/36 (task 25): force_integral=+0.000000e+00
  [SELF][Rank 0] Done moment 26/36 (task 25): force_integral=+0.000000e+00
  [SELF][Rank 0] Done moment 26/36 (task 25): force_integral=+0.000000e+00
  [SELF][Rank 0] Done moment 26/36 (task 25): force_integral=+0.000000e+00
  [SELF][Rank 0] Done moment 26/36 (task 25): force_integral=+0.000000e+00
  [SELF][Rank 0] Done moment 26/36 (task 25): force_integral=+0.000000e+00
  [SELF][Rank 0] Done moment 26/36 (task 25): force_integral=+0.000000e+00
  [SELF][Rank 0] Done moment 26/36 (task 25): force_integral=+0.000000e+00
  [SELF][Rank 0] Done moment 26/36 (task 25): force_integral=+0.000000e+00
  [SELF][Rank 0] Done moment 26/36 (task 25): force_integral=+0.000000e+00
  [SELF][Rank 0] Done moment 26/36 (task 25): force_integral=+0.000000e+00
  [SELF][Rank 0] Done moment 26/36 (task 25): force_integral=+0.000000e+00
  [SELF][Rank 0] Done moment 26/36 (task 25): force_integral=+0.000000e+00
  [SELF][Rank 0] Done moment 26/36 (task 25): force_integral=+0.000000e+00
  [SELF][Rank 0] Done moment 26/36 (task 25): force_integral=+0.000000e+00
  [SELF][Rank 0] Done moment 26/36 (task 25): force_integral=+0.000000e+00
  [SELF][Rank 0] Done moment 26/36 (task 25): force_integral=+0.000000e+00
  [SELF][Rank 0] Done moment 26/36 (task 25): force_integral=+0.000000e+00
  [SELF][Rank 0] Done moment 26/36 (task 25): force_integral=+0.000000e+00
  [SELF][Rank 0] Done moment 26/36 (task 25): force_integral=+0.000000e+00
  [SELF][Rank 0] Done moment 26/36 (task 25): force_integral=+0.000000e+00
  [SELF][Rank 0] Done moment 26/36 (task 25): force_integral=+0.000000e+00
  [SELF][Rank 0] Done moment 26/36 (task 25): force_integral=+0.000000e+00
  [SELF][Rank 0] Done moment 26/36 (task 25): force_integral=+0.000000e+00
  [SELF][Rank 0] Done moment 26/36 (task 25): force_integral=+0.000000e+00
  [SELF][Rank 0] Done moment 26/36 (task 25): force_integral=+0.000000e+00
  [SELF][Rank 0] Done moment 26/36 (task 25): force_integral=+0.000000e+00
  [SELF][Rank 0] Done moment 26/36 (task 25): force_integral=+0.000000e+00
  [SELF][Rank 0] Done moment 26/36 (task 25): force_integral=+0.000000e+00
  [SELF][Rank 0] Done moment 26/36 (task 25): force_integral=+0.000000e+00
  [SELF][Rank 0] Done moment 26/36 (task 25): force_integral=+0.000000e+00
  [SELF][Rank 0] Done moment 26/36 (task 25): force_integral=+0.000000e+00
  [SELF][Rank 0] Done moment 26/36 (task 25): force_integral=+0.000000e+00
  [SELF][Rank 0] Done moment 26/36 (task 25): force_integral=+0.000000e+00
  [SELF][Rank 0] Done moment 26/36 (task 25): force_integral=+0.000000e+00
  [SELF][Rank 0] Done moment 26/36 (task 25): force_integral=+0.000000e+00
  [SELF][Rank 0] Done moment 26/36 (task 25): force_integral=+0.000000e+00
  [SELF][Rank 0] Done moment 26/36 (task 25): force_integral=+0.000000e+00
  [SELF][Rank 0] Done moment 26/36 (task 25): force_integral=+0.000000e+00
  [SELF][Rank 0] Done moment 26/36 (task 25): force_integral=+0.000000e+00
  [SELF][Rank 0] Done moment 26/36 (task 25): force_integral=+0.000000e+00
  [SELF][Rank 0] Done moment 26/36 (task 25): force_integral=+0.000000e+00
  [SELF][Rank 0] Done moment 26/36 (task 25): force_integral=+0.000000e+00
  [SELF][Rank 0] Done moment 26/36 (task 25): force_integral=+0.000000e+00
  [SELF][Rank 0] Done moment 26/36 (task 25): force_integral=+0.000000e+00
  [SELF][Rank 0] Done moment 26/36 (task 25): force_integral=+0.000000e+00
  [SELF][Rank 0] Done moment 26/36 (task 25): force_integral=+0.000000e+00
  [SELF][Rank 0] Done moment 26/36 (task 25): force_integral=+0.000000e+00
  [SELF][Rank 0] Done moment 26/36 (task 25): force_integral=+0.000000e+00
  [SELF][Rank 0] Done moment 26/36 (task 25): force_integral=+0.000000e+00
  [SELF][Rank 0] Done moment 26/36 (task 25): force_integral=+0.000000e+00
  [SELF][Rank 0] Done moment 26/36 (task 25): force_integral=+0.000000e+00
  [SELF][Rank 0] Done moment 26/36 (task 25): force_integral=+0.000000e+00
  [SELF][Rank 0] Done moment 26/36 (task 25): force_integral=+0.000000e+00
  [SELF][Rank 0] Done moment 26/36 (task 25): force_integral=+0.000000e+00
  [SELF][Rank 0] Done moment 26/36 (task 25): force_integral=+0.000000e+00
  [SELF][Rank 0] Done moment 26/36 (task 25): force_integral=+0.000000e+00
  [SELF][Rank 0] Done moment 26/36 (task 25): force_integral=+0.000000e+00
  [SELF][Rank 0] Done moment 26/36 (task 25): force_integral=+0.000000e+00
  [SELF][Rank 0] Done moment 26/36 (task 25): force_integral=+0.000000e+00
  [SELF][Rank 0] Done moment 26/36 (task 25): force_integral=+0.000000e+00
  [SELF][Rank 0] Done moment 26/36 (task 25): force_integral=+0.000000e+00
  [SELF][Rank 0] Done moment 26/36 (task 25): force_integral=+0.000000e+00
  [SELF][Rank 0] Done moment 26/36 (task 25): force_integral=+0.000000e+00
  [SELF][Rank 0] Done moment 26/36 (task 25): force_integral=+0.000000e+00
  [SELF][Rank 0] Done moment 26/36 (task 25): force_integral=+0.000000e+00
  [SELF][Rank 0] Done moment 26/36 (task 25): force_integral=+0.000000e+00
  [SELF][Rank 0] Done moment 26/36 (task 25): force_integral=+0.000000e+00
  [SELF][Rank 0] Done moment 26/36 (task 25): force_integral=+0.000000e+00
  [SELF][Rank 0] Done moment 26/36 (task 25): force_integral=+0.000000e+00
  [SELF][Rank 0] Done moment 26/36 (task 25): force_integral=+0.000000e+00
  [SELF][Rank 0] Done moment 26/36 (task 25): force_integral=+0.000000e+00
  [SELF][Rank 0] Done moment 26/36 (task 25): force_integral=+0.000000e+00
  [SELF][Rank 0] Done moment 26/36 (task 25): force_integral=+0.000000e+00
  [SELF][Rank 0] Done moment 26/36 (task 25): force_integral=+0.000000e+00
  [SELF][Rank 0] Done moment 26/36 (task 25): force_integral=+0.000000e+00
  [SELF][Rank 0] Done moment 26/36 (task 25): force_integral=+0.000000e+00
  [SELF][Rank 0] Done moment 26/36 (task 25): force_integral=+0.000000e+00
  [SELF][Rank 0] Done moment 26/36 (task 25): force_integral=+0.000000e+00
  [SELF][Rank 0] Done moment 26/36 (task 25): force_integral=+0.000000e+00
  [SELF][Rank 0] Done moment 26/36 (task 25): force_integral=+0.000000e+00
  [SELF][Rank 0] Done moment 26/36 (task 25): force_integral=+0.000000e+00
  [SELF][Rank 0] Done moment 26/36 (task 25): force_integral=+0.000000e+00
  [SELF][Rank 0] Done moment 26/36 (task 25): force_integral=+0.000000e+00
  [SELF][Rank 0] Done moment 26/36 (task 25): force_integral=+0.000000e+00
  [SELF][Rank 0] Done moment 26/36 (task 25): force_integral=+0.000000e+00
  [SELF][Rank 0] Done moment 26/36 (task 25): force_integral=+0.000000e+00
  [SELF][Rank 0] Done moment 26/36 (task 25): force_integral=+0.000000e+00
  [SELF][Rank 0] Done moment 26/36 (task 25): force_integral=+0.000000e+00
  [SELF][Rank 0] Done moment 26/36 (task 25): force_integral=+0.000000e+00
  [SELF][Rank 0] Done moment 26/36 (task 25): force_integral=+0.000000e+00
  [SELF][Rank 0] Done moment 26/36 (task 25): force_integral=+0.000000e+00
  [SELF][Rank 0] Done moment 26/36 (task 25): force_integral=+0.000000e+00
  [SELF][Rank 0] Done moment 26/36 (task 25): force_integral=+0.000000e+00
  [SELF][Rank 0] Done moment 26/36 (task 25): force_integral=+0.000000e+00
  [SELF][Rank 0] Done moment 26/36 (task 25): force_integral=+0.000000e+00
  [SELF][Rank 0] Done moment 26/36 (task 25): force_integral=+0.000000e+00
  [SELF][Rank 0] Done moment 26/36 (task 25): force_integral=+0.000000e+00
  [SELF][Rank 0] Done moment 26/36 (task 25): force_integral=+0.000000e+00
  [SELF][Rank 0] Done moment 26/36 (task 25): force_integral=+0.000000e+00
  [SELF][Rank 0] Done moment 26/36 (task 25): force_integral=+0.000000e+00
  [SELF][Rank 0] Done moment 26/36 (task 25): force_integral=+0.000000e+00
  [SELF][Rank 0] Done moment 26/36 (task 25): force_integral=+0.000000e+00
  [SELF][Rank 0] Done moment 26/36 (task 25): force_integral=+0.000000e+00
  [SELF][Rank 0] Done moment 26/36 (task 25): force_integral=+0.000000e+00
  [SELF][Rank 0] Done moment 26/36 (task 25): force_integral=+0.000000e+00
  [SELF][Rank 0] Done moment 26/36 (task 25): force_integral=+0.000000e+00
  [SELF][Rank 0] Done moment 26/36 (task 25): force_integral=+0.000000e+00
  [SELF][Rank 0] Done moment 26/36 (task 25): force_integral=+0.000000e+00
  [SELF][Rank 0] Done moment 26/36 (task 25): force_integral=+0.000000e+00
  [SELF][Rank 0] Done moment 26/36 (task 25): force_integral=+0.000000e+00
  [SELF][Rank 0] Done moment 26/36 (task 25): force_integral=+0.000000e+00
  [SELF][Rank 0] Done moment 26/36 (task 25): force_integral=+0.000000e+00
  [SELF][Rank 0] Done moment 26/36 (task 25): force_integral=+0.000000e+00
  [SELF][Rank 0] Done moment 26/36 (task 25): force_integral=+0.000000e+00
  [SELF][Rank 0] Done moment 26/36 (task 25): force_integral=+0.000000e+00
  [SELF][Rank 0] Done moment 26/36 (task 25): force_integral=+0.000000e+00
  [SELF][Rank 0] Done moment 26/36 (task 25): force_integral=+0.000000e+00
  [SELF][Rank 0] Done moment 26/36 (task 25): force_integral=+0.000000e+00
  [SELF][Rank 0] Done moment 26/36 (task 25): force_integral=+0.000000e+00
  [SELF][Rank 0] Done moment 27/36 (task 26): force_integral=-6.437621e-01
  [SELF][Rank 0] Done moment 27/36 (task 26): force_integral=-6.437621e-01
  [SELF][Rank 0] Done moment 27/36 (task 26): force_integral=-6.437621e-01
  [SELF][Rank 0] Done moment 27/36 (task 26): force_integral=-6.437621e-01
  [SELF][Rank 0] Done moment 27/36 (task 26): force_integral=-6.437621e-01
  [SELF][Rank 0] Done moment 27/36 (task 26): force_integral=-6.437621e-01
  [SELF][Rank 0] Done moment 27/36 (task 26): force_integral=-6.437621e-01
  [SELF][Rank 0] Done moment 27/36 (task 26): force_integral=-6.437621e-01
  [SELF][Rank 0] Done moment 27/36 (task 26): force_integral=-6.437621e-01
  [SELF][Rank 0] Done moment 27/36 (task 26): force_integral=-6.437621e-01
  [SELF][Rank 0] Done moment 27/36 (task 26): force_integral=-6.437621e-01
  [SELF][Rank 0] Done moment 27/36 (task 26): force_integral=-6.437621e-01
  [SELF][Rank 0] Done moment 27/36 (task 26): force_integral=-6.437621e-01
  [SELF][Rank 0] Done moment 27/36 (task 26): force_integral=-6.437621e-01
  [SELF][Rank 0] Done moment 27/36 (task 26): force_integral=-6.437621e-01
  [SELF][Rank 0] Done moment 27/36 (task 26): force_integral=-6.437621e-01
  [SELF][Rank 0] Done moment 27/36 (task 26): force_integral=-6.437621e-01
  [SELF][Rank 0] Done moment 27/36 (task 26): force_integral=-6.437621e-01
  [SELF][Rank 0] Done moment 27/36 (task 26): force_integral=-6.437621e-01
  [SELF][Rank 0] Done moment 27/36 (task 26): force_integral=-6.437621e-01
  [SELF][Rank 0] Done moment 27/36 (task 26): force_integral=-6.437621e-01
  [SELF][Rank 0] Done moment 27/36 (task 26): force_integral=-6.437621e-01
  [SELF][Rank 0] Done moment 27/36 (task 26): force_integral=-6.437621e-01
  [SELF][Rank 0] Done moment 27/36 (task 26): force_integral=-6.437621e-01
  [SELF][Rank 0] Done moment 27/36 (task 26): force_integral=-6.437621e-01
  [SELF][Rank 0] Done moment 27/36 (task 26): force_integral=-6.437621e-01
  [SELF][Rank 0] Done moment 27/36 (task 26): force_integral=-6.437621e-01
  [SELF][Rank 0] Done moment 27/36 (task 26): force_integral=-6.437621e-01
  [SELF][Rank 0] Done moment 27/36 (task 26): force_integral=-6.437621e-01
  [SELF][Rank 0] Done moment 27/36 (task 26): force_integral=-6.437621e-01
  [SELF][Rank 0] Done moment 27/36 (task 26): force_integral=-6.437621e-01
  [SELF][Rank 0] Done moment 27/36 (task 26): force_integral=-6.437621e-01
  [SELF][Rank 0] Done moment 27/36 (task 26): force_integral=-6.437621e-01
  [SELF][Rank 0] Done moment 27/36 (task 26): force_integral=-6.437621e-01
  [SELF][Rank 0] Done moment 27/36 (task 26): force_integral=-6.437621e-01
  [SELF][Rank 0] Done moment 27/36 (task 26): force_integral=-6.437621e-01
  [SELF][Rank 0] Done moment 27/36 (task 26): force_integral=-6.437621e-01
  [SELF][Rank 0] Done moment 27/36 (task 26): force_integral=-6.437621e-01
  [SELF][Rank 0] Done moment 27/36 (task 26): force_integral=-6.437621e-01
  [SELF][Rank 0] Done moment 27/36 (task 26): force_integral=-6.437621e-01
  [SELF][Rank 0] Done moment 27/36 (task 26): force_integral=-6.437621e-01
  [SELF][Rank 0] Done moment 27/36 (task 26): force_integral=-6.437621e-01
  [SELF][Rank 0] Done moment 27/36 (task 26): force_integral=-6.437621e-01
  [SELF][Rank 0] Done moment 27/36 (task 26): force_integral=-6.437621e-01
  [SELF][Rank 0] Done moment 27/36 (task 26): force_integral=-6.437621e-01
  [SELF][Rank 0] Done moment 27/36 (task 26): force_integral=-6.437621e-01
  [SELF][Rank 0] Done moment 27/36 (task 26): force_integral=-6.437621e-01
  [SELF][Rank 0] Done moment 27/36 (task 26): force_integral=-6.437621e-01
  [SELF][Rank 0] Done moment 27/36 (task 26): force_integral=-6.437621e-01
  [SELF][Rank 0] Done moment 27/36 (task 26): force_integral=-6.437621e-01
  [SELF][Rank 0] Done moment 27/36 (task 26): force_integral=-6.437621e-01
  [SELF][Rank 0] Done moment 27/36 (task 26): force_integral=-6.437621e-01
  [SELF][Rank 0] Done moment 27/36 (task 26): force_integral=-6.437621e-01
  [SELF][Rank 0] Done moment 27/36 (task 26): force_integral=-6.437621e-01
  [SELF][Rank 0] Done moment 27/36 (task 26): force_integral=-6.437621e-01
  [SELF][Rank 0] Done moment 27/36 (task 26): force_integral=-6.437621e-01
  [SELF][Rank 0] Done moment 27/36 (task 26): force_integral=-6.437621e-01
  [SELF][Rank 0] Done moment 27/36 (task 26): force_integral=-6.437621e-01
  [SELF][Rank 0] Done moment 27/36 (task 26): force_integral=-6.437621e-01
  [SELF][Rank 0] Done moment 27/36 (task 26): force_integral=-6.437621e-01
  [SELF][Rank 0] Done moment 27/36 (task 26): force_integral=-6.437621e-01
  [SELF][Rank 0] Done moment 27/36 (task 26): force_integral=-6.437621e-01
  [SELF][Rank 0] Done moment 27/36 (task 26): force_integral=-6.437621e-01
  [SELF][Rank 0] Done moment 27/36 (task 26): force_integral=-6.437621e-01
  [SELF][Rank 0] Done moment 27/36 (task 26): force_integral=-6.437621e-01
  [SELF][Rank 0] Done moment 27/36 (task 26): force_integral=-6.437621e-01
  [SELF][Rank 0] Done moment 27/36 (task 26): force_integral=-6.437621e-01
  [SELF][Rank 0] Done moment 27/36 (task 26): force_integral=-6.437621e-01
  [SELF][Rank 0] Done moment 27/36 (task 26): force_integral=-6.437621e-01
  [SELF][Rank 0] Done moment 27/36 (task 26): force_integral=-6.437621e-01
  [SELF][Rank 0] Done moment 27/36 (task 26): force_integral=-6.437621e-01
  [SELF][Rank 0] Done moment 27/36 (task 26): force_integral=-6.437621e-01
  [SELF][Rank 0] Done moment 27/36 (task 26): force_integral=-6.437621e-01
  [SELF][Rank 0] Done moment 27/36 (task 26): force_integral=-6.437621e-01
  [SELF][Rank 0] Done moment 27/36 (task 26): force_integral=-6.437621e-01
  [SELF][Rank 0] Done moment 27/36 (task 26): force_integral=-6.437621e-01
  [SELF][Rank 0] Done moment 27/36 (task 26): force_integral=-6.437621e-01
  [SELF][Rank 0] Done moment 27/36 (task 26): force_integral=-6.437621e-01
  [SELF][Rank 0] Done moment 27/36 (task 26): force_integral=-6.437621e-01
  [SELF][Rank 0] Done moment 27/36 (task 26): force_integral=-6.437621e-01
  [SELF][Rank 0] Done moment 27/36 (task 26): force_integral=-6.437621e-01
  [SELF][Rank 0] Done moment 27/36 (task 26): force_integral=-6.437621e-01
  [SELF][Rank 0] Done moment 27/36 (task 26): force_integral=-6.437621e-01
  [SELF][Rank 0] Done moment 27/36 (task 26): force_integral=-6.437621e-01
  [SELF][Rank 0] Done moment 27/36 (task 26): force_integral=-6.437621e-01
  [SELF][Rank 0] Done moment 27/36 (task 26): force_integral=-6.437621e-01
  [SELF][Rank 0] Done moment 27/36 (task 26): force_integral=-6.437621e-01
  [SELF][Rank 0] Done moment 27/36 (task 26): force_integral=-6.437621e-01
  [SELF][Rank 0] Done moment 27/36 (task 26): force_integral=-6.437621e-01
  [SELF][Rank 0] Done moment 27/36 (task 26): force_integral=-6.437621e-01
  [SELF][Rank 0] Done moment 27/36 (task 26): force_integral=-6.437621e-01
  [SELF][Rank 0] Done moment 27/36 (task 26): force_integral=-6.437621e-01
  [SELF][Rank 0] Done moment 27/36 (task 26): force_integral=-6.437621e-01
  [SELF][Rank 0] Done moment 27/36 (task 26): force_integral=-6.437621e-01
  [SELF][Rank 0] Done moment 27/36 (task 26): force_integral=-6.437621e-01
  [SELF][Rank 0] Done moment 27/36 (task 26): force_integral=-6.437621e-01
  [SELF][Rank 0] Done moment 27/36 (task 26): force_integral=-6.437621e-01
  [SELF][Rank 0] Done moment 27/36 (task 26): force_integral=-6.437621e-01
  [SELF][Rank 0] Done moment 27/36 (task 26): force_integral=-6.437621e-01
  [SELF][Rank 0] Done moment 27/36 (task 26): force_integral=-6.437621e-01
  [SELF][Rank 0] Done moment 27/36 (task 26): force_integral=-6.437621e-01
  [SELF][Rank 0] Done moment 27/36 (task 26): force_integral=-6.437621e-01
  [SELF][Rank 0] Done moment 27/36 (task 26): force_integral=-6.437621e-01
  [SELF][Rank 0] Done moment 27/36 (task 26): force_integral=-6.437621e-01
  [SELF][Rank 0] Done moment 27/36 (task 26): force_integral=-6.437621e-01
  [SELF][Rank 0] Done moment 27/36 (task 26): force_integral=-6.437621e-01
  [SELF][Rank 0] Done moment 27/36 (task 26): force_integral=-6.437621e-01
  [SELF][Rank 0] Done moment 27/36 (task 26): force_integral=-6.437621e-01
  [SELF][Rank 0] Done moment 27/36 (task 26): force_integral=-6.437621e-01
  [SELF][Rank 0] Done moment 27/36 (task 26): force_integral=-6.437621e-01
  [SELF][Rank 0] Done moment 27/36 (task 26): force_integral=-6.437621e-01
  [SELF][Rank 0] Done moment 27/36 (task 26): force_integral=-6.437621e-01
  [SELF][Rank 0] Done moment 27/36 (task 26): force_integral=-6.437621e-01
  [SELF][Rank 0] Done moment 27/36 (task 26): force_integral=-6.437621e-01
  [SELF][Rank 0] Done moment 27/36 (task 26): force_integral=-6.437621e-01
  [SELF][Rank 0] Done moment 27/36 (task 26): force_integral=-6.437621e-01
  [SELF][Rank 0] Done moment 27/36 (task 26): force_integral=-6.437621e-01
  [SELF][Rank 0] Done moment 27/36 (task 26): force_integral=-6.437621e-01
  [SELF][Rank 0] Done moment 27/36 (task 26): force_integral=-6.437621e-01
  [SELF][Rank 0] Done moment 27/36 (task 26): force_integral=-6.437621e-01
  [SELF][Rank 0] Done moment 27/36 (task 26): force_integral=-6.437621e-01
  [SELF][Rank 0] Done moment 27/36 (task 26): force_integral=-6.437621e-01
  [SELF][Rank 0] Done moment 27/36 (task 26): force_integral=-6.437621e-01
  [SELF][Rank 0] Done moment 27/36 (task 26): force_integral=-6.437621e-01
  [SELF][Rank 0] Done moment 27/36 (task 26): force_integral=-6.437621e-01
  [SELF][Rank 0] Done moment 27/36 (task 26): force_integral=-6.437621e-01
  [SELF][Rank 0] Done moment 27/36 (task 26): force_integral=-6.437621e-01
  [SELF][Rank 0] Done moment 27/36 (task 26): force_integral=-6.437621e-01
  [SELF][Rank 0] Done moment 28/36 (task 27): force_integral=-6.437621e-01
  [SELF][Rank 0] Done moment 28/36 (task 27): force_integral=-6.437621e-01
  [SELF][Rank 0] Done moment 28/36 (task 27): force_integral=-6.437621e-01
  [SELF][Rank 0] Done moment 28/36 (task 27): force_integral=-6.437621e-01
  [SELF][Rank 0] Done moment 28/36 (task 27): force_integral=-6.437621e-01
  [SELF][Rank 0] Done moment 28/36 (task 27): force_integral=-6.437621e-01
  [SELF][Rank 0] Done moment 28/36 (task 27): force_integral=-6.437621e-01
  [SELF][Rank 0] Done moment 28/36 (task 27): force_integral=-6.437621e-01
  [SELF][Rank 0] Done moment 28/36 (task 27): force_integral=-6.437621e-01
  [SELF][Rank 0] Done moment 28/36 (task 27): force_integral=-6.437621e-01
  [SELF][Rank 0] Done moment 28/36 (task 27): force_integral=-6.437621e-01
  [SELF][Rank 0] Done moment 28/36 (task 27): force_integral=-6.437621e-01
  [SELF][Rank 0] Done moment 28/36 (task 27): force_integral=-6.437621e-01
  [SELF][Rank 0] Done moment 28/36 (task 27): force_integral=-6.437621e-01
  [SELF][Rank 0] Done moment 28/36 (task 27): force_integral=-6.437621e-01
  [SELF][Rank 0] Done moment 28/36 (task 27): force_integral=-6.437621e-01
  [SELF][Rank 0] Done moment 28/36 (task 27): force_integral=-6.437621e-01
  [SELF][Rank 0] Done moment 28/36 (task 27): force_integral=-6.437621e-01
  [SELF][Rank 0] Done moment 28/36 (task 27): force_integral=-6.437621e-01
  [SELF][Rank 0] Done moment 28/36 (task 27): force_integral=-6.437621e-01
  [SELF][Rank 0] Done moment 28/36 (task 27): force_integral=-6.437621e-01
  [SELF][Rank 0] Done moment 28/36 (task 27): force_integral=-6.437621e-01
  [SELF][Rank 0] Done moment 28/36 (task 27): force_integral=-6.437621e-01
  [SELF][Rank 0] Done moment 28/36 (task 27): force_integral=-6.437621e-01
  [SELF][Rank 0] Done moment 28/36 (task 27): force_integral=-6.437621e-01
  [SELF][Rank 0] Done moment 28/36 (task 27): force_integral=-6.437621e-01
  [SELF][Rank 0] Done moment 28/36 (task 27): force_integral=-6.437621e-01
  [SELF][Rank 0] Done moment 28/36 (task 27): force_integral=-6.437621e-01
  [SELF][Rank 0] Done moment 28/36 (task 27): force_integral=-6.437621e-01
  [SELF][Rank 0] Done moment 28/36 (task 27): force_integral=-6.437621e-01
  [SELF][Rank 0] Done moment 28/36 (task 27): force_integral=-6.437621e-01
  [SELF][Rank 0] Done moment 28/36 (task 27): force_integral=-6.437621e-01
  [SELF][Rank 0] Done moment 28/36 (task 27): force_integral=-6.437621e-01
  [SELF][Rank 0] Done moment 28/36 (task 27): force_integral=-6.437621e-01
  [SELF][Rank 0] Done moment 28/36 (task 27): force_integral=-6.437621e-01
  [SELF][Rank 0] Done moment 28/36 (task 27): force_integral=-6.437621e-01
  [SELF][Rank 0] Done moment 28/36 (task 27): force_integral=-6.437621e-01
  [SELF][Rank 0] Done moment 28/36 (task 27): force_integral=-6.437621e-01
  [SELF][Rank 0] Done moment 28/36 (task 27): force_integral=-6.437621e-01
  [SELF][Rank 0] Done moment 28/36 (task 27): force_integral=-6.437621e-01
  [SELF][Rank 0] Done moment 28/36 (task 27): force_integral=-6.437621e-01
  [SELF][Rank 0] Done moment 28/36 (task 27): force_integral=-6.437621e-01
  [SELF][Rank 0] Done moment 28/36 (task 27): force_integral=-6.437621e-01
  [SELF][Rank 0] Done moment 28/36 (task 27): force_integral=-6.437621e-01
  [SELF][Rank 0] Done moment 28/36 (task 27): force_integral=-6.437621e-01
  [SELF][Rank 0] Done moment 28/36 (task 27): force_integral=-6.437621e-01
  [SELF][Rank 0] Done moment 28/36 (task 27): force_integral=-6.437621e-01
  [SELF][Rank 0] Done moment 28/36 (task 27): force_integral=-6.437621e-01
  [SELF][Rank 0] Done moment 28/36 (task 27): force_integral=-6.437621e-01
  [SELF][Rank 0] Done moment 28/36 (task 27): force_integral=-6.437621e-01
  [SELF][Rank 0] Done moment 28/36 (task 27): force_integral=-6.437621e-01
  [SELF][Rank 0] Done moment 28/36 (task 27): force_integral=-6.437621e-01
  [SELF][Rank 0] Done moment 28/36 (task 27): force_integral=-6.437621e-01
  [SELF][Rank 0] Done moment 28/36 (task 27): force_integral=-6.437621e-01
  [SELF][Rank 0] Done moment 28/36 (task 27): force_integral=-6.437621e-01
  [SELF][Rank 0] Done moment 28/36 (task 27): force_integral=-6.437621e-01
  [SELF][Rank 0] Done moment 28/36 (task 27): force_integral=-6.437621e-01
  [SELF][Rank 0] Done moment 28/36 (task 27): force_integral=-6.437621e-01
  [SELF][Rank 0] Done moment 28/36 (task 27): force_integral=-6.437621e-01
  [SELF][Rank 0] Done moment 28/36 (task 27): force_integral=-6.437621e-01
  [SELF][Rank 0] Done moment 28/36 (task 27): force_integral=-6.437621e-01
  [SELF][Rank 0] Done moment 28/36 (task 27): force_integral=-6.437621e-01
  [SELF][Rank 0] Done moment 28/36 (task 27): force_integral=-6.437621e-01
  [SELF][Rank 0] Done moment 28/36 (task 27): force_integral=-6.437621e-01
  [SELF][Rank 0] Done moment 28/36 (task 27): force_integral=-6.437621e-01
  [SELF][Rank 0] Done moment 28/36 (task 27): force_integral=-6.437621e-01
  [SELF][Rank 0] Done moment 28/36 (task 27): force_integral=-6.437621e-01
  [SELF][Rank 0] Done moment 28/36 (task 27): force_integral=-6.437621e-01
  [SELF][Rank 0] Done moment 28/36 (task 27): force_integral=-6.437621e-01
  [SELF][Rank 0] Done moment 28/36 (task 27): force_integral=-6.437621e-01
  [SELF][Rank 0] Done moment 28/36 (task 27): force_integral=-6.437621e-01
  [SELF][Rank 0] Done moment 28/36 (task 27): force_integral=-6.437621e-01
  [SELF][Rank 0] Done moment 28/36 (task 27): force_integral=-6.437621e-01
  [SELF][Rank 0] Done moment 28/36 (task 27): force_integral=-6.437621e-01
  [SELF][Rank 0] Done moment 28/36 (task 27): force_integral=-6.437621e-01
  [SELF][Rank 0] Done moment 28/36 (task 27): force_integral=-6.437621e-01
  [SELF][Rank 0] Done moment 28/36 (task 27): force_integral=-6.437621e-01
  [SELF][Rank 0] Done moment 28/36 (task 27): force_integral=-6.437621e-01
  [SELF][Rank 0] Done moment 28/36 (task 27): force_integral=-6.437621e-01
  [SELF][Rank 0] Done moment 28/36 (task 27): force_integral=-6.437621e-01
  [SELF][Rank 0] Done moment 28/36 (task 27): force_integral=-6.437621e-01
  [SELF][Rank 0] Done moment 28/36 (task 27): force_integral=-6.437621e-01
  [SELF][Rank 0] Done moment 28/36 (task 27): force_integral=-6.437621e-01
  [SELF][Rank 0] Done moment 28/36 (task 27): force_integral=-6.437621e-01
  [SELF][Rank 0] Done moment 28/36 (task 27): force_integral=-6.437621e-01
  [SELF][Rank 0] Done moment 28/36 (task 27): force_integral=-6.437621e-01
  [SELF][Rank 0] Done moment 28/36 (task 27): force_integral=-6.437621e-01
  [SELF][Rank 0] Done moment 28/36 (task 27): force_integral=-6.437621e-01
  [SELF][Rank 0] Done moment 28/36 (task 27): force_integral=-6.437621e-01
  [SELF][Rank 0] Done moment 28/36 (task 27): force_integral=-6.437621e-01
  [SELF][Rank 0] Done moment 28/36 (task 27): force_integral=-6.437621e-01
  [SELF][Rank 0] Done moment 28/36 (task 27): force_integral=-6.437621e-01
  [SELF][Rank 0] Done moment 28/36 (task 27): force_integral=-6.437621e-01
  [SELF][Rank 0] Done moment 28/36 (task 27): force_integral=-6.437621e-01
  [SELF][Rank 0] Done moment 28/36 (task 27): force_integral=-6.437621e-01
  [SELF][Rank 0] Done moment 28/36 (task 27): force_integral=-6.437621e-01
  [SELF][Rank 0] Done moment 28/36 (task 27): force_integral=-6.437621e-01
  [SELF][Rank 0] Done moment 28/36 (task 27): force_integral=-6.437621e-01
  [SELF][Rank 0] Done moment 28/36 (task 27): force_integral=-6.437621e-01
  [SELF][Rank 0] Done moment 28/36 (task 27): force_integral=-6.437621e-01
  [SELF][Rank 0] Done moment 28/36 (task 27): force_integral=-6.437621e-01
  [SELF][Rank 0] Done moment 28/36 (task 27): force_integral=-6.437621e-01
  [SELF][Rank 0] Done moment 28/36 (task 27): force_integral=-6.437621e-01
  [SELF][Rank 0] Done moment 28/36 (task 27): force_integral=-6.437621e-01
  [SELF][Rank 0] Done moment 28/36 (task 27): force_integral=-6.437621e-01
  [SELF][Rank 0] Done moment 28/36 (task 27): force_integral=-6.437621e-01
  [SELF][Rank 0] Done moment 28/36 (task 27): force_integral=-6.437621e-01
  [SELF][Rank 0] Done moment 28/36 (task 27): force_integral=-6.437621e-01
  [SELF][Rank 0] Done moment 28/36 (task 27): force_integral=-6.437621e-01
  [SELF][Rank 0] Done moment 28/36 (task 27): force_integral=-6.437621e-01
  [SELF][Rank 0] Done moment 28/36 (task 27): force_integral=-6.437621e-01
  [SELF][Rank 0] Done moment 28/36 (task 27): force_integral=-6.437621e-01
  [SELF][Rank 0] Done moment 28/36 (task 27): force_integral=-6.437621e-01
  [SELF][Rank 0] Done moment 28/36 (task 27): force_integral=-6.437621e-01
  [SELF][Rank 0] Done moment 28/36 (task 27): force_integral=-6.437621e-01
  [SELF][Rank 0] Done moment 28/36 (task 27): force_integral=-6.437621e-01
  [SELF][Rank 0] Done moment 28/36 (task 27): force_integral=-6.437621e-01
  [SELF][Rank 0] Done moment 28/36 (task 27): force_integral=-6.437621e-01
  [SELF][Rank 0] Done moment 28/36 (task 27): force_integral=-6.437621e-01
  [SELF][Rank 0] Done moment 28/36 (task 27): force_integral=-6.437621e-01
  [SELF][Rank 0] Done moment 28/36 (task 27): force_integral=-6.437621e-01
  [SELF][Rank 0] Done moment 28/36 (task 27): force_integral=-6.437621e-01
  [SELF][Rank 0] Done moment 28/36 (task 27): force_integral=-6.437621e-01
  [SELF][Rank 0] Done moment 28/36 (task 27): force_integral=-6.437621e-01
  [SELF][Rank 0] Done moment 28/36 (task 27): force_integral=-6.437621e-01
  [SELF][Rank 0] Done moment 28/36 (task 27): force_integral=-6.437621e-01
  [SELF][Rank 0] Done moment 28/36 (task 27): force_integral=-6.437621e-01
  [SELF][Rank 0] Done moment 28/36 (task 27): force_integral=-6.437621e-01
  [SELF][Rank 0] Done moment 29/36 (task 28): force_integral=-1.664209e+03
  [SELF][Rank 0] Done moment 29/36 (task 28): force_integral=-1.664209e+03
  [SELF][Rank 0] Done moment 29/36 (task 28): force_integral=-1.664209e+03
  [SELF][Rank 0] Done moment 29/36 (task 28): force_integral=-1.664209e+03
  [SELF][Rank 0] Done moment 29/36 (task 28): force_integral=-1.664209e+03
  [SELF][Rank 0] Done moment 29/36 (task 28): force_integral=-1.664209e+03
  [SELF][Rank 0] Done moment 29/36 (task 28): force_integral=-1.664209e+03
  [SELF][Rank 0] Done moment 29/36 (task 28): force_integral=-1.664209e+03
  [SELF][Rank 0] Done moment 29/36 (task 28): force_integral=-1.664209e+03
  [SELF][Rank 0] Done moment 29/36 (task 28): force_integral=-1.664209e+03
  [SELF][Rank 0] Done moment 29/36 (task 28): force_integral=-1.664209e+03
  [SELF][Rank 0] Done moment 29/36 (task 28): force_integral=-1.664209e+03
  [SELF][Rank 0] Done moment 29/36 (task 28): force_integral=-1.664209e+03
  [SELF][Rank 0] Done moment 29/36 (task 28): force_integral=-1.664209e+03
  [SELF][Rank 0] Done moment 29/36 (task 28): force_integral=-1.664209e+03
  [SELF][Rank 0] Done moment 29/36 (task 28): force_integral=-1.664209e+03
  [SELF][Rank 0] Done moment 29/36 (task 28): force_integral=-1.664209e+03
  [SELF][Rank 0] Done moment 29/36 (task 28): force_integral=-1.664209e+03
  [SELF][Rank 0] Done moment 29/36 (task 28): force_integral=-1.664209e+03
  [SELF][Rank 0] Done moment 29/36 (task 28): force_integral=-1.664209e+03
  [SELF][Rank 0] Done moment 29/36 (task 28): force_integral=-1.664209e+03
  [SELF][Rank 0] Done moment 29/36 (task 28): force_integral=-1.664209e+03
  [SELF][Rank 0] Done moment 29/36 (task 28): force_integral=-1.664209e+03
  [SELF][Rank 0] Done moment 29/36 (task 28): force_integral=-1.664209e+03
  [SELF][Rank 0] Done moment 29/36 (task 28): force_integral=-1.664209e+03
  [SELF][Rank 0] Done moment 29/36 (task 28): force_integral=-1.664209e+03
  [SELF][Rank 0] Done moment 29/36 (task 28): force_integral=-1.664209e+03
  [SELF][Rank 0] Done moment 29/36 (task 28): force_integral=-1.664209e+03
  [SELF][Rank 0] Done moment 29/36 (task 28): force_integral=-1.664209e+03
  [SELF][Rank 0] Done moment 29/36 (task 28): force_integral=-1.664209e+03
  [SELF][Rank 0] Done moment 29/36 (task 28): force_integral=-1.664209e+03
  [SELF][Rank 0] Done moment 29/36 (task 28): force_integral=-1.664209e+03
  [SELF][Rank 0] Done moment 29/36 (task 28): force_integral=-1.664209e+03
  [SELF][Rank 0] Done moment 29/36 (task 28): force_integral=-1.664209e+03
  [SELF][Rank 0] Done moment 29/36 (task 28): force_integral=-1.664209e+03
  [SELF][Rank 0] Done moment 29/36 (task 28): force_integral=-1.664209e+03
  [SELF][Rank 0] Done moment 29/36 (task 28): force_integral=-1.664209e+03
  [SELF][Rank 0] Done moment 29/36 (task 28): force_integral=-1.664209e+03
  [SELF][Rank 0] Done moment 29/36 (task 28): force_integral=-1.664209e+03
  [SELF][Rank 0] Done moment 29/36 (task 28): force_integral=-1.664209e+03
  [SELF][Rank 0] Done moment 29/36 (task 28): force_integral=-1.664209e+03
  [SELF][Rank 0] Done moment 29/36 (task 28): force_integral=-1.664209e+03
  [SELF][Rank 0] Done moment 29/36 (task 28): force_integral=-1.664209e+03
  [SELF][Rank 0] Done moment 29/36 (task 28): force_integral=-1.664209e+03
  [SELF][Rank 0] Done moment 29/36 (task 28): force_integral=-1.664209e+03
  [SELF][Rank 0] Done moment 29/36 (task 28): force_integral=-1.664209e+03
  [SELF][Rank 0] Done moment 29/36 (task 28): force_integral=-1.664209e+03
  [SELF][Rank 0] Done moment 29/36 (task 28): force_integral=-1.664209e+03
  [SELF][Rank 0] Done moment 29/36 (task 28): force_integral=-1.664209e+03
  [SELF][Rank 0] Done moment 29/36 (task 28): force_integral=-1.664209e+03
  [SELF][Rank 0] Done moment 29/36 (task 28): force_integral=-1.664209e+03
  [SELF][Rank 0] Done moment 29/36 (task 28): force_integral=-1.664209e+03
  [SELF][Rank 0] Done moment 29/36 (task 28): force_integral=-1.664209e+03
  [SELF][Rank 0] Done moment 29/36 (task 28): force_integral=-1.664209e+03
  [SELF][Rank 0] Done moment 29/36 (task 28): force_integral=-1.664209e+03
  [SELF][Rank 0] Done moment 29/36 (task 28): force_integral=-1.664209e+03
  [SELF][Rank 0] Done moment 29/36 (task 28): force_integral=-1.664209e+03
  [SELF][Rank 0] Done moment 29/36 (task 28): force_integral=-1.664209e+03
  [SELF][Rank 0] Done moment 29/36 (task 28): force_integral=-1.664209e+03
  [SELF][Rank 0] Done moment 29/36 (task 28): force_integral=-1.664209e+03
  [SELF][Rank 0] Done moment 29/36 (task 28): force_integral=-1.664209e+03
  [SELF][Rank 0] Done moment 29/36 (task 28): force_integral=-1.664209e+03
  [SELF][Rank 0] Done moment 29/36 (task 28): force_integral=-1.664209e+03
  [SELF][Rank 0] Done moment 29/36 (task 28): force_integral=-1.664209e+03
  [SELF][Rank 0] Done moment 29/36 (task 28): force_integral=-1.664209e+03
  [SELF][Rank 0] Done moment 29/36 (task 28): force_integral=-1.664209e+03
  [SELF][Rank 0] Done moment 29/36 (task 28): force_integral=-1.664209e+03
  [SELF][Rank 0] Done moment 29/36 (task 28): force_integral=-1.664209e+03
  [SELF][Rank 0] Done moment 29/36 (task 28): force_integral=-1.664209e+03
  [SELF][Rank 0] Done moment 29/36 (task 28): force_integral=-1.664209e+03
  [SELF][Rank 0] Done moment 29/36 (task 28): force_integral=-1.664209e+03
  [SELF][Rank 0] Done moment 29/36 (task 28): force_integral=-1.664209e+03
  [SELF][Rank 0] Done moment 29/36 (task 28): force_integral=-1.664209e+03
  [SELF][Rank 0] Done moment 29/36 (task 28): force_integral=-1.664209e+03
  [SELF][Rank 0] Done moment 29/36 (task 28): force_integral=-1.664209e+03
  [SELF][Rank 0] Done moment 29/36 (task 28): force_integral=-1.664209e+03
  [SELF][Rank 0] Done moment 29/36 (task 28): force_integral=-1.664209e+03
  [SELF][Rank 0] Done moment 29/36 (task 28): force_integral=-1.664209e+03
  [SELF][Rank 0] Done moment 29/36 (task 28): force_integral=-1.664209e+03
  [SELF][Rank 0] Done moment 29/36 (task 28): force_integral=-1.664209e+03
  [SELF][Rank 0] Done moment 29/36 (task 28): force_integral=-1.664209e+03
  [SELF][Rank 0] Done moment 29/36 (task 28): force_integral=-1.664209e+03
  [SELF][Rank 0] Done moment 29/36 (task 28): force_integral=-1.664209e+03
  [SELF][Rank 0] Done moment 29/36 (task 28): force_integral=-1.664209e+03
  [SELF][Rank 0] Done moment 29/36 (task 28): force_integral=-1.664209e+03
  [SELF][Rank 0] Done moment 29/36 (task 28): force_integral=-1.664209e+03
  [SELF][Rank 0] Done moment 29/36 (task 28): force_integral=-1.664209e+03
  [SELF][Rank 0] Done moment 29/36 (task 28): force_integral=-1.664209e+03
  [SELF][Rank 0] Done moment 29/36 (task 28): force_integral=-1.664209e+03
  [SELF][Rank 0] Done moment 29/36 (task 28): force_integral=-1.664209e+03
  [SELF][Rank 0] Done moment 29/36 (task 28): force_integral=-1.664209e+03
  [SELF][Rank 0] Done moment 29/36 (task 28): force_integral=-1.664209e+03
  [SELF][Rank 0] Done moment 29/36 (task 28): force_integral=-1.664209e+03
  [SELF][Rank 0] Done moment 29/36 (task 28): force_integral=-1.664209e+03
  [SELF][Rank 0] Done moment 29/36 (task 28): force_integral=-1.664209e+03
  [SELF][Rank 0] Done moment 29/36 (task 28): force_integral=-1.664209e+03
  [SELF][Rank 0] Done moment 29/36 (task 28): force_integral=-1.664209e+03
  [SELF][Rank 0] Done moment 29/36 (task 28): force_integral=-1.664209e+03
  [SELF][Rank 0] Done moment 29/36 (task 28): force_integral=-1.664209e+03
  [SELF][Rank 0] Done moment 29/36 (task 28): force_integral=-1.664209e+03
  [SELF][Rank 0] Done moment 29/36 (task 28): force_integral=-1.664209e+03
  [SELF][Rank 0] Done moment 29/36 (task 28): force_integral=-1.664209e+03
  [SELF][Rank 0] Done moment 29/36 (task 28): force_integral=-1.664209e+03
  [SELF][Rank 0] Done moment 29/36 (task 28): force_integral=-1.664209e+03
  [SELF][Rank 0] Done moment 29/36 (task 28): force_integral=-1.664209e+03
  [SELF][Rank 0] Done moment 29/36 (task 28): force_integral=-1.664209e+03
  [SELF][Rank 0] Done moment 29/36 (task 28): force_integral=-1.664209e+03
  [SELF][Rank 0] Done moment 29/36 (task 28): force_integral=-1.664209e+03
  [SELF][Rank 0] Done moment 29/36 (task 28): force_integral=-1.664209e+03
  [SELF][Rank 0] Done moment 29/36 (task 28): force_integral=-1.664209e+03
  [SELF][Rank 0] Done moment 29/36 (task 28): force_integral=-1.664209e+03
  [SELF][Rank 0] Done moment 29/36 (task 28): force_integral=-1.664209e+03
  [SELF][Rank 0] Done moment 29/36 (task 28): force_integral=-1.664209e+03
  [SELF][Rank 0] Done moment 29/36 (task 28): force_integral=-1.664209e+03
  [SELF][Rank 0] Done moment 29/36 (task 28): force_integral=-1.664209e+03
  [SELF][Rank 0] Done moment 29/36 (task 28): force_integral=-1.664209e+03
  [SELF][Rank 0] Done moment 29/36 (task 28): force_integral=-1.664209e+03
  [SELF][Rank 0] Done moment 29/36 (task 28): force_integral=-1.664209e+03
  [SELF][Rank 0] Done moment 29/36 (task 28): force_integral=-1.664209e+03
  [SELF][Rank 0] Done moment 29/36 (task 28): force_integral=-1.664209e+03
  [SELF][Rank 0] Done moment 29/36 (task 28): force_integral=-1.664209e+03
  [SELF][Rank 0] Done moment 29/36 (task 28): force_integral=-1.664209e+03
  [SELF][Rank 0] Done moment 29/36 (task 28): force_integral=-1.664209e+03
  [SELF][Rank 0] Done moment 29/36 (task 28): force_integral=-1.664209e+03
  [SELF][Rank 0] Done moment 29/36 (task 28): force_integral=-1.664209e+03
  [SELF][Rank 0] Done moment 29/36 (task 28): force_integral=-1.664209e+03
  [SELF][Rank 0] Done moment 29/36 (task 28): force_integral=-1.664209e+03
  [SELF][Rank 0] Done moment 29/36 (task 28): force_integral=-1.664209e+03
  [SELF][Rank 0] Done moment 30/36 (task 29): force_integral=+1.708288e+03
  [SELF][Rank 0] Done moment 30/36 (task 29): force_integral=+1.708288e+03
  [SELF][Rank 0] Done moment 30/36 (task 29): force_integral=+1.708288e+03
  [SELF][Rank 0] Done moment 30/36 (task 29): force_integral=+1.708288e+03
  [SELF][Rank 0] Done moment 30/36 (task 29): force_integral=+1.708288e+03
  [SELF][Rank 0] Done moment 30/36 (task 29): force_integral=+1.708288e+03
  [SELF][Rank 0] Done moment 30/36 (task 29): force_integral=+1.708288e+03
  [SELF][Rank 0] Done moment 30/36 (task 29): force_integral=+1.708288e+03
  [SELF][Rank 0] Done moment 30/36 (task 29): force_integral=+1.708288e+03
  [SELF][Rank 0] Done moment 30/36 (task 29): force_integral=+1.708288e+03
  [SELF][Rank 0] Done moment 30/36 (task 29): force_integral=+1.708288e+03
  [SELF][Rank 0] Done moment 30/36 (task 29): force_integral=+1.708288e+03
  [SELF][Rank 0] Done moment 30/36 (task 29): force_integral=+1.708288e+03
  [SELF][Rank 0] Done moment 30/36 (task 29): force_integral=+1.708288e+03
  [SELF][Rank 0] Done moment 30/36 (task 29): force_integral=+1.708288e+03
  [SELF][Rank 0] Done moment 30/36 (task 29): force_integral=+1.708288e+03
  [SELF][Rank 0] Done moment 30/36 (task 29): force_integral=+1.708288e+03
  [SELF][Rank 0] Done moment 30/36 (task 29): force_integral=+1.708288e+03
  [SELF][Rank 0] Done moment 30/36 (task 29): force_integral=+1.708288e+03
  [SELF][Rank 0] Done moment 30/36 (task 29): force_integral=+1.708288e+03
  [SELF][Rank 0] Done moment 30/36 (task 29): force_integral=+1.708288e+03
  [SELF][Rank 0] Done moment 30/36 (task 29): force_integral=+1.708288e+03
  [SELF][Rank 0] Done moment 30/36 (task 29): force_integral=+1.708288e+03
  [SELF][Rank 0] Done moment 30/36 (task 29): force_integral=+1.708288e+03
  [SELF][Rank 0] Done moment 30/36 (task 29): force_integral=+1.708288e+03
  [SELF][Rank 0] Done moment 30/36 (task 29): force_integral=+1.708288e+03
  [SELF][Rank 0] Done moment 30/36 (task 29): force_integral=+1.708288e+03
  [SELF][Rank 0] Done moment 30/36 (task 29): force_integral=+1.708288e+03
  [SELF][Rank 0] Done moment 30/36 (task 29): force_integral=+1.708288e+03
  [SELF][Rank 0] Done moment 30/36 (task 29): force_integral=+1.708288e+03
  [SELF][Rank 0] Done moment 30/36 (task 29): force_integral=+1.708288e+03
  [SELF][Rank 0] Done moment 30/36 (task 29): force_integral=+1.708288e+03
  [SELF][Rank 0] Done moment 30/36 (task 29): force_integral=+1.708288e+03
  [SELF][Rank 0] Done moment 30/36 (task 29): force_integral=+1.708288e+03
  [SELF][Rank 0] Done moment 30/36 (task 29): force_integral=+1.708288e+03
  [SELF][Rank 0] Done moment 30/36 (task 29): force_integral=+1.708288e+03
  [SELF][Rank 0] Done moment 30/36 (task 29): force_integral=+1.708288e+03
  [SELF][Rank 0] Done moment 30/36 (task 29): force_integral=+1.708288e+03
  [SELF][Rank 0] Done moment 30/36 (task 29): force_integral=+1.708288e+03
  [SELF][Rank 0] Done moment 30/36 (task 29): force_integral=+1.708288e+03
  [SELF][Rank 0] Done moment 30/36 (task 29): force_integral=+1.708288e+03
  [SELF][Rank 0] Done moment 30/36 (task 29): force_integral=+1.708288e+03
  [SELF][Rank 0] Done moment 30/36 (task 29): force_integral=+1.708288e+03
  [SELF][Rank 0] Done moment 30/36 (task 29): force_integral=+1.708288e+03
  [SELF][Rank 0] Done moment 30/36 (task 29): force_integral=+1.708288e+03
  [SELF][Rank 0] Done moment 30/36 (task 29): force_integral=+1.708288e+03
  [SELF][Rank 0] Done moment 30/36 (task 29): force_integral=+1.708288e+03
  [SELF][Rank 0] Done moment 30/36 (task 29): force_integral=+1.708288e+03
  [SELF][Rank 0] Done moment 30/36 (task 29): force_integral=+1.708288e+03
  [SELF][Rank 0] Done moment 30/36 (task 29): force_integral=+1.708288e+03
  [SELF][Rank 0] Done moment 30/36 (task 29): force_integral=+1.708288e+03
  [SELF][Rank 0] Done moment 30/36 (task 29): force_integral=+1.708288e+03
  [SELF][Rank 0] Done moment 30/36 (task 29): force_integral=+1.708288e+03
  [SELF][Rank 0] Done moment 30/36 (task 29): force_integral=+1.708288e+03
  [SELF][Rank 0] Done moment 30/36 (task 29): force_integral=+1.708288e+03
  [SELF][Rank 0] Done moment 30/36 (task 29): force_integral=+1.708288e+03
  [SELF][Rank 0] Done moment 30/36 (task 29): force_integral=+1.708288e+03
  [SELF][Rank 0] Done moment 30/36 (task 29): force_integral=+1.708288e+03
  [SELF][Rank 0] Done moment 30/36 (task 29): force_integral=+1.708288e+03
  [SELF][Rank 0] Done moment 30/36 (task 29): force_integral=+1.708288e+03
  [SELF][Rank 0] Done moment 30/36 (task 29): force_integral=+1.708288e+03
  [SELF][Rank 0] Done moment 30/36 (task 29): force_integral=+1.708288e+03
  [SELF][Rank 0] Done moment 30/36 (task 29): force_integral=+1.708288e+03
  [SELF][Rank 0] Done moment 30/36 (task 29): force_integral=+1.708288e+03
  [SELF][Rank 0] Done moment 30/36 (task 29): force_integral=+1.708288e+03
  [SELF][Rank 0] Done moment 30/36 (task 29): force_integral=+1.708288e+03
  [SELF][Rank 0] Done moment 30/36 (task 29): force_integral=+1.708288e+03
  [SELF][Rank 0] Done moment 30/36 (task 29): force_integral=+1.708288e+03
  [SELF][Rank 0] Done moment 30/36 (task 29): force_integral=+1.708288e+03
  [SELF][Rank 0] Done moment 30/36 (task 29): force_integral=+1.708288e+03
  [SELF][Rank 0] Done moment 30/36 (task 29): force_integral=+1.708288e+03
  [SELF][Rank 0] Done moment 30/36 (task 29): force_integral=+1.708288e+03
  [SELF][Rank 0] Done moment 30/36 (task 29): force_integral=+1.708288e+03
  [SELF][Rank 0] Done moment 30/36 (task 29): force_integral=+1.708288e+03
  [SELF][Rank 0] Done moment 30/36 (task 29): force_integral=+1.708288e+03
  [SELF][Rank 0] Done moment 30/36 (task 29): force_integral=+1.708288e+03
  [SELF][Rank 0] Done moment 30/36 (task 29): force_integral=+1.708288e+03
  [SELF][Rank 0] Done moment 30/36 (task 29): force_integral=+1.708288e+03
  [SELF][Rank 0] Done moment 30/36 (task 29): force_integral=+1.708288e+03
  [SELF][Rank 0] Done moment 30/36 (task 29): force_integral=+1.708288e+03
  [SELF][Rank 0] Done moment 30/36 (task 29): force_integral=+1.708288e+03
  [SELF][Rank 0] Done moment 30/36 (task 29): force_integral=+1.708288e+03
  [SELF][Rank 0] Done moment 30/36 (task 29): force_integral=+1.708288e+03
  [SELF][Rank 0] Done moment 30/36 (task 29): force_integral=+1.708288e+03
  [SELF][Rank 0] Done moment 30/36 (task 29): force_integral=+1.708288e+03
  [SELF][Rank 0] Done moment 30/36 (task 29): force_integral=+1.708288e+03
  [SELF][Rank 0] Done moment 30/36 (task 29): force_integral=+1.708288e+03
  [SELF][Rank 0] Done moment 30/36 (task 29): force_integral=+1.708288e+03
  [SELF][Rank 0] Done moment 30/36 (task 29): force_integral=+1.708288e+03
  [SELF][Rank 0] Done moment 30/36 (task 29): force_integral=+1.708288e+03
  [SELF][Rank 0] Done moment 30/36 (task 29): force_integral=+1.708288e+03
  [SELF][Rank 0] Done moment 30/36 (task 29): force_integral=+1.708288e+03
  [SELF][Rank 0] Done moment 30/36 (task 29): force_integral=+1.708288e+03
  [SELF][Rank 0] Done moment 30/36 (task 29): force_integral=+1.708288e+03
  [SELF][Rank 0] Done moment 30/36 (task 29): force_integral=+1.708288e+03
  [SELF][Rank 0] Done moment 30/36 (task 29): force_integral=+1.708288e+03
  [SELF][Rank 0] Done moment 30/36 (task 29): force_integral=+1.708288e+03
  [SELF][Rank 0] Done moment 30/36 (task 29): force_integral=+1.708288e+03
  [SELF][Rank 0] Done moment 30/36 (task 29): force_integral=+1.708288e+03
  [SELF][Rank 0] Done moment 30/36 (task 29): force_integral=+1.708288e+03
  [SELF][Rank 0] Done moment 30/36 (task 29): force_integral=+1.708288e+03
  [SELF][Rank 0] Done moment 30/36 (task 29): force_integral=+1.708288e+03
  [SELF][Rank 0] Done moment 30/36 (task 29): force_integral=+1.708288e+03
  [SELF][Rank 0] Done moment 30/36 (task 29): force_integral=+1.708288e+03
  [SELF][Rank 0] Done moment 30/36 (task 29): force_integral=+1.708288e+03
  [SELF][Rank 0] Done moment 30/36 (task 29): force_integral=+1.708288e+03
  [SELF][Rank 0] Done moment 30/36 (task 29): force_integral=+1.708288e+03
  [SELF][Rank 0] Done moment 30/36 (task 29): force_integral=+1.708288e+03
  [SELF][Rank 0] Done moment 30/36 (task 29): force_integral=+1.708288e+03
  [SELF][Rank 0] Done moment 30/36 (task 29): force_integral=+1.708288e+03
  [SELF][Rank 0] Done moment 30/36 (task 29): force_integral=+1.708288e+03
  [SELF][Rank 0] Done moment 30/36 (task 29): force_integral=+1.708288e+03
  [SELF][Rank 0] Done moment 30/36 (task 29): force_integral=+1.708288e+03
  [SELF][Rank 0] Done moment 30/36 (task 29): force_integral=+1.708288e+03
  [SELF][Rank 0] Done moment 30/36 (task 29): force_integral=+1.708288e+03
  [SELF][Rank 0] Done moment 30/36 (task 29): force_integral=+1.708288e+03
  [SELF][Rank 0] Done moment 30/36 (task 29): force_integral=+1.708288e+03
  [SELF][Rank 0] Done moment 30/36 (task 29): force_integral=+1.708288e+03
  [SELF][Rank 0] Done moment 30/36 (task 29): force_integral=+1.708288e+03
  [SELF][Rank 0] Done moment 30/36 (task 29): force_integral=+1.708288e+03
  [SELF][Rank 0] Done moment 30/36 (task 29): force_integral=+1.708288e+03
  [SELF][Rank 0] Done moment 30/36 (task 29): force_integral=+1.708288e+03
  [SELF][Rank 0] Done moment 30/36 (task 29): force_integral=+1.708288e+03
  [SELF][Rank 0] Done moment 30/36 (task 29): force_integral=+1.708288e+03
  [SELF][Rank 0] Done moment 30/36 (task 29): force_integral=+1.708288e+03
  [SELF][Rank 0] Done moment 30/36 (task 29): force_integral=+1.708288e+03
  [SELF][Rank 0] Done moment 30/36 (task 29): force_integral=+1.708288e+03
  [SELF][Rank 0] Done moment 30/36 (task 29): force_integral=+1.708288e+03
  [SELF][Rank 0] Done moment 31/36 (task 30): force_integral=+0.000000e+00
  [SELF][Rank 0] Done moment 31/36 (task 30): force_integral=+0.000000e+00
  [SELF][Rank 0] Done moment 31/36 (task 30): force_integral=+0.000000e+00
  [SELF][Rank 0] Done moment 31/36 (task 30): force_integral=+0.000000e+00
  [SELF][Rank 0] Done moment 31/36 (task 30): force_integral=+0.000000e+00
  [SELF][Rank 0] Done moment 31/36 (task 30): force_integral=+0.000000e+00
  [SELF][Rank 0] Done moment 31/36 (task 30): force_integral=+0.000000e+00
  [SELF][Rank 0] Done moment 31/36 (task 30): force_integral=+0.000000e+00
  [SELF][Rank 0] Done moment 31/36 (task 30): force_integral=+0.000000e+00
  [SELF][Rank 0] Done moment 31/36 (task 30): force_integral=+0.000000e+00
  [SELF][Rank 0] Done moment 31/36 (task 30): force_integral=+0.000000e+00
  [SELF][Rank 0] Done moment 31/36 (task 30): force_integral=+0.000000e+00
  [SELF][Rank 0] Done moment 31/36 (task 30): force_integral=+0.000000e+00
  [SELF][Rank 0] Done moment 31/36 (task 30): force_integral=+0.000000e+00
  [SELF][Rank 0] Done moment 31/36 (task 30): force_integral=+0.000000e+00
  [SELF][Rank 0] Done moment 31/36 (task 30): force_integral=+0.000000e+00
  [SELF][Rank 0] Done moment 31/36 (task 30): force_integral=+0.000000e+00
  [SELF][Rank 0] Done moment 31/36 (task 30): force_integral=+0.000000e+00
  [SELF][Rank 0] Done moment 31/36 (task 30): force_integral=+0.000000e+00
  [SELF][Rank 0] Done moment 31/36 (task 30): force_integral=+0.000000e+00
  [SELF][Rank 0] Done moment 31/36 (task 30): force_integral=+0.000000e+00
  [SELF][Rank 0] Done moment 31/36 (task 30): force_integral=+0.000000e+00
  [SELF][Rank 0] Done moment 31/36 (task 30): force_integral=+0.000000e+00
  [SELF][Rank 0] Done moment 31/36 (task 30): force_integral=+0.000000e+00
  [SELF][Rank 0] Done moment 31/36 (task 30): force_integral=+0.000000e+00
  [SELF][Rank 0] Done moment 31/36 (task 30): force_integral=+0.000000e+00
  [SELF][Rank 0] Done moment 31/36 (task 30): force_integral=+0.000000e+00
  [SELF][Rank 0] Done moment 31/36 (task 30): force_integral=+0.000000e+00
  [SELF][Rank 0] Done moment 31/36 (task 30): force_integral=+0.000000e+00
  [SELF][Rank 0] Done moment 31/36 (task 30): force_integral=+0.000000e+00
  [SELF][Rank 0] Done moment 31/36 (task 30): force_integral=+0.000000e+00
  [SELF][Rank 0] Done moment 31/36 (task 30): force_integral=+0.000000e+00
  [SELF][Rank 0] Done moment 31/36 (task 30): force_integral=+0.000000e+00
  [SELF][Rank 0] Done moment 31/36 (task 30): force_integral=+0.000000e+00
  [SELF][Rank 0] Done moment 31/36 (task 30): force_integral=+0.000000e+00
  [SELF][Rank 0] Done moment 31/36 (task 30): force_integral=+0.000000e+00
  [SELF][Rank 0] Done moment 31/36 (task 30): force_integral=+0.000000e+00
  [SELF][Rank 0] Done moment 31/36 (task 30): force_integral=+0.000000e+00
  [SELF][Rank 0] Done moment 31/36 (task 30): force_integral=+0.000000e+00
  [SELF][Rank 0] Done moment 31/36 (task 30): force_integral=+0.000000e+00
  [SELF][Rank 0] Done moment 31/36 (task 30): force_integral=+0.000000e+00
  [SELF][Rank 0] Done moment 31/36 (task 30): force_integral=+0.000000e+00
  [SELF][Rank 0] Done moment 31/36 (task 30): force_integral=+0.000000e+00
  [SELF][Rank 0] Done moment 31/36 (task 30): force_integral=+0.000000e+00
  [SELF][Rank 0] Done moment 31/36 (task 30): force_integral=+0.000000e+00
  [SELF][Rank 0] Done moment 31/36 (task 30): force_integral=+0.000000e+00
  [SELF][Rank 0] Done moment 31/36 (task 30): force_integral=+0.000000e+00
  [SELF][Rank 0] Done moment 31/36 (task 30): force_integral=+0.000000e+00
  [SELF][Rank 0] Done moment 31/36 (task 30): force_integral=+0.000000e+00
  [SELF][Rank 0] Done moment 31/36 (task 30): force_integral=+0.000000e+00
  [SELF][Rank 0] Done moment 31/36 (task 30): force_integral=+0.000000e+00
  [SELF][Rank 0] Done moment 31/36 (task 30): force_integral=+0.000000e+00
  [SELF][Rank 0] Done moment 31/36 (task 30): force_integral=+0.000000e+00
  [SELF][Rank 0] Done moment 31/36 (task 30): force_integral=+0.000000e+00
  [SELF][Rank 0] Done moment 31/36 (task 30): force_integral=+0.000000e+00
  [SELF][Rank 0] Done moment 31/36 (task 30): force_integral=+0.000000e+00
  [SELF][Rank 0] Done moment 31/36 (task 30): force_integral=+0.000000e+00
  [SELF][Rank 0] Done moment 31/36 (task 30): force_integral=+0.000000e+00
  [SELF][Rank 0] Done moment 31/36 (task 30): force_integral=+0.000000e+00
  [SELF][Rank 0] Done moment 31/36 (task 30): force_integral=+0.000000e+00
  [SELF][Rank 0] Done moment 31/36 (task 30): force_integral=+0.000000e+00
  [SELF][Rank 0] Done moment 31/36 (task 30): force_integral=+0.000000e+00
  [SELF][Rank 0] Done moment 31/36 (task 30): force_integral=+0.000000e+00
  [SELF][Rank 0] Done moment 31/36 (task 30): force_integral=+0.000000e+00
  [SELF][Rank 0] Done moment 31/36 (task 30): force_integral=+0.000000e+00
  [SELF][Rank 0] Done moment 31/36 (task 30): force_integral=+0.000000e+00
  [SELF][Rank 0] Done moment 31/36 (task 30): force_integral=+0.000000e+00
  [SELF][Rank 0] Done moment 31/36 (task 30): force_integral=+0.000000e+00
  [SELF][Rank 0] Done moment 31/36 (task 30): force_integral=+0.000000e+00
  [SELF][Rank 0] Done moment 31/36 (task 30): force_integral=+0.000000e+00
  [SELF][Rank 0] Done moment 31/36 (task 30): force_integral=+0.000000e+00
  [SELF][Rank 0] Done moment 31/36 (task 30): force_integral=+0.000000e+00
  [SELF][Rank 0] Done moment 31/36 (task 30): force_integral=+0.000000e+00
  [SELF][Rank 0] Done moment 31/36 (task 30): force_integral=+0.000000e+00
  [SELF][Rank 0] Done moment 31/36 (task 30): force_integral=+0.000000e+00
  [SELF][Rank 0] Done moment 31/36 (task 30): force_integral=+0.000000e+00
  [SELF][Rank 0] Done moment 31/36 (task 30): force_integral=+0.000000e+00
  [SELF][Rank 0] Done moment 31/36 (task 30): force_integral=+0.000000e+00
  [SELF][Rank 0] Done moment 31/36 (task 30): force_integral=+0.000000e+00
  [SELF][Rank 0] Done moment 31/36 (task 30): force_integral=+0.000000e+00
  [SELF][Rank 0] Done moment 31/36 (task 30): force_integral=+0.000000e+00
  [SELF][Rank 0] Done moment 31/36 (task 30): force_integral=+0.000000e+00
  [SELF][Rank 0] Done moment 31/36 (task 30): force_integral=+0.000000e+00
  [SELF][Rank 0] Done moment 31/36 (task 30): force_integral=+0.000000e+00
  [SELF][Rank 0] Done moment 31/36 (task 30): force_integral=+0.000000e+00
  [SELF][Rank 0] Done moment 31/36 (task 30): force_integral=+0.000000e+00
  [SELF][Rank 0] Done moment 31/36 (task 30): force_integral=+0.000000e+00
  [SELF][Rank 0] Done moment 31/36 (task 30): force_integral=+0.000000e+00
  [SELF][Rank 0] Done moment 31/36 (task 30): force_integral=+0.000000e+00
  [SELF][Rank 0] Done moment 31/36 (task 30): force_integral=+0.000000e+00
  [SELF][Rank 0] Done moment 31/36 (task 30): force_integral=+0.000000e+00
  [SELF][Rank 0] Done moment 31/36 (task 30): force_integral=+0.000000e+00
  [SELF][Rank 0] Done moment 31/36 (task 30): force_integral=+0.000000e+00
  [SELF][Rank 0] Done moment 31/36 (task 30): force_integral=+0.000000e+00
  [SELF][Rank 0] Done moment 31/36 (task 30): force_integral=+0.000000e+00
  [SELF][Rank 0] Done moment 31/36 (task 30): force_integral=+0.000000e+00
  [SELF][Rank 0] Done moment 31/36 (task 30): force_integral=+0.000000e+00
  [SELF][Rank 0] Done moment 31/36 (task 30): force_integral=+0.000000e+00
  [SELF][Rank 0] Done moment 31/36 (task 30): force_integral=+0.000000e+00
  [SELF][Rank 0] Done moment 31/36 (task 30): force_integral=+0.000000e+00
  [SELF][Rank 0] Done moment 31/36 (task 30): force_integral=+0.000000e+00
  [SELF][Rank 0] Done moment 31/36 (task 30): force_integral=+0.000000e+00
  [SELF][Rank 0] Done moment 31/36 (task 30): force_integral=+0.000000e+00
  [SELF][Rank 0] Done moment 31/36 (task 30): force_integral=+0.000000e+00
  [SELF][Rank 0] Done moment 31/36 (task 30): force_integral=+0.000000e+00
  [SELF][Rank 0] Done moment 31/36 (task 30): force_integral=+0.000000e+00
  [SELF][Rank 0] Done moment 31/36 (task 30): force_integral=+0.000000e+00
  [SELF][Rank 0] Done moment 31/36 (task 30): force_integral=+0.000000e+00
  [SELF][Rank 0] Done moment 31/36 (task 30): force_integral=+0.000000e+00
  [SELF][Rank 0] Done moment 31/36 (task 30): force_integral=+0.000000e+00
  [SELF][Rank 0] Done moment 31/36 (task 30): force_integral=+0.000000e+00
  [SELF][Rank 0] Done moment 31/36 (task 30): force_integral=+0.000000e+00
  [SELF][Rank 0] Done moment 31/36 (task 30): force_integral=+0.000000e+00
  [SELF][Rank 0] Done moment 31/36 (task 30): force_integral=+0.000000e+00
  [SELF][Rank 0] Done moment 31/36 (task 30): force_integral=+0.000000e+00
  [SELF][Rank 0] Done moment 31/36 (task 30): force_integral=+0.000000e+00
  [SELF][Rank 0] Done moment 31/36 (task 30): force_integral=+0.000000e+00
  [SELF][Rank 0] Done moment 31/36 (task 30): force_integral=+0.000000e+00
  [SELF][Rank 0] Done moment 31/36 (task 30): force_integral=+0.000000e+00
  [SELF][Rank 0] Done moment 31/36 (task 30): force_integral=+0.000000e+00
  [SELF][Rank 0] Done moment 31/36 (task 30): force_integral=+0.000000e+00
  [SELF][Rank 0] Done moment 31/36 (task 30): force_integral=+0.000000e+00
  [SELF][Rank 0] Done moment 31/36 (task 30): force_integral=+0.000000e+00
  [SELF][Rank 0] Done moment 31/36 (task 30): force_integral=+0.000000e+00
  [SELF][Rank 0] Done moment 31/36 (task 30): force_integral=+0.000000e+00
  [SELF][Rank 0] Done moment 31/36 (task 30): force_integral=+0.000000e+00
  [SELF][Rank 0] Done moment 31/36 (task 30): force_integral=+0.000000e+00
  [SELF][Rank 0] Done moment 31/36 (task 30): force_integral=+0.000000e+00
  [SELF][Rank 0] Done moment 32/36 (task 31): force_integral=+0.000000e+00
  [SELF][Rank 0] Done moment 32/36 (task 31): force_integral=+0.000000e+00
  [SELF][Rank 0] Done moment 32/36 (task 31): force_integral=+0.000000e+00
  [SELF][Rank 0] Done moment 32/36 (task 31): force_integral=+0.000000e+00
  [SELF][Rank 0] Done moment 32/36 (task 31): force_integral=+0.000000e+00
  [SELF][Rank 0] Done moment 32/36 (task 31): force_integral=+0.000000e+00
  [SELF][Rank 0] Done moment 32/36 (task 31): force_integral=+0.000000e+00
  [SELF][Rank 0] Done moment 32/36 (task 31): force_integral=+0.000000e+00
  [SELF][Rank 0] Done moment 32/36 (task 31): force_integral=+0.000000e+00
  [SELF][Rank 0] Done moment 32/36 (task 31): force_integral=+0.000000e+00
  [SELF][Rank 0] Done moment 32/36 (task 31): force_integral=+0.000000e+00
  [SELF][Rank 0] Done moment 32/36 (task 31): force_integral=+0.000000e+00
  [SELF][Rank 0] Done moment 32/36 (task 31): force_integral=+0.000000e+00
  [SELF][Rank 0] Done moment 32/36 (task 31): force_integral=+0.000000e+00
  [SELF][Rank 0] Done moment 32/36 (task 31): force_integral=+0.000000e+00
  [SELF][Rank 0] Done moment 32/36 (task 31): force_integral=+0.000000e+00
  [SELF][Rank 0] Done moment 32/36 (task 31): force_integral=+0.000000e+00
  [SELF][Rank 0] Done moment 32/36 (task 31): force_integral=+0.000000e+00
  [SELF][Rank 0] Done moment 32/36 (task 31): force_integral=+0.000000e+00
  [SELF][Rank 0] Done moment 32/36 (task 31): force_integral=+0.000000e+00
  [SELF][Rank 0] Done moment 32/36 (task 31): force_integral=+0.000000e+00
  [SELF][Rank 0] Done moment 32/36 (task 31): force_integral=+0.000000e+00
  [SELF][Rank 0] Done moment 32/36 (task 31): force_integral=+0.000000e+00
  [SELF][Rank 0] Done moment 32/36 (task 31): force_integral=+0.000000e+00
  [SELF][Rank 0] Done moment 32/36 (task 31): force_integral=+0.000000e+00
  [SELF][Rank 0] Done moment 32/36 (task 31): force_integral=+0.000000e+00
  [SELF][Rank 0] Done moment 32/36 (task 31): force_integral=+0.000000e+00
  [SELF][Rank 0] Done moment 32/36 (task 31): force_integral=+0.000000e+00
  [SELF][Rank 0] Done moment 32/36 (task 31): force_integral=+0.000000e+00
  [SELF][Rank 0] Done moment 32/36 (task 31): force_integral=+0.000000e+00
  [SELF][Rank 0] Done moment 32/36 (task 31): force_integral=+0.000000e+00
  [SELF][Rank 0] Done moment 32/36 (task 31): force_integral=+0.000000e+00
  [SELF][Rank 0] Done moment 32/36 (task 31): force_integral=+0.000000e+00
  [SELF][Rank 0] Done moment 32/36 (task 31): force_integral=+0.000000e+00
  [SELF][Rank 0] Done moment 32/36 (task 31): force_integral=+0.000000e+00
  [SELF][Rank 0] Done moment 32/36 (task 31): force_integral=+0.000000e+00
  [SELF][Rank 0] Done moment 32/36 (task 31): force_integral=+0.000000e+00
  [SELF][Rank 0] Done moment 32/36 (task 31): force_integral=+0.000000e+00
  [SELF][Rank 0] Done moment 32/36 (task 31): force_integral=+0.000000e+00
  [SELF][Rank 0] Done moment 32/36 (task 31): force_integral=+0.000000e+00
  [SELF][Rank 0] Done moment 32/36 (task 31): force_integral=+0.000000e+00
  [SELF][Rank 0] Done moment 32/36 (task 31): force_integral=+0.000000e+00
  [SELF][Rank 0] Done moment 32/36 (task 31): force_integral=+0.000000e+00
  [SELF][Rank 0] Done moment 32/36 (task 31): force_integral=+0.000000e+00
  [SELF][Rank 0] Done moment 32/36 (task 31): force_integral=+0.000000e+00
  [SELF][Rank 0] Done moment 32/36 (task 31): force_integral=+0.000000e+00
  [SELF][Rank 0] Done moment 32/36 (task 31): force_integral=+0.000000e+00
  [SELF][Rank 0] Done moment 32/36 (task 31): force_integral=+0.000000e+00
  [SELF][Rank 0] Done moment 32/36 (task 31): force_integral=+0.000000e+00
  [SELF][Rank 0] Done moment 32/36 (task 31): force_integral=+0.000000e+00
  [SELF][Rank 0] Done moment 32/36 (task 31): force_integral=+0.000000e+00
  [SELF][Rank 0] Done moment 32/36 (task 31): force_integral=+0.000000e+00
  [SELF][Rank 0] Done moment 32/36 (task 31): force_integral=+0.000000e+00
  [SELF][Rank 0] Done moment 32/36 (task 31): force_integral=+0.000000e+00
  [SELF][Rank 0] Done moment 32/36 (task 31): force_integral=+0.000000e+00
  [SELF][Rank 0] Done moment 32/36 (task 31): force_integral=+0.000000e+00
  [SELF][Rank 0] Done moment 32/36 (task 31): force_integral=+0.000000e+00
  [SELF][Rank 0] Done moment 32/36 (task 31): force_integral=+0.000000e+00
  [SELF][Rank 0] Done moment 32/36 (task 31): force_integral=+0.000000e+00
  [SELF][Rank 0] Done moment 32/36 (task 31): force_integral=+0.000000e+00
  [SELF][Rank 0] Done moment 32/36 (task 31): force_integral=+0.000000e+00
  [SELF][Rank 0] Done moment 32/36 (task 31): force_integral=+0.000000e+00
  [SELF][Rank 0] Done moment 32/36 (task 31): force_integral=+0.000000e+00
  [SELF][Rank 0] Done moment 32/36 (task 31): force_integral=+0.000000e+00
  [SELF][Rank 0] Done moment 32/36 (task 31): force_integral=+0.000000e+00
  [SELF][Rank 0] Done moment 32/36 (task 31): force_integral=+0.000000e+00
  [SELF][Rank 0] Done moment 32/36 (task 31): force_integral=+0.000000e+00
  [SELF][Rank 0] Done moment 32/36 (task 31): force_integral=+0.000000e+00
  [SELF][Rank 0] Done moment 32/36 (task 31): force_integral=+0.000000e+00
  [SELF][Rank 0] Done moment 32/36 (task 31): force_integral=+0.000000e+00
  [SELF][Rank 0] Done moment 32/36 (task 31): force_integral=+0.000000e+00
  [SELF][Rank 0] Done moment 32/36 (task 31): force_integral=+0.000000e+00
  [SELF][Rank 0] Done moment 32/36 (task 31): force_integral=+0.000000e+00
  [SELF][Rank 0] Done moment 32/36 (task 31): force_integral=+0.000000e+00
  [SELF][Rank 0] Done moment 32/36 (task 31): force_integral=+0.000000e+00
  [SELF][Rank 0] Done moment 32/36 (task 31): force_integral=+0.000000e+00
  [SELF][Rank 0] Done moment 32/36 (task 31): force_integral=+0.000000e+00
  [SELF][Rank 0] Done moment 32/36 (task 31): force_integral=+0.000000e+00
  [SELF][Rank 0] Done moment 32/36 (task 31): force_integral=+0.000000e+00
  [SELF][Rank 0] Done moment 32/36 (task 31): force_integral=+0.000000e+00
  [SELF][Rank 0] Done moment 32/36 (task 31): force_integral=+0.000000e+00
  [SELF][Rank 0] Done moment 32/36 (task 31): force_integral=+0.000000e+00
  [SELF][Rank 0] Done moment 32/36 (task 31): force_integral=+0.000000e+00
  [SELF][Rank 0] Done moment 32/36 (task 31): force_integral=+0.000000e+00
  [SELF][Rank 0] Done moment 32/36 (task 31): force_integral=+0.000000e+00
  [SELF][Rank 0] Done moment 32/36 (task 31): force_integral=+0.000000e+00
  [SELF][Rank 0] Done moment 32/36 (task 31): force_integral=+0.000000e+00
  [SELF][Rank 0] Done moment 32/36 (task 31): force_integral=+0.000000e+00
  [SELF][Rank 0] Done moment 32/36 (task 31): force_integral=+0.000000e+00
  [SELF][Rank 0] Done moment 32/36 (task 31): force_integral=+0.000000e+00
  [SELF][Rank 0] Done moment 32/36 (task 31): force_integral=+0.000000e+00
  [SELF][Rank 0] Done moment 32/36 (task 31): force_integral=+0.000000e+00
  [SELF][Rank 0] Done moment 32/36 (task 31): force_integral=+0.000000e+00
  [SELF][Rank 0] Done moment 32/36 (task 31): force_integral=+0.000000e+00
  [SELF][Rank 0] Done moment 32/36 (task 31): force_integral=+0.000000e+00
  [SELF][Rank 0] Done moment 32/36 (task 31): force_integral=+0.000000e+00
  [SELF][Rank 0] Done moment 32/36 (task 31): force_integral=+0.000000e+00
  [SELF][Rank 0] Done moment 32/36 (task 31): force_integral=+0.000000e+00
  [SELF][Rank 0] Done moment 32/36 (task 31): force_integral=+0.000000e+00
  [SELF][Rank 0] Done moment 32/36 (task 31): force_integral=+0.000000e+00
  [SELF][Rank 0] Done moment 32/36 (task 31): force_integral=+0.000000e+00
  [SELF][Rank 0] Done moment 32/36 (task 31): force_integral=+0.000000e+00
  [SELF][Rank 0] Done moment 32/36 (task 31): force_integral=+0.000000e+00
  [SELF][Rank 0] Done moment 32/36 (task 31): force_integral=+0.000000e+00
  [SELF][Rank 0] Done moment 32/36 (task 31): force_integral=+0.000000e+00
  [SELF][Rank 0] Done moment 32/36 (task 31): force_integral=+0.000000e+00
  [SELF][Rank 0] Done moment 32/36 (task 31): force_integral=+0.000000e+00
  [SELF][Rank 0] Done moment 32/36 (task 31): force_integral=+0.000000e+00
  [SELF][Rank 0] Done moment 32/36 (task 31): force_integral=+0.000000e+00
  [SELF][Rank 0] Done moment 32/36 (task 31): force_integral=+0.000000e+00
  [SELF][Rank 0] Done moment 32/36 (task 31): force_integral=+0.000000e+00
  [SELF][Rank 0] Done moment 32/36 (task 31): force_integral=+0.000000e+00
  [SELF][Rank 0] Done moment 32/36 (task 31): force_integral=+0.000000e+00
  [SELF][Rank 0] Done moment 32/36 (task 31): force_integral=+0.000000e+00
  [SELF][Rank 0] Done moment 32/36 (task 31): force_integral=+0.000000e+00
  [SELF][Rank 0] Done moment 32/36 (task 31): force_integral=+0.000000e+00
  [SELF][Rank 0] Done moment 32/36 (task 31): force_integral=+0.000000e+00
  [SELF][Rank 0] Done moment 32/36 (task 31): force_integral=+0.000000e+00
  [SELF][Rank 0] Done moment 32/36 (task 31): force_integral=+0.000000e+00
  [SELF][Rank 0] Done moment 32/36 (task 31): force_integral=+0.000000e+00
  [SELF][Rank 0] Done moment 32/36 (task 31): force_integral=+0.000000e+00
  [SELF][Rank 0] Done moment 32/36 (task 31): force_integral=+0.000000e+00
  [SELF][Rank 0] Done moment 32/36 (task 31): force_integral=+0.000000e+00
  [SELF][Rank 0] Done moment 32/36 (task 31): force_integral=+0.000000e+00
  [SELF][Rank 0] Done moment 32/36 (task 31): force_integral=+0.000000e+00
  [SELF][Rank 0] Done moment 32/36 (task 31): force_integral=+0.000000e+00
  [SELF][Rank 0] Done moment 32/36 (task 31): force_integral=+0.000000e+00
  [SELF][Rank 0] Done moment 32/36 (task 31): force_integral=+0.000000e+00
  [SELF][Rank 0] Done moment 33/36 (task 32): force_integral=+0.000000e+00
  [SELF][Rank 0] Done moment 33/36 (task 32): force_integral=+0.000000e+00
  [SELF][Rank 0] Done moment 33/36 (task 32): force_integral=+0.000000e+00
  [SELF][Rank 0] Done moment 33/36 (task 32): force_integral=+0.000000e+00
  [SELF][Rank 0] Done moment 33/36 (task 32): force_integral=+0.000000e+00
  [SELF][Rank 0] Done moment 33/36 (task 32): force_integral=+0.000000e+00
  [SELF][Rank 0] Done moment 33/36 (task 32): force_integral=+0.000000e+00
  [SELF][Rank 0] Done moment 33/36 (task 32): force_integral=+0.000000e+00
  [SELF][Rank 0] Done moment 33/36 (task 32): force_integral=+0.000000e+00
  [SELF][Rank 0] Done moment 33/36 (task 32): force_integral=+0.000000e+00
  [SELF][Rank 0] Done moment 33/36 (task 32): force_integral=+0.000000e+00
  [SELF][Rank 0] Done moment 33/36 (task 32): force_integral=+0.000000e+00
  [SELF][Rank 0] Done moment 33/36 (task 32): force_integral=+0.000000e+00
  [SELF][Rank 0] Done moment 33/36 (task 32): force_integral=+0.000000e+00
  [SELF][Rank 0] Done moment 33/36 (task 32): force_integral=+0.000000e+00
  [SELF][Rank 0] Done moment 33/36 (task 32): force_integral=+0.000000e+00
  [SELF][Rank 0] Done moment 33/36 (task 32): force_integral=+0.000000e+00
  [SELF][Rank 0] Done moment 33/36 (task 32): force_integral=+0.000000e+00
  [SELF][Rank 0] Done moment 33/36 (task 32): force_integral=+0.000000e+00
  [SELF][Rank 0] Done moment 33/36 (task 32): force_integral=+0.000000e+00
  [SELF][Rank 0] Done moment 33/36 (task 32): force_integral=+0.000000e+00
  [SELF][Rank 0] Done moment 33/36 (task 32): force_integral=+0.000000e+00
  [SELF][Rank 0] Done moment 33/36 (task 32): force_integral=+0.000000e+00
  [SELF][Rank 0] Done moment 33/36 (task 32): force_integral=+0.000000e+00
  [SELF][Rank 0] Done moment 33/36 (task 32): force_integral=+0.000000e+00
  [SELF][Rank 0] Done moment 33/36 (task 32): force_integral=+0.000000e+00
  [SELF][Rank 0] Done moment 33/36 (task 32): force_integral=+0.000000e+00
  [SELF][Rank 0] Done moment 33/36 (task 32): force_integral=+0.000000e+00
  [SELF][Rank 0] Done moment 33/36 (task 32): force_integral=+0.000000e+00
  [SELF][Rank 0] Done moment 33/36 (task 32): force_integral=+0.000000e+00
  [SELF][Rank 0] Done moment 33/36 (task 32): force_integral=+0.000000e+00
  [SELF][Rank 0] Done moment 33/36 (task 32): force_integral=+0.000000e+00
  [SELF][Rank 0] Done moment 33/36 (task 32): force_integral=+0.000000e+00
  [SELF][Rank 0] Done moment 33/36 (task 32): force_integral=+0.000000e+00
  [SELF][Rank 0] Done moment 33/36 (task 32): force_integral=+0.000000e+00
  [SELF][Rank 0] Done moment 33/36 (task 32): force_integral=+0.000000e+00
  [SELF][Rank 0] Done moment 33/36 (task 32): force_integral=+0.000000e+00
  [SELF][Rank 0] Done moment 33/36 (task 32): force_integral=+0.000000e+00
  [SELF][Rank 0] Done moment 33/36 (task 32): force_integral=+0.000000e+00
  [SELF][Rank 0] Done moment 33/36 (task 32): force_integral=+0.000000e+00
  [SELF][Rank 0] Done moment 33/36 (task 32): force_integral=+0.000000e+00
  [SELF][Rank 0] Done moment 33/36 (task 32): force_integral=+0.000000e+00
  [SELF][Rank 0] Done moment 33/36 (task 32): force_integral=+0.000000e+00
  [SELF][Rank 0] Done moment 33/36 (task 32): force_integral=+0.000000e+00
  [SELF][Rank 0] Done moment 33/36 (task 32): force_integral=+0.000000e+00
  [SELF][Rank 0] Done moment 33/36 (task 32): force_integral=+0.000000e+00
  [SELF][Rank 0] Done moment 33/36 (task 32): force_integral=+0.000000e+00
  [SELF][Rank 0] Done moment 33/36 (task 32): force_integral=+0.000000e+00
  [SELF][Rank 0] Done moment 33/36 (task 32): force_integral=+0.000000e+00
  [SELF][Rank 0] Done moment 33/36 (task 32): force_integral=+0.000000e+00
  [SELF][Rank 0] Done moment 33/36 (task 32): force_integral=+0.000000e+00
  [SELF][Rank 0] Done moment 33/36 (task 32): force_integral=+0.000000e+00
  [SELF][Rank 0] Done moment 33/36 (task 32): force_integral=+0.000000e+00
  [SELF][Rank 0] Done moment 33/36 (task 32): force_integral=+0.000000e+00
  [SELF][Rank 0] Done moment 33/36 (task 32): force_integral=+0.000000e+00
  [SELF][Rank 0] Done moment 33/36 (task 32): force_integral=+0.000000e+00
  [SELF][Rank 0] Done moment 33/36 (task 32): force_integral=+0.000000e+00
  [SELF][Rank 0] Done moment 33/36 (task 32): force_integral=+0.000000e+00
  [SELF][Rank 0] Done moment 33/36 (task 32): force_integral=+0.000000e+00
  [SELF][Rank 0] Done moment 33/36 (task 32): force_integral=+0.000000e+00
  [SELF][Rank 0] Done moment 33/36 (task 32): force_integral=+0.000000e+00
  [SELF][Rank 0] Done moment 33/36 (task 32): force_integral=+0.000000e+00
  [SELF][Rank 0] Done moment 33/36 (task 32): force_integral=+0.000000e+00
  [SELF][Rank 0] Done moment 33/36 (task 32): force_integral=+0.000000e+00
  [SELF][Rank 0] Done moment 33/36 (task 32): force_integral=+0.000000e+00
  [SELF][Rank 0] Done moment 33/36 (task 32): force_integral=+0.000000e+00
  [SELF][Rank 0] Done moment 33/36 (task 32): force_integral=+0.000000e+00
  [SELF][Rank 0] Done moment 33/36 (task 32): force_integral=+0.000000e+00
  [SELF][Rank 0] Done moment 33/36 (task 32): force_integral=+0.000000e+00
  [SELF][Rank 0] Done moment 33/36 (task 32): force_integral=+0.000000e+00
  [SELF][Rank 0] Done moment 33/36 (task 32): force_integral=+0.000000e+00
  [SELF][Rank 0] Done moment 33/36 (task 32): force_integral=+0.000000e+00
  [SELF][Rank 0] Done moment 33/36 (task 32): force_integral=+0.000000e+00
  [SELF][Rank 0] Done moment 33/36 (task 32): force_integral=+0.000000e+00
  [SELF][Rank 0] Done moment 33/36 (task 32): force_integral=+0.000000e+00
  [SELF][Rank 0] Done moment 33/36 (task 32): force_integral=+0.000000e+00
  [SELF][Rank 0] Done moment 33/36 (task 32): force_integral=+0.000000e+00
  [SELF][Rank 0] Done moment 33/36 (task 32): force_integral=+0.000000e+00
  [SELF][Rank 0] Done moment 33/36 (task 32): force_integral=+0.000000e+00
  [SELF][Rank 0] Done moment 33/36 (task 32): force_integral=+0.000000e+00
  [SELF][Rank 0] Done moment 33/36 (task 32): force_integral=+0.000000e+00
  [SELF][Rank 0] Done moment 33/36 (task 32): force_integral=+0.000000e+00
  [SELF][Rank 0] Done moment 33/36 (task 32): force_integral=+0.000000e+00
  [SELF][Rank 0] Done moment 33/36 (task 32): force_integral=+0.000000e+00
  [SELF][Rank 0] Done moment 33/36 (task 32): force_integral=+0.000000e+00
  [SELF][Rank 0] Done moment 33/36 (task 32): force_integral=+0.000000e+00
  [SELF][Rank 0] Done moment 33/36 (task 32): force_integral=+0.000000e+00
  [SELF][Rank 0] Done moment 33/36 (task 32): force_integral=+0.000000e+00
  [SELF][Rank 0] Done moment 33/36 (task 32): force_integral=+0.000000e+00
  [SELF][Rank 0] Done moment 33/36 (task 32): force_integral=+0.000000e+00
  [SELF][Rank 0] Done moment 33/36 (task 32): force_integral=+0.000000e+00
  [SELF][Rank 0] Done moment 33/36 (task 32): force_integral=+0.000000e+00
  [SELF][Rank 0] Done moment 33/36 (task 32): force_integral=+0.000000e+00
  [SELF][Rank 0] Done moment 33/36 (task 32): force_integral=+0.000000e+00
  [SELF][Rank 0] Done moment 33/36 (task 32): force_integral=+0.000000e+00
  [SELF][Rank 0] Done moment 33/36 (task 32): force_integral=+0.000000e+00
  [SELF][Rank 0] Done moment 33/36 (task 32): force_integral=+0.000000e+00
  [SELF][Rank 0] Done moment 33/36 (task 32): force_integral=+0.000000e+00
  [SELF][Rank 0] Done moment 33/36 (task 32): force_integral=+0.000000e+00
  [SELF][Rank 0] Done moment 33/36 (task 32): force_integral=+0.000000e+00
  [SELF][Rank 0] Done moment 33/36 (task 32): force_integral=+0.000000e+00
  [SELF][Rank 0] Done moment 33/36 (task 32): force_integral=+0.000000e+00
  [SELF][Rank 0] Done moment 33/36 (task 32): force_integral=+0.000000e+00
  [SELF][Rank 0] Done moment 33/36 (task 32): force_integral=+0.000000e+00
  [SELF][Rank 0] Done moment 33/36 (task 32): force_integral=+0.000000e+00
  [SELF][Rank 0] Done moment 33/36 (task 32): force_integral=+0.000000e+00
  [SELF][Rank 0] Done moment 33/36 (task 32): force_integral=+0.000000e+00
  [SELF][Rank 0] Done moment 33/36 (task 32): force_integral=+0.000000e+00
  [SELF][Rank 0] Done moment 33/36 (task 32): force_integral=+0.000000e+00
  [SELF][Rank 0] Done moment 33/36 (task 32): force_integral=+0.000000e+00
  [SELF][Rank 0] Done moment 33/36 (task 32): force_integral=+0.000000e+00
  [SELF][Rank 0] Done moment 33/36 (task 32): force_integral=+0.000000e+00
  [SELF][Rank 0] Done moment 33/36 (task 32): force_integral=+0.000000e+00
  [SELF][Rank 0] Done moment 33/36 (task 32): force_integral=+0.000000e+00
  [SELF][Rank 0] Done moment 33/36 (task 32): force_integral=+0.000000e+00
  [SELF][Rank 0] Done moment 33/36 (task 32): force_integral=+0.000000e+00
  [SELF][Rank 0] Done moment 33/36 (task 32): force_integral=+0.000000e+00
  [SELF][Rank 0] Done moment 33/36 (task 32): force_integral=+0.000000e+00
  [SELF][Rank 0] Done moment 33/36 (task 32): force_integral=+0.000000e+00
  [SELF][Rank 0] Done moment 33/36 (task 32): force_integral=+0.000000e+00
  [SELF][Rank 0] Done moment 33/36 (task 32): force_integral=+0.000000e+00
  [SELF][Rank 0] Done moment 33/36 (task 32): force_integral=+0.000000e+00
  [SELF][Rank 0] Done moment 33/36 (task 32): force_integral=+0.000000e+00
  [SELF][Rank 0] Done moment 33/36 (task 32): force_integral=+0.000000e+00
  [SELF][Rank 0] Done moment 33/36 (task 32): force_integral=+0.000000e+00
  [SELF][Rank 0] Done moment 33/36 (task 32): force_integral=+0.000000e+00
  [SELF][Rank 0] Done moment 33/36 (task 32): force_integral=+0.000000e+00
  [SELF][Rank 0] Done moment 33/36 (task 32): force_integral=+0.000000e+00
  [SELF][Rank 0] Done moment 34/36 (task 33): force_integral=+0.000000e+00
  [SELF][Rank 0] Done moment 34/36 (task 33): force_integral=+0.000000e+00
  [SELF][Rank 0] Done moment 34/36 (task 33): force_integral=+0.000000e+00
  [SELF][Rank 0] Done moment 34/36 (task 33): force_integral=+0.000000e+00
  [SELF][Rank 0] Done moment 34/36 (task 33): force_integral=+0.000000e+00
  [SELF][Rank 0] Done moment 34/36 (task 33): force_integral=+0.000000e+00
  [SELF][Rank 0] Done moment 34/36 (task 33): force_integral=+0.000000e+00
  [SELF][Rank 0] Done moment 34/36 (task 33): force_integral=+0.000000e+00
  [SELF][Rank 0] Done moment 34/36 (task 33): force_integral=+0.000000e+00
  [SELF][Rank 0] Done moment 34/36 (task 33): force_integral=+0.000000e+00
  [SELF][Rank 0] Done moment 34/36 (task 33): force_integral=+0.000000e+00
  [SELF][Rank 0] Done moment 34/36 (task 33): force_integral=+0.000000e+00
  [SELF][Rank 0] Done moment 34/36 (task 33): force_integral=+0.000000e+00
  [SELF][Rank 0] Done moment 34/36 (task 33): force_integral=+0.000000e+00
  [SELF][Rank 0] Done moment 34/36 (task 33): force_integral=+0.000000e+00
  [SELF][Rank 0] Done moment 34/36 (task 33): force_integral=+0.000000e+00
  [SELF][Rank 0] Done moment 34/36 (task 33): force_integral=+0.000000e+00
  [SELF][Rank 0] Done moment 34/36 (task 33): force_integral=+0.000000e+00
  [SELF][Rank 0] Done moment 34/36 (task 33): force_integral=+0.000000e+00
  [SELF][Rank 0] Done moment 34/36 (task 33): force_integral=+0.000000e+00
  [SELF][Rank 0] Done moment 34/36 (task 33): force_integral=+0.000000e+00
  [SELF][Rank 0] Done moment 34/36 (task 33): force_integral=+0.000000e+00
  [SELF][Rank 0] Done moment 34/36 (task 33): force_integral=+0.000000e+00
  [SELF][Rank 0] Done moment 34/36 (task 33): force_integral=+0.000000e+00
  [SELF][Rank 0] Done moment 34/36 (task 33): force_integral=+0.000000e+00
  [SELF][Rank 0] Done moment 34/36 (task 33): force_integral=+0.000000e+00
  [SELF][Rank 0] Done moment 34/36 (task 33): force_integral=+0.000000e+00
  [SELF][Rank 0] Done moment 34/36 (task 33): force_integral=+0.000000e+00
  [SELF][Rank 0] Done moment 34/36 (task 33): force_integral=+0.000000e+00
  [SELF][Rank 0] Done moment 34/36 (task 33): force_integral=+0.000000e+00
  [SELF][Rank 0] Done moment 34/36 (task 33): force_integral=+0.000000e+00
  [SELF][Rank 0] Done moment 34/36 (task 33): force_integral=+0.000000e+00
  [SELF][Rank 0] Done moment 34/36 (task 33): force_integral=+0.000000e+00
  [SELF][Rank 0] Done moment 34/36 (task 33): force_integral=+0.000000e+00
  [SELF][Rank 0] Done moment 34/36 (task 33): force_integral=+0.000000e+00
  [SELF][Rank 0] Done moment 34/36 (task 33): force_integral=+0.000000e+00
  [SELF][Rank 0] Done moment 34/36 (task 33): force_integral=+0.000000e+00
  [SELF][Rank 0] Done moment 34/36 (task 33): force_integral=+0.000000e+00
  [SELF][Rank 0] Done moment 34/36 (task 33): force_integral=+0.000000e+00
  [SELF][Rank 0] Done moment 34/36 (task 33): force_integral=+0.000000e+00
  [SELF][Rank 0] Done moment 34/36 (task 33): force_integral=+0.000000e+00
  [SELF][Rank 0] Done moment 34/36 (task 33): force_integral=+0.000000e+00
  [SELF][Rank 0] Done moment 34/36 (task 33): force_integral=+0.000000e+00
  [SELF][Rank 0] Done moment 34/36 (task 33): force_integral=+0.000000e+00
  [SELF][Rank 0] Done moment 34/36 (task 33): force_integral=+0.000000e+00
  [SELF][Rank 0] Done moment 34/36 (task 33): force_integral=+0.000000e+00
  [SELF][Rank 0] Done moment 34/36 (task 33): force_integral=+0.000000e+00
  [SELF][Rank 0] Done moment 34/36 (task 33): force_integral=+0.000000e+00
  [SELF][Rank 0] Done moment 34/36 (task 33): force_integral=+0.000000e+00
  [SELF][Rank 0] Done moment 34/36 (task 33): force_integral=+0.000000e+00
  [SELF][Rank 0] Done moment 34/36 (task 33): force_integral=+0.000000e+00
  [SELF][Rank 0] Done moment 34/36 (task 33): force_integral=+0.000000e+00
  [SELF][Rank 0] Done moment 34/36 (task 33): force_integral=+0.000000e+00
  [SELF][Rank 0] Done moment 34/36 (task 33): force_integral=+0.000000e+00
  [SELF][Rank 0] Done moment 34/36 (task 33): force_integral=+0.000000e+00
  [SELF][Rank 0] Done moment 34/36 (task 33): force_integral=+0.000000e+00
  [SELF][Rank 0] Done moment 34/36 (task 33): force_integral=+0.000000e+00
  [SELF][Rank 0] Done moment 34/36 (task 33): force_integral=+0.000000e+00
  [SELF][Rank 0] Done moment 34/36 (task 33): force_integral=+0.000000e+00
  [SELF][Rank 0] Done moment 34/36 (task 33): force_integral=+0.000000e+00
  [SELF][Rank 0] Done moment 34/36 (task 33): force_integral=+0.000000e+00
  [SELF][Rank 0] Done moment 34/36 (task 33): force_integral=+0.000000e+00
  [SELF][Rank 0] Done moment 34/36 (task 33): force_integral=+0.000000e+00
  [SELF][Rank 0] Done moment 34/36 (task 33): force_integral=+0.000000e+00
  [SELF][Rank 0] Done moment 34/36 (task 33): force_integral=+0.000000e+00
  [SELF][Rank 0] Done moment 34/36 (task 33): force_integral=+0.000000e+00
  [SELF][Rank 0] Done moment 34/36 (task 33): force_integral=+0.000000e+00
  [SELF][Rank 0] Done moment 34/36 (task 33): force_integral=+0.000000e+00
  [SELF][Rank 0] Done moment 34/36 (task 33): force_integral=+0.000000e+00
  [SELF][Rank 0] Done moment 34/36 (task 33): force_integral=+0.000000e+00
  [SELF][Rank 0] Done moment 34/36 (task 33): force_integral=+0.000000e+00
  [SELF][Rank 0] Done moment 34/36 (task 33): force_integral=+0.000000e+00
  [SELF][Rank 0] Done moment 34/36 (task 33): force_integral=+0.000000e+00
  [SELF][Rank 0] Done moment 34/36 (task 33): force_integral=+0.000000e+00
  [SELF][Rank 0] Done moment 34/36 (task 33): force_integral=+0.000000e+00
  [SELF][Rank 0] Done moment 34/36 (task 33): force_integral=+0.000000e+00
  [SELF][Rank 0] Done moment 34/36 (task 33): force_integral=+0.000000e+00
  [SELF][Rank 0] Done moment 34/36 (task 33): force_integral=+0.000000e+00
  [SELF][Rank 0] Done moment 34/36 (task 33): force_integral=+0.000000e+00
  [SELF][Rank 0] Done moment 34/36 (task 33): force_integral=+0.000000e+00
  [SELF][Rank 0] Done moment 34/36 (task 33): force_integral=+0.000000e+00
  [SELF][Rank 0] Done moment 34/36 (task 33): force_integral=+0.000000e+00
  [SELF][Rank 0] Done moment 34/36 (task 33): force_integral=+0.000000e+00
  [SELF][Rank 0] Done moment 34/36 (task 33): force_integral=+0.000000e+00
  [SELF][Rank 0] Done moment 34/36 (task 33): force_integral=+0.000000e+00
  [SELF][Rank 0] Done moment 34/36 (task 33): force_integral=+0.000000e+00
  [SELF][Rank 0] Done moment 34/36 (task 33): force_integral=+0.000000e+00
  [SELF][Rank 0] Done moment 34/36 (task 33): force_integral=+0.000000e+00
  [SELF][Rank 0] Done moment 34/36 (task 33): force_integral=+0.000000e+00
  [SELF][Rank 0] Done moment 34/36 (task 33): force_integral=+0.000000e+00
  [SELF][Rank 0] Done moment 34/36 (task 33): force_integral=+0.000000e+00
  [SELF][Rank 0] Done moment 34/36 (task 33): force_integral=+0.000000e+00
  [SELF][Rank 0] Done moment 34/36 (task 33): force_integral=+0.000000e+00
  [SELF][Rank 0] Done moment 34/36 (task 33): force_integral=+0.000000e+00
  [SELF][Rank 0] Done moment 34/36 (task 33): force_integral=+0.000000e+00
  [SELF][Rank 0] Done moment 34/36 (task 33): force_integral=+0.000000e+00
  [SELF][Rank 0] Done moment 34/36 (task 33): force_integral=+0.000000e+00
  [SELF][Rank 0] Done moment 34/36 (task 33): force_integral=+0.000000e+00
  [SELF][Rank 0] Done moment 34/36 (task 33): force_integral=+0.000000e+00
  [SELF][Rank 0] Done moment 34/36 (task 33): force_integral=+0.000000e+00
  [SELF][Rank 0] Done moment 34/36 (task 33): force_integral=+0.000000e+00
  [SELF][Rank 0] Done moment 34/36 (task 33): force_integral=+0.000000e+00
  [SELF][Rank 0] Done moment 34/36 (task 33): force_integral=+0.000000e+00
  [SELF][Rank 0] Done moment 34/36 (task 33): force_integral=+0.000000e+00
  [SELF][Rank 0] Done moment 34/36 (task 33): force_integral=+0.000000e+00
  [SELF][Rank 0] Done moment 34/36 (task 33): force_integral=+0.000000e+00
  [SELF][Rank 0] Done moment 34/36 (task 33): force_integral=+0.000000e+00
  [SELF][Rank 0] Done moment 34/36 (task 33): force_integral=+0.000000e+00
  [SELF][Rank 0] Done moment 34/36 (task 33): force_integral=+0.000000e+00
  [SELF][Rank 0] Done moment 34/36 (task 33): force_integral=+0.000000e+00
  [SELF][Rank 0] Done moment 34/36 (task 33): force_integral=+0.000000e+00
  [SELF][Rank 0] Done moment 34/36 (task 33): force_integral=+0.000000e+00
  [SELF][Rank 0] Done moment 34/36 (task 33): force_integral=+0.000000e+00
  [SELF][Rank 0] Done moment 34/36 (task 33): force_integral=+0.000000e+00
  [SELF][Rank 0] Done moment 34/36 (task 33): force_integral=+0.000000e+00
  [SELF][Rank 0] Done moment 34/36 (task 33): force_integral=+0.000000e+00
  [SELF][Rank 0] Done moment 34/36 (task 33): force_integral=+0.000000e+00
  [SELF][Rank 0] Done moment 34/36 (task 33): force_integral=+0.000000e+00
  [SELF][Rank 0] Done moment 34/36 (task 33): force_integral=+0.000000e+00
  [SELF][Rank 0] Done moment 34/36 (task 33): force_integral=+0.000000e+00
  [SELF][Rank 0] Done moment 34/36 (task 33): force_integral=+0.000000e+00
  [SELF][Rank 0] Done moment 34/36 (task 33): force_integral=+0.000000e+00
  [SELF][Rank 0] Done moment 34/36 (task 33): force_integral=+0.000000e+00
  [SELF][Rank 0] Done moment 34/36 (task 33): force_integral=+0.000000e+00
  [SELF][Rank 0] Done moment 34/36 (task 33): force_integral=+0.000000e+00
  [SELF][Rank 0] Done moment 34/36 (task 33): force_integral=+0.000000e+00
  [SELF][Rank 0] Done moment 34/36 (task 33): force_integral=+0.000000e+00
  [SELF][Rank 0] Done moment 34/36 (task 33): force_integral=+0.000000e+00
  [SELF][Rank 0] Done moment 35/36 (task 34): force_integral=+5.266088e+03
  [SELF][Rank 0] Done moment 35/36 (task 34): force_integral=+5.266088e+03
  [SELF][Rank 0] Done moment 35/36 (task 34): force_integral=+5.266088e+03
  [SELF][Rank 0] Done moment 35/36 (task 34): force_integral=+5.266088e+03
  [SELF][Rank 0] Done moment 35/36 (task 34): force_integral=+5.266088e+03
  [SELF][Rank 0] Done moment 35/36 (task 34): force_integral=+5.266088e+03
  [SELF][Rank 0] Done moment 35/36 (task 34): force_integral=+5.266088e+03
  [SELF][Rank 0] Done moment 35/36 (task 34): force_integral=+5.266088e+03
  [SELF][Rank 0] Done moment 35/36 (task 34): force_integral=+5.266088e+03
  [SELF][Rank 0] Done moment 35/36 (task 34): force_integral=+5.266088e+03
  [SELF][Rank 0] Done moment 35/36 (task 34): force_integral=+5.266088e+03
  [SELF][Rank 0] Done moment 35/36 (task 34): force_integral=+5.266088e+03
  [SELF][Rank 0] Done moment 35/36 (task 34): force_integral=+5.266088e+03
  [SELF][Rank 0] Done moment 35/36 (task 34): force_integral=+5.266088e+03
  [SELF][Rank 0] Done moment 35/36 (task 34): force_integral=+5.266088e+03
  [SELF][Rank 0] Done moment 35/36 (task 34): force_integral=+5.266088e+03
  [SELF][Rank 0] Done moment 35/36 (task 34): force_integral=+5.266088e+03
  [SELF][Rank 0] Done moment 35/36 (task 34): force_integral=+5.266088e+03
  [SELF][Rank 0] Done moment 35/36 (task 34): force_integral=+5.266088e+03
  [SELF][Rank 0] Done moment 35/36 (task 34): force_integral=+5.266088e+03
  [SELF][Rank 0] Done moment 35/36 (task 34): force_integral=+5.266088e+03
  [SELF][Rank 0] Done moment 35/36 (task 34): force_integral=+5.266088e+03
  [SELF][Rank 0] Done moment 35/36 (task 34): force_integral=+5.266088e+03
  [SELF][Rank 0] Done moment 35/36 (task 34): force_integral=+5.266088e+03
  [SELF][Rank 0] Done moment 35/36 (task 34): force_integral=+5.266088e+03
  [SELF][Rank 0] Done moment 35/36 (task 34): force_integral=+5.266088e+03
  [SELF][Rank 0] Done moment 35/36 (task 34): force_integral=+5.266088e+03
  [SELF][Rank 0] Done moment 35/36 (task 34): force_integral=+5.266088e+03
  [SELF][Rank 0] Done moment 35/36 (task 34): force_integral=+5.266088e+03
  [SELF][Rank 0] Done moment 35/36 (task 34): force_integral=+5.266088e+03
  [SELF][Rank 0] Done moment 35/36 (task 34): force_integral=+5.266088e+03
  [SELF][Rank 0] Done moment 35/36 (task 34): force_integral=+5.266088e+03
  [SELF][Rank 0] Done moment 35/36 (task 34): force_integral=+5.266088e+03
  [SELF][Rank 0] Done moment 35/36 (task 34): force_integral=+5.266088e+03
  [SELF][Rank 0] Done moment 35/36 (task 34): force_integral=+5.266088e+03
  [SELF][Rank 0] Done moment 35/36 (task 34): force_integral=+5.266088e+03
  [SELF][Rank 0] Done moment 35/36 (task 34): force_integral=+5.266088e+03
  [SELF][Rank 0] Done moment 35/36 (task 34): force_integral=+5.266088e+03
  [SELF][Rank 0] Done moment 35/36 (task 34): force_integral=+5.266088e+03
  [SELF][Rank 0] Done moment 35/36 (task 34): force_integral=+5.266088e+03
  [SELF][Rank 0] Done moment 35/36 (task 34): force_integral=+5.266088e+03
  [SELF][Rank 0] Done moment 35/36 (task 34): force_integral=+5.266088e+03
  [SELF][Rank 0] Done moment 35/36 (task 34): force_integral=+5.266088e+03
  [SELF][Rank 0] Done moment 35/36 (task 34): force_integral=+5.266088e+03
  [SELF][Rank 0] Done moment 35/36 (task 34): force_integral=+5.266088e+03
  [SELF][Rank 0] Done moment 35/36 (task 34): force_integral=+5.266088e+03
  [SELF][Rank 0] Done moment 35/36 (task 34): force_integral=+5.266088e+03
  [SELF][Rank 0] Done moment 35/36 (task 34): force_integral=+5.266088e+03
  [SELF][Rank 0] Done moment 35/36 (task 34): force_integral=+5.266088e+03
  [SELF][Rank 0] Done moment 35/36 (task 34): force_integral=+5.266088e+03
  [SELF][Rank 0] Done moment 35/36 (task 34): force_integral=+5.266088e+03
  [SELF][Rank 0] Done moment 35/36 (task 34): force_integral=+5.266088e+03
  [SELF][Rank 0] Done moment 35/36 (task 34): force_integral=+5.266088e+03
  [SELF][Rank 0] Done moment 35/36 (task 34): force_integral=+5.266088e+03
  [SELF][Rank 0] Done moment 35/36 (task 34): force_integral=+5.266088e+03
  [SELF][Rank 0] Done moment 35/36 (task 34): force_integral=+5.266088e+03
  [SELF][Rank 0] Done moment 35/36 (task 34): force_integral=+5.266088e+03
  [SELF][Rank 0] Done moment 35/36 (task 34): force_integral=+5.266088e+03
  [SELF][Rank 0] Done moment 35/36 (task 34): force_integral=+5.266088e+03
  [SELF][Rank 0] Done moment 35/36 (task 34): force_integral=+5.266088e+03
  [SELF][Rank 0] Done moment 35/36 (task 34): force_integral=+5.266088e+03
  [SELF][Rank 0] Done moment 35/36 (task 34): force_integral=+5.266088e+03
  [SELF][Rank 0] Done moment 35/36 (task 34): force_integral=+5.266088e+03
  [SELF][Rank 0] Done moment 35/36 (task 34): force_integral=+5.266088e+03
  [SELF][Rank 0] Done moment 35/36 (task 34): force_integral=+5.266088e+03
  [SELF][Rank 0] Done moment 35/36 (task 34): force_integral=+5.266088e+03
  [SELF][Rank 0] Done moment 35/36 (task 34): force_integral=+5.266088e+03
  [SELF][Rank 0] Done moment 35/36 (task 34): force_integral=+5.266088e+03
  [SELF][Rank 0] Done moment 35/36 (task 34): force_integral=+5.266088e+03
  [SELF][Rank 0] Done moment 35/36 (task 34): force_integral=+5.266088e+03
  [SELF][Rank 0] Done moment 35/36 (task 34): force_integral=+5.266088e+03
  [SELF][Rank 0] Done moment 35/36 (task 34): force_integral=+5.266088e+03
  [SELF][Rank 0] Done moment 35/36 (task 34): force_integral=+5.266088e+03
  [SELF][Rank 0] Done moment 35/36 (task 34): force_integral=+5.266088e+03
  [SELF][Rank 0] Done moment 35/36 (task 34): force_integral=+5.266088e+03
  [SELF][Rank 0] Done moment 35/36 (task 34): force_integral=+5.266088e+03
  [SELF][Rank 0] Done moment 35/36 (task 34): force_integral=+5.266088e+03
  [SELF][Rank 0] Done moment 35/36 (task 34): force_integral=+5.266088e+03
  [SELF][Rank 0] Done moment 35/36 (task 34): force_integral=+5.266088e+03
  [SELF][Rank 0] Done moment 35/36 (task 34): force_integral=+5.266088e+03
  [SELF][Rank 0] Done moment 35/36 (task 34): force_integral=+5.266088e+03
  [SELF][Rank 0] Done moment 35/36 (task 34): force_integral=+5.266088e+03
  [SELF][Rank 0] Done moment 35/36 (task 34): force_integral=+5.266088e+03
  [SELF][Rank 0] Done moment 35/36 (task 34): force_integral=+5.266088e+03
  [SELF][Rank 0] Done moment 35/36 (task 34): force_integral=+5.266088e+03
  [SELF][Rank 0] Done moment 35/36 (task 34): force_integral=+5.266088e+03
  [SELF][Rank 0] Done moment 35/36 (task 34): force_integral=+5.266088e+03
  [SELF][Rank 0] Done moment 35/36 (task 34): force_integral=+5.266088e+03
  [SELF][Rank 0] Done moment 35/36 (task 34): force_integral=+5.266088e+03
  [SELF][Rank 0] Done moment 35/36 (task 34): force_integral=+5.266088e+03
  [SELF][Rank 0] Done moment 35/36 (task 34): force_integral=+5.266088e+03
  [SELF][Rank 0] Done moment 35/36 (task 34): force_integral=+5.266088e+03
  [SELF][Rank 0] Done moment 35/36 (task 34): force_integral=+5.266088e+03
  [SELF][Rank 0] Done moment 35/36 (task 34): force_integral=+5.266088e+03
  [SELF][Rank 0] Done moment 35/36 (task 34): force_integral=+5.266088e+03
  [SELF][Rank 0] Done moment 35/36 (task 34): force_integral=+5.266088e+03
  [SELF][Rank 0] Done moment 35/36 (task 34): force_integral=+5.266088e+03
  [SELF][Rank 0] Done moment 35/36 (task 34): force_integral=+5.266088e+03
  [SELF][Rank 0] Done moment 35/36 (task 34): force_integral=+5.266088e+03
  [SELF][Rank 0] Done moment 35/36 (task 34): force_integral=+5.266088e+03
  [SELF][Rank 0] Done moment 35/36 (task 34): force_integral=+5.266088e+03
  [SELF][Rank 0] Done moment 35/36 (task 34): force_integral=+5.266088e+03
  [SELF][Rank 0] Done moment 35/36 (task 34): force_integral=+5.266088e+03
  [SELF][Rank 0] Done moment 35/36 (task 34): force_integral=+5.266088e+03
  [SELF][Rank 0] Done moment 35/36 (task 34): force_integral=+5.266088e+03
  [SELF][Rank 0] Done moment 35/36 (task 34): force_integral=+5.266088e+03
  [SELF][Rank 0] Done moment 35/36 (task 34): force_integral=+5.266088e+03
  [SELF][Rank 0] Done moment 35/36 (task 34): force_integral=+5.266088e+03
  [SELF][Rank 0] Done moment 35/36 (task 34): force_integral=+5.266088e+03
  [SELF][Rank 0] Done moment 35/36 (task 34): force_integral=+5.266088e+03
  [SELF][Rank 0] Done moment 35/36 (task 34): force_integral=+5.266088e+03
  [SELF][Rank 0] Done moment 35/36 (task 34): force_integral=+5.266088e+03
  [SELF][Rank 0] Done moment 35/36 (task 34): force_integral=+5.266088e+03
  [SELF][Rank 0] Done moment 35/36 (task 34): force_integral=+5.266088e+03
  [SELF][Rank 0] Done moment 35/36 (task 34): force_integral=+5.266088e+03
  [SELF][Rank 0] Done moment 35/36 (task 34): force_integral=+5.266088e+03
  [SELF][Rank 0] Done moment 35/36 (task 34): force_integral=+5.266088e+03
  [SELF][Rank 0] Done moment 35/36 (task 34): force_integral=+5.266088e+03
  [SELF][Rank 0] Done moment 35/36 (task 34): force_integral=+5.266088e+03
  [SELF][Rank 0] Done moment 35/36 (task 34): force_integral=+5.266088e+03
  [SELF][Rank 0] Done moment 35/36 (task 34): force_integral=+5.266088e+03
  [SELF][Rank 0] Done moment 35/36 (task 34): force_integral=+5.266088e+03
  [SELF][Rank 0] Done moment 35/36 (task 34): force_integral=+5.266088e+03
  [SELF][Rank 0] Done moment 35/36 (task 34): force_integral=+5.266088e+03
  [SELF][Rank 0] Done moment 35/36 (task 34): force_integral=+5.266088e+03
  [SELF][Rank 0] Done moment 35/36 (task 34): force_integral=+5.266088e+03
  [SELF][Rank 0] Done moment 35/36 (task 34): force_integral=+5.266088e+03
  [SELF][Rank 0] Done moment 35/36 (task 34): force_integral=+5.266088e+03
  [SELF][Rank 0] Done moment 36/36 (task 35): force_integral=-3.579615e+03

Elapsed run time = 36243.6956 s
  [SELF][Rank 0] Done moment 36/36 (task 35): force_integral=-3.579615e+03

Elapsed run time = 36266.9533 s
  [SELF][Rank 0] Done moment 36/36 (task 35): force_integral=-3.579615e+03

Elapsed run time = 36356.1191 s
  [SELF][Rank 0] Done moment 36/36 (task 35): force_integral=-3.579615e+03

Elapsed run time = 36389.9006 s
  [SELF][Rank 0] Done moment 36/36 (task 35): force_integral=-3.579615e+03

Elapsed run time = 36449.2203 s
  [SELF][Rank 0] Done moment 36/36 (task 35): force_integral=-3.579615e+03

Elapsed run time = 36458.7951 s
  [SELF][Rank 0] Done moment 36/36 (task 35): force_integral=-3.579615e+03

Elapsed run time = 36573.4439 s
  [SELF][Rank 0] Done moment 36/36 (task 35): force_integral=-3.579615e+03

Elapsed run time = 36760.6492 s
  [SELF][Rank 0] Done moment 36/36 (task 35): force_integral=-3.579615e+03

Elapsed run time = 36816.8914 s
  [SELF][Rank 0] Done moment 36/36 (task 35): force_integral=-3.579615e+03

Elapsed run time = 36839.0062 s
  [SELF][Rank 0] Done moment 36/36 (task 35): force_integral=-3.579615e+03

Elapsed run time = 36860.0603 s
  [SELF][Rank 0] Done moment 36/36 (task 35): force_integral=-3.579615e+03

Elapsed run time = 36884.6045 s
  [SELF][Rank 0] Done moment 36/36 (task 35): force_integral=-3.579615e+03

Elapsed run time = 36892.5565 s
  [SELF][Rank 0] Done moment 36/36 (task 35): force_integral=-3.579615e+03

Elapsed run time = 36949.0355 s
  [SELF][Rank 0] Done moment 36/36 (task 35): force_integral=-3.579615e+03

Elapsed run time = 36960.1071 s
  [SELF][Rank 0] Done moment 36/36 (task 35): force_integral=-3.579615e+03

Elapsed run time = 37002.0730 s
  [SELF][Rank 0] Done moment 36/36 (task 35): force_integral=-3.579615e+03

Elapsed run time = 37026.4057 s
  [SELF][Rank 0] Done moment 36/36 (task 35): force_integral=-3.579615e+03

Elapsed run time = 37051.1704 s
  [SELF][Rank 0] Done moment 36/36 (task 35): force_integral=-3.579615e+03

Elapsed run time = 37054.3964 s
  [SELF][Rank 0] Done moment 36/36 (task 35): force_integral=-3.579615e+03

Elapsed run time = 37063.8302 s
  [SELF][Rank 0] Done moment 36/36 (task 35): force_integral=-3.579615e+03

Elapsed run time = 37100.2727 s
  [SELF][Rank 0] Done moment 36/36 (task 35): force_integral=-3.579615e+03

Elapsed run time = 37108.4967 s
  [SELF][Rank 0] Done moment 36/36 (task 35): force_integral=-3.579615e+03

Elapsed run time = 37110.7571 s
  [SELF][Rank 0] Done moment 36/36 (task 35): force_integral=-3.579615e+03

Elapsed run time = 37122.5961 s
  [SELF][Rank 0] Done moment 36/36 (task 35): force_integral=-3.579615e+03

Elapsed run time = 37139.0285 s
  [SELF][Rank 0] Done moment 36/36 (task 35): force_integral=-3.579615e+03

Elapsed run time = 37181.0934 s
  [SELF][Rank 0] Done moment 36/36 (task 35): force_integral=-3.579615e+03

Elapsed run time = 37187.8633 s
  [SELF][Rank 0] Done moment 36/36 (task 35): force_integral=-3.579615e+03

Elapsed run time = 37198.9754 s
  [SELF][Rank 0] Done moment 36/36 (task 35): force_integral=-3.579615e+03

Elapsed run time = 37204.4636 s
  [SELF][Rank 0] Done moment 36/36 (task 35): force_integral=-3.579615e+03

Elapsed run time = 37209.4681 s
  [SELF][Rank 0] Done moment 36/36 (task 35): force_integral=-3.579615e+03

Elapsed run time = 37215.3763 s
  [SELF][Rank 0] Done moment 36/36 (task 35): force_integral=-3.579615e+03

Elapsed run time = 37216.2698 s
  [SELF][Rank 0] Done moment 36/36 (task 35): force_integral=-3.579615e+03

Elapsed run time = 37222.2925 s
  [SELF][Rank 0] Done moment 36/36 (task 35): force_integral=-3.579615e+03

Elapsed run time = 37222.9441 s
  [SELF][Rank 0] Done moment 36/36 (task 35): force_integral=-3.579615e+03

Elapsed run time = 37235.3190 s
  [SELF][Rank 0] Done moment 36/36 (task 35): force_integral=-3.579615e+03

Elapsed run time = 37242.0015 s
  [SELF][Rank 0] Done moment 36/36 (task 35): force_integral=-3.579615e+03

Elapsed run time = 37254.2684 s
  [SELF][Rank 0] Done moment 36/36 (task 35): force_integral=-3.579615e+03

Elapsed run time = 37262.9548 s
  [SELF][Rank 0] Done moment 36/36 (task 35): force_integral=-3.579615e+03

Elapsed run time = 37266.3283 s
  [SELF][Rank 0] Done moment 36/36 (task 35): force_integral=-3.579615e+03

Elapsed run time = 37269.3974 s
  [SELF][Rank 0] Done moment 36/36 (task 35): force_integral=-3.579615e+03

Elapsed run time = 37279.4697 s
  [SELF][Rank 0] Done moment 36/36 (task 35): force_integral=-3.579615e+03

Elapsed run time = 37282.3451 s
  [SELF][Rank 0] Done moment 36/36 (task 35): force_integral=-3.579615e+03

Elapsed run time = 37286.5865 s
  [SELF][Rank 0] Done moment 36/36 (task 35): force_integral=-3.579615e+03

Elapsed run time = 37289.0614 s
  [SELF][Rank 0] Done moment 36/36 (task 35): force_integral=-3.579615e+03

Elapsed run time = 37293.1254 s
  [SELF][Rank 0] Done moment 36/36 (task 35): force_integral=-3.579615e+03

Elapsed run time = 37302.1156 s
  [SELF][Rank 0] Done moment 36/36 (task 35): force_integral=-3.579615e+03

Elapsed run time = 37306.5116 s
  [SELF][Rank 0] Done moment 36/36 (task 35): force_integral=-3.579615e+03

Elapsed run time = 37319.6466 s
  [SELF][Rank 0] Done moment 36/36 (task 35): force_integral=-3.579615e+03

Elapsed run time = 37320.2464 s
  [SELF][Rank 0] Done moment 36/36 (task 35): force_integral=-3.579615e+03

Elapsed run time = 37326.9260 s
  [SELF][Rank 0] Done moment 36/36 (task 35): force_integral=-3.579615e+03

Elapsed run time = 37327.8643 s
  [SELF][Rank 0] Done moment 36/36 (task 35): force_integral=-3.579615e+03

Elapsed run time = 37328.6299 s
  [SELF][Rank 0] Done moment 36/36 (task 35): force_integral=-3.579615e+03

Elapsed run time = 37328.6388 s
  [SELF][Rank 0] Done moment 36/36 (task 35): force_integral=-3.579615e+03

Elapsed run time = 37331.2337 s
  [SELF][Rank 0] Done moment 36/36 (task 35): force_integral=-3.579615e+03

Elapsed run time = 37334.3324 s
  [SELF][Rank 0] Done moment 36/36 (task 35): force_integral=-3.579615e+03

Elapsed run time = 37334.7719 s
  [SELF][Rank 0] Done moment 36/36 (task 35): force_integral=-3.579615e+03

Elapsed run time = 37340.0337 s
  [SELF][Rank 0] Done moment 36/36 (task 35): force_integral=-3.579615e+03

Elapsed run time = 37363.3309 s
  [SELF][Rank 0] Done moment 36/36 (task 35): force_integral=-3.579615e+03

Elapsed run time = 37392.9101 s
  [SELF][Rank 0] Done moment 36/36 (task 35): force_integral=-3.579615e+03

Elapsed run time = 37393.1340 s
  [SELF][Rank 0] Done moment 36/36 (task 35): force_integral=-3.579615e+03

Elapsed run time = 37396.3567 s
  [SELF][Rank 0] Done moment 36/36 (task 35): force_integral=-3.579615e+03

Elapsed run time = 37404.6654 s
  [SELF][Rank 0] Done moment 36/36 (task 35): force_integral=-3.579615e+03

Elapsed run time = 37406.4698 s
  [SELF][Rank 0] Done moment 36/36 (task 35): force_integral=-3.579615e+03

Elapsed run time = 37407.7819 s
  [SELF][Rank 0] Done moment 36/36 (task 35): force_integral=-3.579615e+03
Simulation complete. Subtracted force: -3.393076e+00. Saved to .tmp/meep_d_0.0800_N_3_clutch_al_75.0_rtip_5.0_Nbot_3_Gold_res_60_theta_0.0_eps_1.0_L_2.00.json

Elapsed run time = 37415.1065 s
  [SELF][Rank 0] Done moment 36/36 (task 35): force_integral=-3.579615e+03

Elapsed run time = 37417.3801 s
  [SELF][Rank 0] Done moment 36/36 (task 35): force_integral=-3.579615e+03

Elapsed run time = 37422.7734 s
  [SELF][Rank 0] Done moment 36/36 (task 35): force_integral=-3.579615e+03

Elapsed run time = 37447.7956 s
  [SELF][Rank 0] Done moment 36/36 (task 35): force_integral=-3.579615e+03

Elapsed run time = 37455.6970 s
  [SELF][Rank 0] Done moment 36/36 (task 35): force_integral=-3.579615e+03

Elapsed run time = 37458.0122 s
  [SELF][Rank 0] Done moment 36/36 (task 35): force_integral=-3.579615e+03

Elapsed run time = 37462.7116 s
  [SELF][Rank 0] Done moment 36/36 (task 35): force_integral=-3.579615e+03

Elapsed run time = 37467.0220 s
  [SELF][Rank 0] Done moment 36/36 (task 35): force_integral=-3.579615e+03

Elapsed run time = 37473.4325 s
  [SELF][Rank 0] Done moment 36/36 (task 35): force_integral=-3.579615e+03

Elapsed run time = 37474.5378 s
  [SELF][Rank 0] Done moment 36/36 (task 35): force_integral=-3.579615e+03

Elapsed run time = 37480.6128 s
  [SELF][Rank 0] Done moment 36/36 (task 35): force_integral=-3.579615e+03

Elapsed run time = 37485.8915 s
  [SELF][Rank 0] Done moment 36/36 (task 35): force_integral=-3.579615e+03

Elapsed run time = 37486.8116 s
  [SELF][Rank 0] Done moment 36/36 (task 35): force_integral=-3.579615e+03

Elapsed run time = 37487.7657 s
  [SELF][Rank 0] Done moment 36/36 (task 35): force_integral=-3.579615e+03

Elapsed run time = 37488.2746 s
  [SELF][Rank 0] Done moment 36/36 (task 35): force_integral=-3.579615e+03

Elapsed run time = 37490.2224 s
  [SELF][Rank 0] Done moment 36/36 (task 35): force_integral=-3.579615e+03

Elapsed run time = 37494.4526 s
  [SELF][Rank 0] Done moment 36/36 (task 35): force_integral=-3.579615e+03

Elapsed run time = 37494.8909 s
  [SELF][Rank 0] Done moment 36/36 (task 35): force_integral=-3.579615e+03

Elapsed run time = 37498.7480 s
  [SELF][Rank 0] Done moment 36/36 (task 35): force_integral=-3.579615e+03

Elapsed run time = 37499.1545 s
  [SELF][Rank 0] Done moment 36/36 (task 35): force_integral=-3.579615e+03

Elapsed run time = 37505.1275 s
  [SELF][Rank 0] Done moment 36/36 (task 35): force_integral=-3.579615e+03

Elapsed run time = 37517.3353 s
  [SELF][Rank 0] Done moment 36/36 (task 35): force_integral=-3.579615e+03

Elapsed run time = 37520.4411 s
  [SELF][Rank 0] Done moment 36/36 (task 35): force_integral=-3.579615e+03

Elapsed run time = 37526.2389 s
  [SELF][Rank 0] Done moment 36/36 (task 35): force_integral=-3.579615e+03

Elapsed run time = 37534.9063 s
  [SELF][Rank 0] Done moment 36/36 (task 35): force_integral=-3.579615e+03

Elapsed run time = 37536.4505 s
  [SELF][Rank 0] Done moment 36/36 (task 35): force_integral=-3.579615e+03

Elapsed run time = 37541.3539 s
  [SELF][Rank 0] Done moment 36/36 (task 35): force_integral=-3.579615e+03

Elapsed run time = 37542.4809 s
  [SELF][Rank 0] Done moment 36/36 (task 35): force_integral=-3.579615e+03

Elapsed run time = 37543.3697 s
  [SELF][Rank 0] Done moment 36/36 (task 35): force_integral=-3.579615e+03

Elapsed run time = 37552.1071 s
  [SELF][Rank 0] Done moment 36/36 (task 35): force_integral=-3.579615e+03

Elapsed run time = 37571.9522 s
  [SELF][Rank 0] Done moment 36/36 (task 35): force_integral=-3.579615e+03

Elapsed run time = 37572.8670 s
  [SELF][Rank 0] Done moment 36/36 (task 35): force_integral=-3.579615e+03

Elapsed run time = 37575.5045 s
  [SELF][Rank 0] Done moment 36/36 (task 35): force_integral=-3.579615e+03

Elapsed run time = 37576.6609 s
  [SELF][Rank 0] Done moment 36/36 (task 35): force_integral=-3.579615e+03

Elapsed run time = 37577.2902 s
  [SELF][Rank 0] Done moment 36/36 (task 35): force_integral=-3.579615e+03

Elapsed run time = 37601.4313 s
  [SELF][Rank 0] Done moment 36/36 (task 35): force_integral=-3.579615e+03

Elapsed run time = 37601.5911 s
  [SELF][Rank 0] Done moment 36/36 (task 35): force_integral=-3.579615e+03

Elapsed run time = 37601.6240 s
  [SELF][Rank 0] Done moment 36/36 (task 35): force_integral=-3.579615e+03

Elapsed run time = 37603.4335 s
  [SELF][Rank 0] Done moment 36/36 (task 35): force_integral=-3.579615e+03

Elapsed run time = 37607.7370 s
  [SELF][Rank 0] Done moment 36/36 (task 35): force_integral=-3.579615e+03

Elapsed run time = 37611.3249 s
  [SELF][Rank 0] Done moment 36/36 (task 35): force_integral=-3.579615e+03

Elapsed run time = 37611.7706 s
  [SELF][Rank 0] Done moment 36/36 (task 35): force_integral=-3.579615e+03

Elapsed run time = 37622.8005 s
  [SELF][Rank 0] Done moment 36/36 (task 35): force_integral=-3.579615e+03

Elapsed run time = 37643.9655 s
  [SELF][Rank 0] Done moment 36/36 (task 35): force_integral=-3.579615e+03

Elapsed run time = 37646.7620 s
  [SELF][Rank 0] Done moment 36/36 (task 35): force_integral=-3.579615e+03

Elapsed run time = 37647.4292 s
  [SELF][Rank 0] Done moment 36/36 (task 35): force_integral=-3.579615e+03

Elapsed run time = 37649.2010 s
  [SELF][Rank 0] Done moment 36/36 (task 35): force_integral=-3.579615e+03

Elapsed run time = 37655.0933 s
  [SELF][Rank 0] Done moment 36/36 (task 35): force_integral=-3.579615e+03

Elapsed run time = 37656.9652 s
  [SELF][Rank 0] Done moment 36/36 (task 35): force_integral=-3.579615e+03

Elapsed run time = 37660.8081 s
  [SELF][Rank 0] Done moment 36/36 (task 35): force_integral=-3.579615e+03

Elapsed run time = 37663.0133 s
  [SELF][Rank 0] Done moment 36/36 (task 35): force_integral=-3.579615e+03

Elapsed run time = 37663.2158 s
  [SELF][Rank 0] Done moment 36/36 (task 35): force_integral=-3.579615e+03

Elapsed run time = 37675.9490 s
  [SELF][Rank 0] Done moment 36/36 (task 35): force_integral=-3.579615e+03

Elapsed run time = 37677.3526 s
  [SELF][Rank 0] Done moment 36/36 (task 35): force_integral=-3.579615e+03

Elapsed run time = 37689.6530 s
  [SELF][Rank 0] Done moment 36/36 (task 35): force_integral=-3.579615e+03

Elapsed run time = 37698.7786 s
  [SELF][Rank 0] Done moment 36/36 (task 35): force_integral=-3.579615e+03

Elapsed run time = 37700.3772 s
  [SELF][Rank 0] Done moment 36/36 (task 35): force_integral=-3.579615e+03

Elapsed run time = 37707.9603 s
  [SELF][Rank 0] Done moment 36/36 (task 35): force_integral=-3.579615e+03

Elapsed run time = 37746.8848 s
  [SELF][Rank 0] Done moment 36/36 (task 35): force_integral=-3.579615e+03

Elapsed run time = 37762.4886 s
  [SELF][Rank 0] Done moment 36/36 (task 35): force_integral=-3.579615e+03

Elapsed run time = 37766.8325 s
  [SELF][Rank 0] Done moment 36/36 (task 35): force_integral=-3.579615e+03

Elapsed run time = 37771.6852 s
  [SELF][Rank 0] Done moment 36/36 (task 35): force_integral=-3.579615e+03

Elapsed run time = 37773.5199 s
  [SELF][Rank 0] Done moment 36/36 (task 35): force_integral=-3.579615e+03

Elapsed run time = 37775.1441 s
Command succeeded cleanly.
Clutch Task 6 (Clutch: Menger Spire (N=3) vs Sierpinski Sieve (N=3), d=80nm, th=0.0deg) finished with exit code 0 at Fri Sep 25 04:01:15 AM EDT 2026.
================================================================================
[TASK COMPLETE] Task 6 (Clutch: Menger Spire (N=3) vs Sierpinski Sieve (N=3), d=80nm, th=0.0deg) is 100% completed!
================================================================================
Remaining tasks in progress. Awaiting full campaign completion.
Synchronizing progress and pushing reports for Task 6 (exit code 0)...
