================================================================================
CASIMIR_CLUTCH TASK: 5 / 10
Host: x1002c4s2b1n0
Started: Thu Sep 24 05:08:51 AM EDT 2026
================================================================================
Reading task parameters from sweep_configs_clutch/config_005.json...
Executing Quantum Clutch Simulation
Label: Clutch: Menger Spire (N=3) vs Sierpinski Sieve (N=3), d=40nm, th=90.0deg
Params: d=0.04 um, N_top=3, N_bot=3, mat=Gold, res=60, nmax=1, theta=90.0 deg, alpha=75.0 deg, r_tip=5.0 nm, eps=1.0
==================================================
RUNNING CRASH-PROOF MEEP SIMULATION WRAPPER
==================================================
Executing: srun -n 128 /N/u/gogordon/BigRed200/.conda/envs/meep/bin/python execution/run_meep_simulation.py --L 2.0 --d 0.04 --N 3 --N-bottom 3 --theta 90.0 --material Gold --res 60 --nmax 1 --eps-bg 1.0 --config all --no-subgroups --T-run 12.0 --max-walltime-hours 11.0 --campaign-task-id 5 --clutch --corrugation-angle 75.0 --r-tip 5.0
Starting simulation: d=0.04 um, N_top=3, N_bottom=3, material=Gold, resolution=60, nmax=1, theta=90.0, eps_bg=1.0, config=all, clutch=True, stepped_sieve=False, corrugated=False
Parallel configuration: 128 processes running 1 parallel moment partitions.
Loaded cached 'both' force: 9.000958e+02 from .tmp/chk_v4_d_0.0400_Ntop_3_Nbot_3_mat_Gold_res_60_th_90.0_clutch_al_75.0_rtip_5.0_L_2.00_both.json
[SELF] Loaded 22 cached moments from .tmp/chk_moments_v4_d_0.0400_Ntop_3_Nbot_3_mat_Gold_res_60_th_90.0_clutch_al_75.0_rtip_5.0_L_2.00_self.json
  [SELF][Rank 0] Skipped moment 1/36 (task 0) [CACHED]: force_integral=+7.602398e-02
  [SELF][Rank 0] Skipped moment 2/36 (task 1) [CACHED]: force_integral=+7.602398e-02
  [SELF][Rank 0] Skipped moment 3/36 (task 2) [CACHED]: force_integral=+0.000000e+00
  [SELF][Rank 0] Skipped moment 4/36 (task 3) [CACHED]: force_integral=+0.000000e+00
  [SELF][Rank 0] Skipped moment 5/36 (task 4) [CACHED]: force_integral=-3.519498e+02
  [SELF][Rank 0] Skipped moment 6/36 (task 5) [CACHED]: force_integral=+3.876475e+02
  [SELF][Rank 0] Skipped moment 7/36 (task 6) [CACHED]: force_integral=+0.000000e+00
  [SELF][Rank 0] Skipped moment 8/36 (task 7) [CACHED]: force_integral=+0.000000e+00
  [SELF][Rank 0] Skipped moment 9/36 (task 8) [CACHED]: force_integral=-1.787754e-01
  [SELF][Rank 0] Skipped moment 10/36 (task 9) [CACHED]: force_integral=-1.787754e-01
  [SELF][Rank 0] Skipped moment 11/36 (task 10) [CACHED]: force_integral=-1.699937e+03
  [SELF][Rank 0] Skipped moment 12/36 (task 11) [CACHED]: force_integral=+1.525382e+03
  [SELF][Rank 0] Skipped moment 13/36 (task 12) [CACHED]: force_integral=+0.000000e+00
  [SELF][Rank 0] Skipped moment 14/36 (task 13) [CACHED]: force_integral=+0.000000e+00
  [SELF][Rank 0] Skipped moment 15/36 (task 14) [CACHED]: force_integral=+0.000000e+00
  [SELF][Rank 0] Skipped moment 16/36 (task 15) [CACHED]: force_integral=+0.000000e+00
  [SELF][Rank 0] Skipped moment 17/36 (task 16) [CACHED]: force_integral=+2.482918e+03
  [SELF][Rank 0] Skipped moment 18/36 (task 17) [CACHED]: force_integral=-4.075100e+03
  [SELF][Rank 0] Skipped moment 19/36 (task 18) [CACHED]: force_integral=-2.603212e+00
  [SELF][Rank 0] Skipped moment 20/36 (task 19) [CACHED]: force_integral=-2.603212e+00
  [SELF][Rank 0] Skipped moment 21/36 (task 20) [CACHED]: force_integral=+0.000000e+00
  [SELF][Rank 0] Skipped moment 22/36 (task 21) [CACHED]: force_integral=+0.000000e+00
  [SELF][Rank 0] Done moment 23/36 (task 22): force_integral=-1.543801e+03
  [SELF][Rank 0] Done moment 23/36 (task 22): force_integral=-1.543801e+03
  [SELF][Rank 0] Done moment 23/36 (task 22): force_integral=-1.543801e+03
  [SELF][Rank 0] Done moment 23/36 (task 22): force_integral=-1.543801e+03
  [SELF][Rank 0] Done moment 23/36 (task 22): force_integral=-1.543801e+03
  [SELF][Rank 0] Done moment 23/36 (task 22): force_integral=-1.543801e+03
  [SELF][Rank 0] Done moment 23/36 (task 22): force_integral=-1.543801e+03
  [SELF][Rank 0] Done moment 23/36 (task 22): force_integral=-1.543801e+03
  [SELF][Rank 0] Done moment 23/36 (task 22): force_integral=-1.543801e+03
  [SELF][Rank 0] Done moment 23/36 (task 22): force_integral=-1.543801e+03
  [SELF][Rank 0] Done moment 23/36 (task 22): force_integral=-1.543801e+03
  [SELF][Rank 0] Done moment 23/36 (task 22): force_integral=-1.543801e+03
  [SELF][Rank 0] Done moment 23/36 (task 22): force_integral=-1.543801e+03
  [SELF][Rank 0] Done moment 23/36 (task 22): force_integral=-1.543801e+03
  [SELF][Rank 0] Done moment 23/36 (task 22): force_integral=-1.543801e+03
  [SELF][Rank 0] Done moment 23/36 (task 22): force_integral=-1.543801e+03
  [SELF][Rank 0] Done moment 23/36 (task 22): force_integral=-1.543801e+03
  [SELF][Rank 0] Done moment 23/36 (task 22): force_integral=-1.543801e+03
  [SELF][Rank 0] Done moment 23/36 (task 22): force_integral=-1.543801e+03
  [SELF][Rank 0] Done moment 23/36 (task 22): force_integral=-1.543801e+03
  [SELF][Rank 0] Done moment 23/36 (task 22): force_integral=-1.543801e+03
  [SELF][Rank 0] Done moment 23/36 (task 22): force_integral=-1.543801e+03
  [SELF][Rank 0] Done moment 23/36 (task 22): force_integral=-1.543801e+03
  [SELF][Rank 0] Done moment 23/36 (task 22): force_integral=-1.543801e+03
  [SELF][Rank 0] Done moment 23/36 (task 22): force_integral=-1.543801e+03
  [SELF][Rank 0] Done moment 23/36 (task 22): force_integral=-1.543801e+03
  [SELF][Rank 0] Done moment 23/36 (task 22): force_integral=-1.543801e+03
  [SELF][Rank 0] Done moment 23/36 (task 22): force_integral=-1.543801e+03
  [SELF][Rank 0] Done moment 23/36 (task 22): force_integral=-1.543801e+03
  [SELF][Rank 0] Done moment 23/36 (task 22): force_integral=-1.543801e+03
  [SELF][Rank 0] Done moment 23/36 (task 22): force_integral=-1.543801e+03
  [SELF][Rank 0] Done moment 23/36 (task 22): force_integral=-1.543801e+03
  [SELF][Rank 0] Done moment 23/36 (task 22): force_integral=-1.543801e+03
  [SELF][Rank 0] Done moment 23/36 (task 22): force_integral=-1.543801e+03
  [SELF][Rank 0] Done moment 23/36 (task 22): force_integral=-1.543801e+03
  [SELF][Rank 0] Done moment 23/36 (task 22): force_integral=-1.543801e+03
  [SELF][Rank 0] Done moment 23/36 (task 22): force_integral=-1.543801e+03
  [SELF][Rank 0] Done moment 23/36 (task 22): force_integral=-1.543801e+03
  [SELF][Rank 0] Done moment 23/36 (task 22): force_integral=-1.543801e+03
  [SELF][Rank 0] Done moment 23/36 (task 22): force_integral=-1.543801e+03
  [SELF][Rank 0] Done moment 23/36 (task 22): force_integral=-1.543801e+03
  [SELF][Rank 0] Done moment 23/36 (task 22): force_integral=-1.543801e+03
  [SELF][Rank 0] Done moment 23/36 (task 22): force_integral=-1.543801e+03
  [SELF][Rank 0] Done moment 23/36 (task 22): force_integral=-1.543801e+03
  [SELF][Rank 0] Done moment 23/36 (task 22): force_integral=-1.543801e+03
  [SELF][Rank 0] Done moment 23/36 (task 22): force_integral=-1.543801e+03
  [SELF][Rank 0] Done moment 23/36 (task 22): force_integral=-1.543801e+03
  [SELF][Rank 0] Done moment 23/36 (task 22): force_integral=-1.543801e+03
  [SELF][Rank 0] Done moment 23/36 (task 22): force_integral=-1.543801e+03
  [SELF][Rank 0] Done moment 23/36 (task 22): force_integral=-1.543801e+03
  [SELF][Rank 0] Done moment 23/36 (task 22): force_integral=-1.543801e+03
  [SELF][Rank 0] Done moment 23/36 (task 22): force_integral=-1.543801e+03
  [SELF][Rank 0] Done moment 23/36 (task 22): force_integral=-1.543801e+03
  [SELF][Rank 0] Done moment 23/36 (task 22): force_integral=-1.543801e+03
  [SELF][Rank 0] Done moment 23/36 (task 22): force_integral=-1.543801e+03
  [SELF][Rank 0] Done moment 23/36 (task 22): force_integral=-1.543801e+03
  [SELF][Rank 0] Done moment 23/36 (task 22): force_integral=-1.543801e+03
  [SELF][Rank 0] Done moment 23/36 (task 22): force_integral=-1.543801e+03
  [SELF][Rank 0] Done moment 23/36 (task 22): force_integral=-1.543801e+03
  [SELF][Rank 0] Done moment 23/36 (task 22): force_integral=-1.543801e+03
  [SELF][Rank 0] Done moment 23/36 (task 22): force_integral=-1.543801e+03
  [SELF][Rank 0] Done moment 23/36 (task 22): force_integral=-1.543801e+03
  [SELF][Rank 0] Done moment 23/36 (task 22): force_integral=-1.543801e+03
  [SELF][Rank 0] Done moment 23/36 (task 22): force_integral=-1.543801e+03
  [SELF][Rank 0] Done moment 23/36 (task 22): force_integral=-1.543801e+03
  [SELF][Rank 0] Done moment 23/36 (task 22): force_integral=-1.543801e+03
  [SELF][Rank 0] Done moment 23/36 (task 22): force_integral=-1.543801e+03
  [SELF][Rank 0] Done moment 23/36 (task 22): force_integral=-1.543801e+03
  [SELF][Rank 0] Done moment 23/36 (task 22): force_integral=-1.543801e+03
  [SELF][Rank 0] Done moment 23/36 (task 22): force_integral=-1.543801e+03
  [SELF][Rank 0] Done moment 23/36 (task 22): force_integral=-1.543801e+03
  [SELF][Rank 0] Done moment 23/36 (task 22): force_integral=-1.543801e+03
  [SELF][Rank 0] Done moment 23/36 (task 22): force_integral=-1.543801e+03
  [SELF][Rank 0] Done moment 23/36 (task 22): force_integral=-1.543801e+03
  [SELF][Rank 0] Done moment 23/36 (task 22): force_integral=-1.543801e+03
  [SELF][Rank 0] Done moment 23/36 (task 22): force_integral=-1.543801e+03
  [SELF][Rank 0] Done moment 23/36 (task 22): force_integral=-1.543801e+03
  [SELF][Rank 0] Done moment 23/36 (task 22): force_integral=-1.543801e+03
  [SELF][Rank 0] Done moment 23/36 (task 22): force_integral=-1.543801e+03
  [SELF][Rank 0] Done moment 23/36 (task 22): force_integral=-1.543801e+03
  [SELF][Rank 0] Done moment 23/36 (task 22): force_integral=-1.543801e+03
  [SELF][Rank 0] Done moment 23/36 (task 22): force_integral=-1.543801e+03
  [SELF][Rank 0] Done moment 23/36 (task 22): force_integral=-1.543801e+03
  [SELF][Rank 0] Done moment 23/36 (task 22): force_integral=-1.543801e+03
  [SELF][Rank 0] Done moment 23/36 (task 22): force_integral=-1.543801e+03
  [SELF][Rank 0] Done moment 23/36 (task 22): force_integral=-1.543801e+03
  [SELF][Rank 0] Done moment 23/36 (task 22): force_integral=-1.543801e+03
  [SELF][Rank 0] Done moment 23/36 (task 22): force_integral=-1.543801e+03
  [SELF][Rank 0] Done moment 23/36 (task 22): force_integral=-1.543801e+03
  [SELF][Rank 0] Done moment 23/36 (task 22): force_integral=-1.543801e+03
  [SELF][Rank 0] Done moment 23/36 (task 22): force_integral=-1.543801e+03
  [SELF][Rank 0] Done moment 23/36 (task 22): force_integral=-1.543801e+03
  [SELF][Rank 0] Done moment 23/36 (task 22): force_integral=-1.543801e+03
  [SELF][Rank 0] Done moment 23/36 (task 22): force_integral=-1.543801e+03
  [SELF][Rank 0] Done moment 23/36 (task 22): force_integral=-1.543801e+03
  [SELF][Rank 0] Done moment 23/36 (task 22): force_integral=-1.543801e+03
  [SELF][Rank 0] Done moment 23/36 (task 22): force_integral=-1.543801e+03
  [SELF][Rank 0] Done moment 23/36 (task 22): force_integral=-1.543801e+03
  [SELF][Rank 0] Done moment 23/36 (task 22): force_integral=-1.543801e+03
  [SELF][Rank 0] Done moment 23/36 (task 22): force_integral=-1.543801e+03
  [SELF][Rank 0] Done moment 23/36 (task 22): force_integral=-1.543801e+03
  [SELF][Rank 0] Done moment 23/36 (task 22): force_integral=-1.543801e+03
  [SELF][Rank 0] Done moment 23/36 (task 22): force_integral=-1.543801e+03
  [SELF][Rank 0] Done moment 23/36 (task 22): force_integral=-1.543801e+03
  [SELF][Rank 0] Done moment 23/36 (task 22): force_integral=-1.543801e+03
  [SELF][Rank 0] Done moment 23/36 (task 22): force_integral=-1.543801e+03
  [SELF][Rank 0] Done moment 23/36 (task 22): force_integral=-1.543801e+03
  [SELF][Rank 0] Done moment 23/36 (task 22): force_integral=-1.543801e+03
  [SELF][Rank 0] Done moment 23/36 (task 22): force_integral=-1.543801e+03
  [SELF][Rank 0] Done moment 23/36 (task 22): force_integral=-1.543801e+03
  [SELF][Rank 0] Done moment 23/36 (task 22): force_integral=-1.543801e+03
  [SELF][Rank 0] Done moment 23/36 (task 22): force_integral=-1.543801e+03
  [SELF][Rank 0] Done moment 23/36 (task 22): force_integral=-1.543801e+03
  [SELF][Rank 0] Done moment 23/36 (task 22): force_integral=-1.543801e+03
  [SELF][Rank 0] Done moment 23/36 (task 22): force_integral=-1.543801e+03
  [SELF][Rank 0] Done moment 23/36 (task 22): force_integral=-1.543801e+03
  [SELF][Rank 0] Done moment 23/36 (task 22): force_integral=-1.543801e+03
  [SELF][Rank 0] Done moment 23/36 (task 22): force_integral=-1.543801e+03
  [SELF][Rank 0] Done moment 23/36 (task 22): force_integral=-1.543801e+03
  [SELF][Rank 0] Done moment 23/36 (task 22): force_integral=-1.543801e+03
  [SELF][Rank 0] Done moment 23/36 (task 22): force_integral=-1.543801e+03
  [SELF][Rank 0] Done moment 23/36 (task 22): force_integral=-1.543801e+03
  [SELF][Rank 0] Done moment 23/36 (task 22): force_integral=-1.543801e+03
  [SELF][Rank 0] Done moment 23/36 (task 22): force_integral=-1.543801e+03
  [SELF][Rank 0] Done moment 23/36 (task 22): force_integral=-1.543801e+03
  [SELF][Rank 0] Done moment 23/36 (task 22): force_integral=-1.543801e+03
  [SELF][Rank 0] Done moment 23/36 (task 22): force_integral=-1.543801e+03
  [SELF][Rank 0] Done moment 23/36 (task 22): force_integral=-1.543801e+03
  [SELF][Rank 0] Done moment 24/36 (task 23): force_integral=+1.674425e+03
  [SELF][Rank 0] Done moment 24/36 (task 23): force_integral=+1.674425e+03
  [SELF][Rank 0] Done moment 24/36 (task 23): force_integral=+1.674425e+03
  [SELF][Rank 0] Done moment 24/36 (task 23): force_integral=+1.674425e+03
  [SELF][Rank 0] Done moment 24/36 (task 23): force_integral=+1.674425e+03
  [SELF][Rank 0] Done moment 24/36 (task 23): force_integral=+1.674425e+03
  [SELF][Rank 0] Done moment 24/36 (task 23): force_integral=+1.674425e+03
  [SELF][Rank 0] Done moment 24/36 (task 23): force_integral=+1.674425e+03
  [SELF][Rank 0] Done moment 24/36 (task 23): force_integral=+1.674425e+03
  [SELF][Rank 0] Done moment 24/36 (task 23): force_integral=+1.674425e+03
  [SELF][Rank 0] Done moment 24/36 (task 23): force_integral=+1.674425e+03
  [SELF][Rank 0] Done moment 24/36 (task 23): force_integral=+1.674425e+03
  [SELF][Rank 0] Done moment 24/36 (task 23): force_integral=+1.674425e+03
  [SELF][Rank 0] Done moment 24/36 (task 23): force_integral=+1.674425e+03
  [SELF][Rank 0] Done moment 24/36 (task 23): force_integral=+1.674425e+03
  [SELF][Rank 0] Done moment 24/36 (task 23): force_integral=+1.674425e+03
  [SELF][Rank 0] Done moment 24/36 (task 23): force_integral=+1.674425e+03
  [SELF][Rank 0] Done moment 24/36 (task 23): force_integral=+1.674425e+03
  [SELF][Rank 0] Done moment 24/36 (task 23): force_integral=+1.674425e+03
  [SELF][Rank 0] Done moment 24/36 (task 23): force_integral=+1.674425e+03
  [SELF][Rank 0] Done moment 24/36 (task 23): force_integral=+1.674425e+03
  [SELF][Rank 0] Done moment 24/36 (task 23): force_integral=+1.674425e+03
  [SELF][Rank 0] Done moment 24/36 (task 23): force_integral=+1.674425e+03
  [SELF][Rank 0] Done moment 24/36 (task 23): force_integral=+1.674425e+03
  [SELF][Rank 0] Done moment 24/36 (task 23): force_integral=+1.674425e+03
  [SELF][Rank 0] Done moment 24/36 (task 23): force_integral=+1.674425e+03
  [SELF][Rank 0] Done moment 24/36 (task 23): force_integral=+1.674425e+03
  [SELF][Rank 0] Done moment 24/36 (task 23): force_integral=+1.674425e+03
  [SELF][Rank 0] Done moment 24/36 (task 23): force_integral=+1.674425e+03
  [SELF][Rank 0] Done moment 24/36 (task 23): force_integral=+1.674425e+03
  [SELF][Rank 0] Done moment 24/36 (task 23): force_integral=+1.674425e+03
  [SELF][Rank 0] Done moment 24/36 (task 23): force_integral=+1.674425e+03
  [SELF][Rank 0] Done moment 24/36 (task 23): force_integral=+1.674425e+03
  [SELF][Rank 0] Done moment 24/36 (task 23): force_integral=+1.674425e+03
  [SELF][Rank 0] Done moment 24/36 (task 23): force_integral=+1.674425e+03
  [SELF][Rank 0] Done moment 24/36 (task 23): force_integral=+1.674425e+03
  [SELF][Rank 0] Done moment 24/36 (task 23): force_integral=+1.674425e+03
  [SELF][Rank 0] Done moment 24/36 (task 23): force_integral=+1.674425e+03
  [SELF][Rank 0] Done moment 24/36 (task 23): force_integral=+1.674425e+03
  [SELF][Rank 0] Done moment 24/36 (task 23): force_integral=+1.674425e+03
  [SELF][Rank 0] Done moment 24/36 (task 23): force_integral=+1.674425e+03
  [SELF][Rank 0] Done moment 24/36 (task 23): force_integral=+1.674425e+03
  [SELF][Rank 0] Done moment 24/36 (task 23): force_integral=+1.674425e+03
  [SELF][Rank 0] Done moment 24/36 (task 23): force_integral=+1.674425e+03
  [SELF][Rank 0] Done moment 24/36 (task 23): force_integral=+1.674425e+03
  [SELF][Rank 0] Done moment 24/36 (task 23): force_integral=+1.674425e+03
  [SELF][Rank 0] Done moment 24/36 (task 23): force_integral=+1.674425e+03
  [SELF][Rank 0] Done moment 24/36 (task 23): force_integral=+1.674425e+03
  [SELF][Rank 0] Done moment 24/36 (task 23): force_integral=+1.674425e+03
  [SELF][Rank 0] Done moment 24/36 (task 23): force_integral=+1.674425e+03
  [SELF][Rank 0] Done moment 24/36 (task 23): force_integral=+1.674425e+03
  [SELF][Rank 0] Done moment 24/36 (task 23): force_integral=+1.674425e+03
  [SELF][Rank 0] Done moment 24/36 (task 23): force_integral=+1.674425e+03
  [SELF][Rank 0] Done moment 24/36 (task 23): force_integral=+1.674425e+03
  [SELF][Rank 0] Done moment 24/36 (task 23): force_integral=+1.674425e+03
  [SELF][Rank 0] Done moment 24/36 (task 23): force_integral=+1.674425e+03
  [SELF][Rank 0] Done moment 24/36 (task 23): force_integral=+1.674425e+03
  [SELF][Rank 0] Done moment 24/36 (task 23): force_integral=+1.674425e+03
  [SELF][Rank 0] Done moment 24/36 (task 23): force_integral=+1.674425e+03
  [SELF][Rank 0] Done moment 24/36 (task 23): force_integral=+1.674425e+03
  [SELF][Rank 0] Done moment 24/36 (task 23): force_integral=+1.674425e+03
  [SELF][Rank 0] Done moment 24/36 (task 23): force_integral=+1.674425e+03
  [SELF][Rank 0] Done moment 24/36 (task 23): force_integral=+1.674425e+03
  [SELF][Rank 0] Done moment 24/36 (task 23): force_integral=+1.674425e+03
  [SELF][Rank 0] Done moment 24/36 (task 23): force_integral=+1.674425e+03
  [SELF][Rank 0] Done moment 24/36 (task 23): force_integral=+1.674425e+03
  [SELF][Rank 0] Done moment 24/36 (task 23): force_integral=+1.674425e+03
  [SELF][Rank 0] Done moment 24/36 (task 23): force_integral=+1.674425e+03
  [SELF][Rank 0] Done moment 24/36 (task 23): force_integral=+1.674425e+03
  [SELF][Rank 0] Done moment 24/36 (task 23): force_integral=+1.674425e+03
  [SELF][Rank 0] Done moment 24/36 (task 23): force_integral=+1.674425e+03
  [SELF][Rank 0] Done moment 24/36 (task 23): force_integral=+1.674425e+03
  [SELF][Rank 0] Done moment 24/36 (task 23): force_integral=+1.674425e+03
  [SELF][Rank 0] Done moment 24/36 (task 23): force_integral=+1.674425e+03
  [SELF][Rank 0] Done moment 24/36 (task 23): force_integral=+1.674425e+03
  [SELF][Rank 0] Done moment 24/36 (task 23): force_integral=+1.674425e+03
  [SELF][Rank 0] Done moment 24/36 (task 23): force_integral=+1.674425e+03
  [SELF][Rank 0] Done moment 24/36 (task 23): force_integral=+1.674425e+03
  [SELF][Rank 0] Done moment 24/36 (task 23): force_integral=+1.674425e+03
  [SELF][Rank 0] Done moment 24/36 (task 23): force_integral=+1.674425e+03
  [SELF][Rank 0] Done moment 24/36 (task 23): force_integral=+1.674425e+03
  [SELF][Rank 0] Done moment 24/36 (task 23): force_integral=+1.674425e+03
  [SELF][Rank 0] Done moment 24/36 (task 23): force_integral=+1.674425e+03
  [SELF][Rank 0] Done moment 24/36 (task 23): force_integral=+1.674425e+03
  [SELF][Rank 0] Done moment 24/36 (task 23): force_integral=+1.674425e+03
  [SELF][Rank 0] Done moment 24/36 (task 23): force_integral=+1.674425e+03
  [SELF][Rank 0] Done moment 24/36 (task 23): force_integral=+1.674425e+03
  [SELF][Rank 0] Done moment 24/36 (task 23): force_integral=+1.674425e+03
  [SELF][Rank 0] Done moment 24/36 (task 23): force_integral=+1.674425e+03
  [SELF][Rank 0] Done moment 24/36 (task 23): force_integral=+1.674425e+03
  [SELF][Rank 0] Done moment 24/36 (task 23): force_integral=+1.674425e+03
  [SELF][Rank 0] Done moment 24/36 (task 23): force_integral=+1.674425e+03
  [SELF][Rank 0] Done moment 24/36 (task 23): force_integral=+1.674425e+03
  [SELF][Rank 0] Done moment 24/36 (task 23): force_integral=+1.674425e+03
  [SELF][Rank 0] Done moment 24/36 (task 23): force_integral=+1.674425e+03
  [SELF][Rank 0] Done moment 24/36 (task 23): force_integral=+1.674425e+03
  [SELF][Rank 0] Done moment 24/36 (task 23): force_integral=+1.674425e+03
  [SELF][Rank 0] Done moment 24/36 (task 23): force_integral=+1.674425e+03
  [SELF][Rank 0] Done moment 24/36 (task 23): force_integral=+1.674425e+03
  [SELF][Rank 0] Done moment 24/36 (task 23): force_integral=+1.674425e+03
  [SELF][Rank 0] Done moment 24/36 (task 23): force_integral=+1.674425e+03
  [SELF][Rank 0] Done moment 24/36 (task 23): force_integral=+1.674425e+03
  [SELF][Rank 0] Done moment 24/36 (task 23): force_integral=+1.674425e+03
  [SELF][Rank 0] Done moment 24/36 (task 23): force_integral=+1.674425e+03
  [SELF][Rank 0] Done moment 24/36 (task 23): force_integral=+1.674425e+03
  [SELF][Rank 0] Done moment 24/36 (task 23): force_integral=+1.674425e+03
  [SELF][Rank 0] Done moment 24/36 (task 23): force_integral=+1.674425e+03
  [SELF][Rank 0] Done moment 24/36 (task 23): force_integral=+1.674425e+03
  [SELF][Rank 0] Done moment 24/36 (task 23): force_integral=+1.674425e+03
  [SELF][Rank 0] Done moment 24/36 (task 23): force_integral=+1.674425e+03
  [SELF][Rank 0] Done moment 24/36 (task 23): force_integral=+1.674425e+03
  [SELF][Rank 0] Done moment 24/36 (task 23): force_integral=+1.674425e+03
  [SELF][Rank 0] Done moment 24/36 (task 23): force_integral=+1.674425e+03
  [SELF][Rank 0] Done moment 24/36 (task 23): force_integral=+1.674425e+03
  [SELF][Rank 0] Done moment 24/36 (task 23): force_integral=+1.674425e+03
  [SELF][Rank 0] Done moment 24/36 (task 23): force_integral=+1.674425e+03
  [SELF][Rank 0] Done moment 24/36 (task 23): force_integral=+1.674425e+03
  [SELF][Rank 0] Done moment 24/36 (task 23): force_integral=+1.674425e+03
  [SELF][Rank 0] Done moment 24/36 (task 23): force_integral=+1.674425e+03
  [SELF][Rank 0] Done moment 24/36 (task 23): force_integral=+1.674425e+03
  [SELF][Rank 0] Done moment 24/36 (task 23): force_integral=+1.674425e+03
  [SELF][Rank 0] Done moment 24/36 (task 23): force_integral=+1.674425e+03
  [SELF][Rank 0] Done moment 24/36 (task 23): force_integral=+1.674425e+03
  [SELF][Rank 0] Done moment 24/36 (task 23): force_integral=+1.674425e+03
  [SELF][Rank 0] Done moment 24/36 (task 23): force_integral=+1.674425e+03
  [SELF][Rank 0] Done moment 24/36 (task 23): force_integral=+1.674425e+03
  [SELF][Rank 0] Done moment 24/36 (task 23): force_integral=+1.674425e+03
  [SELF][Rank 0] Done moment 24/36 (task 23): force_integral=+1.674425e+03
  [SELF][Rank 0] Done moment 25/36 (task 24): force_integral=+0.000000e+00
  [SELF][Rank 0] Done moment 25/36 (task 24): force_integral=+0.000000e+00
  [SELF][Rank 0] Done moment 25/36 (task 24): force_integral=+0.000000e+00
  [SELF][Rank 0] Done moment 25/36 (task 24): force_integral=+0.000000e+00
  [SELF][Rank 0] Done moment 25/36 (task 24): force_integral=+0.000000e+00
  [SELF][Rank 0] Done moment 25/36 (task 24): force_integral=+0.000000e+00
  [SELF][Rank 0] Done moment 25/36 (task 24): force_integral=+0.000000e+00
  [SELF][Rank 0] Done moment 25/36 (task 24): force_integral=+0.000000e+00
  [SELF][Rank 0] Done moment 25/36 (task 24): force_integral=+0.000000e+00
  [SELF][Rank 0] Done moment 25/36 (task 24): force_integral=+0.000000e+00
  [SELF][Rank 0] Done moment 25/36 (task 24): force_integral=+0.000000e+00
  [SELF][Rank 0] Done moment 25/36 (task 24): force_integral=+0.000000e+00
  [SELF][Rank 0] Done moment 25/36 (task 24): force_integral=+0.000000e+00
  [SELF][Rank 0] Done moment 25/36 (task 24): force_integral=+0.000000e+00
  [SELF][Rank 0] Done moment 25/36 (task 24): force_integral=+0.000000e+00
  [SELF][Rank 0] Done moment 25/36 (task 24): force_integral=+0.000000e+00
  [SELF][Rank 0] Done moment 25/36 (task 24): force_integral=+0.000000e+00
  [SELF][Rank 0] Done moment 25/36 (task 24): force_integral=+0.000000e+00
  [SELF][Rank 0] Done moment 25/36 (task 24): force_integral=+0.000000e+00
  [SELF][Rank 0] Done moment 25/36 (task 24): force_integral=+0.000000e+00
  [SELF][Rank 0] Done moment 25/36 (task 24): force_integral=+0.000000e+00
  [SELF][Rank 0] Done moment 25/36 (task 24): force_integral=+0.000000e+00
  [SELF][Rank 0] Done moment 25/36 (task 24): force_integral=+0.000000e+00
  [SELF][Rank 0] Done moment 25/36 (task 24): force_integral=+0.000000e+00
  [SELF][Rank 0] Done moment 25/36 (task 24): force_integral=+0.000000e+00
  [SELF][Rank 0] Done moment 25/36 (task 24): force_integral=+0.000000e+00
  [SELF][Rank 0] Done moment 25/36 (task 24): force_integral=+0.000000e+00
  [SELF][Rank 0] Done moment 25/36 (task 24): force_integral=+0.000000e+00
  [SELF][Rank 0] Done moment 25/36 (task 24): force_integral=+0.000000e+00
  [SELF][Rank 0] Done moment 25/36 (task 24): force_integral=+0.000000e+00
  [SELF][Rank 0] Done moment 25/36 (task 24): force_integral=+0.000000e+00
  [SELF][Rank 0] Done moment 25/36 (task 24): force_integral=+0.000000e+00
  [SELF][Rank 0] Done moment 25/36 (task 24): force_integral=+0.000000e+00
  [SELF][Rank 0] Done moment 25/36 (task 24): force_integral=+0.000000e+00
  [SELF][Rank 0] Done moment 25/36 (task 24): force_integral=+0.000000e+00
  [SELF][Rank 0] Done moment 25/36 (task 24): force_integral=+0.000000e+00
  [SELF][Rank 0] Done moment 25/36 (task 24): force_integral=+0.000000e+00
  [SELF][Rank 0] Done moment 25/36 (task 24): force_integral=+0.000000e+00
  [SELF][Rank 0] Done moment 25/36 (task 24): force_integral=+0.000000e+00
  [SELF][Rank 0] Done moment 25/36 (task 24): force_integral=+0.000000e+00
  [SELF][Rank 0] Done moment 25/36 (task 24): force_integral=+0.000000e+00
  [SELF][Rank 0] Done moment 25/36 (task 24): force_integral=+0.000000e+00
  [SELF][Rank 0] Done moment 25/36 (task 24): force_integral=+0.000000e+00
  [SELF][Rank 0] Done moment 25/36 (task 24): force_integral=+0.000000e+00
  [SELF][Rank 0] Done moment 25/36 (task 24): force_integral=+0.000000e+00
  [SELF][Rank 0] Done moment 25/36 (task 24): force_integral=+0.000000e+00
  [SELF][Rank 0] Done moment 25/36 (task 24): force_integral=+0.000000e+00
  [SELF][Rank 0] Done moment 25/36 (task 24): force_integral=+0.000000e+00
  [SELF][Rank 0] Done moment 25/36 (task 24): force_integral=+0.000000e+00
  [SELF][Rank 0] Done moment 25/36 (task 24): force_integral=+0.000000e+00
  [SELF][Rank 0] Done moment 25/36 (task 24): force_integral=+0.000000e+00
  [SELF][Rank 0] Done moment 25/36 (task 24): force_integral=+0.000000e+00
  [SELF][Rank 0] Done moment 25/36 (task 24): force_integral=+0.000000e+00
  [SELF][Rank 0] Done moment 25/36 (task 24): force_integral=+0.000000e+00
  [SELF][Rank 0] Done moment 25/36 (task 24): force_integral=+0.000000e+00
  [SELF][Rank 0] Done moment 25/36 (task 24): force_integral=+0.000000e+00
  [SELF][Rank 0] Done moment 25/36 (task 24): force_integral=+0.000000e+00
  [SELF][Rank 0] Done moment 25/36 (task 24): force_integral=+0.000000e+00
  [SELF][Rank 0] Done moment 25/36 (task 24): force_integral=+0.000000e+00
  [SELF][Rank 0] Done moment 25/36 (task 24): force_integral=+0.000000e+00
  [SELF][Rank 0] Done moment 25/36 (task 24): force_integral=+0.000000e+00
  [SELF][Rank 0] Done moment 25/36 (task 24): force_integral=+0.000000e+00
  [SELF][Rank 0] Done moment 25/36 (task 24): force_integral=+0.000000e+00
  [SELF][Rank 0] Done moment 25/36 (task 24): force_integral=+0.000000e+00
  [SELF][Rank 0] Done moment 25/36 (task 24): force_integral=+0.000000e+00
  [SELF][Rank 0] Done moment 25/36 (task 24): force_integral=+0.000000e+00
  [SELF][Rank 0] Done moment 25/36 (task 24): force_integral=+0.000000e+00
  [SELF][Rank 0] Done moment 25/36 (task 24): force_integral=+0.000000e+00
  [SELF][Rank 0] Done moment 25/36 (task 24): force_integral=+0.000000e+00
  [SELF][Rank 0] Done moment 25/36 (task 24): force_integral=+0.000000e+00
  [SELF][Rank 0] Done moment 25/36 (task 24): force_integral=+0.000000e+00
  [SELF][Rank 0] Done moment 25/36 (task 24): force_integral=+0.000000e+00
  [SELF][Rank 0] Done moment 25/36 (task 24): force_integral=+0.000000e+00
  [SELF][Rank 0] Done moment 25/36 (task 24): force_integral=+0.000000e+00
  [SELF][Rank 0] Done moment 25/36 (task 24): force_integral=+0.000000e+00
  [SELF][Rank 0] Done moment 25/36 (task 24): force_integral=+0.000000e+00
  [SELF][Rank 0] Done moment 25/36 (task 24): force_integral=+0.000000e+00
  [SELF][Rank 0] Done moment 25/36 (task 24): force_integral=+0.000000e+00
  [SELF][Rank 0] Done moment 25/36 (task 24): force_integral=+0.000000e+00
  [SELF][Rank 0] Done moment 25/36 (task 24): force_integral=+0.000000e+00
  [SELF][Rank 0] Done moment 25/36 (task 24): force_integral=+0.000000e+00
  [SELF][Rank 0] Done moment 25/36 (task 24): force_integral=+0.000000e+00
  [SELF][Rank 0] Done moment 25/36 (task 24): force_integral=+0.000000e+00
  [SELF][Rank 0] Done moment 25/36 (task 24): force_integral=+0.000000e+00
  [SELF][Rank 0] Done moment 25/36 (task 24): force_integral=+0.000000e+00
  [SELF][Rank 0] Done moment 25/36 (task 24): force_integral=+0.000000e+00
  [SELF][Rank 0] Done moment 25/36 (task 24): force_integral=+0.000000e+00
  [SELF][Rank 0] Done moment 25/36 (task 24): force_integral=+0.000000e+00
  [SELF][Rank 0] Done moment 25/36 (task 24): force_integral=+0.000000e+00
  [SELF][Rank 0] Done moment 25/36 (task 24): force_integral=+0.000000e+00
  [SELF][Rank 0] Done moment 25/36 (task 24): force_integral=+0.000000e+00
  [SELF][Rank 0] Done moment 25/36 (task 24): force_integral=+0.000000e+00
  [SELF][Rank 0] Done moment 25/36 (task 24): force_integral=+0.000000e+00
  [SELF][Rank 0] Done moment 25/36 (task 24): force_integral=+0.000000e+00
  [SELF][Rank 0] Done moment 25/36 (task 24): force_integral=+0.000000e+00
  [SELF][Rank 0] Done moment 25/36 (task 24): force_integral=+0.000000e+00
  [SELF][Rank 0] Done moment 25/36 (task 24): force_integral=+0.000000e+00
  [SELF][Rank 0] Done moment 25/36 (task 24): force_integral=+0.000000e+00
  [SELF][Rank 0] Done moment 25/36 (task 24): force_integral=+0.000000e+00
  [SELF][Rank 0] Done moment 25/36 (task 24): force_integral=+0.000000e+00
  [SELF][Rank 0] Done moment 25/36 (task 24): force_integral=+0.000000e+00
  [SELF][Rank 0] Done moment 25/36 (task 24): force_integral=+0.000000e+00
  [SELF][Rank 0] Done moment 25/36 (task 24): force_integral=+0.000000e+00
  [SELF][Rank 0] Done moment 25/36 (task 24): force_integral=+0.000000e+00
  [SELF][Rank 0] Done moment 25/36 (task 24): force_integral=+0.000000e+00
  [SELF][Rank 0] Done moment 25/36 (task 24): force_integral=+0.000000e+00
  [SELF][Rank 0] Done moment 25/36 (task 24): force_integral=+0.000000e+00
  [SELF][Rank 0] Done moment 25/36 (task 24): force_integral=+0.000000e+00
  [SELF][Rank 0] Done moment 25/36 (task 24): force_integral=+0.000000e+00
  [SELF][Rank 0] Done moment 25/36 (task 24): force_integral=+0.000000e+00
  [SELF][Rank 0] Done moment 25/36 (task 24): force_integral=+0.000000e+00
  [SELF][Rank 0] Done moment 25/36 (task 24): force_integral=+0.000000e+00
  [SELF][Rank 0] Done moment 25/36 (task 24): force_integral=+0.000000e+00
  [SELF][Rank 0] Done moment 25/36 (task 24): force_integral=+0.000000e+00
  [SELF][Rank 0] Done moment 25/36 (task 24): force_integral=+0.000000e+00
  [SELF][Rank 0] Done moment 25/36 (task 24): force_integral=+0.000000e+00
  [SELF][Rank 0] Done moment 25/36 (task 24): force_integral=+0.000000e+00
  [SELF][Rank 0] Done moment 25/36 (task 24): force_integral=+0.000000e+00
  [SELF][Rank 0] Done moment 25/36 (task 24): force_integral=+0.000000e+00
  [SELF][Rank 0] Done moment 25/36 (task 24): force_integral=+0.000000e+00
  [SELF][Rank 0] Done moment 25/36 (task 24): force_integral=+0.000000e+00
  [SELF][Rank 0] Done moment 25/36 (task 24): force_integral=+0.000000e+00
  [SELF][Rank 0] Done moment 25/36 (task 24): force_integral=+0.000000e+00
  [SELF][Rank 0] Done moment 25/36 (task 24): force_integral=+0.000000e+00
  [SELF][Rank 0] Done moment 25/36 (task 24): force_integral=+0.000000e+00
  [SELF][Rank 0] Done moment 25/36 (task 24): force_integral=+0.000000e+00
  [SELF][Rank 0] Done moment 25/36 (task 24): force_integral=+0.000000e+00
  [SELF][Rank 0] Done moment 25/36 (task 24): force_integral=+0.000000e+00
  [SELF][Rank 0] Done moment 26/36 (task 25): force_integral=+0.000000e+00
  [SELF][Rank 0] Done moment 26/36 (task 25): force_integral=+0.000000e+00
  [SELF][Rank 0] Done moment 26/36 (task 25): force_integral=+0.000000e+00
  [SELF][Rank 0] Done moment 26/36 (task 25): force_integral=+0.000000e+00
  [SELF][Rank 0] Done moment 26/36 (task 25): force_integral=+0.000000e+00
  [SELF][Rank 0] Done moment 26/36 (task 25): force_integral=+0.000000e+00
  [SELF][Rank 0] Done moment 26/36 (task 25): force_integral=+0.000000e+00
  [SELF][Rank 0] Done moment 26/36 (task 25): force_integral=+0.000000e+00
  [SELF][Rank 0] Done moment 26/36 (task 25): force_integral=+0.000000e+00
  [SELF][Rank 0] Done moment 26/36 (task 25): force_integral=+0.000000e+00
  [SELF][Rank 0] Done moment 26/36 (task 25): force_integral=+0.000000e+00
  [SELF][Rank 0] Done moment 26/36 (task 25): force_integral=+0.000000e+00
  [SELF][Rank 0] Done moment 26/36 (task 25): force_integral=+0.000000e+00
  [SELF][Rank 0] Done moment 26/36 (task 25): force_integral=+0.000000e+00
  [SELF][Rank 0] Done moment 26/36 (task 25): force_integral=+0.000000e+00
  [SELF][Rank 0] Done moment 26/36 (task 25): force_integral=+0.000000e+00
  [SELF][Rank 0] Done moment 26/36 (task 25): force_integral=+0.000000e+00
  [SELF][Rank 0] Done moment 26/36 (task 25): force_integral=+0.000000e+00
  [SELF][Rank 0] Done moment 26/36 (task 25): force_integral=+0.000000e+00
  [SELF][Rank 0] Done moment 26/36 (task 25): force_integral=+0.000000e+00
  [SELF][Rank 0] Done moment 26/36 (task 25): force_integral=+0.000000e+00
  [SELF][Rank 0] Done moment 26/36 (task 25): force_integral=+0.000000e+00
  [SELF][Rank 0] Done moment 26/36 (task 25): force_integral=+0.000000e+00
  [SELF][Rank 0] Done moment 26/36 (task 25): force_integral=+0.000000e+00
  [SELF][Rank 0] Done moment 26/36 (task 25): force_integral=+0.000000e+00
  [SELF][Rank 0] Done moment 26/36 (task 25): force_integral=+0.000000e+00
  [SELF][Rank 0] Done moment 26/36 (task 25): force_integral=+0.000000e+00
  [SELF][Rank 0] Done moment 26/36 (task 25): force_integral=+0.000000e+00
  [SELF][Rank 0] Done moment 26/36 (task 25): force_integral=+0.000000e+00
  [SELF][Rank 0] Done moment 26/36 (task 25): force_integral=+0.000000e+00
  [SELF][Rank 0] Done moment 26/36 (task 25): force_integral=+0.000000e+00
  [SELF][Rank 0] Done moment 26/36 (task 25): force_integral=+0.000000e+00
  [SELF][Rank 0] Done moment 26/36 (task 25): force_integral=+0.000000e+00
  [SELF][Rank 0] Done moment 26/36 (task 25): force_integral=+0.000000e+00
  [SELF][Rank 0] Done moment 26/36 (task 25): force_integral=+0.000000e+00
  [SELF][Rank 0] Done moment 26/36 (task 25): force_integral=+0.000000e+00
  [SELF][Rank 0] Done moment 26/36 (task 25): force_integral=+0.000000e+00
  [SELF][Rank 0] Done moment 26/36 (task 25): force_integral=+0.000000e+00
  [SELF][Rank 0] Done moment 26/36 (task 25): force_integral=+0.000000e+00
  [SELF][Rank 0] Done moment 26/36 (task 25): force_integral=+0.000000e+00
  [SELF][Rank 0] Done moment 26/36 (task 25): force_integral=+0.000000e+00
  [SELF][Rank 0] Done moment 26/36 (task 25): force_integral=+0.000000e+00
  [SELF][Rank 0] Done moment 26/36 (task 25): force_integral=+0.000000e+00
  [SELF][Rank 0] Done moment 26/36 (task 25): force_integral=+0.000000e+00
  [SELF][Rank 0] Done moment 26/36 (task 25): force_integral=+0.000000e+00
  [SELF][Rank 0] Done moment 26/36 (task 25): force_integral=+0.000000e+00
  [SELF][Rank 0] Done moment 26/36 (task 25): force_integral=+0.000000e+00
  [SELF][Rank 0] Done moment 26/36 (task 25): force_integral=+0.000000e+00
  [SELF][Rank 0] Done moment 26/36 (task 25): force_integral=+0.000000e+00
  [SELF][Rank 0] Done moment 26/36 (task 25): force_integral=+0.000000e+00
  [SELF][Rank 0] Done moment 26/36 (task 25): force_integral=+0.000000e+00
  [SELF][Rank 0] Done moment 26/36 (task 25): force_integral=+0.000000e+00
  [SELF][Rank 0] Done moment 26/36 (task 25): force_integral=+0.000000e+00
  [SELF][Rank 0] Done moment 26/36 (task 25): force_integral=+0.000000e+00
  [SELF][Rank 0] Done moment 26/36 (task 25): force_integral=+0.000000e+00
  [SELF][Rank 0] Done moment 26/36 (task 25): force_integral=+0.000000e+00
  [SELF][Rank 0] Done moment 26/36 (task 25): force_integral=+0.000000e+00
  [SELF][Rank 0] Done moment 26/36 (task 25): force_integral=+0.000000e+00
  [SELF][Rank 0] Done moment 26/36 (task 25): force_integral=+0.000000e+00
  [SELF][Rank 0] Done moment 26/36 (task 25): force_integral=+0.000000e+00
  [SELF][Rank 0] Done moment 26/36 (task 25): force_integral=+0.000000e+00
  [SELF][Rank 0] Done moment 26/36 (task 25): force_integral=+0.000000e+00
  [SELF][Rank 0] Done moment 26/36 (task 25): force_integral=+0.000000e+00
  [SELF][Rank 0] Done moment 26/36 (task 25): force_integral=+0.000000e+00
  [SELF][Rank 0] Done moment 26/36 (task 25): force_integral=+0.000000e+00
  [SELF][Rank 0] Done moment 26/36 (task 25): force_integral=+0.000000e+00
  [SELF][Rank 0] Done moment 26/36 (task 25): force_integral=+0.000000e+00
  [SELF][Rank 0] Done moment 26/36 (task 25): force_integral=+0.000000e+00
  [SELF][Rank 0] Done moment 26/36 (task 25): force_integral=+0.000000e+00
  [SELF][Rank 0] Done moment 26/36 (task 25): force_integral=+0.000000e+00
  [SELF][Rank 0] Done moment 26/36 (task 25): force_integral=+0.000000e+00
  [SELF][Rank 0] Done moment 26/36 (task 25): force_integral=+0.000000e+00
  [SELF][Rank 0] Done moment 26/36 (task 25): force_integral=+0.000000e+00
  [SELF][Rank 0] Done moment 26/36 (task 25): force_integral=+0.000000e+00
  [SELF][Rank 0] Done moment 26/36 (task 25): force_integral=+0.000000e+00
  [SELF][Rank 0] Done moment 26/36 (task 25): force_integral=+0.000000e+00
  [SELF][Rank 0] Done moment 26/36 (task 25): force_integral=+0.000000e+00
  [SELF][Rank 0] Done moment 26/36 (task 25): force_integral=+0.000000e+00
  [SELF][Rank 0] Done moment 26/36 (task 25): force_integral=+0.000000e+00
  [SELF][Rank 0] Done moment 26/36 (task 25): force_integral=+0.000000e+00
  [SELF][Rank 0] Done moment 26/36 (task 25): force_integral=+0.000000e+00
  [SELF][Rank 0] Done moment 26/36 (task 25): force_integral=+0.000000e+00
  [SELF][Rank 0] Done moment 26/36 (task 25): force_integral=+0.000000e+00
  [SELF][Rank 0] Done moment 26/36 (task 25): force_integral=+0.000000e+00
  [SELF][Rank 0] Done moment 26/36 (task 25): force_integral=+0.000000e+00
  [SELF][Rank 0] Done moment 26/36 (task 25): force_integral=+0.000000e+00
  [SELF][Rank 0] Done moment 26/36 (task 25): force_integral=+0.000000e+00
  [SELF][Rank 0] Done moment 26/36 (task 25): force_integral=+0.000000e+00
  [SELF][Rank 0] Done moment 26/36 (task 25): force_integral=+0.000000e+00
  [SELF][Rank 0] Done moment 26/36 (task 25): force_integral=+0.000000e+00
  [SELF][Rank 0] Done moment 26/36 (task 25): force_integral=+0.000000e+00
  [SELF][Rank 0] Done moment 26/36 (task 25): force_integral=+0.000000e+00
  [SELF][Rank 0] Done moment 26/36 (task 25): force_integral=+0.000000e+00
  [SELF][Rank 0] Done moment 26/36 (task 25): force_integral=+0.000000e+00
  [SELF][Rank 0] Done moment 26/36 (task 25): force_integral=+0.000000e+00
  [SELF][Rank 0] Done moment 26/36 (task 25): force_integral=+0.000000e+00
  [SELF][Rank 0] Done moment 26/36 (task 25): force_integral=+0.000000e+00
  [SELF][Rank 0] Done moment 26/36 (task 25): force_integral=+0.000000e+00
  [SELF][Rank 0] Done moment 26/36 (task 25): force_integral=+0.000000e+00
  [SELF][Rank 0] Done moment 26/36 (task 25): force_integral=+0.000000e+00
  [SELF][Rank 0] Done moment 26/36 (task 25): force_integral=+0.000000e+00
  [SELF][Rank 0] Done moment 26/36 (task 25): force_integral=+0.000000e+00
  [SELF][Rank 0] Done moment 26/36 (task 25): force_integral=+0.000000e+00
  [SELF][Rank 0] Done moment 26/36 (task 25): force_integral=+0.000000e+00
  [SELF][Rank 0] Done moment 26/36 (task 25): force_integral=+0.000000e+00
  [SELF][Rank 0] Done moment 26/36 (task 25): force_integral=+0.000000e+00
  [SELF][Rank 0] Done moment 26/36 (task 25): force_integral=+0.000000e+00
  [SELF][Rank 0] Done moment 26/36 (task 25): force_integral=+0.000000e+00
  [SELF][Rank 0] Done moment 26/36 (task 25): force_integral=+0.000000e+00
  [SELF][Rank 0] Done moment 26/36 (task 25): force_integral=+0.000000e+00
  [SELF][Rank 0] Done moment 26/36 (task 25): force_integral=+0.000000e+00
  [SELF][Rank 0] Done moment 26/36 (task 25): force_integral=+0.000000e+00
  [SELF][Rank 0] Done moment 26/36 (task 25): force_integral=+0.000000e+00
  [SELF][Rank 0] Done moment 26/36 (task 25): force_integral=+0.000000e+00
  [SELF][Rank 0] Done moment 26/36 (task 25): force_integral=+0.000000e+00
  [SELF][Rank 0] Done moment 26/36 (task 25): force_integral=+0.000000e+00
  [SELF][Rank 0] Done moment 26/36 (task 25): force_integral=+0.000000e+00
  [SELF][Rank 0] Done moment 26/36 (task 25): force_integral=+0.000000e+00
  [SELF][Rank 0] Done moment 26/36 (task 25): force_integral=+0.000000e+00
  [SELF][Rank 0] Done moment 26/36 (task 25): force_integral=+0.000000e+00
  [SELF][Rank 0] Done moment 26/36 (task 25): force_integral=+0.000000e+00
  [SELF][Rank 0] Done moment 26/36 (task 25): force_integral=+0.000000e+00
  [SELF][Rank 0] Done moment 26/36 (task 25): force_integral=+0.000000e+00
  [SELF][Rank 0] Done moment 26/36 (task 25): force_integral=+0.000000e+00
  [SELF][Rank 0] Done moment 26/36 (task 25): force_integral=+0.000000e+00
  [SELF][Rank 0] Done moment 26/36 (task 25): force_integral=+0.000000e+00
  [SELF][Rank 0] Done moment 26/36 (task 25): force_integral=+0.000000e+00
  [SELF][Rank 0] Done moment 26/36 (task 25): force_integral=+0.000000e+00
  [SELF][Rank 0] Done moment 27/36 (task 26): force_integral=-2.571706e+00
  [SELF][Rank 0] Done moment 27/36 (task 26): force_integral=-2.571706e+00
  [SELF][Rank 0] Done moment 27/36 (task 26): force_integral=-2.571706e+00
  [SELF][Rank 0] Done moment 27/36 (task 26): force_integral=-2.571706e+00
  [SELF][Rank 0] Done moment 27/36 (task 26): force_integral=-2.571706e+00
  [SELF][Rank 0] Done moment 27/36 (task 26): force_integral=-2.571706e+00
  [SELF][Rank 0] Done moment 27/36 (task 26): force_integral=-2.571706e+00
  [SELF][Rank 0] Done moment 27/36 (task 26): force_integral=-2.571706e+00
  [SELF][Rank 0] Done moment 27/36 (task 26): force_integral=-2.571706e+00
  [SELF][Rank 0] Done moment 27/36 (task 26): force_integral=-2.571706e+00
  [SELF][Rank 0] Done moment 27/36 (task 26): force_integral=-2.571706e+00
  [SELF][Rank 0] Done moment 27/36 (task 26): force_integral=-2.571706e+00
  [SELF][Rank 0] Done moment 27/36 (task 26): force_integral=-2.571706e+00
  [SELF][Rank 0] Done moment 27/36 (task 26): force_integral=-2.571706e+00
  [SELF][Rank 0] Done moment 27/36 (task 26): force_integral=-2.571706e+00
  [SELF][Rank 0] Done moment 27/36 (task 26): force_integral=-2.571706e+00
  [SELF][Rank 0] Done moment 27/36 (task 26): force_integral=-2.571706e+00
  [SELF][Rank 0] Done moment 27/36 (task 26): force_integral=-2.571706e+00
  [SELF][Rank 0] Done moment 27/36 (task 26): force_integral=-2.571706e+00
  [SELF][Rank 0] Done moment 27/36 (task 26): force_integral=-2.571706e+00
  [SELF][Rank 0] Done moment 27/36 (task 26): force_integral=-2.571706e+00
  [SELF][Rank 0] Done moment 27/36 (task 26): force_integral=-2.571706e+00
  [SELF][Rank 0] Done moment 27/36 (task 26): force_integral=-2.571706e+00
  [SELF][Rank 0] Done moment 27/36 (task 26): force_integral=-2.571706e+00
  [SELF][Rank 0] Done moment 27/36 (task 26): force_integral=-2.571706e+00
  [SELF][Rank 0] Done moment 27/36 (task 26): force_integral=-2.571706e+00
  [SELF][Rank 0] Done moment 27/36 (task 26): force_integral=-2.571706e+00
  [SELF][Rank 0] Done moment 27/36 (task 26): force_integral=-2.571706e+00
  [SELF][Rank 0] Done moment 27/36 (task 26): force_integral=-2.571706e+00
  [SELF][Rank 0] Done moment 27/36 (task 26): force_integral=-2.571706e+00
  [SELF][Rank 0] Done moment 27/36 (task 26): force_integral=-2.571706e+00
  [SELF][Rank 0] Done moment 27/36 (task 26): force_integral=-2.571706e+00
  [SELF][Rank 0] Done moment 27/36 (task 26): force_integral=-2.571706e+00
  [SELF][Rank 0] Done moment 27/36 (task 26): force_integral=-2.571706e+00
  [SELF][Rank 0] Done moment 27/36 (task 26): force_integral=-2.571706e+00
  [SELF][Rank 0] Done moment 27/36 (task 26): force_integral=-2.571706e+00
  [SELF][Rank 0] Done moment 27/36 (task 26): force_integral=-2.571706e+00
  [SELF][Rank 0] Done moment 27/36 (task 26): force_integral=-2.571706e+00
  [SELF][Rank 0] Done moment 27/36 (task 26): force_integral=-2.571706e+00
  [SELF][Rank 0] Done moment 27/36 (task 26): force_integral=-2.571706e+00
  [SELF][Rank 0] Done moment 27/36 (task 26): force_integral=-2.571706e+00
  [SELF][Rank 0] Done moment 27/36 (task 26): force_integral=-2.571706e+00
  [SELF][Rank 0] Done moment 27/36 (task 26): force_integral=-2.571706e+00
  [SELF][Rank 0] Done moment 27/36 (task 26): force_integral=-2.571706e+00
  [SELF][Rank 0] Done moment 27/36 (task 26): force_integral=-2.571706e+00
  [SELF][Rank 0] Done moment 27/36 (task 26): force_integral=-2.571706e+00
  [SELF][Rank 0] Done moment 27/36 (task 26): force_integral=-2.571706e+00
  [SELF][Rank 0] Done moment 27/36 (task 26): force_integral=-2.571706e+00
  [SELF][Rank 0] Done moment 27/36 (task 26): force_integral=-2.571706e+00
  [SELF][Rank 0] Done moment 27/36 (task 26): force_integral=-2.571706e+00
  [SELF][Rank 0] Done moment 27/36 (task 26): force_integral=-2.571706e+00
  [SELF][Rank 0] Done moment 27/36 (task 26): force_integral=-2.571706e+00
  [SELF][Rank 0] Done moment 27/36 (task 26): force_integral=-2.571706e+00
  [SELF][Rank 0] Done moment 27/36 (task 26): force_integral=-2.571706e+00
  [SELF][Rank 0] Done moment 27/36 (task 26): force_integral=-2.571706e+00
  [SELF][Rank 0] Done moment 27/36 (task 26): force_integral=-2.571706e+00
  [SELF][Rank 0] Done moment 27/36 (task 26): force_integral=-2.571706e+00
  [SELF][Rank 0] Done moment 27/36 (task 26): force_integral=-2.571706e+00
  [SELF][Rank 0] Done moment 27/36 (task 26): force_integral=-2.571706e+00
  [SELF][Rank 0] Done moment 27/36 (task 26): force_integral=-2.571706e+00
  [SELF][Rank 0] Done moment 27/36 (task 26): force_integral=-2.571706e+00
  [SELF][Rank 0] Done moment 27/36 (task 26): force_integral=-2.571706e+00
  [SELF][Rank 0] Done moment 27/36 (task 26): force_integral=-2.571706e+00
  [SELF][Rank 0] Done moment 27/36 (task 26): force_integral=-2.571706e+00
  [SELF][Rank 0] Done moment 27/36 (task 26): force_integral=-2.571706e+00
  [SELF][Rank 0] Done moment 27/36 (task 26): force_integral=-2.571706e+00
  [SELF][Rank 0] Done moment 27/36 (task 26): force_integral=-2.571706e+00
  [SELF][Rank 0] Done moment 27/36 (task 26): force_integral=-2.571706e+00
  [SELF][Rank 0] Done moment 27/36 (task 26): force_integral=-2.571706e+00
  [SELF][Rank 0] Done moment 27/36 (task 26): force_integral=-2.571706e+00
  [SELF][Rank 0] Done moment 27/36 (task 26): force_integral=-2.571706e+00
  [SELF][Rank 0] Done moment 27/36 (task 26): force_integral=-2.571706e+00
  [SELF][Rank 0] Done moment 27/36 (task 26): force_integral=-2.571706e+00
  [SELF][Rank 0] Done moment 27/36 (task 26): force_integral=-2.571706e+00
  [SELF][Rank 0] Done moment 27/36 (task 26): force_integral=-2.571706e+00
  [SELF][Rank 0] Done moment 27/36 (task 26): force_integral=-2.571706e+00
  [SELF][Rank 0] Done moment 27/36 (task 26): force_integral=-2.571706e+00
  [SELF][Rank 0] Done moment 27/36 (task 26): force_integral=-2.571706e+00
  [SELF][Rank 0] Done moment 27/36 (task 26): force_integral=-2.571706e+00
  [SELF][Rank 0] Done moment 27/36 (task 26): force_integral=-2.571706e+00
  [SELF][Rank 0] Done moment 27/36 (task 26): force_integral=-2.571706e+00
  [SELF][Rank 0] Done moment 27/36 (task 26): force_integral=-2.571706e+00
  [SELF][Rank 0] Done moment 27/36 (task 26): force_integral=-2.571706e+00
  [SELF][Rank 0] Done moment 27/36 (task 26): force_integral=-2.571706e+00
  [SELF][Rank 0] Done moment 27/36 (task 26): force_integral=-2.571706e+00
  [SELF][Rank 0] Done moment 27/36 (task 26): force_integral=-2.571706e+00
  [SELF][Rank 0] Done moment 27/36 (task 26): force_integral=-2.571706e+00
  [SELF][Rank 0] Done moment 27/36 (task 26): force_integral=-2.571706e+00
  [SELF][Rank 0] Done moment 27/36 (task 26): force_integral=-2.571706e+00
  [SELF][Rank 0] Done moment 27/36 (task 26): force_integral=-2.571706e+00
  [SELF][Rank 0] Done moment 27/36 (task 26): force_integral=-2.571706e+00
  [SELF][Rank 0] Done moment 27/36 (task 26): force_integral=-2.571706e+00
  [SELF][Rank 0] Done moment 27/36 (task 26): force_integral=-2.571706e+00
  [SELF][Rank 0] Done moment 27/36 (task 26): force_integral=-2.571706e+00
  [SELF][Rank 0] Done moment 27/36 (task 26): force_integral=-2.571706e+00
  [SELF][Rank 0] Done moment 27/36 (task 26): force_integral=-2.571706e+00
  [SELF][Rank 0] Done moment 27/36 (task 26): force_integral=-2.571706e+00
  [SELF][Rank 0] Done moment 27/36 (task 26): force_integral=-2.571706e+00
  [SELF][Rank 0] Done moment 27/36 (task 26): force_integral=-2.571706e+00
  [SELF][Rank 0] Done moment 27/36 (task 26): force_integral=-2.571706e+00
  [SELF][Rank 0] Done moment 27/36 (task 26): force_integral=-2.571706e+00
  [SELF][Rank 0] Done moment 27/36 (task 26): force_integral=-2.571706e+00
  [SELF][Rank 0] Done moment 27/36 (task 26): force_integral=-2.571706e+00
  [SELF][Rank 0] Done moment 27/36 (task 26): force_integral=-2.571706e+00
  [SELF][Rank 0] Done moment 27/36 (task 26): force_integral=-2.571706e+00
  [SELF][Rank 0] Done moment 27/36 (task 26): force_integral=-2.571706e+00
  [SELF][Rank 0] Done moment 27/36 (task 26): force_integral=-2.571706e+00
  [SELF][Rank 0] Done moment 27/36 (task 26): force_integral=-2.571706e+00
  [SELF][Rank 0] Done moment 27/36 (task 26): force_integral=-2.571706e+00
  [SELF][Rank 0] Done moment 27/36 (task 26): force_integral=-2.571706e+00
  [SELF][Rank 0] Done moment 27/36 (task 26): force_integral=-2.571706e+00
  [SELF][Rank 0] Done moment 27/36 (task 26): force_integral=-2.571706e+00
  [SELF][Rank 0] Done moment 27/36 (task 26): force_integral=-2.571706e+00
  [SELF][Rank 0] Done moment 27/36 (task 26): force_integral=-2.571706e+00
  [SELF][Rank 0] Done moment 27/36 (task 26): force_integral=-2.571706e+00
  [SELF][Rank 0] Done moment 27/36 (task 26): force_integral=-2.571706e+00
  [SELF][Rank 0] Done moment 27/36 (task 26): force_integral=-2.571706e+00
  [SELF][Rank 0] Done moment 27/36 (task 26): force_integral=-2.571706e+00
  [SELF][Rank 0] Done moment 27/36 (task 26): force_integral=-2.571706e+00
  [SELF][Rank 0] Done moment 27/36 (task 26): force_integral=-2.571706e+00
  [SELF][Rank 0] Done moment 27/36 (task 26): force_integral=-2.571706e+00
  [SELF][Rank 0] Done moment 27/36 (task 26): force_integral=-2.571706e+00
  [SELF][Rank 0] Done moment 27/36 (task 26): force_integral=-2.571706e+00
  [SELF][Rank 0] Done moment 27/36 (task 26): force_integral=-2.571706e+00
  [SELF][Rank 0] Done moment 27/36 (task 26): force_integral=-2.571706e+00
  [SELF][Rank 0] Done moment 27/36 (task 26): force_integral=-2.571706e+00
  [SELF][Rank 0] Done moment 27/36 (task 26): force_integral=-2.571706e+00
  [SELF][Rank 0] Done moment 27/36 (task 26): force_integral=-2.571706e+00
  [SELF][Rank 0] Done moment 28/36 (task 27): force_integral=-2.571706e+00
  [SELF][Rank 0] Done moment 28/36 (task 27): force_integral=-2.571706e+00
  [SELF][Rank 0] Done moment 28/36 (task 27): force_integral=-2.571706e+00
  [SELF][Rank 0] Done moment 28/36 (task 27): force_integral=-2.571706e+00
  [SELF][Rank 0] Done moment 28/36 (task 27): force_integral=-2.571706e+00
  [SELF][Rank 0] Done moment 28/36 (task 27): force_integral=-2.571706e+00
  [SELF][Rank 0] Done moment 28/36 (task 27): force_integral=-2.571706e+00
  [SELF][Rank 0] Done moment 28/36 (task 27): force_integral=-2.571706e+00
  [SELF][Rank 0] Done moment 28/36 (task 27): force_integral=-2.571706e+00
  [SELF][Rank 0] Done moment 28/36 (task 27): force_integral=-2.571706e+00
  [SELF][Rank 0] Done moment 28/36 (task 27): force_integral=-2.571706e+00
  [SELF][Rank 0] Done moment 28/36 (task 27): force_integral=-2.571706e+00
  [SELF][Rank 0] Done moment 28/36 (task 27): force_integral=-2.571706e+00
  [SELF][Rank 0] Done moment 28/36 (task 27): force_integral=-2.571706e+00
  [SELF][Rank 0] Done moment 28/36 (task 27): force_integral=-2.571706e+00
  [SELF][Rank 0] Done moment 28/36 (task 27): force_integral=-2.571706e+00
  [SELF][Rank 0] Done moment 28/36 (task 27): force_integral=-2.571706e+00
  [SELF][Rank 0] Done moment 28/36 (task 27): force_integral=-2.571706e+00
  [SELF][Rank 0] Done moment 28/36 (task 27): force_integral=-2.571706e+00
  [SELF][Rank 0] Done moment 28/36 (task 27): force_integral=-2.571706e+00
  [SELF][Rank 0] Done moment 28/36 (task 27): force_integral=-2.571706e+00
  [SELF][Rank 0] Done moment 28/36 (task 27): force_integral=-2.571706e+00
  [SELF][Rank 0] Done moment 28/36 (task 27): force_integral=-2.571706e+00
  [SELF][Rank 0] Done moment 28/36 (task 27): force_integral=-2.571706e+00
  [SELF][Rank 0] Done moment 28/36 (task 27): force_integral=-2.571706e+00
  [SELF][Rank 0] Done moment 28/36 (task 27): force_integral=-2.571706e+00
  [SELF][Rank 0] Done moment 28/36 (task 27): force_integral=-2.571706e+00
  [SELF][Rank 0] Done moment 28/36 (task 27): force_integral=-2.571706e+00
  [SELF][Rank 0] Done moment 28/36 (task 27): force_integral=-2.571706e+00
  [SELF][Rank 0] Done moment 28/36 (task 27): force_integral=-2.571706e+00
  [SELF][Rank 0] Done moment 28/36 (task 27): force_integral=-2.571706e+00
  [SELF][Rank 0] Done moment 28/36 (task 27): force_integral=-2.571706e+00
  [SELF][Rank 0] Done moment 28/36 (task 27): force_integral=-2.571706e+00
  [SELF][Rank 0] Done moment 28/36 (task 27): force_integral=-2.571706e+00
  [SELF][Rank 0] Done moment 28/36 (task 27): force_integral=-2.571706e+00
  [SELF][Rank 0] Done moment 28/36 (task 27): force_integral=-2.571706e+00
  [SELF][Rank 0] Done moment 28/36 (task 27): force_integral=-2.571706e+00
  [SELF][Rank 0] Done moment 28/36 (task 27): force_integral=-2.571706e+00
  [SELF][Rank 0] Done moment 28/36 (task 27): force_integral=-2.571706e+00
  [SELF][Rank 0] Done moment 28/36 (task 27): force_integral=-2.571706e+00
  [SELF][Rank 0] Done moment 28/36 (task 27): force_integral=-2.571706e+00
  [SELF][Rank 0] Done moment 28/36 (task 27): force_integral=-2.571706e+00
  [SELF][Rank 0] Done moment 28/36 (task 27): force_integral=-2.571706e+00
  [SELF][Rank 0] Done moment 28/36 (task 27): force_integral=-2.571706e+00
  [SELF][Rank 0] Done moment 28/36 (task 27): force_integral=-2.571706e+00
  [SELF][Rank 0] Done moment 28/36 (task 27): force_integral=-2.571706e+00
  [SELF][Rank 0] Done moment 28/36 (task 27): force_integral=-2.571706e+00
  [SELF][Rank 0] Done moment 28/36 (task 27): force_integral=-2.571706e+00
  [SELF][Rank 0] Done moment 28/36 (task 27): force_integral=-2.571706e+00
  [SELF][Rank 0] Done moment 28/36 (task 27): force_integral=-2.571706e+00
  [SELF][Rank 0] Done moment 28/36 (task 27): force_integral=-2.571706e+00
  [SELF][Rank 0] Done moment 28/36 (task 27): force_integral=-2.571706e+00
  [SELF][Rank 0] Done moment 28/36 (task 27): force_integral=-2.571706e+00
  [SELF][Rank 0] Done moment 28/36 (task 27): force_integral=-2.571706e+00
  [SELF][Rank 0] Done moment 28/36 (task 27): force_integral=-2.571706e+00
  [SELF][Rank 0] Done moment 28/36 (task 27): force_integral=-2.571706e+00
  [SELF][Rank 0] Done moment 28/36 (task 27): force_integral=-2.571706e+00
  [SELF][Rank 0] Done moment 28/36 (task 27): force_integral=-2.571706e+00
  [SELF][Rank 0] Done moment 28/36 (task 27): force_integral=-2.571706e+00
  [SELF][Rank 0] Done moment 28/36 (task 27): force_integral=-2.571706e+00
  [SELF][Rank 0] Done moment 28/36 (task 27): force_integral=-2.571706e+00
  [SELF][Rank 0] Done moment 28/36 (task 27): force_integral=-2.571706e+00
  [SELF][Rank 0] Done moment 28/36 (task 27): force_integral=-2.571706e+00
  [SELF][Rank 0] Done moment 28/36 (task 27): force_integral=-2.571706e+00
  [SELF][Rank 0] Done moment 28/36 (task 27): force_integral=-2.571706e+00
  [SELF][Rank 0] Done moment 28/36 (task 27): force_integral=-2.571706e+00
  [SELF][Rank 0] Done moment 28/36 (task 27): force_integral=-2.571706e+00
  [SELF][Rank 0] Done moment 28/36 (task 27): force_integral=-2.571706e+00
  [SELF][Rank 0] Done moment 28/36 (task 27): force_integral=-2.571706e+00
  [SELF][Rank 0] Done moment 28/36 (task 27): force_integral=-2.571706e+00
  [SELF][Rank 0] Done moment 28/36 (task 27): force_integral=-2.571706e+00
  [SELF][Rank 0] Done moment 28/36 (task 27): force_integral=-2.571706e+00
  [SELF][Rank 0] Done moment 28/36 (task 27): force_integral=-2.571706e+00
  [SELF][Rank 0] Done moment 28/36 (task 27): force_integral=-2.571706e+00
  [SELF][Rank 0] Done moment 28/36 (task 27): force_integral=-2.571706e+00
  [SELF][Rank 0] Done moment 28/36 (task 27): force_integral=-2.571706e+00
  [SELF][Rank 0] Done moment 28/36 (task 27): force_integral=-2.571706e+00
  [SELF][Rank 0] Done moment 28/36 (task 27): force_integral=-2.571706e+00
  [SELF][Rank 0] Done moment 28/36 (task 27): force_integral=-2.571706e+00
  [SELF][Rank 0] Done moment 28/36 (task 27): force_integral=-2.571706e+00
  [SELF][Rank 0] Done moment 28/36 (task 27): force_integral=-2.571706e+00
  [SELF][Rank 0] Done moment 28/36 (task 27): force_integral=-2.571706e+00
  [SELF][Rank 0] Done moment 28/36 (task 27): force_integral=-2.571706e+00
  [SELF][Rank 0] Done moment 28/36 (task 27): force_integral=-2.571706e+00
  [SELF][Rank 0] Done moment 28/36 (task 27): force_integral=-2.571706e+00
  [SELF][Rank 0] Done moment 28/36 (task 27): force_integral=-2.571706e+00
  [SELF][Rank 0] Done moment 28/36 (task 27): force_integral=-2.571706e+00
  [SELF][Rank 0] Done moment 28/36 (task 27): force_integral=-2.571706e+00
  [SELF][Rank 0] Done moment 28/36 (task 27): force_integral=-2.571706e+00
  [SELF][Rank 0] Done moment 28/36 (task 27): force_integral=-2.571706e+00
  [SELF][Rank 0] Done moment 28/36 (task 27): force_integral=-2.571706e+00
  [SELF][Rank 0] Done moment 28/36 (task 27): force_integral=-2.571706e+00
  [SELF][Rank 0] Done moment 28/36 (task 27): force_integral=-2.571706e+00
  [SELF][Rank 0] Done moment 28/36 (task 27): force_integral=-2.571706e+00
  [SELF][Rank 0] Done moment 28/36 (task 27): force_integral=-2.571706e+00
  [SELF][Rank 0] Done moment 28/36 (task 27): force_integral=-2.571706e+00
  [SELF][Rank 0] Done moment 28/36 (task 27): force_integral=-2.571706e+00
  [SELF][Rank 0] Done moment 28/36 (task 27): force_integral=-2.571706e+00
  [SELF][Rank 0] Done moment 28/36 (task 27): force_integral=-2.571706e+00
  [SELF][Rank 0] Done moment 28/36 (task 27): force_integral=-2.571706e+00
  [SELF][Rank 0] Done moment 28/36 (task 27): force_integral=-2.571706e+00
  [SELF][Rank 0] Done moment 28/36 (task 27): force_integral=-2.571706e+00
  [SELF][Rank 0] Done moment 28/36 (task 27): force_integral=-2.571706e+00
  [SELF][Rank 0] Done moment 28/36 (task 27): force_integral=-2.571706e+00
  [SELF][Rank 0] Done moment 28/36 (task 27): force_integral=-2.571706e+00
  [SELF][Rank 0] Done moment 28/36 (task 27): force_integral=-2.571706e+00
  [SELF][Rank 0] Done moment 28/36 (task 27): force_integral=-2.571706e+00
  [SELF][Rank 0] Done moment 28/36 (task 27): force_integral=-2.571706e+00
  [SELF][Rank 0] Done moment 28/36 (task 27): force_integral=-2.571706e+00
  [SELF][Rank 0] Done moment 28/36 (task 27): force_integral=-2.571706e+00
  [SELF][Rank 0] Done moment 28/36 (task 27): force_integral=-2.571706e+00
  [SELF][Rank 0] Done moment 28/36 (task 27): force_integral=-2.571706e+00
  [SELF][Rank 0] Done moment 28/36 (task 27): force_integral=-2.571706e+00
  [SELF][Rank 0] Done moment 28/36 (task 27): force_integral=-2.571706e+00
  [SELF][Rank 0] Done moment 28/36 (task 27): force_integral=-2.571706e+00
  [SELF][Rank 0] Done moment 28/36 (task 27): force_integral=-2.571706e+00
  [SELF][Rank 0] Done moment 28/36 (task 27): force_integral=-2.571706e+00
  [SELF][Rank 0] Done moment 28/36 (task 27): force_integral=-2.571706e+00
  [SELF][Rank 0] Done moment 28/36 (task 27): force_integral=-2.571706e+00
  [SELF][Rank 0] Done moment 28/36 (task 27): force_integral=-2.571706e+00
  [SELF][Rank 0] Done moment 28/36 (task 27): force_integral=-2.571706e+00
  [SELF][Rank 0] Done moment 28/36 (task 27): force_integral=-2.571706e+00
  [SELF][Rank 0] Done moment 28/36 (task 27): force_integral=-2.571706e+00
  [SELF][Rank 0] Done moment 28/36 (task 27): force_integral=-2.571706e+00
  [SELF][Rank 0] Done moment 28/36 (task 27): force_integral=-2.571706e+00
  [SELF][Rank 0] Done moment 28/36 (task 27): force_integral=-2.571706e+00
  [SELF][Rank 0] Done moment 28/36 (task 27): force_integral=-2.571706e+00
  [SELF][Rank 0] Done moment 28/36 (task 27): force_integral=-2.571706e+00
  [SELF][Rank 0] Done moment 29/36 (task 28): force_integral=-1.542921e+03
  [SELF][Rank 0] Done moment 29/36 (task 28): force_integral=-1.542921e+03
  [SELF][Rank 0] Done moment 29/36 (task 28): force_integral=-1.542921e+03
  [SELF][Rank 0] Done moment 29/36 (task 28): force_integral=-1.542921e+03
  [SELF][Rank 0] Done moment 29/36 (task 28): force_integral=-1.542921e+03
  [SELF][Rank 0] Done moment 29/36 (task 28): force_integral=-1.542921e+03
  [SELF][Rank 0] Done moment 29/36 (task 28): force_integral=-1.542921e+03
  [SELF][Rank 0] Done moment 29/36 (task 28): force_integral=-1.542921e+03
  [SELF][Rank 0] Done moment 29/36 (task 28): force_integral=-1.542921e+03
  [SELF][Rank 0] Done moment 29/36 (task 28): force_integral=-1.542921e+03
  [SELF][Rank 0] Done moment 29/36 (task 28): force_integral=-1.542921e+03
  [SELF][Rank 0] Done moment 29/36 (task 28): force_integral=-1.542921e+03
  [SELF][Rank 0] Done moment 29/36 (task 28): force_integral=-1.542921e+03
  [SELF][Rank 0] Done moment 29/36 (task 28): force_integral=-1.542921e+03
  [SELF][Rank 0] Done moment 29/36 (task 28): force_integral=-1.542921e+03
  [SELF][Rank 0] Done moment 29/36 (task 28): force_integral=-1.542921e+03
  [SELF][Rank 0] Done moment 29/36 (task 28): force_integral=-1.542921e+03
  [SELF][Rank 0] Done moment 29/36 (task 28): force_integral=-1.542921e+03
  [SELF][Rank 0] Done moment 29/36 (task 28): force_integral=-1.542921e+03
  [SELF][Rank 0] Done moment 29/36 (task 28): force_integral=-1.542921e+03
  [SELF][Rank 0] Done moment 29/36 (task 28): force_integral=-1.542921e+03
  [SELF][Rank 0] Done moment 29/36 (task 28): force_integral=-1.542921e+03
  [SELF][Rank 0] Done moment 29/36 (task 28): force_integral=-1.542921e+03
  [SELF][Rank 0] Done moment 29/36 (task 28): force_integral=-1.542921e+03
  [SELF][Rank 0] Done moment 29/36 (task 28): force_integral=-1.542921e+03
  [SELF][Rank 0] Done moment 29/36 (task 28): force_integral=-1.542921e+03
  [SELF][Rank 0] Done moment 29/36 (task 28): force_integral=-1.542921e+03
  [SELF][Rank 0] Done moment 29/36 (task 28): force_integral=-1.542921e+03
  [SELF][Rank 0] Done moment 29/36 (task 28): force_integral=-1.542921e+03
  [SELF][Rank 0] Done moment 29/36 (task 28): force_integral=-1.542921e+03
  [SELF][Rank 0] Done moment 29/36 (task 28): force_integral=-1.542921e+03
  [SELF][Rank 0] Done moment 29/36 (task 28): force_integral=-1.542921e+03
  [SELF][Rank 0] Done moment 29/36 (task 28): force_integral=-1.542921e+03
  [SELF][Rank 0] Done moment 29/36 (task 28): force_integral=-1.542921e+03
  [SELF][Rank 0] Done moment 29/36 (task 28): force_integral=-1.542921e+03
  [SELF][Rank 0] Done moment 29/36 (task 28): force_integral=-1.542921e+03
  [SELF][Rank 0] Done moment 29/36 (task 28): force_integral=-1.542921e+03
  [SELF][Rank 0] Done moment 29/36 (task 28): force_integral=-1.542921e+03
  [SELF][Rank 0] Done moment 29/36 (task 28): force_integral=-1.542921e+03
  [SELF][Rank 0] Done moment 29/36 (task 28): force_integral=-1.542921e+03
  [SELF][Rank 0] Done moment 29/36 (task 28): force_integral=-1.542921e+03
  [SELF][Rank 0] Done moment 29/36 (task 28): force_integral=-1.542921e+03
  [SELF][Rank 0] Done moment 29/36 (task 28): force_integral=-1.542921e+03
  [SELF][Rank 0] Done moment 29/36 (task 28): force_integral=-1.542921e+03
  [SELF][Rank 0] Done moment 29/36 (task 28): force_integral=-1.542921e+03
  [SELF][Rank 0] Done moment 29/36 (task 28): force_integral=-1.542921e+03
  [SELF][Rank 0] Done moment 29/36 (task 28): force_integral=-1.542921e+03
  [SELF][Rank 0] Done moment 29/36 (task 28): force_integral=-1.542921e+03
  [SELF][Rank 0] Done moment 29/36 (task 28): force_integral=-1.542921e+03
  [SELF][Rank 0] Done moment 29/36 (task 28): force_integral=-1.542921e+03
  [SELF][Rank 0] Done moment 29/36 (task 28): force_integral=-1.542921e+03
  [SELF][Rank 0] Done moment 29/36 (task 28): force_integral=-1.542921e+03
  [SELF][Rank 0] Done moment 29/36 (task 28): force_integral=-1.542921e+03
  [SELF][Rank 0] Done moment 29/36 (task 28): force_integral=-1.542921e+03
  [SELF][Rank 0] Done moment 29/36 (task 28): force_integral=-1.542921e+03
  [SELF][Rank 0] Done moment 29/36 (task 28): force_integral=-1.542921e+03
  [SELF][Rank 0] Done moment 29/36 (task 28): force_integral=-1.542921e+03
  [SELF][Rank 0] Done moment 29/36 (task 28): force_integral=-1.542921e+03
  [SELF][Rank 0] Done moment 29/36 (task 28): force_integral=-1.542921e+03
  [SELF][Rank 0] Done moment 29/36 (task 28): force_integral=-1.542921e+03
  [SELF][Rank 0] Done moment 29/36 (task 28): force_integral=-1.542921e+03
  [SELF][Rank 0] Done moment 29/36 (task 28): force_integral=-1.542921e+03
  [SELF][Rank 0] Done moment 29/36 (task 28): force_integral=-1.542921e+03
  [SELF][Rank 0] Done moment 29/36 (task 28): force_integral=-1.542921e+03
  [SELF][Rank 0] Done moment 29/36 (task 28): force_integral=-1.542921e+03
  [SELF][Rank 0] Done moment 29/36 (task 28): force_integral=-1.542921e+03
  [SELF][Rank 0] Done moment 29/36 (task 28): force_integral=-1.542921e+03
  [SELF][Rank 0] Done moment 29/36 (task 28): force_integral=-1.542921e+03
  [SELF][Rank 0] Done moment 29/36 (task 28): force_integral=-1.542921e+03
  [SELF][Rank 0] Done moment 29/36 (task 28): force_integral=-1.542921e+03
  [SELF][Rank 0] Done moment 29/36 (task 28): force_integral=-1.542921e+03
  [SELF][Rank 0] Done moment 29/36 (task 28): force_integral=-1.542921e+03
  [SELF][Rank 0] Done moment 29/36 (task 28): force_integral=-1.542921e+03
  [SELF][Rank 0] Done moment 29/36 (task 28): force_integral=-1.542921e+03
  [SELF][Rank 0] Done moment 29/36 (task 28): force_integral=-1.542921e+03
  [SELF][Rank 0] Done moment 29/36 (task 28): force_integral=-1.542921e+03
  [SELF][Rank 0] Done moment 29/36 (task 28): force_integral=-1.542921e+03
  [SELF][Rank 0] Done moment 29/36 (task 28): force_integral=-1.542921e+03
  [SELF][Rank 0] Done moment 29/36 (task 28): force_integral=-1.542921e+03
  [SELF][Rank 0] Done moment 29/36 (task 28): force_integral=-1.542921e+03
  [SELF][Rank 0] Done moment 29/36 (task 28): force_integral=-1.542921e+03
  [SELF][Rank 0] Done moment 29/36 (task 28): force_integral=-1.542921e+03
  [SELF][Rank 0] Done moment 29/36 (task 28): force_integral=-1.542921e+03
  [SELF][Rank 0] Done moment 29/36 (task 28): force_integral=-1.542921e+03
  [SELF][Rank 0] Done moment 29/36 (task 28): force_integral=-1.542921e+03
  [SELF][Rank 0] Done moment 29/36 (task 28): force_integral=-1.542921e+03
  [SELF][Rank 0] Done moment 29/36 (task 28): force_integral=-1.542921e+03
  [SELF][Rank 0] Done moment 29/36 (task 28): force_integral=-1.542921e+03
  [SELF][Rank 0] Done moment 29/36 (task 28): force_integral=-1.542921e+03
  [SELF][Rank 0] Done moment 29/36 (task 28): force_integral=-1.542921e+03
  [SELF][Rank 0] Done moment 29/36 (task 28): force_integral=-1.542921e+03
  [SELF][Rank 0] Done moment 29/36 (task 28): force_integral=-1.542921e+03
  [SELF][Rank 0] Done moment 29/36 (task 28): force_integral=-1.542921e+03
  [SELF][Rank 0] Done moment 29/36 (task 28): force_integral=-1.542921e+03
  [SELF][Rank 0] Done moment 29/36 (task 28): force_integral=-1.542921e+03
  [SELF][Rank 0] Done moment 29/36 (task 28): force_integral=-1.542921e+03
  [SELF][Rank 0] Done moment 29/36 (task 28): force_integral=-1.542921e+03
  [SELF][Rank 0] Done moment 29/36 (task 28): force_integral=-1.542921e+03
  [SELF][Rank 0] Done moment 29/36 (task 28): force_integral=-1.542921e+03
  [SELF][Rank 0] Done moment 29/36 (task 28): force_integral=-1.542921e+03
  [SELF][Rank 0] Done moment 29/36 (task 28): force_integral=-1.542921e+03
  [SELF][Rank 0] Done moment 29/36 (task 28): force_integral=-1.542921e+03
  [SELF][Rank 0] Done moment 29/36 (task 28): force_integral=-1.542921e+03
  [SELF][Rank 0] Done moment 29/36 (task 28): force_integral=-1.542921e+03
  [SELF][Rank 0] Done moment 29/36 (task 28): force_integral=-1.542921e+03
  [SELF][Rank 0] Done moment 29/36 (task 28): force_integral=-1.542921e+03
  [SELF][Rank 0] Done moment 29/36 (task 28): force_integral=-1.542921e+03
  [SELF][Rank 0] Done moment 29/36 (task 28): force_integral=-1.542921e+03
  [SELF][Rank 0] Done moment 29/36 (task 28): force_integral=-1.542921e+03
  [SELF][Rank 0] Done moment 29/36 (task 28): force_integral=-1.542921e+03
  [SELF][Rank 0] Done moment 29/36 (task 28): force_integral=-1.542921e+03
  [SELF][Rank 0] Done moment 29/36 (task 28): force_integral=-1.542921e+03
  [SELF][Rank 0] Done moment 29/36 (task 28): force_integral=-1.542921e+03
  [SELF][Rank 0] Done moment 29/36 (task 28): force_integral=-1.542921e+03
  [SELF][Rank 0] Done moment 29/36 (task 28): force_integral=-1.542921e+03
  [SELF][Rank 0] Done moment 29/36 (task 28): force_integral=-1.542921e+03
  [SELF][Rank 0] Done moment 29/36 (task 28): force_integral=-1.542921e+03
  [SELF][Rank 0] Done moment 29/36 (task 28): force_integral=-1.542921e+03
  [SELF][Rank 0] Done moment 29/36 (task 28): force_integral=-1.542921e+03
  [SELF][Rank 0] Done moment 29/36 (task 28): force_integral=-1.542921e+03
  [SELF][Rank 0] Done moment 29/36 (task 28): force_integral=-1.542921e+03
  [SELF][Rank 0] Done moment 29/36 (task 28): force_integral=-1.542921e+03
  [SELF][Rank 0] Done moment 29/36 (task 28): force_integral=-1.542921e+03
  [SELF][Rank 0] Done moment 29/36 (task 28): force_integral=-1.542921e+03
  [SELF][Rank 0] Done moment 29/36 (task 28): force_integral=-1.542921e+03
  [SELF][Rank 0] Done moment 29/36 (task 28): force_integral=-1.542921e+03
  [SELF][Rank 0] Done moment 29/36 (task 28): force_integral=-1.542921e+03
  [SELF][Rank 0] Done moment 29/36 (task 28): force_integral=-1.542921e+03
  [SELF][Rank 0] Done moment 30/36 (task 29): force_integral=+1.674424e+03
  [SELF][Rank 0] Done moment 30/36 (task 29): force_integral=+1.674424e+03
  [SELF][Rank 0] Done moment 30/36 (task 29): force_integral=+1.674424e+03
  [SELF][Rank 0] Done moment 30/36 (task 29): force_integral=+1.674424e+03
  [SELF][Rank 0] Done moment 30/36 (task 29): force_integral=+1.674424e+03
  [SELF][Rank 0] Done moment 30/36 (task 29): force_integral=+1.674424e+03
  [SELF][Rank 0] Done moment 30/36 (task 29): force_integral=+1.674424e+03
  [SELF][Rank 0] Done moment 30/36 (task 29): force_integral=+1.674424e+03
  [SELF][Rank 0] Done moment 30/36 (task 29): force_integral=+1.674424e+03
  [SELF][Rank 0] Done moment 30/36 (task 29): force_integral=+1.674424e+03
  [SELF][Rank 0] Done moment 30/36 (task 29): force_integral=+1.674424e+03
  [SELF][Rank 0] Done moment 30/36 (task 29): force_integral=+1.674424e+03
  [SELF][Rank 0] Done moment 30/36 (task 29): force_integral=+1.674424e+03
  [SELF][Rank 0] Done moment 30/36 (task 29): force_integral=+1.674424e+03
  [SELF][Rank 0] Done moment 30/36 (task 29): force_integral=+1.674424e+03
  [SELF][Rank 0] Done moment 30/36 (task 29): force_integral=+1.674424e+03
  [SELF][Rank 0] Done moment 30/36 (task 29): force_integral=+1.674424e+03
  [SELF][Rank 0] Done moment 30/36 (task 29): force_integral=+1.674424e+03
  [SELF][Rank 0] Done moment 30/36 (task 29): force_integral=+1.674424e+03
  [SELF][Rank 0] Done moment 30/36 (task 29): force_integral=+1.674424e+03
  [SELF][Rank 0] Done moment 30/36 (task 29): force_integral=+1.674424e+03
  [SELF][Rank 0] Done moment 30/36 (task 29): force_integral=+1.674424e+03
  [SELF][Rank 0] Done moment 30/36 (task 29): force_integral=+1.674424e+03
  [SELF][Rank 0] Done moment 30/36 (task 29): force_integral=+1.674424e+03
  [SELF][Rank 0] Done moment 30/36 (task 29): force_integral=+1.674424e+03
  [SELF][Rank 0] Done moment 30/36 (task 29): force_integral=+1.674424e+03
  [SELF][Rank 0] Done moment 30/36 (task 29): force_integral=+1.674424e+03
  [SELF][Rank 0] Done moment 30/36 (task 29): force_integral=+1.674424e+03
  [SELF][Rank 0] Done moment 30/36 (task 29): force_integral=+1.674424e+03
  [SELF][Rank 0] Done moment 30/36 (task 29): force_integral=+1.674424e+03
  [SELF][Rank 0] Done moment 30/36 (task 29): force_integral=+1.674424e+03
  [SELF][Rank 0] Done moment 30/36 (task 29): force_integral=+1.674424e+03
  [SELF][Rank 0] Done moment 30/36 (task 29): force_integral=+1.674424e+03
  [SELF][Rank 0] Done moment 30/36 (task 29): force_integral=+1.674424e+03
  [SELF][Rank 0] Done moment 30/36 (task 29): force_integral=+1.674424e+03
  [SELF][Rank 0] Done moment 30/36 (task 29): force_integral=+1.674424e+03
  [SELF][Rank 0] Done moment 30/36 (task 29): force_integral=+1.674424e+03
  [SELF][Rank 0] Done moment 30/36 (task 29): force_integral=+1.674424e+03
  [SELF][Rank 0] Done moment 30/36 (task 29): force_integral=+1.674424e+03
  [SELF][Rank 0] Done moment 30/36 (task 29): force_integral=+1.674424e+03
  [SELF][Rank 0] Done moment 30/36 (task 29): force_integral=+1.674424e+03
  [SELF][Rank 0] Done moment 30/36 (task 29): force_integral=+1.674424e+03
  [SELF][Rank 0] Done moment 30/36 (task 29): force_integral=+1.674424e+03
  [SELF][Rank 0] Done moment 30/36 (task 29): force_integral=+1.674424e+03
  [SELF][Rank 0] Done moment 30/36 (task 29): force_integral=+1.674424e+03
  [SELF][Rank 0] Done moment 30/36 (task 29): force_integral=+1.674424e+03
  [SELF][Rank 0] Done moment 30/36 (task 29): force_integral=+1.674424e+03
  [SELF][Rank 0] Done moment 30/36 (task 29): force_integral=+1.674424e+03
  [SELF][Rank 0] Done moment 30/36 (task 29): force_integral=+1.674424e+03
  [SELF][Rank 0] Done moment 30/36 (task 29): force_integral=+1.674424e+03
  [SELF][Rank 0] Done moment 30/36 (task 29): force_integral=+1.674424e+03
  [SELF][Rank 0] Done moment 30/36 (task 29): force_integral=+1.674424e+03
  [SELF][Rank 0] Done moment 30/36 (task 29): force_integral=+1.674424e+03
  [SELF][Rank 0] Done moment 30/36 (task 29): force_integral=+1.674424e+03
  [SELF][Rank 0] Done moment 30/36 (task 29): force_integral=+1.674424e+03
  [SELF][Rank 0] Done moment 30/36 (task 29): force_integral=+1.674424e+03
  [SELF][Rank 0] Done moment 30/36 (task 29): force_integral=+1.674424e+03
  [SELF][Rank 0] Done moment 30/36 (task 29): force_integral=+1.674424e+03
  [SELF][Rank 0] Done moment 30/36 (task 29): force_integral=+1.674424e+03
  [SELF][Rank 0] Done moment 30/36 (task 29): force_integral=+1.674424e+03
  [SELF][Rank 0] Done moment 30/36 (task 29): force_integral=+1.674424e+03
  [SELF][Rank 0] Done moment 30/36 (task 29): force_integral=+1.674424e+03
  [SELF][Rank 0] Done moment 30/36 (task 29): force_integral=+1.674424e+03
  [SELF][Rank 0] Done moment 30/36 (task 29): force_integral=+1.674424e+03
  [SELF][Rank 0] Done moment 30/36 (task 29): force_integral=+1.674424e+03
  [SELF][Rank 0] Done moment 30/36 (task 29): force_integral=+1.674424e+03
  [SELF][Rank 0] Done moment 30/36 (task 29): force_integral=+1.674424e+03
  [SELF][Rank 0] Done moment 30/36 (task 29): force_integral=+1.674424e+03
  [SELF][Rank 0] Done moment 30/36 (task 29): force_integral=+1.674424e+03
  [SELF][Rank 0] Done moment 30/36 (task 29): force_integral=+1.674424e+03
  [SELF][Rank 0] Done moment 30/36 (task 29): force_integral=+1.674424e+03
  [SELF][Rank 0] Done moment 30/36 (task 29): force_integral=+1.674424e+03
  [SELF][Rank 0] Done moment 30/36 (task 29): force_integral=+1.674424e+03
  [SELF][Rank 0] Done moment 30/36 (task 29): force_integral=+1.674424e+03
  [SELF][Rank 0] Done moment 30/36 (task 29): force_integral=+1.674424e+03
  [SELF][Rank 0] Done moment 30/36 (task 29): force_integral=+1.674424e+03
  [SELF][Rank 0] Done moment 30/36 (task 29): force_integral=+1.674424e+03
  [SELF][Rank 0] Done moment 30/36 (task 29): force_integral=+1.674424e+03
  [SELF][Rank 0] Done moment 30/36 (task 29): force_integral=+1.674424e+03
  [SELF][Rank 0] Done moment 30/36 (task 29): force_integral=+1.674424e+03
  [SELF][Rank 0] Done moment 30/36 (task 29): force_integral=+1.674424e+03
  [SELF][Rank 0] Done moment 30/36 (task 29): force_integral=+1.674424e+03
  [SELF][Rank 0] Done moment 30/36 (task 29): force_integral=+1.674424e+03
  [SELF][Rank 0] Done moment 30/36 (task 29): force_integral=+1.674424e+03
  [SELF][Rank 0] Done moment 30/36 (task 29): force_integral=+1.674424e+03
  [SELF][Rank 0] Done moment 30/36 (task 29): force_integral=+1.674424e+03
  [SELF][Rank 0] Done moment 30/36 (task 29): force_integral=+1.674424e+03
  [SELF][Rank 0] Done moment 30/36 (task 29): force_integral=+1.674424e+03
  [SELF][Rank 0] Done moment 30/36 (task 29): force_integral=+1.674424e+03
  [SELF][Rank 0] Done moment 30/36 (task 29): force_integral=+1.674424e+03
  [SELF][Rank 0] Done moment 30/36 (task 29): force_integral=+1.674424e+03
  [SELF][Rank 0] Done moment 30/36 (task 29): force_integral=+1.674424e+03
  [SELF][Rank 0] Done moment 30/36 (task 29): force_integral=+1.674424e+03
  [SELF][Rank 0] Done moment 30/36 (task 29): force_integral=+1.674424e+03
  [SELF][Rank 0] Done moment 30/36 (task 29): force_integral=+1.674424e+03
  [SELF][Rank 0] Done moment 30/36 (task 29): force_integral=+1.674424e+03
  [SELF][Rank 0] Done moment 30/36 (task 29): force_integral=+1.674424e+03
  [SELF][Rank 0] Done moment 30/36 (task 29): force_integral=+1.674424e+03
  [SELF][Rank 0] Done moment 30/36 (task 29): force_integral=+1.674424e+03
  [SELF][Rank 0] Done moment 30/36 (task 29): force_integral=+1.674424e+03
  [SELF][Rank 0] Done moment 30/36 (task 29): force_integral=+1.674424e+03
  [SELF][Rank 0] Done moment 30/36 (task 29): force_integral=+1.674424e+03
  [SELF][Rank 0] Done moment 30/36 (task 29): force_integral=+1.674424e+03
  [SELF][Rank 0] Done moment 30/36 (task 29): force_integral=+1.674424e+03
  [SELF][Rank 0] Done moment 30/36 (task 29): force_integral=+1.674424e+03
  [SELF][Rank 0] Done moment 30/36 (task 29): force_integral=+1.674424e+03
  [SELF][Rank 0] Done moment 30/36 (task 29): force_integral=+1.674424e+03
  [SELF][Rank 0] Done moment 30/36 (task 29): force_integral=+1.674424e+03
  [SELF][Rank 0] Done moment 30/36 (task 29): force_integral=+1.674424e+03
  [SELF][Rank 0] Done moment 30/36 (task 29): force_integral=+1.674424e+03
  [SELF][Rank 0] Done moment 30/36 (task 29): force_integral=+1.674424e+03
  [SELF][Rank 0] Done moment 30/36 (task 29): force_integral=+1.674424e+03
  [SELF][Rank 0] Done moment 30/36 (task 29): force_integral=+1.674424e+03
  [SELF][Rank 0] Done moment 30/36 (task 29): force_integral=+1.674424e+03
  [SELF][Rank 0] Done moment 30/36 (task 29): force_integral=+1.674424e+03
  [SELF][Rank 0] Done moment 30/36 (task 29): force_integral=+1.674424e+03
  [SELF][Rank 0] Done moment 30/36 (task 29): force_integral=+1.674424e+03
  [SELF][Rank 0] Done moment 30/36 (task 29): force_integral=+1.674424e+03
  [SELF][Rank 0] Done moment 30/36 (task 29): force_integral=+1.674424e+03
  [SELF][Rank 0] Done moment 30/36 (task 29): force_integral=+1.674424e+03
  [SELF][Rank 0] Done moment 30/36 (task 29): force_integral=+1.674424e+03
  [SELF][Rank 0] Done moment 30/36 (task 29): force_integral=+1.674424e+03
  [SELF][Rank 0] Done moment 30/36 (task 29): force_integral=+1.674424e+03
  [SELF][Rank 0] Done moment 30/36 (task 29): force_integral=+1.674424e+03
  [SELF][Rank 0] Done moment 30/36 (task 29): force_integral=+1.674424e+03
  [SELF][Rank 0] Done moment 30/36 (task 29): force_integral=+1.674424e+03
  [SELF][Rank 0] Done moment 30/36 (task 29): force_integral=+1.674424e+03
  [SELF][Rank 0] Done moment 30/36 (task 29): force_integral=+1.674424e+03
  [SELF][Rank 0] Done moment 31/36 (task 30): force_integral=+0.000000e+00
  [SELF][Rank 0] Done moment 31/36 (task 30): force_integral=+0.000000e+00
  [SELF][Rank 0] Done moment 31/36 (task 30): force_integral=+0.000000e+00
  [SELF][Rank 0] Done moment 31/36 (task 30): force_integral=+0.000000e+00
  [SELF][Rank 0] Done moment 31/36 (task 30): force_integral=+0.000000e+00
  [SELF][Rank 0] Done moment 31/36 (task 30): force_integral=+0.000000e+00
  [SELF][Rank 0] Done moment 31/36 (task 30): force_integral=+0.000000e+00
  [SELF][Rank 0] Done moment 31/36 (task 30): force_integral=+0.000000e+00
  [SELF][Rank 0] Done moment 31/36 (task 30): force_integral=+0.000000e+00
  [SELF][Rank 0] Done moment 31/36 (task 30): force_integral=+0.000000e+00
  [SELF][Rank 0] Done moment 31/36 (task 30): force_integral=+0.000000e+00
  [SELF][Rank 0] Done moment 31/36 (task 30): force_integral=+0.000000e+00
  [SELF][Rank 0] Done moment 31/36 (task 30): force_integral=+0.000000e+00
  [SELF][Rank 0] Done moment 31/36 (task 30): force_integral=+0.000000e+00
  [SELF][Rank 0] Done moment 31/36 (task 30): force_integral=+0.000000e+00
  [SELF][Rank 0] Done moment 31/36 (task 30): force_integral=+0.000000e+00
  [SELF][Rank 0] Done moment 31/36 (task 30): force_integral=+0.000000e+00
  [SELF][Rank 0] Done moment 31/36 (task 30): force_integral=+0.000000e+00
  [SELF][Rank 0] Done moment 31/36 (task 30): force_integral=+0.000000e+00
  [SELF][Rank 0] Done moment 31/36 (task 30): force_integral=+0.000000e+00
  [SELF][Rank 0] Done moment 31/36 (task 30): force_integral=+0.000000e+00
  [SELF][Rank 0] Done moment 31/36 (task 30): force_integral=+0.000000e+00
  [SELF][Rank 0] Done moment 31/36 (task 30): force_integral=+0.000000e+00
  [SELF][Rank 0] Done moment 31/36 (task 30): force_integral=+0.000000e+00
  [SELF][Rank 0] Done moment 31/36 (task 30): force_integral=+0.000000e+00
  [SELF][Rank 0] Done moment 31/36 (task 30): force_integral=+0.000000e+00
  [SELF][Rank 0] Done moment 31/36 (task 30): force_integral=+0.000000e+00
  [SELF][Rank 0] Done moment 31/36 (task 30): force_integral=+0.000000e+00
  [SELF][Rank 0] Done moment 31/36 (task 30): force_integral=+0.000000e+00
  [SELF][Rank 0] Done moment 31/36 (task 30): force_integral=+0.000000e+00
  [SELF][Rank 0] Done moment 31/36 (task 30): force_integral=+0.000000e+00
  [SELF][Rank 0] Done moment 31/36 (task 30): force_integral=+0.000000e+00
  [SELF][Rank 0] Done moment 31/36 (task 30): force_integral=+0.000000e+00
  [SELF][Rank 0] Done moment 31/36 (task 30): force_integral=+0.000000e+00
  [SELF][Rank 0] Done moment 31/36 (task 30): force_integral=+0.000000e+00
  [SELF][Rank 0] Done moment 31/36 (task 30): force_integral=+0.000000e+00
  [SELF][Rank 0] Done moment 31/36 (task 30): force_integral=+0.000000e+00
  [SELF][Rank 0] Done moment 31/36 (task 30): force_integral=+0.000000e+00
  [SELF][Rank 0] Done moment 31/36 (task 30): force_integral=+0.000000e+00
  [SELF][Rank 0] Done moment 31/36 (task 30): force_integral=+0.000000e+00
  [SELF][Rank 0] Done moment 31/36 (task 30): force_integral=+0.000000e+00
  [SELF][Rank 0] Done moment 31/36 (task 30): force_integral=+0.000000e+00
  [SELF][Rank 0] Done moment 31/36 (task 30): force_integral=+0.000000e+00
  [SELF][Rank 0] Done moment 31/36 (task 30): force_integral=+0.000000e+00
  [SELF][Rank 0] Done moment 31/36 (task 30): force_integral=+0.000000e+00
  [SELF][Rank 0] Done moment 31/36 (task 30): force_integral=+0.000000e+00
  [SELF][Rank 0] Done moment 31/36 (task 30): force_integral=+0.000000e+00
  [SELF][Rank 0] Done moment 31/36 (task 30): force_integral=+0.000000e+00
  [SELF][Rank 0] Done moment 31/36 (task 30): force_integral=+0.000000e+00
  [SELF][Rank 0] Done moment 31/36 (task 30): force_integral=+0.000000e+00
  [SELF][Rank 0] Done moment 31/36 (task 30): force_integral=+0.000000e+00
  [SELF][Rank 0] Done moment 31/36 (task 30): force_integral=+0.000000e+00
  [SELF][Rank 0] Done moment 31/36 (task 30): force_integral=+0.000000e+00
  [SELF][Rank 0] Done moment 31/36 (task 30): force_integral=+0.000000e+00
  [SELF][Rank 0] Done moment 31/36 (task 30): force_integral=+0.000000e+00
  [SELF][Rank 0] Done moment 31/36 (task 30): force_integral=+0.000000e+00
  [SELF][Rank 0] Done moment 31/36 (task 30): force_integral=+0.000000e+00
  [SELF][Rank 0] Done moment 31/36 (task 30): force_integral=+0.000000e+00
  [SELF][Rank 0] Done moment 31/36 (task 30): force_integral=+0.000000e+00
  [SELF][Rank 0] Done moment 31/36 (task 30): force_integral=+0.000000e+00
  [SELF][Rank 0] Done moment 31/36 (task 30): force_integral=+0.000000e+00
  [SELF][Rank 0] Done moment 31/36 (task 30): force_integral=+0.000000e+00
  [SELF][Rank 0] Done moment 31/36 (task 30): force_integral=+0.000000e+00
  [SELF][Rank 0] Done moment 31/36 (task 30): force_integral=+0.000000e+00
  [SELF][Rank 0] Done moment 31/36 (task 30): force_integral=+0.000000e+00
  [SELF][Rank 0] Done moment 31/36 (task 30): force_integral=+0.000000e+00
  [SELF][Rank 0] Done moment 31/36 (task 30): force_integral=+0.000000e+00
  [SELF][Rank 0] Done moment 31/36 (task 30): force_integral=+0.000000e+00
  [SELF][Rank 0] Done moment 31/36 (task 30): force_integral=+0.000000e+00
  [SELF][Rank 0] Done moment 31/36 (task 30): force_integral=+0.000000e+00
  [SELF][Rank 0] Done moment 31/36 (task 30): force_integral=+0.000000e+00
  [SELF][Rank 0] Done moment 31/36 (task 30): force_integral=+0.000000e+00
  [SELF][Rank 0] Done moment 31/36 (task 30): force_integral=+0.000000e+00
  [SELF][Rank 0] Done moment 31/36 (task 30): force_integral=+0.000000e+00
  [SELF][Rank 0] Done moment 31/36 (task 30): force_integral=+0.000000e+00
  [SELF][Rank 0] Done moment 31/36 (task 30): force_integral=+0.000000e+00
  [SELF][Rank 0] Done moment 31/36 (task 30): force_integral=+0.000000e+00
  [SELF][Rank 0] Done moment 31/36 (task 30): force_integral=+0.000000e+00
  [SELF][Rank 0] Done moment 31/36 (task 30): force_integral=+0.000000e+00
  [SELF][Rank 0] Done moment 31/36 (task 30): force_integral=+0.000000e+00
  [SELF][Rank 0] Done moment 31/36 (task 30): force_integral=+0.000000e+00
  [SELF][Rank 0] Done moment 31/36 (task 30): force_integral=+0.000000e+00
  [SELF][Rank 0] Done moment 31/36 (task 30): force_integral=+0.000000e+00
  [SELF][Rank 0] Done moment 31/36 (task 30): force_integral=+0.000000e+00
  [SELF][Rank 0] Done moment 31/36 (task 30): force_integral=+0.000000e+00
  [SELF][Rank 0] Done moment 31/36 (task 30): force_integral=+0.000000e+00
  [SELF][Rank 0] Done moment 31/36 (task 30): force_integral=+0.000000e+00
  [SELF][Rank 0] Done moment 31/36 (task 30): force_integral=+0.000000e+00
  [SELF][Rank 0] Done moment 31/36 (task 30): force_integral=+0.000000e+00
  [SELF][Rank 0] Done moment 31/36 (task 30): force_integral=+0.000000e+00
  [SELF][Rank 0] Done moment 31/36 (task 30): force_integral=+0.000000e+00
  [SELF][Rank 0] Done moment 31/36 (task 30): force_integral=+0.000000e+00
  [SELF][Rank 0] Done moment 31/36 (task 30): force_integral=+0.000000e+00
  [SELF][Rank 0] Done moment 31/36 (task 30): force_integral=+0.000000e+00
  [SELF][Rank 0] Done moment 31/36 (task 30): force_integral=+0.000000e+00
  [SELF][Rank 0] Done moment 31/36 (task 30): force_integral=+0.000000e+00
  [SELF][Rank 0] Done moment 31/36 (task 30): force_integral=+0.000000e+00
  [SELF][Rank 0] Done moment 31/36 (task 30): force_integral=+0.000000e+00
  [SELF][Rank 0] Done moment 31/36 (task 30): force_integral=+0.000000e+00
  [SELF][Rank 0] Done moment 31/36 (task 30): force_integral=+0.000000e+00
  [SELF][Rank 0] Done moment 31/36 (task 30): force_integral=+0.000000e+00
  [SELF][Rank 0] Done moment 31/36 (task 30): force_integral=+0.000000e+00
  [SELF][Rank 0] Done moment 31/36 (task 30): force_integral=+0.000000e+00
  [SELF][Rank 0] Done moment 31/36 (task 30): force_integral=+0.000000e+00
  [SELF][Rank 0] Done moment 31/36 (task 30): force_integral=+0.000000e+00
  [SELF][Rank 0] Done moment 31/36 (task 30): force_integral=+0.000000e+00
  [SELF][Rank 0] Done moment 31/36 (task 30): force_integral=+0.000000e+00
  [SELF][Rank 0] Done moment 31/36 (task 30): force_integral=+0.000000e+00
  [SELF][Rank 0] Done moment 31/36 (task 30): force_integral=+0.000000e+00
  [SELF][Rank 0] Done moment 31/36 (task 30): force_integral=+0.000000e+00
  [SELF][Rank 0] Done moment 31/36 (task 30): force_integral=+0.000000e+00
  [SELF][Rank 0] Done moment 31/36 (task 30): force_integral=+0.000000e+00
  [SELF][Rank 0] Done moment 31/36 (task 30): force_integral=+0.000000e+00
  [SELF][Rank 0] Done moment 31/36 (task 30): force_integral=+0.000000e+00
  [SELF][Rank 0] Done moment 31/36 (task 30): force_integral=+0.000000e+00
  [SELF][Rank 0] Done moment 31/36 (task 30): force_integral=+0.000000e+00
  [SELF][Rank 0] Done moment 31/36 (task 30): force_integral=+0.000000e+00
  [SELF][Rank 0] Done moment 31/36 (task 30): force_integral=+0.000000e+00
  [SELF][Rank 0] Done moment 31/36 (task 30): force_integral=+0.000000e+00
  [SELF][Rank 0] Done moment 31/36 (task 30): force_integral=+0.000000e+00
  [SELF][Rank 0] Done moment 31/36 (task 30): force_integral=+0.000000e+00
  [SELF][Rank 0] Done moment 31/36 (task 30): force_integral=+0.000000e+00
  [SELF][Rank 0] Done moment 31/36 (task 30): force_integral=+0.000000e+00
  [SELF][Rank 0] Done moment 31/36 (task 30): force_integral=+0.000000e+00
  [SELF][Rank 0] Done moment 31/36 (task 30): force_integral=+0.000000e+00
  [SELF][Rank 0] Done moment 31/36 (task 30): force_integral=+0.000000e+00
  [SELF][Rank 0] Done moment 31/36 (task 30): force_integral=+0.000000e+00
  [SELF][Rank 0] Done moment 31/36 (task 30): force_integral=+0.000000e+00
  [SELF][Rank 0] Done moment 32/36 (task 31): force_integral=+0.000000e+00
  [SELF][Rank 0] Done moment 32/36 (task 31): force_integral=+0.000000e+00
  [SELF][Rank 0] Done moment 32/36 (task 31): force_integral=+0.000000e+00
  [SELF][Rank 0] Done moment 32/36 (task 31): force_integral=+0.000000e+00
  [SELF][Rank 0] Done moment 32/36 (task 31): force_integral=+0.000000e+00
  [SELF][Rank 0] Done moment 32/36 (task 31): force_integral=+0.000000e+00
  [SELF][Rank 0] Done moment 32/36 (task 31): force_integral=+0.000000e+00
  [SELF][Rank 0] Done moment 32/36 (task 31): force_integral=+0.000000e+00
  [SELF][Rank 0] Done moment 32/36 (task 31): force_integral=+0.000000e+00
  [SELF][Rank 0] Done moment 32/36 (task 31): force_integral=+0.000000e+00
  [SELF][Rank 0] Done moment 32/36 (task 31): force_integral=+0.000000e+00
  [SELF][Rank 0] Done moment 32/36 (task 31): force_integral=+0.000000e+00
  [SELF][Rank 0] Done moment 32/36 (task 31): force_integral=+0.000000e+00
  [SELF][Rank 0] Done moment 32/36 (task 31): force_integral=+0.000000e+00
  [SELF][Rank 0] Done moment 32/36 (task 31): force_integral=+0.000000e+00
  [SELF][Rank 0] Done moment 32/36 (task 31): force_integral=+0.000000e+00
  [SELF][Rank 0] Done moment 32/36 (task 31): force_integral=+0.000000e+00
  [SELF][Rank 0] Done moment 32/36 (task 31): force_integral=+0.000000e+00
  [SELF][Rank 0] Done moment 32/36 (task 31): force_integral=+0.000000e+00
  [SELF][Rank 0] Done moment 32/36 (task 31): force_integral=+0.000000e+00
  [SELF][Rank 0] Done moment 32/36 (task 31): force_integral=+0.000000e+00
  [SELF][Rank 0] Done moment 32/36 (task 31): force_integral=+0.000000e+00
  [SELF][Rank 0] Done moment 32/36 (task 31): force_integral=+0.000000e+00
  [SELF][Rank 0] Done moment 32/36 (task 31): force_integral=+0.000000e+00
  [SELF][Rank 0] Done moment 32/36 (task 31): force_integral=+0.000000e+00
  [SELF][Rank 0] Done moment 32/36 (task 31): force_integral=+0.000000e+00
  [SELF][Rank 0] Done moment 32/36 (task 31): force_integral=+0.000000e+00
  [SELF][Rank 0] Done moment 32/36 (task 31): force_integral=+0.000000e+00
  [SELF][Rank 0] Done moment 32/36 (task 31): force_integral=+0.000000e+00
  [SELF][Rank 0] Done moment 32/36 (task 31): force_integral=+0.000000e+00
  [SELF][Rank 0] Done moment 32/36 (task 31): force_integral=+0.000000e+00
  [SELF][Rank 0] Done moment 32/36 (task 31): force_integral=+0.000000e+00
  [SELF][Rank 0] Done moment 32/36 (task 31): force_integral=+0.000000e+00
  [SELF][Rank 0] Done moment 32/36 (task 31): force_integral=+0.000000e+00
  [SELF][Rank 0] Done moment 32/36 (task 31): force_integral=+0.000000e+00
  [SELF][Rank 0] Done moment 32/36 (task 31): force_integral=+0.000000e+00
  [SELF][Rank 0] Done moment 32/36 (task 31): force_integral=+0.000000e+00
  [SELF][Rank 0] Done moment 32/36 (task 31): force_integral=+0.000000e+00
  [SELF][Rank 0] Done moment 32/36 (task 31): force_integral=+0.000000e+00
  [SELF][Rank 0] Done moment 32/36 (task 31): force_integral=+0.000000e+00
  [SELF][Rank 0] Done moment 32/36 (task 31): force_integral=+0.000000e+00
  [SELF][Rank 0] Done moment 32/36 (task 31): force_integral=+0.000000e+00
  [SELF][Rank 0] Done moment 32/36 (task 31): force_integral=+0.000000e+00
  [SELF][Rank 0] Done moment 32/36 (task 31): force_integral=+0.000000e+00
  [SELF][Rank 0] Done moment 32/36 (task 31): force_integral=+0.000000e+00
  [SELF][Rank 0] Done moment 32/36 (task 31): force_integral=+0.000000e+00
  [SELF][Rank 0] Done moment 32/36 (task 31): force_integral=+0.000000e+00
  [SELF][Rank 0] Done moment 32/36 (task 31): force_integral=+0.000000e+00
  [SELF][Rank 0] Done moment 32/36 (task 31): force_integral=+0.000000e+00
  [SELF][Rank 0] Done moment 32/36 (task 31): force_integral=+0.000000e+00
  [SELF][Rank 0] Done moment 32/36 (task 31): force_integral=+0.000000e+00
  [SELF][Rank 0] Done moment 32/36 (task 31): force_integral=+0.000000e+00
  [SELF][Rank 0] Done moment 32/36 (task 31): force_integral=+0.000000e+00
  [SELF][Rank 0] Done moment 32/36 (task 31): force_integral=+0.000000e+00
  [SELF][Rank 0] Done moment 32/36 (task 31): force_integral=+0.000000e+00
  [SELF][Rank 0] Done moment 32/36 (task 31): force_integral=+0.000000e+00
  [SELF][Rank 0] Done moment 32/36 (task 31): force_integral=+0.000000e+00
  [SELF][Rank 0] Done moment 32/36 (task 31): force_integral=+0.000000e+00
  [SELF][Rank 0] Done moment 32/36 (task 31): force_integral=+0.000000e+00
  [SELF][Rank 0] Done moment 32/36 (task 31): force_integral=+0.000000e+00
  [SELF][Rank 0] Done moment 32/36 (task 31): force_integral=+0.000000e+00
  [SELF][Rank 0] Done moment 32/36 (task 31): force_integral=+0.000000e+00
  [SELF][Rank 0] Done moment 32/36 (task 31): force_integral=+0.000000e+00
  [SELF][Rank 0] Done moment 32/36 (task 31): force_integral=+0.000000e+00
  [SELF][Rank 0] Done moment 32/36 (task 31): force_integral=+0.000000e+00
  [SELF][Rank 0] Done moment 32/36 (task 31): force_integral=+0.000000e+00
  [SELF][Rank 0] Done moment 32/36 (task 31): force_integral=+0.000000e+00
  [SELF][Rank 0] Done moment 32/36 (task 31): force_integral=+0.000000e+00
  [SELF][Rank 0] Done moment 32/36 (task 31): force_integral=+0.000000e+00
  [SELF][Rank 0] Done moment 32/36 (task 31): force_integral=+0.000000e+00
  [SELF][Rank 0] Done moment 32/36 (task 31): force_integral=+0.000000e+00
  [SELF][Rank 0] Done moment 32/36 (task 31): force_integral=+0.000000e+00
  [SELF][Rank 0] Done moment 32/36 (task 31): force_integral=+0.000000e+00
  [SELF][Rank 0] Done moment 32/36 (task 31): force_integral=+0.000000e+00
  [SELF][Rank 0] Done moment 32/36 (task 31): force_integral=+0.000000e+00
  [SELF][Rank 0] Done moment 32/36 (task 31): force_integral=+0.000000e+00
  [SELF][Rank 0] Done moment 32/36 (task 31): force_integral=+0.000000e+00
  [SELF][Rank 0] Done moment 32/36 (task 31): force_integral=+0.000000e+00
  [SELF][Rank 0] Done moment 32/36 (task 31): force_integral=+0.000000e+00
  [SELF][Rank 0] Done moment 32/36 (task 31): force_integral=+0.000000e+00
  [SELF][Rank 0] Done moment 32/36 (task 31): force_integral=+0.000000e+00
  [SELF][Rank 0] Done moment 32/36 (task 31): force_integral=+0.000000e+00
  [SELF][Rank 0] Done moment 32/36 (task 31): force_integral=+0.000000e+00
  [SELF][Rank 0] Done moment 32/36 (task 31): force_integral=+0.000000e+00
  [SELF][Rank 0] Done moment 32/36 (task 31): force_integral=+0.000000e+00
  [SELF][Rank 0] Done moment 32/36 (task 31): force_integral=+0.000000e+00
  [SELF][Rank 0] Done moment 32/36 (task 31): force_integral=+0.000000e+00
  [SELF][Rank 0] Done moment 32/36 (task 31): force_integral=+0.000000e+00
  [SELF][Rank 0] Done moment 32/36 (task 31): force_integral=+0.000000e+00
  [SELF][Rank 0] Done moment 32/36 (task 31): force_integral=+0.000000e+00
  [SELF][Rank 0] Done moment 32/36 (task 31): force_integral=+0.000000e+00
  [SELF][Rank 0] Done moment 32/36 (task 31): force_integral=+0.000000e+00
  [SELF][Rank 0] Done moment 32/36 (task 31): force_integral=+0.000000e+00
  [SELF][Rank 0] Done moment 32/36 (task 31): force_integral=+0.000000e+00
  [SELF][Rank 0] Done moment 32/36 (task 31): force_integral=+0.000000e+00
  [SELF][Rank 0] Done moment 32/36 (task 31): force_integral=+0.000000e+00
  [SELF][Rank 0] Done moment 32/36 (task 31): force_integral=+0.000000e+00
  [SELF][Rank 0] Done moment 32/36 (task 31): force_integral=+0.000000e+00
  [SELF][Rank 0] Done moment 32/36 (task 31): force_integral=+0.000000e+00
  [SELF][Rank 0] Done moment 32/36 (task 31): force_integral=+0.000000e+00
  [SELF][Rank 0] Done moment 32/36 (task 31): force_integral=+0.000000e+00
  [SELF][Rank 0] Done moment 32/36 (task 31): force_integral=+0.000000e+00
  [SELF][Rank 0] Done moment 32/36 (task 31): force_integral=+0.000000e+00
  [SELF][Rank 0] Done moment 32/36 (task 31): force_integral=+0.000000e+00
  [SELF][Rank 0] Done moment 32/36 (task 31): force_integral=+0.000000e+00
  [SELF][Rank 0] Done moment 32/36 (task 31): force_integral=+0.000000e+00
  [SELF][Rank 0] Done moment 32/36 (task 31): force_integral=+0.000000e+00
  [SELF][Rank 0] Done moment 32/36 (task 31): force_integral=+0.000000e+00
  [SELF][Rank 0] Done moment 32/36 (task 31): force_integral=+0.000000e+00
  [SELF][Rank 0] Done moment 32/36 (task 31): force_integral=+0.000000e+00
  [SELF][Rank 0] Done moment 32/36 (task 31): force_integral=+0.000000e+00
  [SELF][Rank 0] Done moment 32/36 (task 31): force_integral=+0.000000e+00
  [SELF][Rank 0] Done moment 32/36 (task 31): force_integral=+0.000000e+00
  [SELF][Rank 0] Done moment 32/36 (task 31): force_integral=+0.000000e+00
  [SELF][Rank 0] Done moment 32/36 (task 31): force_integral=+0.000000e+00
  [SELF][Rank 0] Done moment 32/36 (task 31): force_integral=+0.000000e+00
  [SELF][Rank 0] Done moment 32/36 (task 31): force_integral=+0.000000e+00
  [SELF][Rank 0] Done moment 32/36 (task 31): force_integral=+0.000000e+00
  [SELF][Rank 0] Done moment 32/36 (task 31): force_integral=+0.000000e+00
  [SELF][Rank 0] Done moment 32/36 (task 31): force_integral=+0.000000e+00
  [SELF][Rank 0] Done moment 32/36 (task 31): force_integral=+0.000000e+00
  [SELF][Rank 0] Done moment 32/36 (task 31): force_integral=+0.000000e+00
  [SELF][Rank 0] Done moment 32/36 (task 31): force_integral=+0.000000e+00
  [SELF][Rank 0] Done moment 32/36 (task 31): force_integral=+0.000000e+00
  [SELF][Rank 0] Done moment 32/36 (task 31): force_integral=+0.000000e+00
  [SELF][Rank 0] Done moment 32/36 (task 31): force_integral=+0.000000e+00
  [SELF][Rank 0] Done moment 32/36 (task 31): force_integral=+0.000000e+00
  [SELF][Rank 0] Done moment 32/36 (task 31): force_integral=+0.000000e+00
  [SELF][Rank 0] Done moment 33/36 (task 32): force_integral=+0.000000e+00
  [SELF][Rank 0] Done moment 33/36 (task 32): force_integral=+0.000000e+00
  [SELF][Rank 0] Done moment 33/36 (task 32): force_integral=+0.000000e+00
  [SELF][Rank 0] Done moment 33/36 (task 32): force_integral=+0.000000e+00
  [SELF][Rank 0] Done moment 33/36 (task 32): force_integral=+0.000000e+00
  [SELF][Rank 0] Done moment 33/36 (task 32): force_integral=+0.000000e+00
  [SELF][Rank 0] Done moment 33/36 (task 32): force_integral=+0.000000e+00
  [SELF][Rank 0] Done moment 33/36 (task 32): force_integral=+0.000000e+00
  [SELF][Rank 0] Done moment 33/36 (task 32): force_integral=+0.000000e+00
  [SELF][Rank 0] Done moment 33/36 (task 32): force_integral=+0.000000e+00
  [SELF][Rank 0] Done moment 33/36 (task 32): force_integral=+0.000000e+00
  [SELF][Rank 0] Done moment 33/36 (task 32): force_integral=+0.000000e+00
  [SELF][Rank 0] Done moment 33/36 (task 32): force_integral=+0.000000e+00
  [SELF][Rank 0] Done moment 33/36 (task 32): force_integral=+0.000000e+00
  [SELF][Rank 0] Done moment 33/36 (task 32): force_integral=+0.000000e+00
  [SELF][Rank 0] Done moment 33/36 (task 32): force_integral=+0.000000e+00
  [SELF][Rank 0] Done moment 33/36 (task 32): force_integral=+0.000000e+00
  [SELF][Rank 0] Done moment 33/36 (task 32): force_integral=+0.000000e+00
  [SELF][Rank 0] Done moment 33/36 (task 32): force_integral=+0.000000e+00
  [SELF][Rank 0] Done moment 33/36 (task 32): force_integral=+0.000000e+00
  [SELF][Rank 0] Done moment 33/36 (task 32): force_integral=+0.000000e+00
  [SELF][Rank 0] Done moment 33/36 (task 32): force_integral=+0.000000e+00
  [SELF][Rank 0] Done moment 33/36 (task 32): force_integral=+0.000000e+00
  [SELF][Rank 0] Done moment 33/36 (task 32): force_integral=+0.000000e+00
  [SELF][Rank 0] Done moment 33/36 (task 32): force_integral=+0.000000e+00
  [SELF][Rank 0] Done moment 33/36 (task 32): force_integral=+0.000000e+00
  [SELF][Rank 0] Done moment 33/36 (task 32): force_integral=+0.000000e+00
  [SELF][Rank 0] Done moment 33/36 (task 32): force_integral=+0.000000e+00
  [SELF][Rank 0] Done moment 33/36 (task 32): force_integral=+0.000000e+00
  [SELF][Rank 0] Done moment 33/36 (task 32): force_integral=+0.000000e+00
  [SELF][Rank 0] Done moment 33/36 (task 32): force_integral=+0.000000e+00
  [SELF][Rank 0] Done moment 33/36 (task 32): force_integral=+0.000000e+00
  [SELF][Rank 0] Done moment 33/36 (task 32): force_integral=+0.000000e+00
  [SELF][Rank 0] Done moment 33/36 (task 32): force_integral=+0.000000e+00
  [SELF][Rank 0] Done moment 33/36 (task 32): force_integral=+0.000000e+00
  [SELF][Rank 0] Done moment 33/36 (task 32): force_integral=+0.000000e+00
  [SELF][Rank 0] Done moment 33/36 (task 32): force_integral=+0.000000e+00
  [SELF][Rank 0] Done moment 33/36 (task 32): force_integral=+0.000000e+00
  [SELF][Rank 0] Done moment 33/36 (task 32): force_integral=+0.000000e+00
  [SELF][Rank 0] Done moment 33/36 (task 32): force_integral=+0.000000e+00
  [SELF][Rank 0] Done moment 33/36 (task 32): force_integral=+0.000000e+00
  [SELF][Rank 0] Done moment 33/36 (task 32): force_integral=+0.000000e+00
  [SELF][Rank 0] Done moment 33/36 (task 32): force_integral=+0.000000e+00
  [SELF][Rank 0] Done moment 33/36 (task 32): force_integral=+0.000000e+00
  [SELF][Rank 0] Done moment 33/36 (task 32): force_integral=+0.000000e+00
  [SELF][Rank 0] Done moment 33/36 (task 32): force_integral=+0.000000e+00
  [SELF][Rank 0] Done moment 33/36 (task 32): force_integral=+0.000000e+00
  [SELF][Rank 0] Done moment 33/36 (task 32): force_integral=+0.000000e+00
  [SELF][Rank 0] Done moment 33/36 (task 32): force_integral=+0.000000e+00
  [SELF][Rank 0] Done moment 33/36 (task 32): force_integral=+0.000000e+00
  [SELF][Rank 0] Done moment 33/36 (task 32): force_integral=+0.000000e+00
  [SELF][Rank 0] Done moment 33/36 (task 32): force_integral=+0.000000e+00
  [SELF][Rank 0] Done moment 33/36 (task 32): force_integral=+0.000000e+00
  [SELF][Rank 0] Done moment 33/36 (task 32): force_integral=+0.000000e+00
  [SELF][Rank 0] Done moment 33/36 (task 32): force_integral=+0.000000e+00
  [SELF][Rank 0] Done moment 33/36 (task 32): force_integral=+0.000000e+00
  [SELF][Rank 0] Done moment 33/36 (task 32): force_integral=+0.000000e+00
  [SELF][Rank 0] Done moment 33/36 (task 32): force_integral=+0.000000e+00
  [SELF][Rank 0] Done moment 33/36 (task 32): force_integral=+0.000000e+00
  [SELF][Rank 0] Done moment 33/36 (task 32): force_integral=+0.000000e+00
  [SELF][Rank 0] Done moment 33/36 (task 32): force_integral=+0.000000e+00
  [SELF][Rank 0] Done moment 33/36 (task 32): force_integral=+0.000000e+00
  [SELF][Rank 0] Done moment 33/36 (task 32): force_integral=+0.000000e+00
  [SELF][Rank 0] Done moment 33/36 (task 32): force_integral=+0.000000e+00
  [SELF][Rank 0] Done moment 33/36 (task 32): force_integral=+0.000000e+00
  [SELF][Rank 0] Done moment 33/36 (task 32): force_integral=+0.000000e+00
  [SELF][Rank 0] Done moment 33/36 (task 32): force_integral=+0.000000e+00
  [SELF][Rank 0] Done moment 33/36 (task 32): force_integral=+0.000000e+00
  [SELF][Rank 0] Done moment 33/36 (task 32): force_integral=+0.000000e+00
  [SELF][Rank 0] Done moment 33/36 (task 32): force_integral=+0.000000e+00
  [SELF][Rank 0] Done moment 33/36 (task 32): force_integral=+0.000000e+00
  [SELF][Rank 0] Done moment 33/36 (task 32): force_integral=+0.000000e+00
  [SELF][Rank 0] Done moment 33/36 (task 32): force_integral=+0.000000e+00
  [SELF][Rank 0] Done moment 33/36 (task 32): force_integral=+0.000000e+00
  [SELF][Rank 0] Done moment 33/36 (task 32): force_integral=+0.000000e+00
  [SELF][Rank 0] Done moment 33/36 (task 32): force_integral=+0.000000e+00
  [SELF][Rank 0] Done moment 33/36 (task 32): force_integral=+0.000000e+00
  [SELF][Rank 0] Done moment 33/36 (task 32): force_integral=+0.000000e+00
  [SELF][Rank 0] Done moment 33/36 (task 32): force_integral=+0.000000e+00
  [SELF][Rank 0] Done moment 33/36 (task 32): force_integral=+0.000000e+00
  [SELF][Rank 0] Done moment 33/36 (task 32): force_integral=+0.000000e+00
  [SELF][Rank 0] Done moment 33/36 (task 32): force_integral=+0.000000e+00
  [SELF][Rank 0] Done moment 33/36 (task 32): force_integral=+0.000000e+00
  [SELF][Rank 0] Done moment 33/36 (task 32): force_integral=+0.000000e+00
  [SELF][Rank 0] Done moment 33/36 (task 32): force_integral=+0.000000e+00
  [SELF][Rank 0] Done moment 33/36 (task 32): force_integral=+0.000000e+00
  [SELF][Rank 0] Done moment 33/36 (task 32): force_integral=+0.000000e+00
  [SELF][Rank 0] Done moment 33/36 (task 32): force_integral=+0.000000e+00
  [SELF][Rank 0] Done moment 33/36 (task 32): force_integral=+0.000000e+00
  [SELF][Rank 0] Done moment 33/36 (task 32): force_integral=+0.000000e+00
  [SELF][Rank 0] Done moment 33/36 (task 32): force_integral=+0.000000e+00
  [SELF][Rank 0] Done moment 33/36 (task 32): force_integral=+0.000000e+00
  [SELF][Rank 0] Done moment 33/36 (task 32): force_integral=+0.000000e+00
  [SELF][Rank 0] Done moment 33/36 (task 32): force_integral=+0.000000e+00
  [SELF][Rank 0] Done moment 33/36 (task 32): force_integral=+0.000000e+00
  [SELF][Rank 0] Done moment 33/36 (task 32): force_integral=+0.000000e+00
  [SELF][Rank 0] Done moment 33/36 (task 32): force_integral=+0.000000e+00
  [SELF][Rank 0] Done moment 33/36 (task 32): force_integral=+0.000000e+00
  [SELF][Rank 0] Done moment 33/36 (task 32): force_integral=+0.000000e+00
  [SELF][Rank 0] Done moment 33/36 (task 32): force_integral=+0.000000e+00
  [SELF][Rank 0] Done moment 33/36 (task 32): force_integral=+0.000000e+00
  [SELF][Rank 0] Done moment 33/36 (task 32): force_integral=+0.000000e+00
  [SELF][Rank 0] Done moment 33/36 (task 32): force_integral=+0.000000e+00
  [SELF][Rank 0] Done moment 33/36 (task 32): force_integral=+0.000000e+00
  [SELF][Rank 0] Done moment 33/36 (task 32): force_integral=+0.000000e+00
  [SELF][Rank 0] Done moment 33/36 (task 32): force_integral=+0.000000e+00
  [SELF][Rank 0] Done moment 33/36 (task 32): force_integral=+0.000000e+00
  [SELF][Rank 0] Done moment 33/36 (task 32): force_integral=+0.000000e+00
  [SELF][Rank 0] Done moment 33/36 (task 32): force_integral=+0.000000e+00
  [SELF][Rank 0] Done moment 33/36 (task 32): force_integral=+0.000000e+00
  [SELF][Rank 0] Done moment 33/36 (task 32): force_integral=+0.000000e+00
  [SELF][Rank 0] Done moment 33/36 (task 32): force_integral=+0.000000e+00
  [SELF][Rank 0] Done moment 33/36 (task 32): force_integral=+0.000000e+00
  [SELF][Rank 0] Done moment 33/36 (task 32): force_integral=+0.000000e+00
  [SELF][Rank 0] Done moment 33/36 (task 32): force_integral=+0.000000e+00
  [SELF][Rank 0] Done moment 33/36 (task 32): force_integral=+0.000000e+00
  [SELF][Rank 0] Done moment 33/36 (task 32): force_integral=+0.000000e+00
  [SELF][Rank 0] Done moment 33/36 (task 32): force_integral=+0.000000e+00
  [SELF][Rank 0] Done moment 33/36 (task 32): force_integral=+0.000000e+00
  [SELF][Rank 0] Done moment 33/36 (task 32): force_integral=+0.000000e+00
  [SELF][Rank 0] Done moment 33/36 (task 32): force_integral=+0.000000e+00
  [SELF][Rank 0] Done moment 33/36 (task 32): force_integral=+0.000000e+00
  [SELF][Rank 0] Done moment 33/36 (task 32): force_integral=+0.000000e+00
  [SELF][Rank 0] Done moment 33/36 (task 32): force_integral=+0.000000e+00
  [SELF][Rank 0] Done moment 33/36 (task 32): force_integral=+0.000000e+00
  [SELF][Rank 0] Done moment 33/36 (task 32): force_integral=+0.000000e+00
  [SELF][Rank 0] Done moment 33/36 (task 32): force_integral=+0.000000e+00
  [SELF][Rank 0] Done moment 33/36 (task 32): force_integral=+0.000000e+00
  [SELF][Rank 0] Done moment 34/36 (task 33): force_integral=+0.000000e+00
  [SELF][Rank 0] Done moment 34/36 (task 33): force_integral=+0.000000e+00
  [SELF][Rank 0] Done moment 34/36 (task 33): force_integral=+0.000000e+00
  [SELF][Rank 0] Done moment 34/36 (task 33): force_integral=+0.000000e+00
  [SELF][Rank 0] Done moment 34/36 (task 33): force_integral=+0.000000e+00
  [SELF][Rank 0] Done moment 34/36 (task 33): force_integral=+0.000000e+00
  [SELF][Rank 0] Done moment 34/36 (task 33): force_integral=+0.000000e+00
  [SELF][Rank 0] Done moment 34/36 (task 33): force_integral=+0.000000e+00
  [SELF][Rank 0] Done moment 34/36 (task 33): force_integral=+0.000000e+00
  [SELF][Rank 0] Done moment 34/36 (task 33): force_integral=+0.000000e+00
  [SELF][Rank 0] Done moment 34/36 (task 33): force_integral=+0.000000e+00
  [SELF][Rank 0] Done moment 34/36 (task 33): force_integral=+0.000000e+00
  [SELF][Rank 0] Done moment 34/36 (task 33): force_integral=+0.000000e+00
  [SELF][Rank 0] Done moment 34/36 (task 33): force_integral=+0.000000e+00
  [SELF][Rank 0] Done moment 34/36 (task 33): force_integral=+0.000000e+00
  [SELF][Rank 0] Done moment 34/36 (task 33): force_integral=+0.000000e+00
  [SELF][Rank 0] Done moment 34/36 (task 33): force_integral=+0.000000e+00
  [SELF][Rank 0] Done moment 34/36 (task 33): force_integral=+0.000000e+00
  [SELF][Rank 0] Done moment 34/36 (task 33): force_integral=+0.000000e+00
  [SELF][Rank 0] Done moment 34/36 (task 33): force_integral=+0.000000e+00
  [SELF][Rank 0] Done moment 34/36 (task 33): force_integral=+0.000000e+00
  [SELF][Rank 0] Done moment 34/36 (task 33): force_integral=+0.000000e+00
  [SELF][Rank 0] Done moment 34/36 (task 33): force_integral=+0.000000e+00
  [SELF][Rank 0] Done moment 34/36 (task 33): force_integral=+0.000000e+00
  [SELF][Rank 0] Done moment 34/36 (task 33): force_integral=+0.000000e+00
  [SELF][Rank 0] Done moment 34/36 (task 33): force_integral=+0.000000e+00
  [SELF][Rank 0] Done moment 34/36 (task 33): force_integral=+0.000000e+00
  [SELF][Rank 0] Done moment 34/36 (task 33): force_integral=+0.000000e+00
  [SELF][Rank 0] Done moment 34/36 (task 33): force_integral=+0.000000e+00
  [SELF][Rank 0] Done moment 34/36 (task 33): force_integral=+0.000000e+00
  [SELF][Rank 0] Done moment 34/36 (task 33): force_integral=+0.000000e+00
  [SELF][Rank 0] Done moment 34/36 (task 33): force_integral=+0.000000e+00
  [SELF][Rank 0] Done moment 34/36 (task 33): force_integral=+0.000000e+00
  [SELF][Rank 0] Done moment 34/36 (task 33): force_integral=+0.000000e+00
  [SELF][Rank 0] Done moment 34/36 (task 33): force_integral=+0.000000e+00
  [SELF][Rank 0] Done moment 34/36 (task 33): force_integral=+0.000000e+00
  [SELF][Rank 0] Done moment 34/36 (task 33): force_integral=+0.000000e+00
  [SELF][Rank 0] Done moment 34/36 (task 33): force_integral=+0.000000e+00
  [SELF][Rank 0] Done moment 34/36 (task 33): force_integral=+0.000000e+00
  [SELF][Rank 0] Done moment 34/36 (task 33): force_integral=+0.000000e+00
  [SELF][Rank 0] Done moment 34/36 (task 33): force_integral=+0.000000e+00
  [SELF][Rank 0] Done moment 34/36 (task 33): force_integral=+0.000000e+00
  [SELF][Rank 0] Done moment 34/36 (task 33): force_integral=+0.000000e+00
  [SELF][Rank 0] Done moment 34/36 (task 33): force_integral=+0.000000e+00
  [SELF][Rank 0] Done moment 34/36 (task 33): force_integral=+0.000000e+00
  [SELF][Rank 0] Done moment 34/36 (task 33): force_integral=+0.000000e+00
  [SELF][Rank 0] Done moment 34/36 (task 33): force_integral=+0.000000e+00
  [SELF][Rank 0] Done moment 34/36 (task 33): force_integral=+0.000000e+00
  [SELF][Rank 0] Done moment 34/36 (task 33): force_integral=+0.000000e+00
  [SELF][Rank 0] Done moment 34/36 (task 33): force_integral=+0.000000e+00
  [SELF][Rank 0] Done moment 34/36 (task 33): force_integral=+0.000000e+00
  [SELF][Rank 0] Done moment 34/36 (task 33): force_integral=+0.000000e+00
  [SELF][Rank 0] Done moment 34/36 (task 33): force_integral=+0.000000e+00
  [SELF][Rank 0] Done moment 34/36 (task 33): force_integral=+0.000000e+00
  [SELF][Rank 0] Done moment 34/36 (task 33): force_integral=+0.000000e+00
  [SELF][Rank 0] Done moment 34/36 (task 33): force_integral=+0.000000e+00
  [SELF][Rank 0] Done moment 34/36 (task 33): force_integral=+0.000000e+00
  [SELF][Rank 0] Done moment 34/36 (task 33): force_integral=+0.000000e+00
  [SELF][Rank 0] Done moment 34/36 (task 33): force_integral=+0.000000e+00
  [SELF][Rank 0] Done moment 34/36 (task 33): force_integral=+0.000000e+00
  [SELF][Rank 0] Done moment 34/36 (task 33): force_integral=+0.000000e+00
  [SELF][Rank 0] Done moment 34/36 (task 33): force_integral=+0.000000e+00
  [SELF][Rank 0] Done moment 34/36 (task 33): force_integral=+0.000000e+00
  [SELF][Rank 0] Done moment 34/36 (task 33): force_integral=+0.000000e+00
  [SELF][Rank 0] Done moment 34/36 (task 33): force_integral=+0.000000e+00
  [SELF][Rank 0] Done moment 34/36 (task 33): force_integral=+0.000000e+00
  [SELF][Rank 0] Done moment 34/36 (task 33): force_integral=+0.000000e+00
  [SELF][Rank 0] Done moment 34/36 (task 33): force_integral=+0.000000e+00
  [SELF][Rank 0] Done moment 34/36 (task 33): force_integral=+0.000000e+00
  [SELF][Rank 0] Done moment 34/36 (task 33): force_integral=+0.000000e+00
  [SELF][Rank 0] Done moment 34/36 (task 33): force_integral=+0.000000e+00
  [SELF][Rank 0] Done moment 34/36 (task 33): force_integral=+0.000000e+00
  [SELF][Rank 0] Done moment 34/36 (task 33): force_integral=+0.000000e+00
  [SELF][Rank 0] Done moment 34/36 (task 33): force_integral=+0.000000e+00
  [SELF][Rank 0] Done moment 34/36 (task 33): force_integral=+0.000000e+00
  [SELF][Rank 0] Done moment 34/36 (task 33): force_integral=+0.000000e+00
  [SELF][Rank 0] Done moment 34/36 (task 33): force_integral=+0.000000e+00
  [SELF][Rank 0] Done moment 34/36 (task 33): force_integral=+0.000000e+00
  [SELF][Rank 0] Done moment 34/36 (task 33): force_integral=+0.000000e+00
  [SELF][Rank 0] Done moment 34/36 (task 33): force_integral=+0.000000e+00
  [SELF][Rank 0] Done moment 34/36 (task 33): force_integral=+0.000000e+00
  [SELF][Rank 0] Done moment 34/36 (task 33): force_integral=+0.000000e+00
  [SELF][Rank 0] Done moment 34/36 (task 33): force_integral=+0.000000e+00
  [SELF][Rank 0] Done moment 34/36 (task 33): force_integral=+0.000000e+00
  [SELF][Rank 0] Done moment 34/36 (task 33): force_integral=+0.000000e+00
  [SELF][Rank 0] Done moment 34/36 (task 33): force_integral=+0.000000e+00
  [SELF][Rank 0] Done moment 34/36 (task 33): force_integral=+0.000000e+00
  [SELF][Rank 0] Done moment 34/36 (task 33): force_integral=+0.000000e+00
  [SELF][Rank 0] Done moment 34/36 (task 33): force_integral=+0.000000e+00
  [SELF][Rank 0] Done moment 34/36 (task 33): force_integral=+0.000000e+00
  [SELF][Rank 0] Done moment 34/36 (task 33): force_integral=+0.000000e+00
  [SELF][Rank 0] Done moment 34/36 (task 33): force_integral=+0.000000e+00
  [SELF][Rank 0] Done moment 34/36 (task 33): force_integral=+0.000000e+00
  [SELF][Rank 0] Done moment 34/36 (task 33): force_integral=+0.000000e+00
  [SELF][Rank 0] Done moment 34/36 (task 33): force_integral=+0.000000e+00
  [SELF][Rank 0] Done moment 34/36 (task 33): force_integral=+0.000000e+00
  [SELF][Rank 0] Done moment 34/36 (task 33): force_integral=+0.000000e+00
  [SELF][Rank 0] Done moment 34/36 (task 33): force_integral=+0.000000e+00
  [SELF][Rank 0] Done moment 34/36 (task 33): force_integral=+0.000000e+00
  [SELF][Rank 0] Done moment 34/36 (task 33): force_integral=+0.000000e+00
  [SELF][Rank 0] Done moment 34/36 (task 33): force_integral=+0.000000e+00
  [SELF][Rank 0] Done moment 34/36 (task 33): force_integral=+0.000000e+00
  [SELF][Rank 0] Done moment 34/36 (task 33): force_integral=+0.000000e+00
  [SELF][Rank 0] Done moment 34/36 (task 33): force_integral=+0.000000e+00
  [SELF][Rank 0] Done moment 34/36 (task 33): force_integral=+0.000000e+00
  [SELF][Rank 0] Done moment 34/36 (task 33): force_integral=+0.000000e+00
  [SELF][Rank 0] Done moment 34/36 (task 33): force_integral=+0.000000e+00
  [SELF][Rank 0] Done moment 34/36 (task 33): force_integral=+0.000000e+00
  [SELF][Rank 0] Done moment 34/36 (task 33): force_integral=+0.000000e+00
  [SELF][Rank 0] Done moment 34/36 (task 33): force_integral=+0.000000e+00
  [SELF][Rank 0] Done moment 34/36 (task 33): force_integral=+0.000000e+00
  [SELF][Rank 0] Done moment 34/36 (task 33): force_integral=+0.000000e+00
  [SELF][Rank 0] Done moment 34/36 (task 33): force_integral=+0.000000e+00
  [SELF][Rank 0] Done moment 34/36 (task 33): force_integral=+0.000000e+00
  [SELF][Rank 0] Done moment 34/36 (task 33): force_integral=+0.000000e+00
  [SELF][Rank 0] Done moment 34/36 (task 33): force_integral=+0.000000e+00
  [SELF][Rank 0] Done moment 34/36 (task 33): force_integral=+0.000000e+00
  [SELF][Rank 0] Done moment 34/36 (task 33): force_integral=+0.000000e+00
  [SELF][Rank 0] Done moment 34/36 (task 33): force_integral=+0.000000e+00
  [SELF][Rank 0] Done moment 34/36 (task 33): force_integral=+0.000000e+00
  [SELF][Rank 0] Done moment 34/36 (task 33): force_integral=+0.000000e+00
  [SELF][Rank 0] Done moment 34/36 (task 33): force_integral=+0.000000e+00
  [SELF][Rank 0] Done moment 34/36 (task 33): force_integral=+0.000000e+00
  [SELF][Rank 0] Done moment 34/36 (task 33): force_integral=+0.000000e+00
  [SELF][Rank 0] Done moment 34/36 (task 33): force_integral=+0.000000e+00
  [SELF][Rank 0] Done moment 34/36 (task 33): force_integral=+0.000000e+00
  [SELF][Rank 0] Done moment 34/36 (task 33): force_integral=+0.000000e+00
  [SELF][Rank 0] Done moment 34/36 (task 33): force_integral=+0.000000e+00
  [SELF][Rank 0] Done moment 35/36 (task 34): force_integral=+4.971289e+03
  [SELF][Rank 0] Done moment 35/36 (task 34): force_integral=+4.971289e+03
  [SELF][Rank 0] Done moment 35/36 (task 34): force_integral=+4.971289e+03
  [SELF][Rank 0] Done moment 35/36 (task 34): force_integral=+4.971289e+03
  [SELF][Rank 0] Done moment 35/36 (task 34): force_integral=+4.971289e+03
  [SELF][Rank 0] Done moment 35/36 (task 34): force_integral=+4.971289e+03
  [SELF][Rank 0] Done moment 35/36 (task 34): force_integral=+4.971289e+03
  [SELF][Rank 0] Done moment 35/36 (task 34): force_integral=+4.971289e+03
  [SELF][Rank 0] Done moment 35/36 (task 34): force_integral=+4.971289e+03
  [SELF][Rank 0] Done moment 35/36 (task 34): force_integral=+4.971289e+03
  [SELF][Rank 0] Done moment 35/36 (task 34): force_integral=+4.971289e+03
  [SELF][Rank 0] Done moment 35/36 (task 34): force_integral=+4.971289e+03
  [SELF][Rank 0] Done moment 35/36 (task 34): force_integral=+4.971289e+03
  [SELF][Rank 0] Done moment 35/36 (task 34): force_integral=+4.971289e+03
  [SELF][Rank 0] Done moment 35/36 (task 34): force_integral=+4.971289e+03
  [SELF][Rank 0] Done moment 35/36 (task 34): force_integral=+4.971289e+03
  [SELF][Rank 0] Done moment 35/36 (task 34): force_integral=+4.971289e+03
  [SELF][Rank 0] Done moment 35/36 (task 34): force_integral=+4.971289e+03
  [SELF][Rank 0] Done moment 35/36 (task 34): force_integral=+4.971289e+03
  [SELF][Rank 0] Done moment 35/36 (task 34): force_integral=+4.971289e+03
  [SELF][Rank 0] Done moment 35/36 (task 34): force_integral=+4.971289e+03
  [SELF][Rank 0] Done moment 35/36 (task 34): force_integral=+4.971289e+03
  [SELF][Rank 0] Done moment 35/36 (task 34): force_integral=+4.971289e+03
  [SELF][Rank 0] Done moment 35/36 (task 34): force_integral=+4.971289e+03
  [SELF][Rank 0] Done moment 35/36 (task 34): force_integral=+4.971289e+03
  [SELF][Rank 0] Done moment 35/36 (task 34): force_integral=+4.971289e+03
  [SELF][Rank 0] Done moment 35/36 (task 34): force_integral=+4.971289e+03
  [SELF][Rank 0] Done moment 35/36 (task 34): force_integral=+4.971289e+03
  [SELF][Rank 0] Done moment 35/36 (task 34): force_integral=+4.971289e+03
  [SELF][Rank 0] Done moment 35/36 (task 34): force_integral=+4.971289e+03
  [SELF][Rank 0] Done moment 35/36 (task 34): force_integral=+4.971289e+03
  [SELF][Rank 0] Done moment 35/36 (task 34): force_integral=+4.971289e+03
  [SELF][Rank 0] Done moment 35/36 (task 34): force_integral=+4.971289e+03
  [SELF][Rank 0] Done moment 35/36 (task 34): force_integral=+4.971289e+03
  [SELF][Rank 0] Done moment 35/36 (task 34): force_integral=+4.971289e+03
  [SELF][Rank 0] Done moment 35/36 (task 34): force_integral=+4.971289e+03
  [SELF][Rank 0] Done moment 35/36 (task 34): force_integral=+4.971289e+03
  [SELF][Rank 0] Done moment 35/36 (task 34): force_integral=+4.971289e+03
  [SELF][Rank 0] Done moment 35/36 (task 34): force_integral=+4.971289e+03
  [SELF][Rank 0] Done moment 35/36 (task 34): force_integral=+4.971289e+03
  [SELF][Rank 0] Done moment 35/36 (task 34): force_integral=+4.971289e+03
  [SELF][Rank 0] Done moment 35/36 (task 34): force_integral=+4.971289e+03
  [SELF][Rank 0] Done moment 35/36 (task 34): force_integral=+4.971289e+03
  [SELF][Rank 0] Done moment 35/36 (task 34): force_integral=+4.971289e+03
  [SELF][Rank 0] Done moment 35/36 (task 34): force_integral=+4.971289e+03
  [SELF][Rank 0] Done moment 35/36 (task 34): force_integral=+4.971289e+03
  [SELF][Rank 0] Done moment 35/36 (task 34): force_integral=+4.971289e+03
  [SELF][Rank 0] Done moment 35/36 (task 34): force_integral=+4.971289e+03
  [SELF][Rank 0] Done moment 35/36 (task 34): force_integral=+4.971289e+03
  [SELF][Rank 0] Done moment 35/36 (task 34): force_integral=+4.971289e+03
  [SELF][Rank 0] Done moment 35/36 (task 34): force_integral=+4.971289e+03
  [SELF][Rank 0] Done moment 35/36 (task 34): force_integral=+4.971289e+03
  [SELF][Rank 0] Done moment 35/36 (task 34): force_integral=+4.971289e+03
  [SELF][Rank 0] Done moment 35/36 (task 34): force_integral=+4.971289e+03
  [SELF][Rank 0] Done moment 35/36 (task 34): force_integral=+4.971289e+03
  [SELF][Rank 0] Done moment 35/36 (task 34): force_integral=+4.971289e+03
  [SELF][Rank 0] Done moment 35/36 (task 34): force_integral=+4.971289e+03
  [SELF][Rank 0] Done moment 35/36 (task 34): force_integral=+4.971289e+03
  [SELF][Rank 0] Done moment 35/36 (task 34): force_integral=+4.971289e+03
  [SELF][Rank 0] Done moment 35/36 (task 34): force_integral=+4.971289e+03
  [SELF][Rank 0] Done moment 35/36 (task 34): force_integral=+4.971289e+03
  [SELF][Rank 0] Done moment 35/36 (task 34): force_integral=+4.971289e+03
  [SELF][Rank 0] Done moment 35/36 (task 34): force_integral=+4.971289e+03
  [SELF][Rank 0] Done moment 35/36 (task 34): force_integral=+4.971289e+03
  [SELF][Rank 0] Done moment 35/36 (task 34): force_integral=+4.971289e+03
  [SELF][Rank 0] Done moment 35/36 (task 34): force_integral=+4.971289e+03
  [SELF][Rank 0] Done moment 35/36 (task 34): force_integral=+4.971289e+03
  [SELF][Rank 0] Done moment 35/36 (task 34): force_integral=+4.971289e+03
  [SELF][Rank 0] Done moment 35/36 (task 34): force_integral=+4.971289e+03
  [SELF][Rank 0] Done moment 35/36 (task 34): force_integral=+4.971289e+03
  [SELF][Rank 0] Done moment 35/36 (task 34): force_integral=+4.971289e+03
  [SELF][Rank 0] Done moment 35/36 (task 34): force_integral=+4.971289e+03
  [SELF][Rank 0] Done moment 35/36 (task 34): force_integral=+4.971289e+03
  [SELF][Rank 0] Done moment 35/36 (task 34): force_integral=+4.971289e+03
  [SELF][Rank 0] Done moment 35/36 (task 34): force_integral=+4.971289e+03
  [SELF][Rank 0] Done moment 35/36 (task 34): force_integral=+4.971289e+03
  [SELF][Rank 0] Done moment 35/36 (task 34): force_integral=+4.971289e+03
  [SELF][Rank 0] Done moment 35/36 (task 34): force_integral=+4.971289e+03
  [SELF][Rank 0] Done moment 35/36 (task 34): force_integral=+4.971289e+03
  [SELF][Rank 0] Done moment 35/36 (task 34): force_integral=+4.971289e+03
  [SELF][Rank 0] Done moment 35/36 (task 34): force_integral=+4.971289e+03
  [SELF][Rank 0] Done moment 35/36 (task 34): force_integral=+4.971289e+03
  [SELF][Rank 0] Done moment 35/36 (task 34): force_integral=+4.971289e+03
  [SELF][Rank 0] Done moment 35/36 (task 34): force_integral=+4.971289e+03
  [SELF][Rank 0] Done moment 35/36 (task 34): force_integral=+4.971289e+03
  [SELF][Rank 0] Done moment 35/36 (task 34): force_integral=+4.971289e+03
  [SELF][Rank 0] Done moment 35/36 (task 34): force_integral=+4.971289e+03
  [SELF][Rank 0] Done moment 35/36 (task 34): force_integral=+4.971289e+03
  [SELF][Rank 0] Done moment 35/36 (task 34): force_integral=+4.971289e+03
  [SELF][Rank 0] Done moment 35/36 (task 34): force_integral=+4.971289e+03
  [SELF][Rank 0] Done moment 35/36 (task 34): force_integral=+4.971289e+03
  [SELF][Rank 0] Done moment 35/36 (task 34): force_integral=+4.971289e+03
  [SELF][Rank 0] Done moment 35/36 (task 34): force_integral=+4.971289e+03
  [SELF][Rank 0] Done moment 35/36 (task 34): force_integral=+4.971289e+03
  [SELF][Rank 0] Done moment 35/36 (task 34): force_integral=+4.971289e+03
  [SELF][Rank 0] Done moment 35/36 (task 34): force_integral=+4.971289e+03
  [SELF][Rank 0] Done moment 35/36 (task 34): force_integral=+4.971289e+03
  [SELF][Rank 0] Done moment 35/36 (task 34): force_integral=+4.971289e+03
  [SELF][Rank 0] Done moment 35/36 (task 34): force_integral=+4.971289e+03
  [SELF][Rank 0] Done moment 35/36 (task 34): force_integral=+4.971289e+03
  [SELF][Rank 0] Done moment 35/36 (task 34): force_integral=+4.971289e+03
  [SELF][Rank 0] Done moment 35/36 (task 34): force_integral=+4.971289e+03
  [SELF][Rank 0] Done moment 35/36 (task 34): force_integral=+4.971289e+03
  [SELF][Rank 0] Done moment 35/36 (task 34): force_integral=+4.971289e+03
  [SELF][Rank 0] Done moment 35/36 (task 34): force_integral=+4.971289e+03
  [SELF][Rank 0] Done moment 35/36 (task 34): force_integral=+4.971289e+03
  [SELF][Rank 0] Done moment 35/36 (task 34): force_integral=+4.971289e+03
  [SELF][Rank 0] Done moment 35/36 (task 34): force_integral=+4.971289e+03
  [SELF][Rank 0] Done moment 35/36 (task 34): force_integral=+4.971289e+03
  [SELF][Rank 0] Done moment 35/36 (task 34): force_integral=+4.971289e+03
  [SELF][Rank 0] Done moment 35/36 (task 34): force_integral=+4.971289e+03
  [SELF][Rank 0] Done moment 35/36 (task 34): force_integral=+4.971289e+03
  [SELF][Rank 0] Done moment 35/36 (task 34): force_integral=+4.971289e+03
  [SELF][Rank 0] Done moment 35/36 (task 34): force_integral=+4.971289e+03
  [SELF][Rank 0] Done moment 35/36 (task 34): force_integral=+4.971289e+03
  [SELF][Rank 0] Done moment 35/36 (task 34): force_integral=+4.971289e+03
  [SELF][Rank 0] Done moment 35/36 (task 34): force_integral=+4.971289e+03
  [SELF][Rank 0] Done moment 35/36 (task 34): force_integral=+4.971289e+03
  [SELF][Rank 0] Done moment 35/36 (task 34): force_integral=+4.971289e+03
  [SELF][Rank 0] Done moment 35/36 (task 34): force_integral=+4.971289e+03
  [SELF][Rank 0] Done moment 35/36 (task 34): force_integral=+4.971289e+03
  [SELF][Rank 0] Done moment 35/36 (task 34): force_integral=+4.971289e+03
  [SELF][Rank 0] Done moment 35/36 (task 34): force_integral=+4.971289e+03
  [SELF][Rank 0] Done moment 35/36 (task 34): force_integral=+4.971289e+03
  [SELF][Rank 0] Done moment 35/36 (task 34): force_integral=+4.971289e+03
  [SELF][Rank 0] Done moment 35/36 (task 34): force_integral=+4.971289e+03
  [SELF][Rank 0] Done moment 35/36 (task 34): force_integral=+4.971289e+03
  [SELF][Rank 0] Done moment 35/36 (task 34): force_integral=+4.971289e+03
  [SELF][Rank 0] Done moment 36/36 (task 35): force_integral=-2.583188e+03

Elapsed run time = 27706.0482 s
  [SELF][Rank 0] Done moment 36/36 (task 35): force_integral=-2.583188e+03

Elapsed run time = 27836.4314 s
  [SELF][Rank 0] Done moment 36/36 (task 35): force_integral=-2.583188e+03

Elapsed run time = 28020.0006 s
  [SELF][Rank 0] Done moment 36/36 (task 35): force_integral=-2.583188e+03

Elapsed run time = 28075.3606 s
  [SELF][Rank 0] Done moment 36/36 (task 35): force_integral=-2.583188e+03

Elapsed run time = 28087.6362 s
  [SELF][Rank 0] Done moment 36/36 (task 35): force_integral=-2.583188e+03

Elapsed run time = 28095.0189 s
  [SELF][Rank 0] Done moment 36/36 (task 35): force_integral=-2.583188e+03

Elapsed run time = 28178.6464 s
  [SELF][Rank 0] Done moment 36/36 (task 35): force_integral=-2.583188e+03

Elapsed run time = 28203.8908 s
  [SELF][Rank 0] Done moment 36/36 (task 35): force_integral=-2.583188e+03

Elapsed run time = 28213.0491 s
  [SELF][Rank 0] Done moment 36/36 (task 35): force_integral=-2.583188e+03

Elapsed run time = 28270.7008 s
  [SELF][Rank 0] Done moment 36/36 (task 35): force_integral=-2.583188e+03

Elapsed run time = 28280.1820 s
  [SELF][Rank 0] Done moment 36/36 (task 35): force_integral=-2.583188e+03

Elapsed run time = 28331.0685 s
  [SELF][Rank 0] Done moment 36/36 (task 35): force_integral=-2.583188e+03

Elapsed run time = 28377.9960 s
  [SELF][Rank 0] Done moment 36/36 (task 35): force_integral=-2.583188e+03

Elapsed run time = 28381.5734 s
  [SELF][Rank 0] Done moment 36/36 (task 35): force_integral=-2.583188e+03

Elapsed run time = 28382.0457 s
  [SELF][Rank 0] Done moment 36/36 (task 35): force_integral=-2.583188e+03

Elapsed run time = 28406.1283 s
  [SELF][Rank 0] Done moment 36/36 (task 35): force_integral=-2.583188e+03

Elapsed run time = 28420.1369 s
  [SELF][Rank 0] Done moment 36/36 (task 35): force_integral=-2.583188e+03

Elapsed run time = 28423.2296 s
  [SELF][Rank 0] Done moment 36/36 (task 35): force_integral=-2.583188e+03

Elapsed run time = 28435.9095 s
  [SELF][Rank 0] Done moment 36/36 (task 35): force_integral=-2.583188e+03

Elapsed run time = 28441.7173 s
  [SELF][Rank 0] Done moment 36/36 (task 35): force_integral=-2.583188e+03

Elapsed run time = 28442.2362 s
  [SELF][Rank 0] Done moment 36/36 (task 35): force_integral=-2.583188e+03

Elapsed run time = 28444.3083 s
  [SELF][Rank 0] Done moment 36/36 (task 35): force_integral=-2.583188e+03

Elapsed run time = 28447.6110 s
  [SELF][Rank 0] Done moment 36/36 (task 35): force_integral=-2.583188e+03

Elapsed run time = 28452.3155 s
  [SELF][Rank 0] Done moment 36/36 (task 35): force_integral=-2.583188e+03

Elapsed run time = 28478.5659 s
  [SELF][Rank 0] Done moment 36/36 (task 35): force_integral=-2.583188e+03

Elapsed run time = 28488.1098 s
  [SELF][Rank 0] Done moment 36/36 (task 35): force_integral=-2.583188e+03

Elapsed run time = 28523.0860 s
  [SELF][Rank 0] Done moment 36/36 (task 35): force_integral=-2.583188e+03

Elapsed run time = 28525.2213 s
  [SELF][Rank 0] Done moment 36/36 (task 35): force_integral=-2.583188e+03

Elapsed run time = 28533.4609 s
  [SELF][Rank 0] Done moment 36/36 (task 35): force_integral=-2.583188e+03

Elapsed run time = 28539.4601 s
  [SELF][Rank 0] Done moment 36/36 (task 35): force_integral=-2.583188e+03

Elapsed run time = 28540.4985 s
  [SELF][Rank 0] Done moment 36/36 (task 35): force_integral=-2.583188e+03

Elapsed run time = 28549.1632 s
  [SELF][Rank 0] Done moment 36/36 (task 35): force_integral=-2.583188e+03

Elapsed run time = 28554.8938 s
  [SELF][Rank 0] Done moment 36/36 (task 35): force_integral=-2.583188e+03

Elapsed run time = 28563.9123 s
  [SELF][Rank 0] Done moment 36/36 (task 35): force_integral=-2.583188e+03

Elapsed run time = 28574.8823 s
  [SELF][Rank 0] Done moment 36/36 (task 35): force_integral=-2.583188e+03

Elapsed run time = 28577.9154 s
  [SELF][Rank 0] Done moment 36/36 (task 35): force_integral=-2.583188e+03

Elapsed run time = 28580.9134 s
  [SELF][Rank 0] Done moment 36/36 (task 35): force_integral=-2.583188e+03

Elapsed run time = 28593.1347 s
  [SELF][Rank 0] Done moment 36/36 (task 35): force_integral=-2.583188e+03

Elapsed run time = 28595.4324 s
  [SELF][Rank 0] Done moment 36/36 (task 35): force_integral=-2.583188e+03

Elapsed run time = 28597.9027 s
  [SELF][Rank 0] Done moment 36/36 (task 35): force_integral=-2.583188e+03

Elapsed run time = 28609.8795 s
  [SELF][Rank 0] Done moment 36/36 (task 35): force_integral=-2.583188e+03

Elapsed run time = 28611.7287 s
  [SELF][Rank 0] Done moment 36/36 (task 35): force_integral=-2.583188e+03

Elapsed run time = 28642.3617 s
  [SELF][Rank 0] Done moment 36/36 (task 35): force_integral=-2.583188e+03

Elapsed run time = 28645.1942 s
  [SELF][Rank 0] Done moment 36/36 (task 35): force_integral=-2.583188e+03

Elapsed run time = 28645.7348 s
  [SELF][Rank 0] Done moment 36/36 (task 35): force_integral=-2.583188e+03

Elapsed run time = 28647.1046 s
  [SELF][Rank 0] Done moment 36/36 (task 35): force_integral=-2.583188e+03

Elapsed run time = 28650.5077 s
  [SELF][Rank 0] Done moment 36/36 (task 35): force_integral=-2.583188e+03

Elapsed run time = 28658.3474 s
  [SELF][Rank 0] Done moment 36/36 (task 35): force_integral=-2.583188e+03

Elapsed run time = 28659.7834 s
  [SELF][Rank 0] Done moment 36/36 (task 35): force_integral=-2.583188e+03

Elapsed run time = 28680.8359 s
  [SELF][Rank 0] Done moment 36/36 (task 35): force_integral=-2.583188e+03

Elapsed run time = 28681.7355 s
  [SELF][Rank 0] Done moment 36/36 (task 35): force_integral=-2.583188e+03

Elapsed run time = 28689.7508 s
  [SELF][Rank 0] Done moment 36/36 (task 35): force_integral=-2.583188e+03

Elapsed run time = 28690.2159 s
  [SELF][Rank 0] Done moment 36/36 (task 35): force_integral=-2.583188e+03

Elapsed run time = 28690.5909 s
  [SELF][Rank 0] Done moment 36/36 (task 35): force_integral=-2.583188e+03

Elapsed run time = 28694.7852 s
  [SELF][Rank 0] Done moment 36/36 (task 35): force_integral=-2.583188e+03

Elapsed run time = 28694.9139 s
  [SELF][Rank 0] Done moment 36/36 (task 35): force_integral=-2.583188e+03

Elapsed run time = 28699.7643 s
  [SELF][Rank 0] Done moment 36/36 (task 35): force_integral=-2.583188e+03

Elapsed run time = 28704.1411 s
  [SELF][Rank 0] Done moment 36/36 (task 35): force_integral=-2.583188e+03

Elapsed run time = 28704.3096 s
  [SELF][Rank 0] Done moment 36/36 (task 35): force_integral=-2.583188e+03

Elapsed run time = 28704.3829 s
  [SELF][Rank 0] Done moment 36/36 (task 35): force_integral=-2.583188e+03

Elapsed run time = 28704.9871 s
  [SELF][Rank 0] Done moment 36/36 (task 35): force_integral=-2.583188e+03

Elapsed run time = 28705.2188 s
  [SELF][Rank 0] Done moment 36/36 (task 35): force_integral=-2.583188e+03

Elapsed run time = 28719.8133 s
  [SELF][Rank 0] Done moment 36/36 (task 35): force_integral=-2.583188e+03
Simulation complete. Subtracted force: -8.538142e+00. Saved to .tmp/meep_d_0.0400_N_3_clutch_al_75.0_rtip_5.0_Nbot_3_Gold_res_60_theta_90.0_eps_1.0_L_2.00.json

Elapsed run time = 28723.3405 s
  [SELF][Rank 0] Done moment 36/36 (task 35): force_integral=-2.583188e+03

Elapsed run time = 28744.4606 s
  [SELF][Rank 0] Done moment 36/36 (task 35): force_integral=-2.583188e+03

Elapsed run time = 28746.4100 s
  [SELF][Rank 0] Done moment 36/36 (task 35): force_integral=-2.583188e+03

Elapsed run time = 28746.7770 s
  [SELF][Rank 0] Done moment 36/36 (task 35): force_integral=-2.583188e+03

Elapsed run time = 28749.5349 s
  [SELF][Rank 0] Done moment 36/36 (task 35): force_integral=-2.583188e+03

Elapsed run time = 28754.1474 s
  [SELF][Rank 0] Done moment 36/36 (task 35): force_integral=-2.583188e+03

Elapsed run time = 28754.2751 s
  [SELF][Rank 0] Done moment 36/36 (task 35): force_integral=-2.583188e+03

Elapsed run time = 28756.7265 s
  [SELF][Rank 0] Done moment 36/36 (task 35): force_integral=-2.583188e+03

Elapsed run time = 28773.2156 s
  [SELF][Rank 0] Done moment 36/36 (task 35): force_integral=-2.583188e+03

Elapsed run time = 28778.3283 s
  [SELF][Rank 0] Done moment 36/36 (task 35): force_integral=-2.583188e+03

Elapsed run time = 28789.6308 s
  [SELF][Rank 0] Done moment 36/36 (task 35): force_integral=-2.583188e+03

Elapsed run time = 28797.3569 s
  [SELF][Rank 0] Done moment 36/36 (task 35): force_integral=-2.583188e+03

Elapsed run time = 28798.5463 s
  [SELF][Rank 0] Done moment 36/36 (task 35): force_integral=-2.583188e+03

Elapsed run time = 28799.4062 s
  [SELF][Rank 0] Done moment 36/36 (task 35): force_integral=-2.583188e+03

Elapsed run time = 28799.8894 s
  [SELF][Rank 0] Done moment 36/36 (task 35): force_integral=-2.583188e+03

Elapsed run time = 28800.4630 s
  [SELF][Rank 0] Done moment 36/36 (task 35): force_integral=-2.583188e+03

Elapsed run time = 28806.9844 s
  [SELF][Rank 0] Done moment 36/36 (task 35): force_integral=-2.583188e+03

Elapsed run time = 28807.2785 s
  [SELF][Rank 0] Done moment 36/36 (task 35): force_integral=-2.583188e+03

Elapsed run time = 28827.4922 s
  [SELF][Rank 0] Done moment 36/36 (task 35): force_integral=-2.583188e+03

Elapsed run time = 28830.8522 s
  [SELF][Rank 0] Done moment 36/36 (task 35): force_integral=-2.583188e+03

Elapsed run time = 28831.1819 s
  [SELF][Rank 0] Done moment 36/36 (task 35): force_integral=-2.583188e+03

Elapsed run time = 28844.8039 s
  [SELF][Rank 0] Done moment 36/36 (task 35): force_integral=-2.583188e+03

Elapsed run time = 28850.9893 s
  [SELF][Rank 0] Done moment 36/36 (task 35): force_integral=-2.583188e+03

Elapsed run time = 28851.6747 s
  [SELF][Rank 0] Done moment 36/36 (task 35): force_integral=-2.583188e+03

Elapsed run time = 28863.0643 s
  [SELF][Rank 0] Done moment 36/36 (task 35): force_integral=-2.583188e+03

Elapsed run time = 28863.1745 s
  [SELF][Rank 0] Done moment 36/36 (task 35): force_integral=-2.583188e+03

Elapsed run time = 28865.3346 s
  [SELF][Rank 0] Done moment 36/36 (task 35): force_integral=-2.583188e+03

Elapsed run time = 28870.2568 s
  [SELF][Rank 0] Done moment 36/36 (task 35): force_integral=-2.583188e+03

Elapsed run time = 28880.8783 s
  [SELF][Rank 0] Done moment 36/36 (task 35): force_integral=-2.583188e+03

Elapsed run time = 28881.2988 s
  [SELF][Rank 0] Done moment 36/36 (task 35): force_integral=-2.583188e+03

Elapsed run time = 28881.3525 s
  [SELF][Rank 0] Done moment 36/36 (task 35): force_integral=-2.583188e+03

Elapsed run time = 28882.9237 s
  [SELF][Rank 0] Done moment 36/36 (task 35): force_integral=-2.583188e+03

Elapsed run time = 28898.1528 s
  [SELF][Rank 0] Done moment 36/36 (task 35): force_integral=-2.583188e+03

Elapsed run time = 28898.4629 s
  [SELF][Rank 0] Done moment 36/36 (task 35): force_integral=-2.583188e+03

Elapsed run time = 28898.5001 s
  [SELF][Rank 0] Done moment 36/36 (task 35): force_integral=-2.583188e+03

Elapsed run time = 28899.3519 s
  [SELF][Rank 0] Done moment 36/36 (task 35): force_integral=-2.583188e+03

Elapsed run time = 28912.5493 s
  [SELF][Rank 0] Done moment 36/36 (task 35): force_integral=-2.583188e+03

Elapsed run time = 28912.9325 s
  [SELF][Rank 0] Done moment 36/36 (task 35): force_integral=-2.583188e+03

Elapsed run time = 28921.6353 s
  [SELF][Rank 0] Done moment 36/36 (task 35): force_integral=-2.583188e+03

Elapsed run time = 28928.8536 s
  [SELF][Rank 0] Done moment 36/36 (task 35): force_integral=-2.583188e+03

Elapsed run time = 28931.5055 s
  [SELF][Rank 0] Done moment 36/36 (task 35): force_integral=-2.583188e+03

Elapsed run time = 28937.5991 s
  [SELF][Rank 0] Done moment 36/36 (task 35): force_integral=-2.583188e+03

Elapsed run time = 28937.7539 s
  [SELF][Rank 0] Done moment 36/36 (task 35): force_integral=-2.583188e+03

Elapsed run time = 28937.8332 s
  [SELF][Rank 0] Done moment 36/36 (task 35): force_integral=-2.583188e+03

Elapsed run time = 28937.8522 s
  [SELF][Rank 0] Done moment 36/36 (task 35): force_integral=-2.583188e+03

Elapsed run time = 28945.9987 s
  [SELF][Rank 0] Done moment 36/36 (task 35): force_integral=-2.583188e+03

Elapsed run time = 28948.2826 s
  [SELF][Rank 0] Done moment 36/36 (task 35): force_integral=-2.583188e+03

Elapsed run time = 28948.7574 s
  [SELF][Rank 0] Done moment 36/36 (task 35): force_integral=-2.583188e+03

Elapsed run time = 28948.8521 s
  [SELF][Rank 0] Done moment 36/36 (task 35): force_integral=-2.583188e+03

Elapsed run time = 28951.0768 s
  [SELF][Rank 0] Done moment 36/36 (task 35): force_integral=-2.583188e+03

Elapsed run time = 28955.5816 s
  [SELF][Rank 0] Done moment 36/36 (task 35): force_integral=-2.583188e+03

Elapsed run time = 28955.8862 s
  [SELF][Rank 0] Done moment 36/36 (task 35): force_integral=-2.583188e+03

Elapsed run time = 28964.9412 s
  [SELF][Rank 0] Done moment 36/36 (task 35): force_integral=-2.583188e+03

Elapsed run time = 28969.6587 s
  [SELF][Rank 0] Done moment 36/36 (task 35): force_integral=-2.583188e+03

Elapsed run time = 28973.9140 s
  [SELF][Rank 0] Done moment 36/36 (task 35): force_integral=-2.583188e+03

Elapsed run time = 28996.1408 s
  [SELF][Rank 0] Done moment 36/36 (task 35): force_integral=-2.583188e+03

Elapsed run time = 28998.0829 s
  [SELF][Rank 0] Done moment 36/36 (task 35): force_integral=-2.583188e+03

Elapsed run time = 28999.6784 s
  [SELF][Rank 0] Done moment 36/36 (task 35): force_integral=-2.583188e+03

Elapsed run time = 28999.6936 s
  [SELF][Rank 0] Done moment 36/36 (task 35): force_integral=-2.583188e+03

Elapsed run time = 29013.5661 s
  [SELF][Rank 0] Done moment 36/36 (task 35): force_integral=-2.583188e+03

Elapsed run time = 29017.1441 s
  [SELF][Rank 0] Done moment 36/36 (task 35): force_integral=-2.583188e+03

Elapsed run time = 29019.5757 s
  [SELF][Rank 0] Done moment 36/36 (task 35): force_integral=-2.583188e+03

Elapsed run time = 29048.8303 s
  [SELF][Rank 0] Done moment 36/36 (task 35): force_integral=-2.583188e+03

Elapsed run time = 29053.6214 s
  [SELF][Rank 0] Done moment 36/36 (task 35): force_integral=-2.583188e+03

Elapsed run time = 29054.5847 s
Command succeeded cleanly.
Clutch Task 5 (Clutch: Menger Spire (N=3) vs Sierpinski Sieve (N=3), d=40nm, th=90.0deg) finished with exit code 0 at Thu Sep 24 01:13:10 PM EDT 2026.
================================================================================
[TASK COMPLETE] Task 5 (Clutch: Menger Spire (N=3) vs Sierpinski Sieve (N=3), d=40nm, th=90.0deg) is 100% completed!
================================================================================
Remaining tasks in progress. Awaiting full campaign completion.
Synchronizing progress and pushing reports for Task 5 (exit code 0)...
[Task Progress] Task 5 (Clutch: Menger Spire (N=3) vs Sierpinski Sieve (N=3), d=40nm, th=90.0deg): COMPLETE [72/72 moments (100.0%)]
[main 3985f8e] progress(clutch): Task 5 (Clutch: Menger Spire (N=3) vs Sierpinski Sieve (N=3), d=40nm, th=90.0deg) COMPLETE [72/72 moments (100.0%)]
 6 files changed, 5709 insertions(+), 16 deletions(-)
 create mode 100644 cluster_diagnostics/raw_logs/casimir_clutch_8324388_5.err
 create mode 100644 cluster_diagnostics/raw_logs/casimir_clutch_8324388_5.out
 create mode 100644 results_clutch/results_json/meep_d_0.1000_N_3_corrugated_Nbot_3_Phosphorene_tuned_res_40_theta_91.1_eps_2.1_L_2.00_config_self_moments_102_108.json
[Git Auto-Sync] Push attempt 1 failed: To https://github.com/gogordon-iu/FractalCasimir3D.git
 ! [rejected]        main -> main (non-fast-forward)
error: failed to push some refs to 'https://github.com/gogordon-iu/FractalCasimir3D.git'
hint: Updates were rejected because the tip of your current branch is behind
hint: its remote counterpart. If you want to integrate the remote changes,
hint: use 'git pull' before pushing again.
hint: See the 'Note about fast-forwards' in 'git push --help' for details.. Retrying in a few seconds...
[Git Auto-Sync] Push attempt 2 failed: To https://github.com/gogordon-iu/FractalCasimir3D.git
 ! [rejected]        main -> main (non-fast-forward)
error: failed to push some refs to 'https://github.com/gogordon-iu/FractalCasimir3D.git'
hint: Updates were rejected because the tip of your current branch is behind
hint: its remote counterpart. If you want to integrate the remote changes,
hint: use 'git pull' before pushing again.
hint: See the 'Note about fast-forwards' in 'git push --help' for details.. Retrying in a few seconds...
[Git Auto-Sync] Push attempt 3 failed: To https://github.com/gogordon-iu/FractalCasimir3D.git
 ! [rejected]        main -> main (non-fast-forward)
error: failed to push some refs to 'https://github.com/gogordon-iu/FractalCasimir3D.git'
hint: Updates were rejected because the tip of your current branch is behind
hint: its remote counterpart. If you want to integrate the remote changes,
hint: use 'git pull' before pushing again.
hint: See the 'Note about fast-forwards' in 'git push --help' for details.. Retrying in a few seconds...
[Git Auto-Sync] Warning: Push attempts exhausted. Changes remain safely committed locally.
