================================================================================
CASIMIR_CLUTCH TASK: 10 / 10
Host: x1002c4s7b0n1
Started: Tue Sep 22 12:19:16 PM EDT 2026
================================================================================
Reading task parameters from sweep_configs_clutch/config_010.json...
Executing Quantum Clutch Simulation
Label: Clutch: Menger Spire (N=3) vs Sierpinski Sieve (N=3), d=80nm, th=90.0deg
Params: d=0.08 um, N_top=3, N_bot=3, mat=Gold, res=60, nmax=1, theta=90.0 deg, alpha=75.0 deg, r_tip=5.0 nm, eps=1.0
==================================================
RUNNING CRASH-PROOF MEEP SIMULATION WRAPPER
==================================================
Executing: srun -n 128 /N/u/gogordon/BigRed200/.conda/envs/meep/bin/python execution/run_meep_simulation.py --L 2.0 --d 0.08 --N 3 --N-bottom 3 --theta 90.0 --material Gold --res 60 --nmax 1 --eps-bg 1.0 --config all --no-subgroups --T-run 12.0 --max-walltime-hours 11.0 --campaign-task-id 10 --clutch --corrugation-angle 75.0 --r-tip 5.0
Starting simulation: d=0.08 um, N_top=3, N_bottom=3, material=Gold, resolution=60, nmax=1, theta=90.0, eps_bg=1.0, config=all, clutch=True, stepped_sieve=False, corrugated=False
Parallel configuration: 128 processes running 1 parallel moment partitions.
[BOTH] Loaded 18 cached moments from .tmp/chk_moments_v4_d_0.0800_Ntop_3_Nbot_3_mat_Gold_res_60_th_90.0_clutch_al_75.0_rtip_5.0_L_2.00_both.json
  [BOTH][Rank 0] Skipped moment 1/36 (task 0) [CACHED]: force_integral=+1.388594e-01
  [BOTH][Rank 0] Skipped moment 2/36 (task 1) [CACHED]: force_integral=+1.388594e-01
  [BOTH][Rank 0] Skipped moment 3/36 (task 2) [CACHED]: force_integral=+0.000000e+00
  [BOTH][Rank 0] Skipped moment 4/36 (task 3) [CACHED]: force_integral=+0.000000e+00
  [BOTH][Rank 0] Skipped moment 5/36 (task 4) [CACHED]: force_integral=-4.090836e+02
  [BOTH][Rank 0] Skipped moment 6/36 (task 5) [CACHED]: force_integral=+4.261288e+02
  [BOTH][Rank 0] Skipped moment 7/36 (task 6) [CACHED]: force_integral=+0.000000e+00
  [BOTH][Rank 0] Skipped moment 8/36 (task 7) [CACHED]: force_integral=+0.000000e+00
  [BOTH][Rank 0] Skipped moment 9/36 (task 8) [CACHED]: force_integral=+6.790186e-01
  [BOTH][Rank 0] Skipped moment 10/36 (task 9) [CACHED]: force_integral=+6.790186e-01
  [BOTH][Rank 0] Skipped moment 11/36 (task 10) [CACHED]: force_integral=-1.899560e+03
  [BOTH][Rank 0] Skipped moment 12/36 (task 11) [CACHED]: force_integral=+1.743998e+03
  [BOTH][Rank 0] Skipped moment 13/36 (task 12) [CACHED]: force_integral=+0.000000e+00
  [BOTH][Rank 0] Skipped moment 14/36 (task 13) [CACHED]: force_integral=+0.000000e+00
  [BOTH][Rank 0] Skipped moment 15/36 (task 14) [CACHED]: force_integral=+0.000000e+00
  [BOTH][Rank 0] Skipped moment 16/36 (task 15) [CACHED]: force_integral=+0.000000e+00
  [BOTH][Rank 0] Skipped moment 17/36 (task 16) [CACHED]: force_integral=+2.630141e+03
  [BOTH][Rank 0] Skipped moment 18/36 (task 17) [CACHED]: force_integral=-3.051843e+03
  [BOTH][Rank 0] Done moment 19/36 (task 18): force_integral=-5.875450e-01
  [BOTH][Rank 0] Done moment 19/36 (task 18): force_integral=-5.875450e-01
  [BOTH][Rank 0] Done moment 19/36 (task 18): force_integral=-5.875450e-01
  [BOTH][Rank 0] Done moment 19/36 (task 18): force_integral=-5.875450e-01
  [BOTH][Rank 0] Done moment 19/36 (task 18): force_integral=-5.875450e-01
  [BOTH][Rank 0] Done moment 19/36 (task 18): force_integral=-5.875450e-01
  [BOTH][Rank 0] Done moment 19/36 (task 18): force_integral=-5.875450e-01
  [BOTH][Rank 0] Done moment 19/36 (task 18): force_integral=-5.875450e-01
  [BOTH][Rank 0] Done moment 19/36 (task 18): force_integral=-5.875450e-01
  [BOTH][Rank 0] Done moment 19/36 (task 18): force_integral=-5.875450e-01
  [BOTH][Rank 0] Done moment 19/36 (task 18): force_integral=-5.875450e-01
  [BOTH][Rank 0] Done moment 19/36 (task 18): force_integral=-5.875450e-01
  [BOTH][Rank 0] Done moment 19/36 (task 18): force_integral=-5.875450e-01
  [BOTH][Rank 0] Done moment 19/36 (task 18): force_integral=-5.875450e-01
  [BOTH][Rank 0] Done moment 19/36 (task 18): force_integral=-5.875450e-01
  [BOTH][Rank 0] Done moment 19/36 (task 18): force_integral=-5.875450e-01
  [BOTH][Rank 0] Done moment 19/36 (task 18): force_integral=-5.875450e-01
  [BOTH][Rank 0] Done moment 19/36 (task 18): force_integral=-5.875450e-01
  [BOTH][Rank 0] Done moment 19/36 (task 18): force_integral=-5.875450e-01
  [BOTH][Rank 0] Done moment 19/36 (task 18): force_integral=-5.875450e-01
  [BOTH][Rank 0] Done moment 19/36 (task 18): force_integral=-5.875450e-01
  [BOTH][Rank 0] Done moment 19/36 (task 18): force_integral=-5.875450e-01
  [BOTH][Rank 0] Done moment 19/36 (task 18): force_integral=-5.875450e-01
  [BOTH][Rank 0] Done moment 19/36 (task 18): force_integral=-5.875450e-01
  [BOTH][Rank 0] Done moment 19/36 (task 18): force_integral=-5.875450e-01
  [BOTH][Rank 0] Done moment 19/36 (task 18): force_integral=-5.875450e-01
  [BOTH][Rank 0] Done moment 19/36 (task 18): force_integral=-5.875450e-01
  [BOTH][Rank 0] Done moment 19/36 (task 18): force_integral=-5.875450e-01
  [BOTH][Rank 0] Done moment 19/36 (task 18): force_integral=-5.875450e-01
  [BOTH][Rank 0] Done moment 19/36 (task 18): force_integral=-5.875450e-01
  [BOTH][Rank 0] Done moment 19/36 (task 18): force_integral=-5.875450e-01
  [BOTH][Rank 0] Done moment 19/36 (task 18): force_integral=-5.875450e-01
  [BOTH][Rank 0] Done moment 19/36 (task 18): force_integral=-5.875450e-01
  [BOTH][Rank 0] Done moment 19/36 (task 18): force_integral=-5.875450e-01
  [BOTH][Rank 0] Done moment 19/36 (task 18): force_integral=-5.875450e-01
  [BOTH][Rank 0] Done moment 19/36 (task 18): force_integral=-5.875450e-01
  [BOTH][Rank 0] Done moment 19/36 (task 18): force_integral=-5.875450e-01
  [BOTH][Rank 0] Done moment 19/36 (task 18): force_integral=-5.875450e-01
  [BOTH][Rank 0] Done moment 19/36 (task 18): force_integral=-5.875450e-01
  [BOTH][Rank 0] Done moment 19/36 (task 18): force_integral=-5.875450e-01
  [BOTH][Rank 0] Done moment 19/36 (task 18): force_integral=-5.875450e-01
  [BOTH][Rank 0] Done moment 19/36 (task 18): force_integral=-5.875450e-01
  [BOTH][Rank 0] Done moment 19/36 (task 18): force_integral=-5.875450e-01
  [BOTH][Rank 0] Done moment 19/36 (task 18): force_integral=-5.875450e-01
  [BOTH][Rank 0] Done moment 19/36 (task 18): force_integral=-5.875450e-01
  [BOTH][Rank 0] Done moment 19/36 (task 18): force_integral=-5.875450e-01
  [BOTH][Rank 0] Done moment 19/36 (task 18): force_integral=-5.875450e-01
  [BOTH][Rank 0] Done moment 19/36 (task 18): force_integral=-5.875450e-01
  [BOTH][Rank 0] Done moment 19/36 (task 18): force_integral=-5.875450e-01
  [BOTH][Rank 0] Done moment 19/36 (task 18): force_integral=-5.875450e-01
  [BOTH][Rank 0] Done moment 19/36 (task 18): force_integral=-5.875450e-01
  [BOTH][Rank 0] Done moment 19/36 (task 18): force_integral=-5.875450e-01
  [BOTH][Rank 0] Done moment 19/36 (task 18): force_integral=-5.875450e-01
  [BOTH][Rank 0] Done moment 19/36 (task 18): force_integral=-5.875450e-01
  [BOTH][Rank 0] Done moment 19/36 (task 18): force_integral=-5.875450e-01
  [BOTH][Rank 0] Done moment 19/36 (task 18): force_integral=-5.875450e-01
  [BOTH][Rank 0] Done moment 19/36 (task 18): force_integral=-5.875450e-01
  [BOTH][Rank 0] Done moment 19/36 (task 18): force_integral=-5.875450e-01
  [BOTH][Rank 0] Done moment 19/36 (task 18): force_integral=-5.875450e-01
  [BOTH][Rank 0] Done moment 19/36 (task 18): force_integral=-5.875450e-01
  [BOTH][Rank 0] Done moment 19/36 (task 18): force_integral=-5.875450e-01
  [BOTH][Rank 0] Done moment 19/36 (task 18): force_integral=-5.875450e-01
  [BOTH][Rank 0] Done moment 19/36 (task 18): force_integral=-5.875450e-01
  [BOTH][Rank 0] Done moment 19/36 (task 18): force_integral=-5.875450e-01
  [BOTH][Rank 0] Done moment 19/36 (task 18): force_integral=-5.875450e-01
  [BOTH][Rank 0] Done moment 19/36 (task 18): force_integral=-5.875450e-01
  [BOTH][Rank 0] Done moment 19/36 (task 18): force_integral=-5.875450e-01
  [BOTH][Rank 0] Done moment 19/36 (task 18): force_integral=-5.875450e-01
  [BOTH][Rank 0] Done moment 19/36 (task 18): force_integral=-5.875450e-01
  [BOTH][Rank 0] Done moment 19/36 (task 18): force_integral=-5.875450e-01
  [BOTH][Rank 0] Done moment 19/36 (task 18): force_integral=-5.875450e-01
  [BOTH][Rank 0] Done moment 19/36 (task 18): force_integral=-5.875450e-01
  [BOTH][Rank 0] Done moment 19/36 (task 18): force_integral=-5.875450e-01
  [BOTH][Rank 0] Done moment 19/36 (task 18): force_integral=-5.875450e-01
  [BOTH][Rank 0] Done moment 19/36 (task 18): force_integral=-5.875450e-01
  [BOTH][Rank 0] Done moment 19/36 (task 18): force_integral=-5.875450e-01
  [BOTH][Rank 0] Done moment 19/36 (task 18): force_integral=-5.875450e-01
  [BOTH][Rank 0] Done moment 19/36 (task 18): force_integral=-5.875450e-01
  [BOTH][Rank 0] Done moment 19/36 (task 18): force_integral=-5.875450e-01
  [BOTH][Rank 0] Done moment 19/36 (task 18): force_integral=-5.875450e-01
  [BOTH][Rank 0] Done moment 19/36 (task 18): force_integral=-5.875450e-01
  [BOTH][Rank 0] Done moment 19/36 (task 18): force_integral=-5.875450e-01
  [BOTH][Rank 0] Done moment 19/36 (task 18): force_integral=-5.875450e-01
  [BOTH][Rank 0] Done moment 19/36 (task 18): force_integral=-5.875450e-01
  [BOTH][Rank 0] Done moment 19/36 (task 18): force_integral=-5.875450e-01
  [BOTH][Rank 0] Done moment 19/36 (task 18): force_integral=-5.875450e-01
  [BOTH][Rank 0] Done moment 19/36 (task 18): force_integral=-5.875450e-01
  [BOTH][Rank 0] Done moment 19/36 (task 18): force_integral=-5.875450e-01
  [BOTH][Rank 0] Done moment 19/36 (task 18): force_integral=-5.875450e-01
  [BOTH][Rank 0] Done moment 19/36 (task 18): force_integral=-5.875450e-01
  [BOTH][Rank 0] Done moment 19/36 (task 18): force_integral=-5.875450e-01
  [BOTH][Rank 0] Done moment 19/36 (task 18): force_integral=-5.875450e-01
  [BOTH][Rank 0] Done moment 19/36 (task 18): force_integral=-5.875450e-01
  [BOTH][Rank 0] Done moment 19/36 (task 18): force_integral=-5.875450e-01
  [BOTH][Rank 0] Done moment 19/36 (task 18): force_integral=-5.875450e-01
  [BOTH][Rank 0] Done moment 19/36 (task 18): force_integral=-5.875450e-01
  [BOTH][Rank 0] Done moment 19/36 (task 18): force_integral=-5.875450e-01
  [BOTH][Rank 0] Done moment 19/36 (task 18): force_integral=-5.875450e-01
  [BOTH][Rank 0] Done moment 19/36 (task 18): force_integral=-5.875450e-01
  [BOTH][Rank 0] Done moment 19/36 (task 18): force_integral=-5.875450e-01
  [BOTH][Rank 0] Done moment 19/36 (task 18): force_integral=-5.875450e-01
  [BOTH][Rank 0] Done moment 19/36 (task 18): force_integral=-5.875450e-01
  [BOTH][Rank 0] Done moment 19/36 (task 18): force_integral=-5.875450e-01
  [BOTH][Rank 0] Done moment 19/36 (task 18): force_integral=-5.875450e-01
  [BOTH][Rank 0] Done moment 19/36 (task 18): force_integral=-5.875450e-01
  [BOTH][Rank 0] Done moment 19/36 (task 18): force_integral=-5.875450e-01
  [BOTH][Rank 0] Done moment 19/36 (task 18): force_integral=-5.875450e-01
  [BOTH][Rank 0] Done moment 19/36 (task 18): force_integral=-5.875450e-01
  [BOTH][Rank 0] Done moment 19/36 (task 18): force_integral=-5.875450e-01
  [BOTH][Rank 0] Done moment 19/36 (task 18): force_integral=-5.875450e-01
  [BOTH][Rank 0] Done moment 19/36 (task 18): force_integral=-5.875450e-01
  [BOTH][Rank 0] Done moment 19/36 (task 18): force_integral=-5.875450e-01
  [BOTH][Rank 0] Done moment 19/36 (task 18): force_integral=-5.875450e-01
  [BOTH][Rank 0] Done moment 19/36 (task 18): force_integral=-5.875450e-01
  [BOTH][Rank 0] Done moment 19/36 (task 18): force_integral=-5.875450e-01
  [BOTH][Rank 0] Done moment 19/36 (task 18): force_integral=-5.875450e-01
  [BOTH][Rank 0] Done moment 19/36 (task 18): force_integral=-5.875450e-01
  [BOTH][Rank 0] Done moment 19/36 (task 18): force_integral=-5.875450e-01
  [BOTH][Rank 0] Done moment 19/36 (task 18): force_integral=-5.875450e-01
  [BOTH][Rank 0] Done moment 19/36 (task 18): force_integral=-5.875450e-01
  [BOTH][Rank 0] Done moment 19/36 (task 18): force_integral=-5.875450e-01
  [BOTH][Rank 0] Done moment 19/36 (task 18): force_integral=-5.875450e-01
  [BOTH][Rank 0] Done moment 19/36 (task 18): force_integral=-5.875450e-01
  [BOTH][Rank 0] Done moment 19/36 (task 18): force_integral=-5.875450e-01
  [BOTH][Rank 0] Done moment 19/36 (task 18): force_integral=-5.875450e-01
  [BOTH][Rank 0] Done moment 19/36 (task 18): force_integral=-5.875450e-01
  [BOTH][Rank 0] Done moment 19/36 (task 18): force_integral=-5.875450e-01
  [BOTH][Rank 0] Done moment 19/36 (task 18): force_integral=-5.875450e-01
  [BOTH][Rank 0] Done moment 20/36 (task 19): force_integral=-5.875450e-01
  [BOTH][Rank 0] Done moment 20/36 (task 19): force_integral=-5.875450e-01
  [BOTH][Rank 0] Done moment 20/36 (task 19): force_integral=-5.875450e-01
  [BOTH][Rank 0] Done moment 20/36 (task 19): force_integral=-5.875450e-01
  [BOTH][Rank 0] Done moment 20/36 (task 19): force_integral=-5.875450e-01
  [BOTH][Rank 0] Done moment 20/36 (task 19): force_integral=-5.875450e-01
  [BOTH][Rank 0] Done moment 20/36 (task 19): force_integral=-5.875450e-01
  [BOTH][Rank 0] Done moment 20/36 (task 19): force_integral=-5.875450e-01
  [BOTH][Rank 0] Done moment 20/36 (task 19): force_integral=-5.875450e-01
  [BOTH][Rank 0] Done moment 20/36 (task 19): force_integral=-5.875450e-01
  [BOTH][Rank 0] Done moment 20/36 (task 19): force_integral=-5.875450e-01
  [BOTH][Rank 0] Done moment 20/36 (task 19): force_integral=-5.875450e-01
  [BOTH][Rank 0] Done moment 20/36 (task 19): force_integral=-5.875450e-01
  [BOTH][Rank 0] Done moment 20/36 (task 19): force_integral=-5.875450e-01
  [BOTH][Rank 0] Done moment 20/36 (task 19): force_integral=-5.875450e-01
  [BOTH][Rank 0] Done moment 20/36 (task 19): force_integral=-5.875450e-01
  [BOTH][Rank 0] Done moment 20/36 (task 19): force_integral=-5.875450e-01
  [BOTH][Rank 0] Done moment 20/36 (task 19): force_integral=-5.875450e-01
  [BOTH][Rank 0] Done moment 20/36 (task 19): force_integral=-5.875450e-01
  [BOTH][Rank 0] Done moment 20/36 (task 19): force_integral=-5.875450e-01
  [BOTH][Rank 0] Done moment 20/36 (task 19): force_integral=-5.875450e-01
  [BOTH][Rank 0] Done moment 20/36 (task 19): force_integral=-5.875450e-01
  [BOTH][Rank 0] Done moment 20/36 (task 19): force_integral=-5.875450e-01
  [BOTH][Rank 0] Done moment 20/36 (task 19): force_integral=-5.875450e-01
  [BOTH][Rank 0] Done moment 20/36 (task 19): force_integral=-5.875450e-01
  [BOTH][Rank 0] Done moment 20/36 (task 19): force_integral=-5.875450e-01
  [BOTH][Rank 0] Done moment 20/36 (task 19): force_integral=-5.875450e-01
  [BOTH][Rank 0] Done moment 20/36 (task 19): force_integral=-5.875450e-01
  [BOTH][Rank 0] Done moment 20/36 (task 19): force_integral=-5.875450e-01
  [BOTH][Rank 0] Done moment 20/36 (task 19): force_integral=-5.875450e-01
  [BOTH][Rank 0] Done moment 20/36 (task 19): force_integral=-5.875450e-01
  [BOTH][Rank 0] Done moment 20/36 (task 19): force_integral=-5.875450e-01
  [BOTH][Rank 0] Done moment 20/36 (task 19): force_integral=-5.875450e-01
  [BOTH][Rank 0] Done moment 20/36 (task 19): force_integral=-5.875450e-01
  [BOTH][Rank 0] Done moment 20/36 (task 19): force_integral=-5.875450e-01
  [BOTH][Rank 0] Done moment 20/36 (task 19): force_integral=-5.875450e-01
  [BOTH][Rank 0] Done moment 20/36 (task 19): force_integral=-5.875450e-01
  [BOTH][Rank 0] Done moment 20/36 (task 19): force_integral=-5.875450e-01
  [BOTH][Rank 0] Done moment 20/36 (task 19): force_integral=-5.875450e-01
  [BOTH][Rank 0] Done moment 20/36 (task 19): force_integral=-5.875450e-01
  [BOTH][Rank 0] Done moment 20/36 (task 19): force_integral=-5.875450e-01
  [BOTH][Rank 0] Done moment 20/36 (task 19): force_integral=-5.875450e-01
  [BOTH][Rank 0] Done moment 20/36 (task 19): force_integral=-5.875450e-01
  [BOTH][Rank 0] Done moment 20/36 (task 19): force_integral=-5.875450e-01
  [BOTH][Rank 0] Done moment 20/36 (task 19): force_integral=-5.875450e-01
  [BOTH][Rank 0] Done moment 20/36 (task 19): force_integral=-5.875450e-01
  [BOTH][Rank 0] Done moment 20/36 (task 19): force_integral=-5.875450e-01
  [BOTH][Rank 0] Done moment 20/36 (task 19): force_integral=-5.875450e-01
  [BOTH][Rank 0] Done moment 20/36 (task 19): force_integral=-5.875450e-01
  [BOTH][Rank 0] Done moment 20/36 (task 19): force_integral=-5.875450e-01
  [BOTH][Rank 0] Done moment 20/36 (task 19): force_integral=-5.875450e-01
  [BOTH][Rank 0] Done moment 20/36 (task 19): force_integral=-5.875450e-01
  [BOTH][Rank 0] Done moment 20/36 (task 19): force_integral=-5.875450e-01
  [BOTH][Rank 0] Done moment 20/36 (task 19): force_integral=-5.875450e-01
  [BOTH][Rank 0] Done moment 20/36 (task 19): force_integral=-5.875450e-01
  [BOTH][Rank 0] Done moment 20/36 (task 19): force_integral=-5.875450e-01
  [BOTH][Rank 0] Done moment 20/36 (task 19): force_integral=-5.875450e-01
  [BOTH][Rank 0] Done moment 20/36 (task 19): force_integral=-5.875450e-01
  [BOTH][Rank 0] Done moment 20/36 (task 19): force_integral=-5.875450e-01
  [BOTH][Rank 0] Done moment 20/36 (task 19): force_integral=-5.875450e-01
  [BOTH][Rank 0] Done moment 20/36 (task 19): force_integral=-5.875450e-01
  [BOTH][Rank 0] Done moment 20/36 (task 19): force_integral=-5.875450e-01
  [BOTH][Rank 0] Done moment 20/36 (task 19): force_integral=-5.875450e-01
  [BOTH][Rank 0] Done moment 20/36 (task 19): force_integral=-5.875450e-01
  [BOTH][Rank 0] Done moment 20/36 (task 19): force_integral=-5.875450e-01
  [BOTH][Rank 0] Done moment 20/36 (task 19): force_integral=-5.875450e-01
  [BOTH][Rank 0] Done moment 20/36 (task 19): force_integral=-5.875450e-01
  [BOTH][Rank 0] Done moment 20/36 (task 19): force_integral=-5.875450e-01
  [BOTH][Rank 0] Done moment 20/36 (task 19): force_integral=-5.875450e-01
  [BOTH][Rank 0] Done moment 20/36 (task 19): force_integral=-5.875450e-01
  [BOTH][Rank 0] Done moment 20/36 (task 19): force_integral=-5.875450e-01
  [BOTH][Rank 0] Done moment 20/36 (task 19): force_integral=-5.875450e-01
  [BOTH][Rank 0] Done moment 20/36 (task 19): force_integral=-5.875450e-01
  [BOTH][Rank 0] Done moment 20/36 (task 19): force_integral=-5.875450e-01
  [BOTH][Rank 0] Done moment 20/36 (task 19): force_integral=-5.875450e-01
  [BOTH][Rank 0] Done moment 20/36 (task 19): force_integral=-5.875450e-01
  [BOTH][Rank 0] Done moment 20/36 (task 19): force_integral=-5.875450e-01
  [BOTH][Rank 0] Done moment 20/36 (task 19): force_integral=-5.875450e-01
  [BOTH][Rank 0] Done moment 20/36 (task 19): force_integral=-5.875450e-01
  [BOTH][Rank 0] Done moment 20/36 (task 19): force_integral=-5.875450e-01
  [BOTH][Rank 0] Done moment 20/36 (task 19): force_integral=-5.875450e-01
  [BOTH][Rank 0] Done moment 20/36 (task 19): force_integral=-5.875450e-01
  [BOTH][Rank 0] Done moment 20/36 (task 19): force_integral=-5.875450e-01
  [BOTH][Rank 0] Done moment 20/36 (task 19): force_integral=-5.875450e-01
  [BOTH][Rank 0] Done moment 20/36 (task 19): force_integral=-5.875450e-01
  [BOTH][Rank 0] Done moment 20/36 (task 19): force_integral=-5.875450e-01
  [BOTH][Rank 0] Done moment 20/36 (task 19): force_integral=-5.875450e-01
  [BOTH][Rank 0] Done moment 20/36 (task 19): force_integral=-5.875450e-01
  [BOTH][Rank 0] Done moment 20/36 (task 19): force_integral=-5.875450e-01
  [BOTH][Rank 0] Done moment 20/36 (task 19): force_integral=-5.875450e-01
  [BOTH][Rank 0] Done moment 20/36 (task 19): force_integral=-5.875450e-01
  [BOTH][Rank 0] Done moment 20/36 (task 19): force_integral=-5.875450e-01
  [BOTH][Rank 0] Done moment 20/36 (task 19): force_integral=-5.875450e-01
  [BOTH][Rank 0] Done moment 20/36 (task 19): force_integral=-5.875450e-01
  [BOTH][Rank 0] Done moment 20/36 (task 19): force_integral=-5.875450e-01
  [BOTH][Rank 0] Done moment 20/36 (task 19): force_integral=-5.875450e-01
  [BOTH][Rank 0] Done moment 20/36 (task 19): force_integral=-5.875450e-01
  [BOTH][Rank 0] Done moment 20/36 (task 19): force_integral=-5.875450e-01
  [BOTH][Rank 0] Done moment 20/36 (task 19): force_integral=-5.875450e-01
  [BOTH][Rank 0] Done moment 20/36 (task 19): force_integral=-5.875450e-01
  [BOTH][Rank 0] Done moment 20/36 (task 19): force_integral=-5.875450e-01
  [BOTH][Rank 0] Done moment 20/36 (task 19): force_integral=-5.875450e-01
  [BOTH][Rank 0] Done moment 20/36 (task 19): force_integral=-5.875450e-01
  [BOTH][Rank 0] Done moment 20/36 (task 19): force_integral=-5.875450e-01
  [BOTH][Rank 0] Done moment 20/36 (task 19): force_integral=-5.875450e-01
  [BOTH][Rank 0] Done moment 20/36 (task 19): force_integral=-5.875450e-01
  [BOTH][Rank 0] Done moment 20/36 (task 19): force_integral=-5.875450e-01
  [BOTH][Rank 0] Done moment 20/36 (task 19): force_integral=-5.875450e-01
  [BOTH][Rank 0] Done moment 20/36 (task 19): force_integral=-5.875450e-01
  [BOTH][Rank 0] Done moment 20/36 (task 19): force_integral=-5.875450e-01
  [BOTH][Rank 0] Done moment 20/36 (task 19): force_integral=-5.875450e-01
  [BOTH][Rank 0] Done moment 20/36 (task 19): force_integral=-5.875450e-01
  [BOTH][Rank 0] Done moment 20/36 (task 19): force_integral=-5.875450e-01
  [BOTH][Rank 0] Done moment 20/36 (task 19): force_integral=-5.875450e-01
  [BOTH][Rank 0] Done moment 20/36 (task 19): force_integral=-5.875450e-01
  [BOTH][Rank 0] Done moment 20/36 (task 19): force_integral=-5.875450e-01
  [BOTH][Rank 0] Done moment 20/36 (task 19): force_integral=-5.875450e-01
  [BOTH][Rank 0] Done moment 20/36 (task 19): force_integral=-5.875450e-01
  [BOTH][Rank 0] Done moment 20/36 (task 19): force_integral=-5.875450e-01
  [BOTH][Rank 0] Done moment 20/36 (task 19): force_integral=-5.875450e-01
  [BOTH][Rank 0] Done moment 20/36 (task 19): force_integral=-5.875450e-01
  [BOTH][Rank 0] Done moment 20/36 (task 19): force_integral=-5.875450e-01
  [BOTH][Rank 0] Done moment 20/36 (task 19): force_integral=-5.875450e-01
  [BOTH][Rank 0] Done moment 20/36 (task 19): force_integral=-5.875450e-01
  [BOTH][Rank 0] Done moment 20/36 (task 19): force_integral=-5.875450e-01
  [BOTH][Rank 0] Done moment 20/36 (task 19): force_integral=-5.875450e-01
  [BOTH][Rank 0] Done moment 20/36 (task 19): force_integral=-5.875450e-01
  [BOTH][Rank 0] Done moment 20/36 (task 19): force_integral=-5.875450e-01
  [BOTH][Rank 0] Done moment 21/36 (task 20): force_integral=+0.000000e+00
  [BOTH][Rank 0] Done moment 21/36 (task 20): force_integral=+0.000000e+00
  [BOTH][Rank 0] Done moment 21/36 (task 20): force_integral=+0.000000e+00
  [BOTH][Rank 0] Done moment 21/36 (task 20): force_integral=+0.000000e+00
  [BOTH][Rank 0] Done moment 21/36 (task 20): force_integral=+0.000000e+00
  [BOTH][Rank 0] Done moment 21/36 (task 20): force_integral=+0.000000e+00
  [BOTH][Rank 0] Done moment 21/36 (task 20): force_integral=+0.000000e+00
  [BOTH][Rank 0] Done moment 21/36 (task 20): force_integral=+0.000000e+00
  [BOTH][Rank 0] Done moment 21/36 (task 20): force_integral=+0.000000e+00
  [BOTH][Rank 0] Done moment 21/36 (task 20): force_integral=+0.000000e+00
  [BOTH][Rank 0] Done moment 21/36 (task 20): force_integral=+0.000000e+00
  [BOTH][Rank 0] Done moment 21/36 (task 20): force_integral=+0.000000e+00
  [BOTH][Rank 0] Done moment 21/36 (task 20): force_integral=+0.000000e+00
  [BOTH][Rank 0] Done moment 21/36 (task 20): force_integral=+0.000000e+00
  [BOTH][Rank 0] Done moment 21/36 (task 20): force_integral=+0.000000e+00
  [BOTH][Rank 0] Done moment 21/36 (task 20): force_integral=+0.000000e+00
  [BOTH][Rank 0] Done moment 21/36 (task 20): force_integral=+0.000000e+00
  [BOTH][Rank 0] Done moment 21/36 (task 20): force_integral=+0.000000e+00
  [BOTH][Rank 0] Done moment 21/36 (task 20): force_integral=+0.000000e+00
  [BOTH][Rank 0] Done moment 21/36 (task 20): force_integral=+0.000000e+00
  [BOTH][Rank 0] Done moment 21/36 (task 20): force_integral=+0.000000e+00
  [BOTH][Rank 0] Done moment 21/36 (task 20): force_integral=+0.000000e+00
  [BOTH][Rank 0] Done moment 21/36 (task 20): force_integral=+0.000000e+00
  [BOTH][Rank 0] Done moment 21/36 (task 20): force_integral=+0.000000e+00
  [BOTH][Rank 0] Done moment 21/36 (task 20): force_integral=+0.000000e+00
  [BOTH][Rank 0] Done moment 21/36 (task 20): force_integral=+0.000000e+00
  [BOTH][Rank 0] Done moment 21/36 (task 20): force_integral=+0.000000e+00
  [BOTH][Rank 0] Done moment 21/36 (task 20): force_integral=+0.000000e+00
  [BOTH][Rank 0] Done moment 21/36 (task 20): force_integral=+0.000000e+00
  [BOTH][Rank 0] Done moment 21/36 (task 20): force_integral=+0.000000e+00
  [BOTH][Rank 0] Done moment 21/36 (task 20): force_integral=+0.000000e+00
  [BOTH][Rank 0] Done moment 21/36 (task 20): force_integral=+0.000000e+00
  [BOTH][Rank 0] Done moment 21/36 (task 20): force_integral=+0.000000e+00
  [BOTH][Rank 0] Done moment 21/36 (task 20): force_integral=+0.000000e+00
  [BOTH][Rank 0] Done moment 21/36 (task 20): force_integral=+0.000000e+00
  [BOTH][Rank 0] Done moment 21/36 (task 20): force_integral=+0.000000e+00
  [BOTH][Rank 0] Done moment 21/36 (task 20): force_integral=+0.000000e+00
  [BOTH][Rank 0] Done moment 21/36 (task 20): force_integral=+0.000000e+00
  [BOTH][Rank 0] Done moment 21/36 (task 20): force_integral=+0.000000e+00
  [BOTH][Rank 0] Done moment 21/36 (task 20): force_integral=+0.000000e+00
  [BOTH][Rank 0] Done moment 21/36 (task 20): force_integral=+0.000000e+00
  [BOTH][Rank 0] Done moment 21/36 (task 20): force_integral=+0.000000e+00
  [BOTH][Rank 0] Done moment 21/36 (task 20): force_integral=+0.000000e+00
  [BOTH][Rank 0] Done moment 21/36 (task 20): force_integral=+0.000000e+00
  [BOTH][Rank 0] Done moment 21/36 (task 20): force_integral=+0.000000e+00
  [BOTH][Rank 0] Done moment 21/36 (task 20): force_integral=+0.000000e+00
  [BOTH][Rank 0] Done moment 21/36 (task 20): force_integral=+0.000000e+00
  [BOTH][Rank 0] Done moment 21/36 (task 20): force_integral=+0.000000e+00
  [BOTH][Rank 0] Done moment 21/36 (task 20): force_integral=+0.000000e+00
  [BOTH][Rank 0] Done moment 21/36 (task 20): force_integral=+0.000000e+00
  [BOTH][Rank 0] Done moment 21/36 (task 20): force_integral=+0.000000e+00
  [BOTH][Rank 0] Done moment 21/36 (task 20): force_integral=+0.000000e+00
  [BOTH][Rank 0] Done moment 21/36 (task 20): force_integral=+0.000000e+00
  [BOTH][Rank 0] Done moment 21/36 (task 20): force_integral=+0.000000e+00
  [BOTH][Rank 0] Done moment 21/36 (task 20): force_integral=+0.000000e+00
  [BOTH][Rank 0] Done moment 21/36 (task 20): force_integral=+0.000000e+00
  [BOTH][Rank 0] Done moment 21/36 (task 20): force_integral=+0.000000e+00
  [BOTH][Rank 0] Done moment 21/36 (task 20): force_integral=+0.000000e+00
  [BOTH][Rank 0] Done moment 21/36 (task 20): force_integral=+0.000000e+00
  [BOTH][Rank 0] Done moment 21/36 (task 20): force_integral=+0.000000e+00
  [BOTH][Rank 0] Done moment 21/36 (task 20): force_integral=+0.000000e+00
  [BOTH][Rank 0] Done moment 21/36 (task 20): force_integral=+0.000000e+00
  [BOTH][Rank 0] Done moment 21/36 (task 20): force_integral=+0.000000e+00
  [BOTH][Rank 0] Done moment 21/36 (task 20): force_integral=+0.000000e+00
  [BOTH][Rank 0] Done moment 21/36 (task 20): force_integral=+0.000000e+00
  [BOTH][Rank 0] Done moment 21/36 (task 20): force_integral=+0.000000e+00
  [BOTH][Rank 0] Done moment 21/36 (task 20): force_integral=+0.000000e+00
  [BOTH][Rank 0] Done moment 21/36 (task 20): force_integral=+0.000000e+00
  [BOTH][Rank 0] Done moment 21/36 (task 20): force_integral=+0.000000e+00
  [BOTH][Rank 0] Done moment 21/36 (task 20): force_integral=+0.000000e+00
  [BOTH][Rank 0] Done moment 21/36 (task 20): force_integral=+0.000000e+00
  [BOTH][Rank 0] Done moment 21/36 (task 20): force_integral=+0.000000e+00
  [BOTH][Rank 0] Done moment 21/36 (task 20): force_integral=+0.000000e+00
  [BOTH][Rank 0] Done moment 21/36 (task 20): force_integral=+0.000000e+00
  [BOTH][Rank 0] Done moment 21/36 (task 20): force_integral=+0.000000e+00
  [BOTH][Rank 0] Done moment 21/36 (task 20): force_integral=+0.000000e+00
  [BOTH][Rank 0] Done moment 21/36 (task 20): force_integral=+0.000000e+00
  [BOTH][Rank 0] Done moment 21/36 (task 20): force_integral=+0.000000e+00
  [BOTH][Rank 0] Done moment 21/36 (task 20): force_integral=+0.000000e+00
  [BOTH][Rank 0] Done moment 21/36 (task 20): force_integral=+0.000000e+00
  [BOTH][Rank 0] Done moment 21/36 (task 20): force_integral=+0.000000e+00
  [BOTH][Rank 0] Done moment 21/36 (task 20): force_integral=+0.000000e+00
  [BOTH][Rank 0] Done moment 21/36 (task 20): force_integral=+0.000000e+00
  [BOTH][Rank 0] Done moment 21/36 (task 20): force_integral=+0.000000e+00
  [BOTH][Rank 0] Done moment 21/36 (task 20): force_integral=+0.000000e+00
  [BOTH][Rank 0] Done moment 21/36 (task 20): force_integral=+0.000000e+00
  [BOTH][Rank 0] Done moment 21/36 (task 20): force_integral=+0.000000e+00
  [BOTH][Rank 0] Done moment 21/36 (task 20): force_integral=+0.000000e+00
  [BOTH][Rank 0] Done moment 21/36 (task 20): force_integral=+0.000000e+00
  [BOTH][Rank 0] Done moment 21/36 (task 20): force_integral=+0.000000e+00
  [BOTH][Rank 0] Done moment 21/36 (task 20): force_integral=+0.000000e+00
  [BOTH][Rank 0] Done moment 21/36 (task 20): force_integral=+0.000000e+00
  [BOTH][Rank 0] Done moment 21/36 (task 20): force_integral=+0.000000e+00
  [BOTH][Rank 0] Done moment 21/36 (task 20): force_integral=+0.000000e+00
  [BOTH][Rank 0] Done moment 21/36 (task 20): force_integral=+0.000000e+00
  [BOTH][Rank 0] Done moment 21/36 (task 20): force_integral=+0.000000e+00
  [BOTH][Rank 0] Done moment 21/36 (task 20): force_integral=+0.000000e+00
  [BOTH][Rank 0] Done moment 21/36 (task 20): force_integral=+0.000000e+00
  [BOTH][Rank 0] Done moment 21/36 (task 20): force_integral=+0.000000e+00
  [BOTH][Rank 0] Done moment 21/36 (task 20): force_integral=+0.000000e+00
  [BOTH][Rank 0] Done moment 21/36 (task 20): force_integral=+0.000000e+00
  [BOTH][Rank 0] Done moment 21/36 (task 20): force_integral=+0.000000e+00
  [BOTH][Rank 0] Done moment 21/36 (task 20): force_integral=+0.000000e+00
  [BOTH][Rank 0] Done moment 21/36 (task 20): force_integral=+0.000000e+00
  [BOTH][Rank 0] Done moment 21/36 (task 20): force_integral=+0.000000e+00
  [BOTH][Rank 0] Done moment 21/36 (task 20): force_integral=+0.000000e+00
  [BOTH][Rank 0] Done moment 21/36 (task 20): force_integral=+0.000000e+00
  [BOTH][Rank 0] Done moment 21/36 (task 20): force_integral=+0.000000e+00
  [BOTH][Rank 0] Done moment 21/36 (task 20): force_integral=+0.000000e+00
  [BOTH][Rank 0] Done moment 21/36 (task 20): force_integral=+0.000000e+00
  [BOTH][Rank 0] Done moment 21/36 (task 20): force_integral=+0.000000e+00
  [BOTH][Rank 0] Done moment 21/36 (task 20): force_integral=+0.000000e+00
  [BOTH][Rank 0] Done moment 21/36 (task 20): force_integral=+0.000000e+00
  [BOTH][Rank 0] Done moment 21/36 (task 20): force_integral=+0.000000e+00
  [BOTH][Rank 0] Done moment 21/36 (task 20): force_integral=+0.000000e+00
  [BOTH][Rank 0] Done moment 21/36 (task 20): force_integral=+0.000000e+00
  [BOTH][Rank 0] Done moment 21/36 (task 20): force_integral=+0.000000e+00
  [BOTH][Rank 0] Done moment 21/36 (task 20): force_integral=+0.000000e+00
  [BOTH][Rank 0] Done moment 21/36 (task 20): force_integral=+0.000000e+00
  [BOTH][Rank 0] Done moment 21/36 (task 20): force_integral=+0.000000e+00
  [BOTH][Rank 0] Done moment 21/36 (task 20): force_integral=+0.000000e+00
  [BOTH][Rank 0] Done moment 21/36 (task 20): force_integral=+0.000000e+00
  [BOTH][Rank 0] Done moment 21/36 (task 20): force_integral=+0.000000e+00
  [BOTH][Rank 0] Done moment 21/36 (task 20): force_integral=+0.000000e+00
  [BOTH][Rank 0] Done moment 21/36 (task 20): force_integral=+0.000000e+00
  [BOTH][Rank 0] Done moment 21/36 (task 20): force_integral=+0.000000e+00
  [BOTH][Rank 0] Done moment 21/36 (task 20): force_integral=+0.000000e+00
  [BOTH][Rank 0] Done moment 21/36 (task 20): force_integral=+0.000000e+00
  [BOTH][Rank 0] Done moment 22/36 (task 21): force_integral=+0.000000e+00
  [BOTH][Rank 0] Done moment 22/36 (task 21): force_integral=+0.000000e+00
  [BOTH][Rank 0] Done moment 22/36 (task 21): force_integral=+0.000000e+00
  [BOTH][Rank 0] Done moment 22/36 (task 21): force_integral=+0.000000e+00
  [BOTH][Rank 0] Done moment 22/36 (task 21): force_integral=+0.000000e+00
  [BOTH][Rank 0] Done moment 22/36 (task 21): force_integral=+0.000000e+00
  [BOTH][Rank 0] Done moment 22/36 (task 21): force_integral=+0.000000e+00
  [BOTH][Rank 0] Done moment 22/36 (task 21): force_integral=+0.000000e+00
  [BOTH][Rank 0] Done moment 22/36 (task 21): force_integral=+0.000000e+00
  [BOTH][Rank 0] Done moment 22/36 (task 21): force_integral=+0.000000e+00
  [BOTH][Rank 0] Done moment 22/36 (task 21): force_integral=+0.000000e+00
  [BOTH][Rank 0] Done moment 22/36 (task 21): force_integral=+0.000000e+00
  [BOTH][Rank 0] Done moment 22/36 (task 21): force_integral=+0.000000e+00
  [BOTH][Rank 0] Done moment 22/36 (task 21): force_integral=+0.000000e+00
  [BOTH][Rank 0] Done moment 22/36 (task 21): force_integral=+0.000000e+00
  [BOTH][Rank 0] Done moment 22/36 (task 21): force_integral=+0.000000e+00
  [BOTH][Rank 0] Done moment 22/36 (task 21): force_integral=+0.000000e+00
  [BOTH][Rank 0] Done moment 22/36 (task 21): force_integral=+0.000000e+00
  [BOTH][Rank 0] Done moment 22/36 (task 21): force_integral=+0.000000e+00
  [BOTH][Rank 0] Done moment 22/36 (task 21): force_integral=+0.000000e+00
  [BOTH][Rank 0] Done moment 22/36 (task 21): force_integral=+0.000000e+00
  [BOTH][Rank 0] Done moment 22/36 (task 21): force_integral=+0.000000e+00
  [BOTH][Rank 0] Done moment 22/36 (task 21): force_integral=+0.000000e+00
  [BOTH][Rank 0] Done moment 22/36 (task 21): force_integral=+0.000000e+00
  [BOTH][Rank 0] Done moment 22/36 (task 21): force_integral=+0.000000e+00
  [BOTH][Rank 0] Done moment 22/36 (task 21): force_integral=+0.000000e+00
  [BOTH][Rank 0] Done moment 22/36 (task 21): force_integral=+0.000000e+00
  [BOTH][Rank 0] Done moment 22/36 (task 21): force_integral=+0.000000e+00
  [BOTH][Rank 0] Done moment 22/36 (task 21): force_integral=+0.000000e+00
  [BOTH][Rank 0] Done moment 22/36 (task 21): force_integral=+0.000000e+00
  [BOTH][Rank 0] Done moment 22/36 (task 21): force_integral=+0.000000e+00
  [BOTH][Rank 0] Done moment 22/36 (task 21): force_integral=+0.000000e+00
  [BOTH][Rank 0] Done moment 22/36 (task 21): force_integral=+0.000000e+00
  [BOTH][Rank 0] Done moment 22/36 (task 21): force_integral=+0.000000e+00
  [BOTH][Rank 0] Done moment 22/36 (task 21): force_integral=+0.000000e+00
  [BOTH][Rank 0] Done moment 22/36 (task 21): force_integral=+0.000000e+00
  [BOTH][Rank 0] Done moment 22/36 (task 21): force_integral=+0.000000e+00
  [BOTH][Rank 0] Done moment 22/36 (task 21): force_integral=+0.000000e+00
  [BOTH][Rank 0] Done moment 22/36 (task 21): force_integral=+0.000000e+00
  [BOTH][Rank 0] Done moment 22/36 (task 21): force_integral=+0.000000e+00
  [BOTH][Rank 0] Done moment 22/36 (task 21): force_integral=+0.000000e+00
  [BOTH][Rank 0] Done moment 22/36 (task 21): force_integral=+0.000000e+00
  [BOTH][Rank 0] Done moment 22/36 (task 21): force_integral=+0.000000e+00
  [BOTH][Rank 0] Done moment 22/36 (task 21): force_integral=+0.000000e+00
  [BOTH][Rank 0] Done moment 22/36 (task 21): force_integral=+0.000000e+00
  [BOTH][Rank 0] Done moment 22/36 (task 21): force_integral=+0.000000e+00
  [BOTH][Rank 0] Done moment 22/36 (task 21): force_integral=+0.000000e+00
  [BOTH][Rank 0] Done moment 22/36 (task 21): force_integral=+0.000000e+00
  [BOTH][Rank 0] Done moment 22/36 (task 21): force_integral=+0.000000e+00
  [BOTH][Rank 0] Done moment 22/36 (task 21): force_integral=+0.000000e+00
  [BOTH][Rank 0] Done moment 22/36 (task 21): force_integral=+0.000000e+00
  [BOTH][Rank 0] Done moment 22/36 (task 21): force_integral=+0.000000e+00
  [BOTH][Rank 0] Done moment 22/36 (task 21): force_integral=+0.000000e+00
  [BOTH][Rank 0] Done moment 22/36 (task 21): force_integral=+0.000000e+00
  [BOTH][Rank 0] Done moment 22/36 (task 21): force_integral=+0.000000e+00
  [BOTH][Rank 0] Done moment 22/36 (task 21): force_integral=+0.000000e+00
  [BOTH][Rank 0] Done moment 22/36 (task 21): force_integral=+0.000000e+00
  [BOTH][Rank 0] Done moment 22/36 (task 21): force_integral=+0.000000e+00
  [BOTH][Rank 0] Done moment 22/36 (task 21): force_integral=+0.000000e+00
  [BOTH][Rank 0] Done moment 22/36 (task 21): force_integral=+0.000000e+00
  [BOTH][Rank 0] Done moment 22/36 (task 21): force_integral=+0.000000e+00
  [BOTH][Rank 0] Done moment 22/36 (task 21): force_integral=+0.000000e+00
  [BOTH][Rank 0] Done moment 22/36 (task 21): force_integral=+0.000000e+00
  [BOTH][Rank 0] Done moment 22/36 (task 21): force_integral=+0.000000e+00
  [BOTH][Rank 0] Done moment 22/36 (task 21): force_integral=+0.000000e+00
  [BOTH][Rank 0] Done moment 22/36 (task 21): force_integral=+0.000000e+00
  [BOTH][Rank 0] Done moment 22/36 (task 21): force_integral=+0.000000e+00
  [BOTH][Rank 0] Done moment 22/36 (task 21): force_integral=+0.000000e+00
  [BOTH][Rank 0] Done moment 22/36 (task 21): force_integral=+0.000000e+00
  [BOTH][Rank 0] Done moment 22/36 (task 21): force_integral=+0.000000e+00
  [BOTH][Rank 0] Done moment 22/36 (task 21): force_integral=+0.000000e+00
  [BOTH][Rank 0] Done moment 22/36 (task 21): force_integral=+0.000000e+00
  [BOTH][Rank 0] Done moment 22/36 (task 21): force_integral=+0.000000e+00
  [BOTH][Rank 0] Done moment 22/36 (task 21): force_integral=+0.000000e+00
  [BOTH][Rank 0] Done moment 22/36 (task 21): force_integral=+0.000000e+00
  [BOTH][Rank 0] Done moment 22/36 (task 21): force_integral=+0.000000e+00
  [BOTH][Rank 0] Done moment 22/36 (task 21): force_integral=+0.000000e+00
  [BOTH][Rank 0] Done moment 22/36 (task 21): force_integral=+0.000000e+00
  [BOTH][Rank 0] Done moment 22/36 (task 21): force_integral=+0.000000e+00
  [BOTH][Rank 0] Done moment 22/36 (task 21): force_integral=+0.000000e+00
  [BOTH][Rank 0] Done moment 22/36 (task 21): force_integral=+0.000000e+00
  [BOTH][Rank 0] Done moment 22/36 (task 21): force_integral=+0.000000e+00
  [BOTH][Rank 0] Done moment 22/36 (task 21): force_integral=+0.000000e+00
  [BOTH][Rank 0] Done moment 22/36 (task 21): force_integral=+0.000000e+00
  [BOTH][Rank 0] Done moment 22/36 (task 21): force_integral=+0.000000e+00
  [BOTH][Rank 0] Done moment 22/36 (task 21): force_integral=+0.000000e+00
  [BOTH][Rank 0] Done moment 22/36 (task 21): force_integral=+0.000000e+00
  [BOTH][Rank 0] Done moment 22/36 (task 21): force_integral=+0.000000e+00
  [BOTH][Rank 0] Done moment 22/36 (task 21): force_integral=+0.000000e+00
  [BOTH][Rank 0] Done moment 22/36 (task 21): force_integral=+0.000000e+00
  [BOTH][Rank 0] Done moment 22/36 (task 21): force_integral=+0.000000e+00
  [BOTH][Rank 0] Done moment 22/36 (task 21): force_integral=+0.000000e+00
  [BOTH][Rank 0] Done moment 22/36 (task 21): force_integral=+0.000000e+00
  [BOTH][Rank 0] Done moment 22/36 (task 21): force_integral=+0.000000e+00
  [BOTH][Rank 0] Done moment 22/36 (task 21): force_integral=+0.000000e+00
  [BOTH][Rank 0] Done moment 22/36 (task 21): force_integral=+0.000000e+00
  [BOTH][Rank 0] Done moment 22/36 (task 21): force_integral=+0.000000e+00
  [BOTH][Rank 0] Done moment 22/36 (task 21): force_integral=+0.000000e+00
  [BOTH][Rank 0] Done moment 22/36 (task 21): force_integral=+0.000000e+00
  [BOTH][Rank 0] Done moment 22/36 (task 21): force_integral=+0.000000e+00
  [BOTH][Rank 0] Done moment 22/36 (task 21): force_integral=+0.000000e+00
  [BOTH][Rank 0] Done moment 22/36 (task 21): force_integral=+0.000000e+00
  [BOTH][Rank 0] Done moment 22/36 (task 21): force_integral=+0.000000e+00
  [BOTH][Rank 0] Done moment 22/36 (task 21): force_integral=+0.000000e+00
  [BOTH][Rank 0] Done moment 22/36 (task 21): force_integral=+0.000000e+00
  [BOTH][Rank 0] Done moment 22/36 (task 21): force_integral=+0.000000e+00
  [BOTH][Rank 0] Done moment 22/36 (task 21): force_integral=+0.000000e+00
  [BOTH][Rank 0] Done moment 22/36 (task 21): force_integral=+0.000000e+00
  [BOTH][Rank 0] Done moment 22/36 (task 21): force_integral=+0.000000e+00
  [BOTH][Rank 0] Done moment 22/36 (task 21): force_integral=+0.000000e+00
  [BOTH][Rank 0] Done moment 22/36 (task 21): force_integral=+0.000000e+00
  [BOTH][Rank 0] Done moment 22/36 (task 21): force_integral=+0.000000e+00
  [BOTH][Rank 0] Done moment 22/36 (task 21): force_integral=+0.000000e+00
  [BOTH][Rank 0] Done moment 22/36 (task 21): force_integral=+0.000000e+00
  [BOTH][Rank 0] Done moment 22/36 (task 21): force_integral=+0.000000e+00
  [BOTH][Rank 0] Done moment 22/36 (task 21): force_integral=+0.000000e+00
  [BOTH][Rank 0] Done moment 22/36 (task 21): force_integral=+0.000000e+00
  [BOTH][Rank 0] Done moment 22/36 (task 21): force_integral=+0.000000e+00
  [BOTH][Rank 0] Done moment 22/36 (task 21): force_integral=+0.000000e+00
  [BOTH][Rank 0] Done moment 22/36 (task 21): force_integral=+0.000000e+00
  [BOTH][Rank 0] Done moment 22/36 (task 21): force_integral=+0.000000e+00
  [BOTH][Rank 0] Done moment 22/36 (task 21): force_integral=+0.000000e+00
  [BOTH][Rank 0] Done moment 22/36 (task 21): force_integral=+0.000000e+00
  [BOTH][Rank 0] Done moment 22/36 (task 21): force_integral=+0.000000e+00
  [BOTH][Rank 0] Done moment 22/36 (task 21): force_integral=+0.000000e+00
  [BOTH][Rank 0] Done moment 22/36 (task 21): force_integral=+0.000000e+00
  [BOTH][Rank 0] Done moment 22/36 (task 21): force_integral=+0.000000e+00
  [BOTH][Rank 0] Done moment 22/36 (task 21): force_integral=+0.000000e+00
  [BOTH][Rank 0] Done moment 23/36 (task 22): force_integral=-1.667496e+03
  [BOTH][Rank 0] Done moment 23/36 (task 22): force_integral=-1.667496e+03
  [BOTH][Rank 0] Done moment 23/36 (task 22): force_integral=-1.667496e+03
  [BOTH][Rank 0] Done moment 23/36 (task 22): force_integral=-1.667496e+03
  [BOTH][Rank 0] Done moment 23/36 (task 22): force_integral=-1.667496e+03
  [BOTH][Rank 0] Done moment 23/36 (task 22): force_integral=-1.667496e+03
  [BOTH][Rank 0] Done moment 23/36 (task 22): force_integral=-1.667496e+03
  [BOTH][Rank 0] Done moment 23/36 (task 22): force_integral=-1.667496e+03
  [BOTH][Rank 0] Done moment 23/36 (task 22): force_integral=-1.667496e+03
  [BOTH][Rank 0] Done moment 23/36 (task 22): force_integral=-1.667496e+03
  [BOTH][Rank 0] Done moment 23/36 (task 22): force_integral=-1.667496e+03
  [BOTH][Rank 0] Done moment 23/36 (task 22): force_integral=-1.667496e+03
  [BOTH][Rank 0] Done moment 23/36 (task 22): force_integral=-1.667496e+03
  [BOTH][Rank 0] Done moment 23/36 (task 22): force_integral=-1.667496e+03
  [BOTH][Rank 0] Done moment 23/36 (task 22): force_integral=-1.667496e+03
  [BOTH][Rank 0] Done moment 23/36 (task 22): force_integral=-1.667496e+03
  [BOTH][Rank 0] Done moment 23/36 (task 22): force_integral=-1.667496e+03
  [BOTH][Rank 0] Done moment 23/36 (task 22): force_integral=-1.667496e+03
  [BOTH][Rank 0] Done moment 23/36 (task 22): force_integral=-1.667496e+03
  [BOTH][Rank 0] Done moment 23/36 (task 22): force_integral=-1.667496e+03
  [BOTH][Rank 0] Done moment 23/36 (task 22): force_integral=-1.667496e+03
  [BOTH][Rank 0] Done moment 23/36 (task 22): force_integral=-1.667496e+03
  [BOTH][Rank 0] Done moment 23/36 (task 22): force_integral=-1.667496e+03
  [BOTH][Rank 0] Done moment 23/36 (task 22): force_integral=-1.667496e+03
  [BOTH][Rank 0] Done moment 23/36 (task 22): force_integral=-1.667496e+03
  [BOTH][Rank 0] Done moment 23/36 (task 22): force_integral=-1.667496e+03
  [BOTH][Rank 0] Done moment 23/36 (task 22): force_integral=-1.667496e+03
  [BOTH][Rank 0] Done moment 23/36 (task 22): force_integral=-1.667496e+03
  [BOTH][Rank 0] Done moment 23/36 (task 22): force_integral=-1.667496e+03
  [BOTH][Rank 0] Done moment 23/36 (task 22): force_integral=-1.667496e+03
  [BOTH][Rank 0] Done moment 23/36 (task 22): force_integral=-1.667496e+03
  [BOTH][Rank 0] Done moment 23/36 (task 22): force_integral=-1.667496e+03
  [BOTH][Rank 0] Done moment 23/36 (task 22): force_integral=-1.667496e+03
  [BOTH][Rank 0] Done moment 23/36 (task 22): force_integral=-1.667496e+03
  [BOTH][Rank 0] Done moment 23/36 (task 22): force_integral=-1.667496e+03
  [BOTH][Rank 0] Done moment 23/36 (task 22): force_integral=-1.667496e+03
  [BOTH][Rank 0] Done moment 23/36 (task 22): force_integral=-1.667496e+03
  [BOTH][Rank 0] Done moment 23/36 (task 22): force_integral=-1.667496e+03
  [BOTH][Rank 0] Done moment 23/36 (task 22): force_integral=-1.667496e+03
  [BOTH][Rank 0] Done moment 23/36 (task 22): force_integral=-1.667496e+03
  [BOTH][Rank 0] Done moment 23/36 (task 22): force_integral=-1.667496e+03
  [BOTH][Rank 0] Done moment 23/36 (task 22): force_integral=-1.667496e+03
  [BOTH][Rank 0] Done moment 23/36 (task 22): force_integral=-1.667496e+03
  [BOTH][Rank 0] Done moment 23/36 (task 22): force_integral=-1.667496e+03
  [BOTH][Rank 0] Done moment 23/36 (task 22): force_integral=-1.667496e+03
  [BOTH][Rank 0] Done moment 23/36 (task 22): force_integral=-1.667496e+03
  [BOTH][Rank 0] Done moment 23/36 (task 22): force_integral=-1.667496e+03
  [BOTH][Rank 0] Done moment 23/36 (task 22): force_integral=-1.667496e+03
  [BOTH][Rank 0] Done moment 23/36 (task 22): force_integral=-1.667496e+03
  [BOTH][Rank 0] Done moment 23/36 (task 22): force_integral=-1.667496e+03
  [BOTH][Rank 0] Done moment 23/36 (task 22): force_integral=-1.667496e+03
  [BOTH][Rank 0] Done moment 23/36 (task 22): force_integral=-1.667496e+03
  [BOTH][Rank 0] Done moment 23/36 (task 22): force_integral=-1.667496e+03
  [BOTH][Rank 0] Done moment 23/36 (task 22): force_integral=-1.667496e+03
  [BOTH][Rank 0] Done moment 23/36 (task 22): force_integral=-1.667496e+03
  [BOTH][Rank 0] Done moment 23/36 (task 22): force_integral=-1.667496e+03
  [BOTH][Rank 0] Done moment 23/36 (task 22): force_integral=-1.667496e+03
  [BOTH][Rank 0] Done moment 23/36 (task 22): force_integral=-1.667496e+03
  [BOTH][Rank 0] Done moment 23/36 (task 22): force_integral=-1.667496e+03
  [BOTH][Rank 0] Done moment 23/36 (task 22): force_integral=-1.667496e+03
  [BOTH][Rank 0] Done moment 23/36 (task 22): force_integral=-1.667496e+03
  [BOTH][Rank 0] Done moment 23/36 (task 22): force_integral=-1.667496e+03
  [BOTH][Rank 0] Done moment 23/36 (task 22): force_integral=-1.667496e+03
  [BOTH][Rank 0] Done moment 23/36 (task 22): force_integral=-1.667496e+03
  [BOTH][Rank 0] Done moment 23/36 (task 22): force_integral=-1.667496e+03
  [BOTH][Rank 0] Done moment 23/36 (task 22): force_integral=-1.667496e+03
  [BOTH][Rank 0] Done moment 23/36 (task 22): force_integral=-1.667496e+03
  [BOTH][Rank 0] Done moment 23/36 (task 22): force_integral=-1.667496e+03
  [BOTH][Rank 0] Done moment 23/36 (task 22): force_integral=-1.667496e+03
  [BOTH][Rank 0] Done moment 23/36 (task 22): force_integral=-1.667496e+03
  [BOTH][Rank 0] Done moment 23/36 (task 22): force_integral=-1.667496e+03
  [BOTH][Rank 0] Done moment 23/36 (task 22): force_integral=-1.667496e+03
  [BOTH][Rank 0] Done moment 23/36 (task 22): force_integral=-1.667496e+03
  [BOTH][Rank 0] Done moment 23/36 (task 22): force_integral=-1.667496e+03
  [BOTH][Rank 0] Done moment 23/36 (task 22): force_integral=-1.667496e+03
  [BOTH][Rank 0] Done moment 23/36 (task 22): force_integral=-1.667496e+03
  [BOTH][Rank 0] Done moment 23/36 (task 22): force_integral=-1.667496e+03
  [BOTH][Rank 0] Done moment 23/36 (task 22): force_integral=-1.667496e+03
  [BOTH][Rank 0] Done moment 23/36 (task 22): force_integral=-1.667496e+03
  [BOTH][Rank 0] Done moment 23/36 (task 22): force_integral=-1.667496e+03
  [BOTH][Rank 0] Done moment 23/36 (task 22): force_integral=-1.667496e+03
  [BOTH][Rank 0] Done moment 23/36 (task 22): force_integral=-1.667496e+03
  [BOTH][Rank 0] Done moment 23/36 (task 22): force_integral=-1.667496e+03
  [BOTH][Rank 0] Done moment 23/36 (task 22): force_integral=-1.667496e+03
  [BOTH][Rank 0] Done moment 23/36 (task 22): force_integral=-1.667496e+03
  [BOTH][Rank 0] Done moment 23/36 (task 22): force_integral=-1.667496e+03
  [BOTH][Rank 0] Done moment 23/36 (task 22): force_integral=-1.667496e+03
  [BOTH][Rank 0] Done moment 23/36 (task 22): force_integral=-1.667496e+03
  [BOTH][Rank 0] Done moment 23/36 (task 22): force_integral=-1.667496e+03
  [BOTH][Rank 0] Done moment 23/36 (task 22): force_integral=-1.667496e+03
  [BOTH][Rank 0] Done moment 23/36 (task 22): force_integral=-1.667496e+03
  [BOTH][Rank 0] Done moment 23/36 (task 22): force_integral=-1.667496e+03
  [BOTH][Rank 0] Done moment 23/36 (task 22): force_integral=-1.667496e+03
  [BOTH][Rank 0] Done moment 23/36 (task 22): force_integral=-1.667496e+03
  [BOTH][Rank 0] Done moment 23/36 (task 22): force_integral=-1.667496e+03
  [BOTH][Rank 0] Done moment 23/36 (task 22): force_integral=-1.667496e+03
  [BOTH][Rank 0] Done moment 23/36 (task 22): force_integral=-1.667496e+03
  [BOTH][Rank 0] Done moment 23/36 (task 22): force_integral=-1.667496e+03
  [BOTH][Rank 0] Done moment 23/36 (task 22): force_integral=-1.667496e+03
  [BOTH][Rank 0] Done moment 23/36 (task 22): force_integral=-1.667496e+03
  [BOTH][Rank 0] Done moment 23/36 (task 22): force_integral=-1.667496e+03
  [BOTH][Rank 0] Done moment 23/36 (task 22): force_integral=-1.667496e+03
  [BOTH][Rank 0] Done moment 23/36 (task 22): force_integral=-1.667496e+03
  [BOTH][Rank 0] Done moment 23/36 (task 22): force_integral=-1.667496e+03
  [BOTH][Rank 0] Done moment 23/36 (task 22): force_integral=-1.667496e+03
  [BOTH][Rank 0] Done moment 23/36 (task 22): force_integral=-1.667496e+03
  [BOTH][Rank 0] Done moment 23/36 (task 22): force_integral=-1.667496e+03
  [BOTH][Rank 0] Done moment 23/36 (task 22): force_integral=-1.667496e+03
  [BOTH][Rank 0] Done moment 23/36 (task 22): force_integral=-1.667496e+03
  [BOTH][Rank 0] Done moment 23/36 (task 22): force_integral=-1.667496e+03
  [BOTH][Rank 0] Done moment 23/36 (task 22): force_integral=-1.667496e+03
  [BOTH][Rank 0] Done moment 23/36 (task 22): force_integral=-1.667496e+03
  [BOTH][Rank 0] Done moment 23/36 (task 22): force_integral=-1.667496e+03
  [BOTH][Rank 0] Done moment 23/36 (task 22): force_integral=-1.667496e+03
  [BOTH][Rank 0] Done moment 23/36 (task 22): force_integral=-1.667496e+03
  [BOTH][Rank 0] Done moment 23/36 (task 22): force_integral=-1.667496e+03
  [BOTH][Rank 0] Done moment 23/36 (task 22): force_integral=-1.667496e+03
  [BOTH][Rank 0] Done moment 23/36 (task 22): force_integral=-1.667496e+03
  [BOTH][Rank 0] Done moment 23/36 (task 22): force_integral=-1.667496e+03
  [BOTH][Rank 0] Done moment 23/36 (task 22): force_integral=-1.667496e+03
  [BOTH][Rank 0] Done moment 23/36 (task 22): force_integral=-1.667496e+03
  [BOTH][Rank 0] Done moment 23/36 (task 22): force_integral=-1.667496e+03
  [BOTH][Rank 0] Done moment 23/36 (task 22): force_integral=-1.667496e+03
  [BOTH][Rank 0] Done moment 23/36 (task 22): force_integral=-1.667496e+03
  [BOTH][Rank 0] Done moment 23/36 (task 22): force_integral=-1.667496e+03
  [BOTH][Rank 0] Done moment 23/36 (task 22): force_integral=-1.667496e+03
  [BOTH][Rank 0] Done moment 23/36 (task 22): force_integral=-1.667496e+03
  [BOTH][Rank 0] Done moment 23/36 (task 22): force_integral=-1.667496e+03
  [BOTH][Rank 0] Done moment 24/36 (task 23): force_integral=+1.708289e+03
  [BOTH][Rank 0] Done moment 24/36 (task 23): force_integral=+1.708289e+03
  [BOTH][Rank 0] Done moment 24/36 (task 23): force_integral=+1.708289e+03
  [BOTH][Rank 0] Done moment 24/36 (task 23): force_integral=+1.708289e+03
  [BOTH][Rank 0] Done moment 24/36 (task 23): force_integral=+1.708289e+03
  [BOTH][Rank 0] Done moment 24/36 (task 23): force_integral=+1.708289e+03
  [BOTH][Rank 0] Done moment 24/36 (task 23): force_integral=+1.708289e+03
  [BOTH][Rank 0] Done moment 24/36 (task 23): force_integral=+1.708289e+03
  [BOTH][Rank 0] Done moment 24/36 (task 23): force_integral=+1.708289e+03
  [BOTH][Rank 0] Done moment 24/36 (task 23): force_integral=+1.708289e+03
  [BOTH][Rank 0] Done moment 24/36 (task 23): force_integral=+1.708289e+03
  [BOTH][Rank 0] Done moment 24/36 (task 23): force_integral=+1.708289e+03
  [BOTH][Rank 0] Done moment 24/36 (task 23): force_integral=+1.708289e+03
  [BOTH][Rank 0] Done moment 24/36 (task 23): force_integral=+1.708289e+03
  [BOTH][Rank 0] Done moment 24/36 (task 23): force_integral=+1.708289e+03
  [BOTH][Rank 0] Done moment 24/36 (task 23): force_integral=+1.708289e+03
  [BOTH][Rank 0] Done moment 24/36 (task 23): force_integral=+1.708289e+03
  [BOTH][Rank 0] Done moment 24/36 (task 23): force_integral=+1.708289e+03
  [BOTH][Rank 0] Done moment 24/36 (task 23): force_integral=+1.708289e+03
  [BOTH][Rank 0] Done moment 24/36 (task 23): force_integral=+1.708289e+03
  [BOTH][Rank 0] Done moment 24/36 (task 23): force_integral=+1.708289e+03
  [BOTH][Rank 0] Done moment 24/36 (task 23): force_integral=+1.708289e+03
  [BOTH][Rank 0] Done moment 24/36 (task 23): force_integral=+1.708289e+03
  [BOTH][Rank 0] Done moment 24/36 (task 23): force_integral=+1.708289e+03
  [BOTH][Rank 0] Done moment 24/36 (task 23): force_integral=+1.708289e+03
  [BOTH][Rank 0] Done moment 24/36 (task 23): force_integral=+1.708289e+03
  [BOTH][Rank 0] Done moment 24/36 (task 23): force_integral=+1.708289e+03
  [BOTH][Rank 0] Done moment 24/36 (task 23): force_integral=+1.708289e+03
  [BOTH][Rank 0] Done moment 24/36 (task 23): force_integral=+1.708289e+03
  [BOTH][Rank 0] Done moment 24/36 (task 23): force_integral=+1.708289e+03
  [BOTH][Rank 0] Done moment 24/36 (task 23): force_integral=+1.708289e+03
  [BOTH][Rank 0] Done moment 24/36 (task 23): force_integral=+1.708289e+03
  [BOTH][Rank 0] Done moment 24/36 (task 23): force_integral=+1.708289e+03
  [BOTH][Rank 0] Done moment 24/36 (task 23): force_integral=+1.708289e+03
  [BOTH][Rank 0] Done moment 24/36 (task 23): force_integral=+1.708289e+03
  [BOTH][Rank 0] Done moment 24/36 (task 23): force_integral=+1.708289e+03
  [BOTH][Rank 0] Done moment 24/36 (task 23): force_integral=+1.708289e+03
  [BOTH][Rank 0] Done moment 24/36 (task 23): force_integral=+1.708289e+03
  [BOTH][Rank 0] Done moment 24/36 (task 23): force_integral=+1.708289e+03
  [BOTH][Rank 0] Done moment 24/36 (task 23): force_integral=+1.708289e+03
  [BOTH][Rank 0] Done moment 24/36 (task 23): force_integral=+1.708289e+03
  [BOTH][Rank 0] Done moment 24/36 (task 23): force_integral=+1.708289e+03
  [BOTH][Rank 0] Done moment 24/36 (task 23): force_integral=+1.708289e+03
  [BOTH][Rank 0] Done moment 24/36 (task 23): force_integral=+1.708289e+03
  [BOTH][Rank 0] Done moment 24/36 (task 23): force_integral=+1.708289e+03
  [BOTH][Rank 0] Done moment 24/36 (task 23): force_integral=+1.708289e+03
  [BOTH][Rank 0] Done moment 24/36 (task 23): force_integral=+1.708289e+03
  [BOTH][Rank 0] Done moment 24/36 (task 23): force_integral=+1.708289e+03
  [BOTH][Rank 0] Done moment 24/36 (task 23): force_integral=+1.708289e+03
  [BOTH][Rank 0] Done moment 24/36 (task 23): force_integral=+1.708289e+03
  [BOTH][Rank 0] Done moment 24/36 (task 23): force_integral=+1.708289e+03
  [BOTH][Rank 0] Done moment 24/36 (task 23): force_integral=+1.708289e+03
  [BOTH][Rank 0] Done moment 24/36 (task 23): force_integral=+1.708289e+03
  [BOTH][Rank 0] Done moment 24/36 (task 23): force_integral=+1.708289e+03
  [BOTH][Rank 0] Done moment 24/36 (task 23): force_integral=+1.708289e+03
  [BOTH][Rank 0] Done moment 24/36 (task 23): force_integral=+1.708289e+03
  [BOTH][Rank 0] Done moment 24/36 (task 23): force_integral=+1.708289e+03
  [BOTH][Rank 0] Done moment 24/36 (task 23): force_integral=+1.708289e+03
  [BOTH][Rank 0] Done moment 24/36 (task 23): force_integral=+1.708289e+03
  [BOTH][Rank 0] Done moment 24/36 (task 23): force_integral=+1.708289e+03
  [BOTH][Rank 0] Done moment 24/36 (task 23): force_integral=+1.708289e+03
  [BOTH][Rank 0] Done moment 24/36 (task 23): force_integral=+1.708289e+03
  [BOTH][Rank 0] Done moment 24/36 (task 23): force_integral=+1.708289e+03
  [BOTH][Rank 0] Done moment 24/36 (task 23): force_integral=+1.708289e+03
  [BOTH][Rank 0] Done moment 24/36 (task 23): force_integral=+1.708289e+03
  [BOTH][Rank 0] Done moment 24/36 (task 23): force_integral=+1.708289e+03
  [BOTH][Rank 0] Done moment 24/36 (task 23): force_integral=+1.708289e+03
  [BOTH][Rank 0] Done moment 24/36 (task 23): force_integral=+1.708289e+03
  [BOTH][Rank 0] Done moment 24/36 (task 23): force_integral=+1.708289e+03
  [BOTH][Rank 0] Done moment 24/36 (task 23): force_integral=+1.708289e+03
  [BOTH][Rank 0] Done moment 24/36 (task 23): force_integral=+1.708289e+03
  [BOTH][Rank 0] Done moment 24/36 (task 23): force_integral=+1.708289e+03
  [BOTH][Rank 0] Done moment 24/36 (task 23): force_integral=+1.708289e+03
  [BOTH][Rank 0] Done moment 24/36 (task 23): force_integral=+1.708289e+03
  [BOTH][Rank 0] Done moment 24/36 (task 23): force_integral=+1.708289e+03
  [BOTH][Rank 0] Done moment 24/36 (task 23): force_integral=+1.708289e+03
  [BOTH][Rank 0] Done moment 24/36 (task 23): force_integral=+1.708289e+03
  [BOTH][Rank 0] Done moment 24/36 (task 23): force_integral=+1.708289e+03
  [BOTH][Rank 0] Done moment 24/36 (task 23): force_integral=+1.708289e+03
  [BOTH][Rank 0] Done moment 24/36 (task 23): force_integral=+1.708289e+03
  [BOTH][Rank 0] Done moment 24/36 (task 23): force_integral=+1.708289e+03
  [BOTH][Rank 0] Done moment 24/36 (task 23): force_integral=+1.708289e+03
  [BOTH][Rank 0] Done moment 24/36 (task 23): force_integral=+1.708289e+03
  [BOTH][Rank 0] Done moment 24/36 (task 23): force_integral=+1.708289e+03
  [BOTH][Rank 0] Done moment 24/36 (task 23): force_integral=+1.708289e+03
  [BOTH][Rank 0] Done moment 24/36 (task 23): force_integral=+1.708289e+03
  [BOTH][Rank 0] Done moment 24/36 (task 23): force_integral=+1.708289e+03
  [BOTH][Rank 0] Done moment 24/36 (task 23): force_integral=+1.708289e+03
  [BOTH][Rank 0] Done moment 24/36 (task 23): force_integral=+1.708289e+03
  [BOTH][Rank 0] Done moment 24/36 (task 23): force_integral=+1.708289e+03
  [BOTH][Rank 0] Done moment 24/36 (task 23): force_integral=+1.708289e+03
  [BOTH][Rank 0] Done moment 24/36 (task 23): force_integral=+1.708289e+03
  [BOTH][Rank 0] Done moment 24/36 (task 23): force_integral=+1.708289e+03
  [BOTH][Rank 0] Done moment 24/36 (task 23): force_integral=+1.708289e+03
  [BOTH][Rank 0] Done moment 24/36 (task 23): force_integral=+1.708289e+03
  [BOTH][Rank 0] Done moment 24/36 (task 23): force_integral=+1.708289e+03
  [BOTH][Rank 0] Done moment 24/36 (task 23): force_integral=+1.708289e+03
  [BOTH][Rank 0] Done moment 24/36 (task 23): force_integral=+1.708289e+03
  [BOTH][Rank 0] Done moment 24/36 (task 23): force_integral=+1.708289e+03
  [BOTH][Rank 0] Done moment 24/36 (task 23): force_integral=+1.708289e+03
  [BOTH][Rank 0] Done moment 24/36 (task 23): force_integral=+1.708289e+03
  [BOTH][Rank 0] Done moment 24/36 (task 23): force_integral=+1.708289e+03
  [BOTH][Rank 0] Done moment 24/36 (task 23): force_integral=+1.708289e+03
  [BOTH][Rank 0] Done moment 24/36 (task 23): force_integral=+1.708289e+03
  [BOTH][Rank 0] Done moment 24/36 (task 23): force_integral=+1.708289e+03
  [BOTH][Rank 0] Done moment 24/36 (task 23): force_integral=+1.708289e+03
  [BOTH][Rank 0] Done moment 24/36 (task 23): force_integral=+1.708289e+03
  [BOTH][Rank 0] Done moment 24/36 (task 23): force_integral=+1.708289e+03
  [BOTH][Rank 0] Done moment 24/36 (task 23): force_integral=+1.708289e+03
  [BOTH][Rank 0] Done moment 24/36 (task 23): force_integral=+1.708289e+03
  [BOTH][Rank 0] Done moment 24/36 (task 23): force_integral=+1.708289e+03
  [BOTH][Rank 0] Done moment 24/36 (task 23): force_integral=+1.708289e+03
  [BOTH][Rank 0] Done moment 24/36 (task 23): force_integral=+1.708289e+03
  [BOTH][Rank 0] Done moment 24/36 (task 23): force_integral=+1.708289e+03
  [BOTH][Rank 0] Done moment 24/36 (task 23): force_integral=+1.708289e+03
  [BOTH][Rank 0] Done moment 24/36 (task 23): force_integral=+1.708289e+03
  [BOTH][Rank 0] Done moment 24/36 (task 23): force_integral=+1.708289e+03
  [BOTH][Rank 0] Done moment 24/36 (task 23): force_integral=+1.708289e+03
  [BOTH][Rank 0] Done moment 24/36 (task 23): force_integral=+1.708289e+03
  [BOTH][Rank 0] Done moment 24/36 (task 23): force_integral=+1.708289e+03
  [BOTH][Rank 0] Done moment 24/36 (task 23): force_integral=+1.708289e+03
  [BOTH][Rank 0] Done moment 24/36 (task 23): force_integral=+1.708289e+03
  [BOTH][Rank 0] Done moment 24/36 (task 23): force_integral=+1.708289e+03
  [BOTH][Rank 0] Done moment 24/36 (task 23): force_integral=+1.708289e+03
  [BOTH][Rank 0] Done moment 24/36 (task 23): force_integral=+1.708289e+03
  [BOTH][Rank 0] Done moment 24/36 (task 23): force_integral=+1.708289e+03
  [BOTH][Rank 0] Done moment 24/36 (task 23): force_integral=+1.708289e+03
  [BOTH][Rank 0] Done moment 24/36 (task 23): force_integral=+1.708289e+03
  [BOTH][Rank 0] Done moment 25/36 (task 24): force_integral=+0.000000e+00
  [BOTH][Rank 0] Done moment 25/36 (task 24): force_integral=+0.000000e+00
  [BOTH][Rank 0] Done moment 25/36 (task 24): force_integral=+0.000000e+00
  [BOTH][Rank 0] Done moment 25/36 (task 24): force_integral=+0.000000e+00
  [BOTH][Rank 0] Done moment 25/36 (task 24): force_integral=+0.000000e+00
  [BOTH][Rank 0] Done moment 25/36 (task 24): force_integral=+0.000000e+00
  [BOTH][Rank 0] Done moment 25/36 (task 24): force_integral=+0.000000e+00
  [BOTH][Rank 0] Done moment 25/36 (task 24): force_integral=+0.000000e+00
  [BOTH][Rank 0] Done moment 25/36 (task 24): force_integral=+0.000000e+00
  [BOTH][Rank 0] Done moment 25/36 (task 24): force_integral=+0.000000e+00
  [BOTH][Rank 0] Done moment 25/36 (task 24): force_integral=+0.000000e+00
  [BOTH][Rank 0] Done moment 25/36 (task 24): force_integral=+0.000000e+00
  [BOTH][Rank 0] Done moment 25/36 (task 24): force_integral=+0.000000e+00
  [BOTH][Rank 0] Done moment 25/36 (task 24): force_integral=+0.000000e+00
  [BOTH][Rank 0] Done moment 25/36 (task 24): force_integral=+0.000000e+00
  [BOTH][Rank 0] Done moment 25/36 (task 24): force_integral=+0.000000e+00
  [BOTH][Rank 0] Done moment 25/36 (task 24): force_integral=+0.000000e+00
  [BOTH][Rank 0] Done moment 25/36 (task 24): force_integral=+0.000000e+00
  [BOTH][Rank 0] Done moment 25/36 (task 24): force_integral=+0.000000e+00
  [BOTH][Rank 0] Done moment 25/36 (task 24): force_integral=+0.000000e+00
  [BOTH][Rank 0] Done moment 25/36 (task 24): force_integral=+0.000000e+00
  [BOTH][Rank 0] Done moment 25/36 (task 24): force_integral=+0.000000e+00
  [BOTH][Rank 0] Done moment 25/36 (task 24): force_integral=+0.000000e+00
  [BOTH][Rank 0] Done moment 25/36 (task 24): force_integral=+0.000000e+00
  [BOTH][Rank 0] Done moment 25/36 (task 24): force_integral=+0.000000e+00
  [BOTH][Rank 0] Done moment 25/36 (task 24): force_integral=+0.000000e+00
  [BOTH][Rank 0] Done moment 25/36 (task 24): force_integral=+0.000000e+00
  [BOTH][Rank 0] Done moment 25/36 (task 24): force_integral=+0.000000e+00
  [BOTH][Rank 0] Done moment 25/36 (task 24): force_integral=+0.000000e+00
  [BOTH][Rank 0] Done moment 25/36 (task 24): force_integral=+0.000000e+00
  [BOTH][Rank 0] Done moment 25/36 (task 24): force_integral=+0.000000e+00
  [BOTH][Rank 0] Done moment 25/36 (task 24): force_integral=+0.000000e+00
  [BOTH][Rank 0] Done moment 25/36 (task 24): force_integral=+0.000000e+00
  [BOTH][Rank 0] Done moment 25/36 (task 24): force_integral=+0.000000e+00
  [BOTH][Rank 0] Done moment 25/36 (task 24): force_integral=+0.000000e+00
  [BOTH][Rank 0] Done moment 25/36 (task 24): force_integral=+0.000000e+00
  [BOTH][Rank 0] Done moment 25/36 (task 24): force_integral=+0.000000e+00
  [BOTH][Rank 0] Done moment 25/36 (task 24): force_integral=+0.000000e+00
  [BOTH][Rank 0] Done moment 25/36 (task 24): force_integral=+0.000000e+00
  [BOTH][Rank 0] Done moment 25/36 (task 24): force_integral=+0.000000e+00
  [BOTH][Rank 0] Done moment 25/36 (task 24): force_integral=+0.000000e+00
  [BOTH][Rank 0] Done moment 25/36 (task 24): force_integral=+0.000000e+00
  [BOTH][Rank 0] Done moment 25/36 (task 24): force_integral=+0.000000e+00
  [BOTH][Rank 0] Done moment 25/36 (task 24): force_integral=+0.000000e+00
  [BOTH][Rank 0] Done moment 25/36 (task 24): force_integral=+0.000000e+00
  [BOTH][Rank 0] Done moment 25/36 (task 24): force_integral=+0.000000e+00
  [BOTH][Rank 0] Done moment 25/36 (task 24): force_integral=+0.000000e+00
  [BOTH][Rank 0] Done moment 25/36 (task 24): force_integral=+0.000000e+00
  [BOTH][Rank 0] Done moment 25/36 (task 24): force_integral=+0.000000e+00
  [BOTH][Rank 0] Done moment 25/36 (task 24): force_integral=+0.000000e+00
  [BOTH][Rank 0] Done moment 25/36 (task 24): force_integral=+0.000000e+00
  [BOTH][Rank 0] Done moment 25/36 (task 24): force_integral=+0.000000e+00
  [BOTH][Rank 0] Done moment 25/36 (task 24): force_integral=+0.000000e+00
  [BOTH][Rank 0] Done moment 25/36 (task 24): force_integral=+0.000000e+00
  [BOTH][Rank 0] Done moment 25/36 (task 24): force_integral=+0.000000e+00
  [BOTH][Rank 0] Done moment 25/36 (task 24): force_integral=+0.000000e+00
  [BOTH][Rank 0] Done moment 25/36 (task 24): force_integral=+0.000000e+00
  [BOTH][Rank 0] Done moment 25/36 (task 24): force_integral=+0.000000e+00
  [BOTH][Rank 0] Done moment 25/36 (task 24): force_integral=+0.000000e+00
  [BOTH][Rank 0] Done moment 25/36 (task 24): force_integral=+0.000000e+00
  [BOTH][Rank 0] Done moment 25/36 (task 24): force_integral=+0.000000e+00
  [BOTH][Rank 0] Done moment 25/36 (task 24): force_integral=+0.000000e+00
  [BOTH][Rank 0] Done moment 25/36 (task 24): force_integral=+0.000000e+00
  [BOTH][Rank 0] Done moment 25/36 (task 24): force_integral=+0.000000e+00
  [BOTH][Rank 0] Done moment 25/36 (task 24): force_integral=+0.000000e+00
  [BOTH][Rank 0] Done moment 25/36 (task 24): force_integral=+0.000000e+00
  [BOTH][Rank 0] Done moment 25/36 (task 24): force_integral=+0.000000e+00
  [BOTH][Rank 0] Done moment 25/36 (task 24): force_integral=+0.000000e+00
  [BOTH][Rank 0] Done moment 25/36 (task 24): force_integral=+0.000000e+00
  [BOTH][Rank 0] Done moment 25/36 (task 24): force_integral=+0.000000e+00
  [BOTH][Rank 0] Done moment 25/36 (task 24): force_integral=+0.000000e+00
  [BOTH][Rank 0] Done moment 25/36 (task 24): force_integral=+0.000000e+00
  [BOTH][Rank 0] Done moment 25/36 (task 24): force_integral=+0.000000e+00
  [BOTH][Rank 0] Done moment 25/36 (task 24): force_integral=+0.000000e+00
  [BOTH][Rank 0] Done moment 25/36 (task 24): force_integral=+0.000000e+00
  [BOTH][Rank 0] Done moment 25/36 (task 24): force_integral=+0.000000e+00
  [BOTH][Rank 0] Done moment 25/36 (task 24): force_integral=+0.000000e+00
  [BOTH][Rank 0] Done moment 25/36 (task 24): force_integral=+0.000000e+00
  [BOTH][Rank 0] Done moment 25/36 (task 24): force_integral=+0.000000e+00
  [BOTH][Rank 0] Done moment 25/36 (task 24): force_integral=+0.000000e+00
  [BOTH][Rank 0] Done moment 25/36 (task 24): force_integral=+0.000000e+00
  [BOTH][Rank 0] Done moment 25/36 (task 24): force_integral=+0.000000e+00
  [BOTH][Rank 0] Done moment 25/36 (task 24): force_integral=+0.000000e+00
  [BOTH][Rank 0] Done moment 25/36 (task 24): force_integral=+0.000000e+00
  [BOTH][Rank 0] Done moment 25/36 (task 24): force_integral=+0.000000e+00
  [BOTH][Rank 0] Done moment 25/36 (task 24): force_integral=+0.000000e+00
  [BOTH][Rank 0] Done moment 25/36 (task 24): force_integral=+0.000000e+00
  [BOTH][Rank 0] Done moment 25/36 (task 24): force_integral=+0.000000e+00
  [BOTH][Rank 0] Done moment 25/36 (task 24): force_integral=+0.000000e+00
  [BOTH][Rank 0] Done moment 25/36 (task 24): force_integral=+0.000000e+00
  [BOTH][Rank 0] Done moment 25/36 (task 24): force_integral=+0.000000e+00
  [BOTH][Rank 0] Done moment 25/36 (task 24): force_integral=+0.000000e+00
  [BOTH][Rank 0] Done moment 25/36 (task 24): force_integral=+0.000000e+00
  [BOTH][Rank 0] Done moment 25/36 (task 24): force_integral=+0.000000e+00
  [BOTH][Rank 0] Done moment 25/36 (task 24): force_integral=+0.000000e+00
  [BOTH][Rank 0] Done moment 25/36 (task 24): force_integral=+0.000000e+00
  [BOTH][Rank 0] Done moment 25/36 (task 24): force_integral=+0.000000e+00
  [BOTH][Rank 0] Done moment 25/36 (task 24): force_integral=+0.000000e+00
  [BOTH][Rank 0] Done moment 25/36 (task 24): force_integral=+0.000000e+00
  [BOTH][Rank 0] Done moment 25/36 (task 24): force_integral=+0.000000e+00
  [BOTH][Rank 0] Done moment 25/36 (task 24): force_integral=+0.000000e+00
  [BOTH][Rank 0] Done moment 25/36 (task 24): force_integral=+0.000000e+00
  [BOTH][Rank 0] Done moment 25/36 (task 24): force_integral=+0.000000e+00
  [BOTH][Rank 0] Done moment 25/36 (task 24): force_integral=+0.000000e+00
  [BOTH][Rank 0] Done moment 25/36 (task 24): force_integral=+0.000000e+00
  [BOTH][Rank 0] Done moment 25/36 (task 24): force_integral=+0.000000e+00
  [BOTH][Rank 0] Done moment 25/36 (task 24): force_integral=+0.000000e+00
  [BOTH][Rank 0] Done moment 25/36 (task 24): force_integral=+0.000000e+00
  [BOTH][Rank 0] Done moment 25/36 (task 24): force_integral=+0.000000e+00
  [BOTH][Rank 0] Done moment 25/36 (task 24): force_integral=+0.000000e+00
  [BOTH][Rank 0] Done moment 25/36 (task 24): force_integral=+0.000000e+00
  [BOTH][Rank 0] Done moment 25/36 (task 24): force_integral=+0.000000e+00
  [BOTH][Rank 0] Done moment 25/36 (task 24): force_integral=+0.000000e+00
  [BOTH][Rank 0] Done moment 25/36 (task 24): force_integral=+0.000000e+00
  [BOTH][Rank 0] Done moment 25/36 (task 24): force_integral=+0.000000e+00
  [BOTH][Rank 0] Done moment 25/36 (task 24): force_integral=+0.000000e+00
  [BOTH][Rank 0] Done moment 25/36 (task 24): force_integral=+0.000000e+00
  [BOTH][Rank 0] Done moment 25/36 (task 24): force_integral=+0.000000e+00
  [BOTH][Rank 0] Done moment 25/36 (task 24): force_integral=+0.000000e+00
  [BOTH][Rank 0] Done moment 25/36 (task 24): force_integral=+0.000000e+00
  [BOTH][Rank 0] Done moment 25/36 (task 24): force_integral=+0.000000e+00
  [BOTH][Rank 0] Done moment 25/36 (task 24): force_integral=+0.000000e+00
  [BOTH][Rank 0] Done moment 25/36 (task 24): force_integral=+0.000000e+00
  [BOTH][Rank 0] Done moment 25/36 (task 24): force_integral=+0.000000e+00
  [BOTH][Rank 0] Done moment 25/36 (task 24): force_integral=+0.000000e+00
  [BOTH][Rank 0] Done moment 25/36 (task 24): force_integral=+0.000000e+00
  [BOTH][Rank 0] Done moment 25/36 (task 24): force_integral=+0.000000e+00
  [BOTH][Rank 0] Done moment 25/36 (task 24): force_integral=+0.000000e+00
  [BOTH][Rank 0] Done moment 26/36 (task 25): force_integral=+0.000000e+00
  [BOTH][Rank 0] Done moment 26/36 (task 25): force_integral=+0.000000e+00
  [BOTH][Rank 0] Done moment 26/36 (task 25): force_integral=+0.000000e+00
  [BOTH][Rank 0] Done moment 26/36 (task 25): force_integral=+0.000000e+00
  [BOTH][Rank 0] Done moment 26/36 (task 25): force_integral=+0.000000e+00
  [BOTH][Rank 0] Done moment 26/36 (task 25): force_integral=+0.000000e+00
  [BOTH][Rank 0] Done moment 26/36 (task 25): force_integral=+0.000000e+00
  [BOTH][Rank 0] Done moment 26/36 (task 25): force_integral=+0.000000e+00
  [BOTH][Rank 0] Done moment 26/36 (task 25): force_integral=+0.000000e+00
  [BOTH][Rank 0] Done moment 26/36 (task 25): force_integral=+0.000000e+00
  [BOTH][Rank 0] Done moment 26/36 (task 25): force_integral=+0.000000e+00
  [BOTH][Rank 0] Done moment 26/36 (task 25): force_integral=+0.000000e+00
  [BOTH][Rank 0] Done moment 26/36 (task 25): force_integral=+0.000000e+00
  [BOTH][Rank 0] Done moment 26/36 (task 25): force_integral=+0.000000e+00
  [BOTH][Rank 0] Done moment 26/36 (task 25): force_integral=+0.000000e+00
  [BOTH][Rank 0] Done moment 26/36 (task 25): force_integral=+0.000000e+00
  [BOTH][Rank 0] Done moment 26/36 (task 25): force_integral=+0.000000e+00
  [BOTH][Rank 0] Done moment 26/36 (task 25): force_integral=+0.000000e+00
  [BOTH][Rank 0] Done moment 26/36 (task 25): force_integral=+0.000000e+00
  [BOTH][Rank 0] Done moment 26/36 (task 25): force_integral=+0.000000e+00
  [BOTH][Rank 0] Done moment 26/36 (task 25): force_integral=+0.000000e+00
  [BOTH][Rank 0] Done moment 26/36 (task 25): force_integral=+0.000000e+00
  [BOTH][Rank 0] Done moment 26/36 (task 25): force_integral=+0.000000e+00
  [BOTH][Rank 0] Done moment 26/36 (task 25): force_integral=+0.000000e+00
  [BOTH][Rank 0] Done moment 26/36 (task 25): force_integral=+0.000000e+00
  [BOTH][Rank 0] Done moment 26/36 (task 25): force_integral=+0.000000e+00
  [BOTH][Rank 0] Done moment 26/36 (task 25): force_integral=+0.000000e+00
  [BOTH][Rank 0] Done moment 26/36 (task 25): force_integral=+0.000000e+00
  [BOTH][Rank 0] Done moment 26/36 (task 25): force_integral=+0.000000e+00
  [BOTH][Rank 0] Done moment 26/36 (task 25): force_integral=+0.000000e+00
  [BOTH][Rank 0] Done moment 26/36 (task 25): force_integral=+0.000000e+00
  [BOTH][Rank 0] Done moment 26/36 (task 25): force_integral=+0.000000e+00
  [BOTH][Rank 0] Done moment 26/36 (task 25): force_integral=+0.000000e+00
  [BOTH][Rank 0] Done moment 26/36 (task 25): force_integral=+0.000000e+00
  [BOTH][Rank 0] Done moment 26/36 (task 25): force_integral=+0.000000e+00
  [BOTH][Rank 0] Done moment 26/36 (task 25): force_integral=+0.000000e+00
  [BOTH][Rank 0] Done moment 26/36 (task 25): force_integral=+0.000000e+00
  [BOTH][Rank 0] Done moment 26/36 (task 25): force_integral=+0.000000e+00
  [BOTH][Rank 0] Done moment 26/36 (task 25): force_integral=+0.000000e+00
  [BOTH][Rank 0] Done moment 26/36 (task 25): force_integral=+0.000000e+00
  [BOTH][Rank 0] Done moment 26/36 (task 25): force_integral=+0.000000e+00
  [BOTH][Rank 0] Done moment 26/36 (task 25): force_integral=+0.000000e+00
  [BOTH][Rank 0] Done moment 26/36 (task 25): force_integral=+0.000000e+00
  [BOTH][Rank 0] Done moment 26/36 (task 25): force_integral=+0.000000e+00
  [BOTH][Rank 0] Done moment 26/36 (task 25): force_integral=+0.000000e+00
  [BOTH][Rank 0] Done moment 26/36 (task 25): force_integral=+0.000000e+00
  [BOTH][Rank 0] Done moment 26/36 (task 25): force_integral=+0.000000e+00
  [BOTH][Rank 0] Done moment 26/36 (task 25): force_integral=+0.000000e+00
  [BOTH][Rank 0] Done moment 26/36 (task 25): force_integral=+0.000000e+00
  [BOTH][Rank 0] Done moment 26/36 (task 25): force_integral=+0.000000e+00
  [BOTH][Rank 0] Done moment 26/36 (task 25): force_integral=+0.000000e+00
  [BOTH][Rank 0] Done moment 26/36 (task 25): force_integral=+0.000000e+00
  [BOTH][Rank 0] Done moment 26/36 (task 25): force_integral=+0.000000e+00
  [BOTH][Rank 0] Done moment 26/36 (task 25): force_integral=+0.000000e+00
  [BOTH][Rank 0] Done moment 26/36 (task 25): force_integral=+0.000000e+00
  [BOTH][Rank 0] Done moment 26/36 (task 25): force_integral=+0.000000e+00
  [BOTH][Rank 0] Done moment 26/36 (task 25): force_integral=+0.000000e+00
  [BOTH][Rank 0] Done moment 26/36 (task 25): force_integral=+0.000000e+00
  [BOTH][Rank 0] Done moment 26/36 (task 25): force_integral=+0.000000e+00
  [BOTH][Rank 0] Done moment 26/36 (task 25): force_integral=+0.000000e+00
  [BOTH][Rank 0] Done moment 26/36 (task 25): force_integral=+0.000000e+00
  [BOTH][Rank 0] Done moment 26/36 (task 25): force_integral=+0.000000e+00
  [BOTH][Rank 0] Done moment 26/36 (task 25): force_integral=+0.000000e+00
  [BOTH][Rank 0] Done moment 26/36 (task 25): force_integral=+0.000000e+00
  [BOTH][Rank 0] Done moment 26/36 (task 25): force_integral=+0.000000e+00
  [BOTH][Rank 0] Done moment 26/36 (task 25): force_integral=+0.000000e+00
  [BOTH][Rank 0] Done moment 26/36 (task 25): force_integral=+0.000000e+00
  [BOTH][Rank 0] Done moment 26/36 (task 25): force_integral=+0.000000e+00
  [BOTH][Rank 0] Done moment 26/36 (task 25): force_integral=+0.000000e+00
  [BOTH][Rank 0] Done moment 26/36 (task 25): force_integral=+0.000000e+00
  [BOTH][Rank 0] Done moment 26/36 (task 25): force_integral=+0.000000e+00
  [BOTH][Rank 0] Done moment 26/36 (task 25): force_integral=+0.000000e+00
  [BOTH][Rank 0] Done moment 26/36 (task 25): force_integral=+0.000000e+00
  [BOTH][Rank 0] Done moment 26/36 (task 25): force_integral=+0.000000e+00
  [BOTH][Rank 0] Done moment 26/36 (task 25): force_integral=+0.000000e+00
  [BOTH][Rank 0] Done moment 26/36 (task 25): force_integral=+0.000000e+00
  [BOTH][Rank 0] Done moment 26/36 (task 25): force_integral=+0.000000e+00
  [BOTH][Rank 0] Done moment 26/36 (task 25): force_integral=+0.000000e+00
  [BOTH][Rank 0] Done moment 26/36 (task 25): force_integral=+0.000000e+00
  [BOTH][Rank 0] Done moment 26/36 (task 25): force_integral=+0.000000e+00
  [BOTH][Rank 0] Done moment 26/36 (task 25): force_integral=+0.000000e+00
  [BOTH][Rank 0] Done moment 26/36 (task 25): force_integral=+0.000000e+00
  [BOTH][Rank 0] Done moment 26/36 (task 25): force_integral=+0.000000e+00
  [BOTH][Rank 0] Done moment 26/36 (task 25): force_integral=+0.000000e+00
  [BOTH][Rank 0] Done moment 26/36 (task 25): force_integral=+0.000000e+00
  [BOTH][Rank 0] Done moment 26/36 (task 25): force_integral=+0.000000e+00
  [BOTH][Rank 0] Done moment 26/36 (task 25): force_integral=+0.000000e+00
  [BOTH][Rank 0] Done moment 26/36 (task 25): force_integral=+0.000000e+00
  [BOTH][Rank 0] Done moment 26/36 (task 25): force_integral=+0.000000e+00
  [BOTH][Rank 0] Done moment 26/36 (task 25): force_integral=+0.000000e+00
  [BOTH][Rank 0] Done moment 26/36 (task 25): force_integral=+0.000000e+00
  [BOTH][Rank 0] Done moment 26/36 (task 25): force_integral=+0.000000e+00
  [BOTH][Rank 0] Done moment 26/36 (task 25): force_integral=+0.000000e+00
  [BOTH][Rank 0] Done moment 26/36 (task 25): force_integral=+0.000000e+00
  [BOTH][Rank 0] Done moment 26/36 (task 25): force_integral=+0.000000e+00
  [BOTH][Rank 0] Done moment 26/36 (task 25): force_integral=+0.000000e+00
  [BOTH][Rank 0] Done moment 26/36 (task 25): force_integral=+0.000000e+00
  [BOTH][Rank 0] Done moment 26/36 (task 25): force_integral=+0.000000e+00
  [BOTH][Rank 0] Done moment 26/36 (task 25): force_integral=+0.000000e+00
  [BOTH][Rank 0] Done moment 26/36 (task 25): force_integral=+0.000000e+00
  [BOTH][Rank 0] Done moment 26/36 (task 25): force_integral=+0.000000e+00
  [BOTH][Rank 0] Done moment 26/36 (task 25): force_integral=+0.000000e+00
  [BOTH][Rank 0] Done moment 26/36 (task 25): force_integral=+0.000000e+00
  [BOTH][Rank 0] Done moment 26/36 (task 25): force_integral=+0.000000e+00
  [BOTH][Rank 0] Done moment 26/36 (task 25): force_integral=+0.000000e+00
  [BOTH][Rank 0] Done moment 26/36 (task 25): force_integral=+0.000000e+00
  [BOTH][Rank 0] Done moment 26/36 (task 25): force_integral=+0.000000e+00
  [BOTH][Rank 0] Done moment 26/36 (task 25): force_integral=+0.000000e+00
  [BOTH][Rank 0] Done moment 26/36 (task 25): force_integral=+0.000000e+00
  [BOTH][Rank 0] Done moment 26/36 (task 25): force_integral=+0.000000e+00
  [BOTH][Rank 0] Done moment 26/36 (task 25): force_integral=+0.000000e+00
  [BOTH][Rank 0] Done moment 26/36 (task 25): force_integral=+0.000000e+00
  [BOTH][Rank 0] Done moment 26/36 (task 25): force_integral=+0.000000e+00
  [BOTH][Rank 0] Done moment 26/36 (task 25): force_integral=+0.000000e+00
  [BOTH][Rank 0] Done moment 26/36 (task 25): force_integral=+0.000000e+00
  [BOTH][Rank 0] Done moment 26/36 (task 25): force_integral=+0.000000e+00
  [BOTH][Rank 0] Done moment 26/36 (task 25): force_integral=+0.000000e+00
  [BOTH][Rank 0] Done moment 26/36 (task 25): force_integral=+0.000000e+00
  [BOTH][Rank 0] Done moment 26/36 (task 25): force_integral=+0.000000e+00
  [BOTH][Rank 0] Done moment 26/36 (task 25): force_integral=+0.000000e+00
  [BOTH][Rank 0] Done moment 26/36 (task 25): force_integral=+0.000000e+00
  [BOTH][Rank 0] Done moment 26/36 (task 25): force_integral=+0.000000e+00
  [BOTH][Rank 0] Done moment 26/36 (task 25): force_integral=+0.000000e+00
  [BOTH][Rank 0] Done moment 26/36 (task 25): force_integral=+0.000000e+00
  [BOTH][Rank 0] Done moment 26/36 (task 25): force_integral=+0.000000e+00
  [BOTH][Rank 0] Done moment 26/36 (task 25): force_integral=+0.000000e+00
  [BOTH][Rank 0] Done moment 26/36 (task 25): force_integral=+0.000000e+00
  [BOTH][Rank 0] Done moment 26/36 (task 25): force_integral=+0.000000e+00
  [BOTH][Rank 0] Done moment 27/36 (task 26): force_integral=-5.601272e-01
  [BOTH][Rank 0] Done moment 27/36 (task 26): force_integral=-5.601272e-01
  [BOTH][Rank 0] Done moment 27/36 (task 26): force_integral=-5.601272e-01
  [BOTH][Rank 0] Done moment 27/36 (task 26): force_integral=-5.601272e-01
  [BOTH][Rank 0] Done moment 27/36 (task 26): force_integral=-5.601272e-01
  [BOTH][Rank 0] Done moment 27/36 (task 26): force_integral=-5.601272e-01
  [BOTH][Rank 0] Done moment 27/36 (task 26): force_integral=-5.601272e-01
  [BOTH][Rank 0] Done moment 27/36 (task 26): force_integral=-5.601272e-01
  [BOTH][Rank 0] Done moment 27/36 (task 26): force_integral=-5.601272e-01
  [BOTH][Rank 0] Done moment 27/36 (task 26): force_integral=-5.601272e-01
  [BOTH][Rank 0] Done moment 27/36 (task 26): force_integral=-5.601272e-01
  [BOTH][Rank 0] Done moment 27/36 (task 26): force_integral=-5.601272e-01
  [BOTH][Rank 0] Done moment 27/36 (task 26): force_integral=-5.601272e-01
  [BOTH][Rank 0] Done moment 27/36 (task 26): force_integral=-5.601272e-01
  [BOTH][Rank 0] Done moment 27/36 (task 26): force_integral=-5.601272e-01
  [BOTH][Rank 0] Done moment 27/36 (task 26): force_integral=-5.601272e-01
  [BOTH][Rank 0] Done moment 27/36 (task 26): force_integral=-5.601272e-01
  [BOTH][Rank 0] Done moment 27/36 (task 26): force_integral=-5.601272e-01
  [BOTH][Rank 0] Done moment 27/36 (task 26): force_integral=-5.601272e-01
  [BOTH][Rank 0] Done moment 27/36 (task 26): force_integral=-5.601272e-01
  [BOTH][Rank 0] Done moment 27/36 (task 26): force_integral=-5.601272e-01
  [BOTH][Rank 0] Done moment 27/36 (task 26): force_integral=-5.601272e-01
  [BOTH][Rank 0] Done moment 27/36 (task 26): force_integral=-5.601272e-01
  [BOTH][Rank 0] Done moment 27/36 (task 26): force_integral=-5.601272e-01
  [BOTH][Rank 0] Done moment 27/36 (task 26): force_integral=-5.601272e-01
  [BOTH][Rank 0] Done moment 27/36 (task 26): force_integral=-5.601272e-01
  [BOTH][Rank 0] Done moment 27/36 (task 26): force_integral=-5.601272e-01
  [BOTH][Rank 0] Done moment 27/36 (task 26): force_integral=-5.601272e-01
  [BOTH][Rank 0] Done moment 27/36 (task 26): force_integral=-5.601272e-01
  [BOTH][Rank 0] Done moment 27/36 (task 26): force_integral=-5.601272e-01
  [BOTH][Rank 0] Done moment 27/36 (task 26): force_integral=-5.601272e-01
  [BOTH][Rank 0] Done moment 27/36 (task 26): force_integral=-5.601272e-01
  [BOTH][Rank 0] Done moment 27/36 (task 26): force_integral=-5.601272e-01
  [BOTH][Rank 0] Done moment 27/36 (task 26): force_integral=-5.601272e-01
  [BOTH][Rank 0] Done moment 27/36 (task 26): force_integral=-5.601272e-01
  [BOTH][Rank 0] Done moment 27/36 (task 26): force_integral=-5.601272e-01
  [BOTH][Rank 0] Done moment 27/36 (task 26): force_integral=-5.601272e-01
  [BOTH][Rank 0] Done moment 27/36 (task 26): force_integral=-5.601272e-01
  [BOTH][Rank 0] Done moment 27/36 (task 26): force_integral=-5.601272e-01
  [BOTH][Rank 0] Done moment 27/36 (task 26): force_integral=-5.601272e-01
  [BOTH][Rank 0] Done moment 27/36 (task 26): force_integral=-5.601272e-01
  [BOTH][Rank 0] Done moment 27/36 (task 26): force_integral=-5.601272e-01
  [BOTH][Rank 0] Done moment 27/36 (task 26): force_integral=-5.601272e-01
  [BOTH][Rank 0] Done moment 27/36 (task 26): force_integral=-5.601272e-01
  [BOTH][Rank 0] Done moment 27/36 (task 26): force_integral=-5.601272e-01
  [BOTH][Rank 0] Done moment 27/36 (task 26): force_integral=-5.601272e-01
  [BOTH][Rank 0] Done moment 27/36 (task 26): force_integral=-5.601272e-01
  [BOTH][Rank 0] Done moment 27/36 (task 26): force_integral=-5.601272e-01
  [BOTH][Rank 0] Done moment 27/36 (task 26): force_integral=-5.601272e-01
  [BOTH][Rank 0] Done moment 27/36 (task 26): force_integral=-5.601272e-01
  [BOTH][Rank 0] Done moment 27/36 (task 26): force_integral=-5.601272e-01
  [BOTH][Rank 0] Done moment 27/36 (task 26): force_integral=-5.601272e-01
  [BOTH][Rank 0] Done moment 27/36 (task 26): force_integral=-5.601272e-01
  [BOTH][Rank 0] Done moment 27/36 (task 26): force_integral=-5.601272e-01
  [BOTH][Rank 0] Done moment 27/36 (task 26): force_integral=-5.601272e-01
  [BOTH][Rank 0] Done moment 27/36 (task 26): force_integral=-5.601272e-01
  [BOTH][Rank 0] Done moment 27/36 (task 26): force_integral=-5.601272e-01
  [BOTH][Rank 0] Done moment 27/36 (task 26): force_integral=-5.601272e-01
  [BOTH][Rank 0] Done moment 27/36 (task 26): force_integral=-5.601272e-01
  [BOTH][Rank 0] Done moment 27/36 (task 26): force_integral=-5.601272e-01
  [BOTH][Rank 0] Done moment 27/36 (task 26): force_integral=-5.601272e-01
  [BOTH][Rank 0] Done moment 27/36 (task 26): force_integral=-5.601272e-01
  [BOTH][Rank 0] Done moment 27/36 (task 26): force_integral=-5.601272e-01
  [BOTH][Rank 0] Done moment 27/36 (task 26): force_integral=-5.601272e-01
  [BOTH][Rank 0] Done moment 27/36 (task 26): force_integral=-5.601272e-01
  [BOTH][Rank 0] Done moment 27/36 (task 26): force_integral=-5.601272e-01
  [BOTH][Rank 0] Done moment 27/36 (task 26): force_integral=-5.601272e-01
  [BOTH][Rank 0] Done moment 27/36 (task 26): force_integral=-5.601272e-01
  [BOTH][Rank 0] Done moment 27/36 (task 26): force_integral=-5.601272e-01
  [BOTH][Rank 0] Done moment 27/36 (task 26): force_integral=-5.601272e-01
  [BOTH][Rank 0] Done moment 27/36 (task 26): force_integral=-5.601272e-01
  [BOTH][Rank 0] Done moment 27/36 (task 26): force_integral=-5.601272e-01
  [BOTH][Rank 0] Done moment 27/36 (task 26): force_integral=-5.601272e-01
  [BOTH][Rank 0] Done moment 27/36 (task 26): force_integral=-5.601272e-01
  [BOTH][Rank 0] Done moment 27/36 (task 26): force_integral=-5.601272e-01
  [BOTH][Rank 0] Done moment 27/36 (task 26): force_integral=-5.601272e-01
  [BOTH][Rank 0] Done moment 27/36 (task 26): force_integral=-5.601272e-01
  [BOTH][Rank 0] Done moment 27/36 (task 26): force_integral=-5.601272e-01
  [BOTH][Rank 0] Done moment 27/36 (task 26): force_integral=-5.601272e-01
  [BOTH][Rank 0] Done moment 27/36 (task 26): force_integral=-5.601272e-01
  [BOTH][Rank 0] Done moment 27/36 (task 26): force_integral=-5.601272e-01
  [BOTH][Rank 0] Done moment 27/36 (task 26): force_integral=-5.601272e-01
  [BOTH][Rank 0] Done moment 27/36 (task 26): force_integral=-5.601272e-01
  [BOTH][Rank 0] Done moment 27/36 (task 26): force_integral=-5.601272e-01
  [BOTH][Rank 0] Done moment 27/36 (task 26): force_integral=-5.601272e-01
  [BOTH][Rank 0] Done moment 27/36 (task 26): force_integral=-5.601272e-01
  [BOTH][Rank 0] Done moment 27/36 (task 26): force_integral=-5.601272e-01
  [BOTH][Rank 0] Done moment 27/36 (task 26): force_integral=-5.601272e-01
  [BOTH][Rank 0] Done moment 27/36 (task 26): force_integral=-5.601272e-01
  [BOTH][Rank 0] Done moment 27/36 (task 26): force_integral=-5.601272e-01
  [BOTH][Rank 0] Done moment 27/36 (task 26): force_integral=-5.601272e-01
  [BOTH][Rank 0] Done moment 27/36 (task 26): force_integral=-5.601272e-01
  [BOTH][Rank 0] Done moment 27/36 (task 26): force_integral=-5.601272e-01
  [BOTH][Rank 0] Done moment 27/36 (task 26): force_integral=-5.601272e-01
  [BOTH][Rank 0] Done moment 27/36 (task 26): force_integral=-5.601272e-01
  [BOTH][Rank 0] Done moment 27/36 (task 26): force_integral=-5.601272e-01
  [BOTH][Rank 0] Done moment 27/36 (task 26): force_integral=-5.601272e-01
  [BOTH][Rank 0] Done moment 27/36 (task 26): force_integral=-5.601272e-01
  [BOTH][Rank 0] Done moment 27/36 (task 26): force_integral=-5.601272e-01
  [BOTH][Rank 0] Done moment 27/36 (task 26): force_integral=-5.601272e-01
  [BOTH][Rank 0] Done moment 27/36 (task 26): force_integral=-5.601272e-01
  [BOTH][Rank 0] Done moment 27/36 (task 26): force_integral=-5.601272e-01
  [BOTH][Rank 0] Done moment 27/36 (task 26): force_integral=-5.601272e-01
  [BOTH][Rank 0] Done moment 27/36 (task 26): force_integral=-5.601272e-01
  [BOTH][Rank 0] Done moment 27/36 (task 26): force_integral=-5.601272e-01
  [BOTH][Rank 0] Done moment 27/36 (task 26): force_integral=-5.601272e-01
  [BOTH][Rank 0] Done moment 27/36 (task 26): force_integral=-5.601272e-01
  [BOTH][Rank 0] Done moment 27/36 (task 26): force_integral=-5.601272e-01
  [BOTH][Rank 0] Done moment 27/36 (task 26): force_integral=-5.601272e-01
  [BOTH][Rank 0] Done moment 27/36 (task 26): force_integral=-5.601272e-01
  [BOTH][Rank 0] Done moment 27/36 (task 26): force_integral=-5.601272e-01
  [BOTH][Rank 0] Done moment 27/36 (task 26): force_integral=-5.601272e-01
  [BOTH][Rank 0] Done moment 27/36 (task 26): force_integral=-5.601272e-01
  [BOTH][Rank 0] Done moment 27/36 (task 26): force_integral=-5.601272e-01
  [BOTH][Rank 0] Done moment 27/36 (task 26): force_integral=-5.601272e-01
  [BOTH][Rank 0] Done moment 27/36 (task 26): force_integral=-5.601272e-01
  [BOTH][Rank 0] Done moment 27/36 (task 26): force_integral=-5.601272e-01
  [BOTH][Rank 0] Done moment 27/36 (task 26): force_integral=-5.601272e-01
  [BOTH][Rank 0] Done moment 27/36 (task 26): force_integral=-5.601272e-01
  [BOTH][Rank 0] Done moment 27/36 (task 26): force_integral=-5.601272e-01
  [BOTH][Rank 0] Done moment 27/36 (task 26): force_integral=-5.601272e-01
  [BOTH][Rank 0] Done moment 27/36 (task 26): force_integral=-5.601272e-01
  [BOTH][Rank 0] Done moment 27/36 (task 26): force_integral=-5.601272e-01
  [BOTH][Rank 0] Done moment 27/36 (task 26): force_integral=-5.601272e-01
  [BOTH][Rank 0] Done moment 27/36 (task 26): force_integral=-5.601272e-01
  [BOTH][Rank 0] Done moment 27/36 (task 26): force_integral=-5.601272e-01
  [BOTH][Rank 0] Done moment 27/36 (task 26): force_integral=-5.601272e-01
  [BOTH][Rank 0] Done moment 27/36 (task 26): force_integral=-5.601272e-01
  [BOTH][Rank 0] Done moment 28/36 (task 27): force_integral=-5.601272e-01
  [BOTH][Rank 0] Done moment 28/36 (task 27): force_integral=-5.601272e-01
  [BOTH][Rank 0] Done moment 28/36 (task 27): force_integral=-5.601272e-01
  [BOTH][Rank 0] Done moment 28/36 (task 27): force_integral=-5.601272e-01
  [BOTH][Rank 0] Done moment 28/36 (task 27): force_integral=-5.601272e-01
  [BOTH][Rank 0] Done moment 28/36 (task 27): force_integral=-5.601272e-01
  [BOTH][Rank 0] Done moment 28/36 (task 27): force_integral=-5.601272e-01
  [BOTH][Rank 0] Done moment 28/36 (task 27): force_integral=-5.601272e-01
  [BOTH][Rank 0] Done moment 28/36 (task 27): force_integral=-5.601272e-01
  [BOTH][Rank 0] Done moment 28/36 (task 27): force_integral=-5.601272e-01
  [BOTH][Rank 0] Done moment 28/36 (task 27): force_integral=-5.601272e-01
  [BOTH][Rank 0] Done moment 28/36 (task 27): force_integral=-5.601272e-01
  [BOTH][Rank 0] Done moment 28/36 (task 27): force_integral=-5.601272e-01
  [BOTH][Rank 0] Done moment 28/36 (task 27): force_integral=-5.601272e-01
  [BOTH][Rank 0] Done moment 28/36 (task 27): force_integral=-5.601272e-01
  [BOTH][Rank 0] Done moment 28/36 (task 27): force_integral=-5.601272e-01
  [BOTH][Rank 0] Done moment 28/36 (task 27): force_integral=-5.601272e-01
  [BOTH][Rank 0] Done moment 28/36 (task 27): force_integral=-5.601272e-01
  [BOTH][Rank 0] Done moment 28/36 (task 27): force_integral=-5.601272e-01
  [BOTH][Rank 0] Done moment 28/36 (task 27): force_integral=-5.601272e-01
  [BOTH][Rank 0] Done moment 28/36 (task 27): force_integral=-5.601272e-01
  [BOTH][Rank 0] Done moment 28/36 (task 27): force_integral=-5.601272e-01
  [BOTH][Rank 0] Done moment 28/36 (task 27): force_integral=-5.601272e-01
  [BOTH][Rank 0] Done moment 28/36 (task 27): force_integral=-5.601272e-01
  [BOTH][Rank 0] Done moment 28/36 (task 27): force_integral=-5.601272e-01
  [BOTH][Rank 0] Done moment 28/36 (task 27): force_integral=-5.601272e-01
  [BOTH][Rank 0] Done moment 28/36 (task 27): force_integral=-5.601272e-01
  [BOTH][Rank 0] Done moment 28/36 (task 27): force_integral=-5.601272e-01
  [BOTH][Rank 0] Done moment 28/36 (task 27): force_integral=-5.601272e-01
  [BOTH][Rank 0] Done moment 28/36 (task 27): force_integral=-5.601272e-01
  [BOTH][Rank 0] Done moment 28/36 (task 27): force_integral=-5.601272e-01
  [BOTH][Rank 0] Done moment 28/36 (task 27): force_integral=-5.601272e-01
  [BOTH][Rank 0] Done moment 28/36 (task 27): force_integral=-5.601272e-01
  [BOTH][Rank 0] Done moment 28/36 (task 27): force_integral=-5.601272e-01
  [BOTH][Rank 0] Done moment 28/36 (task 27): force_integral=-5.601272e-01
  [BOTH][Rank 0] Done moment 28/36 (task 27): force_integral=-5.601272e-01
  [BOTH][Rank 0] Done moment 28/36 (task 27): force_integral=-5.601272e-01
  [BOTH][Rank 0] Done moment 28/36 (task 27): force_integral=-5.601272e-01
  [BOTH][Rank 0] Done moment 28/36 (task 27): force_integral=-5.601272e-01
  [BOTH][Rank 0] Done moment 28/36 (task 27): force_integral=-5.601272e-01
  [BOTH][Rank 0] Done moment 28/36 (task 27): force_integral=-5.601272e-01
  [BOTH][Rank 0] Done moment 28/36 (task 27): force_integral=-5.601272e-01
  [BOTH][Rank 0] Done moment 28/36 (task 27): force_integral=-5.601272e-01
  [BOTH][Rank 0] Done moment 28/36 (task 27): force_integral=-5.601272e-01
  [BOTH][Rank 0] Done moment 28/36 (task 27): force_integral=-5.601272e-01
  [BOTH][Rank 0] Done moment 28/36 (task 27): force_integral=-5.601272e-01
  [BOTH][Rank 0] Done moment 28/36 (task 27): force_integral=-5.601272e-01
  [BOTH][Rank 0] Done moment 28/36 (task 27): force_integral=-5.601272e-01
  [BOTH][Rank 0] Done moment 28/36 (task 27): force_integral=-5.601272e-01
  [BOTH][Rank 0] Done moment 28/36 (task 27): force_integral=-5.601272e-01
  [BOTH][Rank 0] Done moment 28/36 (task 27): force_integral=-5.601272e-01
  [BOTH][Rank 0] Done moment 28/36 (task 27): force_integral=-5.601272e-01
  [BOTH][Rank 0] Done moment 28/36 (task 27): force_integral=-5.601272e-01
  [BOTH][Rank 0] Done moment 28/36 (task 27): force_integral=-5.601272e-01
  [BOTH][Rank 0] Done moment 28/36 (task 27): force_integral=-5.601272e-01
  [BOTH][Rank 0] Done moment 28/36 (task 27): force_integral=-5.601272e-01
  [BOTH][Rank 0] Done moment 28/36 (task 27): force_integral=-5.601272e-01
  [BOTH][Rank 0] Done moment 28/36 (task 27): force_integral=-5.601272e-01
  [BOTH][Rank 0] Done moment 28/36 (task 27): force_integral=-5.601272e-01
  [BOTH][Rank 0] Done moment 28/36 (task 27): force_integral=-5.601272e-01
  [BOTH][Rank 0] Done moment 28/36 (task 27): force_integral=-5.601272e-01
  [BOTH][Rank 0] Done moment 28/36 (task 27): force_integral=-5.601272e-01
  [BOTH][Rank 0] Done moment 28/36 (task 27): force_integral=-5.601272e-01
  [BOTH][Rank 0] Done moment 28/36 (task 27): force_integral=-5.601272e-01
  [BOTH][Rank 0] Done moment 28/36 (task 27): force_integral=-5.601272e-01
  [BOTH][Rank 0] Done moment 28/36 (task 27): force_integral=-5.601272e-01
  [BOTH][Rank 0] Done moment 28/36 (task 27): force_integral=-5.601272e-01
  [BOTH][Rank 0] Done moment 28/36 (task 27): force_integral=-5.601272e-01
  [BOTH][Rank 0] Done moment 28/36 (task 27): force_integral=-5.601272e-01
  [BOTH][Rank 0] Done moment 28/36 (task 27): force_integral=-5.601272e-01
  [BOTH][Rank 0] Done moment 28/36 (task 27): force_integral=-5.601272e-01
  [BOTH][Rank 0] Done moment 28/36 (task 27): force_integral=-5.601272e-01
  [BOTH][Rank 0] Done moment 28/36 (task 27): force_integral=-5.601272e-01
  [BOTH][Rank 0] Done moment 28/36 (task 27): force_integral=-5.601272e-01
  [BOTH][Rank 0] Done moment 28/36 (task 27): force_integral=-5.601272e-01
  [BOTH][Rank 0] Done moment 28/36 (task 27): force_integral=-5.601272e-01
  [BOTH][Rank 0] Done moment 28/36 (task 27): force_integral=-5.601272e-01
  [BOTH][Rank 0] Done moment 28/36 (task 27): force_integral=-5.601272e-01
  [BOTH][Rank 0] Done moment 28/36 (task 27): force_integral=-5.601272e-01
  [BOTH][Rank 0] Done moment 28/36 (task 27): force_integral=-5.601272e-01
  [BOTH][Rank 0] Done moment 28/36 (task 27): force_integral=-5.601272e-01
  [BOTH][Rank 0] Done moment 28/36 (task 27): force_integral=-5.601272e-01
  [BOTH][Rank 0] Done moment 28/36 (task 27): force_integral=-5.601272e-01
  [BOTH][Rank 0] Done moment 28/36 (task 27): force_integral=-5.601272e-01
  [BOTH][Rank 0] Done moment 28/36 (task 27): force_integral=-5.601272e-01
  [BOTH][Rank 0] Done moment 28/36 (task 27): force_integral=-5.601272e-01
  [BOTH][Rank 0] Done moment 28/36 (task 27): force_integral=-5.601272e-01
  [BOTH][Rank 0] Done moment 28/36 (task 27): force_integral=-5.601272e-01
  [BOTH][Rank 0] Done moment 28/36 (task 27): force_integral=-5.601272e-01
  [BOTH][Rank 0] Done moment 28/36 (task 27): force_integral=-5.601272e-01
  [BOTH][Rank 0] Done moment 28/36 (task 27): force_integral=-5.601272e-01
  [BOTH][Rank 0] Done moment 28/36 (task 27): force_integral=-5.601272e-01
  [BOTH][Rank 0] Done moment 28/36 (task 27): force_integral=-5.601272e-01
  [BOTH][Rank 0] Done moment 28/36 (task 27): force_integral=-5.601272e-01
  [BOTH][Rank 0] Done moment 28/36 (task 27): force_integral=-5.601272e-01
  [BOTH][Rank 0] Done moment 28/36 (task 27): force_integral=-5.601272e-01
  [BOTH][Rank 0] Done moment 28/36 (task 27): force_integral=-5.601272e-01
  [BOTH][Rank 0] Done moment 28/36 (task 27): force_integral=-5.601272e-01
  [BOTH][Rank 0] Done moment 28/36 (task 27): force_integral=-5.601272e-01
  [BOTH][Rank 0] Done moment 28/36 (task 27): force_integral=-5.601272e-01
  [BOTH][Rank 0] Done moment 28/36 (task 27): force_integral=-5.601272e-01
  [BOTH][Rank 0] Done moment 28/36 (task 27): force_integral=-5.601272e-01
  [BOTH][Rank 0] Done moment 28/36 (task 27): force_integral=-5.601272e-01
  [BOTH][Rank 0] Done moment 28/36 (task 27): force_integral=-5.601272e-01
  [BOTH][Rank 0] Done moment 28/36 (task 27): force_integral=-5.601272e-01
  [BOTH][Rank 0] Done moment 28/36 (task 27): force_integral=-5.601272e-01
  [BOTH][Rank 0] Done moment 28/36 (task 27): force_integral=-5.601272e-01
  [BOTH][Rank 0] Done moment 28/36 (task 27): force_integral=-5.601272e-01
  [BOTH][Rank 0] Done moment 28/36 (task 27): force_integral=-5.601272e-01
  [BOTH][Rank 0] Done moment 28/36 (task 27): force_integral=-5.601272e-01
  [BOTH][Rank 0] Done moment 28/36 (task 27): force_integral=-5.601272e-01
  [BOTH][Rank 0] Done moment 28/36 (task 27): force_integral=-5.601272e-01
  [BOTH][Rank 0] Done moment 28/36 (task 27): force_integral=-5.601272e-01
  [BOTH][Rank 0] Done moment 28/36 (task 27): force_integral=-5.601272e-01
  [BOTH][Rank 0] Done moment 28/36 (task 27): force_integral=-5.601272e-01
  [BOTH][Rank 0] Done moment 28/36 (task 27): force_integral=-5.601272e-01
  [BOTH][Rank 0] Done moment 28/36 (task 27): force_integral=-5.601272e-01
  [BOTH][Rank 0] Done moment 28/36 (task 27): force_integral=-5.601272e-01
  [BOTH][Rank 0] Done moment 28/36 (task 27): force_integral=-5.601272e-01
  [BOTH][Rank 0] Done moment 28/36 (task 27): force_integral=-5.601272e-01
  [BOTH][Rank 0] Done moment 28/36 (task 27): force_integral=-5.601272e-01
  [BOTH][Rank 0] Done moment 28/36 (task 27): force_integral=-5.601272e-01
  [BOTH][Rank 0] Done moment 28/36 (task 27): force_integral=-5.601272e-01
  [BOTH][Rank 0] Done moment 28/36 (task 27): force_integral=-5.601272e-01
  [BOTH][Rank 0] Done moment 28/36 (task 27): force_integral=-5.601272e-01
  [BOTH][Rank 0] Done moment 28/36 (task 27): force_integral=-5.601272e-01
  [BOTH][Rank 0] Done moment 28/36 (task 27): force_integral=-5.601272e-01
  [BOTH][Rank 0] Done moment 28/36 (task 27): force_integral=-5.601272e-01
  [BOTH][Rank 0] Done moment 29/36 (task 28): force_integral=-1.667698e+03
  [BOTH][Rank 0] Done moment 29/36 (task 28): force_integral=-1.667698e+03
  [BOTH][Rank 0] Done moment 29/36 (task 28): force_integral=-1.667698e+03
  [BOTH][Rank 0] Done moment 29/36 (task 28): force_integral=-1.667698e+03
  [BOTH][Rank 0] Done moment 29/36 (task 28): force_integral=-1.667698e+03
  [BOTH][Rank 0] Done moment 29/36 (task 28): force_integral=-1.667698e+03
  [BOTH][Rank 0] Done moment 29/36 (task 28): force_integral=-1.667698e+03
  [BOTH][Rank 0] Done moment 29/36 (task 28): force_integral=-1.667698e+03
  [BOTH][Rank 0] Done moment 29/36 (task 28): force_integral=-1.667698e+03
  [BOTH][Rank 0] Done moment 29/36 (task 28): force_integral=-1.667698e+03
  [BOTH][Rank 0] Done moment 29/36 (task 28): force_integral=-1.667698e+03
  [BOTH][Rank 0] Done moment 29/36 (task 28): force_integral=-1.667698e+03
  [BOTH][Rank 0] Done moment 29/36 (task 28): force_integral=-1.667698e+03
  [BOTH][Rank 0] Done moment 29/36 (task 28): force_integral=-1.667698e+03
  [BOTH][Rank 0] Done moment 29/36 (task 28): force_integral=-1.667698e+03
  [BOTH][Rank 0] Done moment 29/36 (task 28): force_integral=-1.667698e+03
  [BOTH][Rank 0] Done moment 29/36 (task 28): force_integral=-1.667698e+03
  [BOTH][Rank 0] Done moment 29/36 (task 28): force_integral=-1.667698e+03
  [BOTH][Rank 0] Done moment 29/36 (task 28): force_integral=-1.667698e+03
  [BOTH][Rank 0] Done moment 29/36 (task 28): force_integral=-1.667698e+03
  [BOTH][Rank 0] Done moment 29/36 (task 28): force_integral=-1.667698e+03
  [BOTH][Rank 0] Done moment 29/36 (task 28): force_integral=-1.667698e+03
  [BOTH][Rank 0] Done moment 29/36 (task 28): force_integral=-1.667698e+03
  [BOTH][Rank 0] Done moment 29/36 (task 28): force_integral=-1.667698e+03
  [BOTH][Rank 0] Done moment 29/36 (task 28): force_integral=-1.667698e+03
  [BOTH][Rank 0] Done moment 29/36 (task 28): force_integral=-1.667698e+03
  [BOTH][Rank 0] Done moment 29/36 (task 28): force_integral=-1.667698e+03
  [BOTH][Rank 0] Done moment 29/36 (task 28): force_integral=-1.667698e+03
  [BOTH][Rank 0] Done moment 29/36 (task 28): force_integral=-1.667698e+03
  [BOTH][Rank 0] Done moment 29/36 (task 28): force_integral=-1.667698e+03
  [BOTH][Rank 0] Done moment 29/36 (task 28): force_integral=-1.667698e+03
  [BOTH][Rank 0] Done moment 29/36 (task 28): force_integral=-1.667698e+03
  [BOTH][Rank 0] Done moment 29/36 (task 28): force_integral=-1.667698e+03
  [BOTH][Rank 0] Done moment 29/36 (task 28): force_integral=-1.667698e+03
  [BOTH][Rank 0] Done moment 29/36 (task 28): force_integral=-1.667698e+03
  [BOTH][Rank 0] Done moment 29/36 (task 28): force_integral=-1.667698e+03
  [BOTH][Rank 0] Done moment 29/36 (task 28): force_integral=-1.667698e+03
  [BOTH][Rank 0] Done moment 29/36 (task 28): force_integral=-1.667698e+03
  [BOTH][Rank 0] Done moment 29/36 (task 28): force_integral=-1.667698e+03
  [BOTH][Rank 0] Done moment 29/36 (task 28): force_integral=-1.667698e+03
  [BOTH][Rank 0] Done moment 29/36 (task 28): force_integral=-1.667698e+03
  [BOTH][Rank 0] Done moment 29/36 (task 28): force_integral=-1.667698e+03
  [BOTH][Rank 0] Done moment 29/36 (task 28): force_integral=-1.667698e+03
  [BOTH][Rank 0] Done moment 29/36 (task 28): force_integral=-1.667698e+03
  [BOTH][Rank 0] Done moment 29/36 (task 28): force_integral=-1.667698e+03
  [BOTH][Rank 0] Done moment 29/36 (task 28): force_integral=-1.667698e+03
  [BOTH][Rank 0] Done moment 29/36 (task 28): force_integral=-1.667698e+03
  [BOTH][Rank 0] Done moment 29/36 (task 28): force_integral=-1.667698e+03
  [BOTH][Rank 0] Done moment 29/36 (task 28): force_integral=-1.667698e+03
  [BOTH][Rank 0] Done moment 29/36 (task 28): force_integral=-1.667698e+03
  [BOTH][Rank 0] Done moment 29/36 (task 28): force_integral=-1.667698e+03
  [BOTH][Rank 0] Done moment 29/36 (task 28): force_integral=-1.667698e+03
  [BOTH][Rank 0] Done moment 29/36 (task 28): force_integral=-1.667698e+03
  [BOTH][Rank 0] Done moment 29/36 (task 28): force_integral=-1.667698e+03
  [BOTH][Rank 0] Done moment 29/36 (task 28): force_integral=-1.667698e+03
  [BOTH][Rank 0] Done moment 29/36 (task 28): force_integral=-1.667698e+03
  [BOTH][Rank 0] Done moment 29/36 (task 28): force_integral=-1.667698e+03
  [BOTH][Rank 0] Done moment 29/36 (task 28): force_integral=-1.667698e+03
  [BOTH][Rank 0] Done moment 29/36 (task 28): force_integral=-1.667698e+03
  [BOTH][Rank 0] Done moment 29/36 (task 28): force_integral=-1.667698e+03
  [BOTH][Rank 0] Done moment 29/36 (task 28): force_integral=-1.667698e+03
  [BOTH][Rank 0] Done moment 29/36 (task 28): force_integral=-1.667698e+03
  [BOTH][Rank 0] Done moment 29/36 (task 28): force_integral=-1.667698e+03
  [BOTH][Rank 0] Done moment 29/36 (task 28): force_integral=-1.667698e+03
  [BOTH][Rank 0] Done moment 29/36 (task 28): force_integral=-1.667698e+03
  [BOTH][Rank 0] Done moment 29/36 (task 28): force_integral=-1.667698e+03
  [BOTH][Rank 0] Done moment 29/36 (task 28): force_integral=-1.667698e+03
  [BOTH][Rank 0] Done moment 29/36 (task 28): force_integral=-1.667698e+03
  [BOTH][Rank 0] Done moment 29/36 (task 28): force_integral=-1.667698e+03
  [BOTH][Rank 0] Done moment 29/36 (task 28): force_integral=-1.667698e+03
  [BOTH][Rank 0] Done moment 29/36 (task 28): force_integral=-1.667698e+03
  [BOTH][Rank 0] Done moment 29/36 (task 28): force_integral=-1.667698e+03
  [BOTH][Rank 0] Done moment 29/36 (task 28): force_integral=-1.667698e+03
  [BOTH][Rank 0] Done moment 29/36 (task 28): force_integral=-1.667698e+03
  [BOTH][Rank 0] Done moment 29/36 (task 28): force_integral=-1.667698e+03
  [BOTH][Rank 0] Done moment 29/36 (task 28): force_integral=-1.667698e+03
  [BOTH][Rank 0] Done moment 29/36 (task 28): force_integral=-1.667698e+03
  [BOTH][Rank 0] Done moment 29/36 (task 28): force_integral=-1.667698e+03
  [BOTH][Rank 0] Done moment 29/36 (task 28): force_integral=-1.667698e+03
  [BOTH][Rank 0] Done moment 29/36 (task 28): force_integral=-1.667698e+03
  [BOTH][Rank 0] Done moment 29/36 (task 28): force_integral=-1.667698e+03
  [BOTH][Rank 0] Done moment 29/36 (task 28): force_integral=-1.667698e+03
  [BOTH][Rank 0] Done moment 29/36 (task 28): force_integral=-1.667698e+03
  [BOTH][Rank 0] Done moment 29/36 (task 28): force_integral=-1.667698e+03
  [BOTH][Rank 0] Done moment 29/36 (task 28): force_integral=-1.667698e+03
  [BOTH][Rank 0] Done moment 29/36 (task 28): force_integral=-1.667698e+03
  [BOTH][Rank 0] Done moment 29/36 (task 28): force_integral=-1.667698e+03
  [BOTH][Rank 0] Done moment 29/36 (task 28): force_integral=-1.667698e+03
  [BOTH][Rank 0] Done moment 29/36 (task 28): force_integral=-1.667698e+03
  [BOTH][Rank 0] Done moment 29/36 (task 28): force_integral=-1.667698e+03
  [BOTH][Rank 0] Done moment 29/36 (task 28): force_integral=-1.667698e+03
  [BOTH][Rank 0] Done moment 29/36 (task 28): force_integral=-1.667698e+03
  [BOTH][Rank 0] Done moment 29/36 (task 28): force_integral=-1.667698e+03
  [BOTH][Rank 0] Done moment 29/36 (task 28): force_integral=-1.667698e+03
  [BOTH][Rank 0] Done moment 29/36 (task 28): force_integral=-1.667698e+03
  [BOTH][Rank 0] Done moment 29/36 (task 28): force_integral=-1.667698e+03
  [BOTH][Rank 0] Done moment 29/36 (task 28): force_integral=-1.667698e+03
  [BOTH][Rank 0] Done moment 29/36 (task 28): force_integral=-1.667698e+03
  [BOTH][Rank 0] Done moment 29/36 (task 28): force_integral=-1.667698e+03
  [BOTH][Rank 0] Done moment 29/36 (task 28): force_integral=-1.667698e+03
  [BOTH][Rank 0] Done moment 29/36 (task 28): force_integral=-1.667698e+03
  [BOTH][Rank 0] Done moment 29/36 (task 28): force_integral=-1.667698e+03
  [BOTH][Rank 0] Done moment 29/36 (task 28): force_integral=-1.667698e+03
  [BOTH][Rank 0] Done moment 29/36 (task 28): force_integral=-1.667698e+03
  [BOTH][Rank 0] Done moment 29/36 (task 28): force_integral=-1.667698e+03
  [BOTH][Rank 0] Done moment 29/36 (task 28): force_integral=-1.667698e+03
  [BOTH][Rank 0] Done moment 29/36 (task 28): force_integral=-1.667698e+03
  [BOTH][Rank 0] Done moment 29/36 (task 28): force_integral=-1.667698e+03
  [BOTH][Rank 0] Done moment 29/36 (task 28): force_integral=-1.667698e+03
  [BOTH][Rank 0] Done moment 29/36 (task 28): force_integral=-1.667698e+03
  [BOTH][Rank 0] Done moment 29/36 (task 28): force_integral=-1.667698e+03
  [BOTH][Rank 0] Done moment 29/36 (task 28): force_integral=-1.667698e+03
  [BOTH][Rank 0] Done moment 29/36 (task 28): force_integral=-1.667698e+03
  [BOTH][Rank 0] Done moment 29/36 (task 28): force_integral=-1.667698e+03
  [BOTH][Rank 0] Done moment 29/36 (task 28): force_integral=-1.667698e+03
  [BOTH][Rank 0] Done moment 29/36 (task 28): force_integral=-1.667698e+03
  [BOTH][Rank 0] Done moment 29/36 (task 28): force_integral=-1.667698e+03
  [BOTH][Rank 0] Done moment 29/36 (task 28): force_integral=-1.667698e+03
  [BOTH][Rank 0] Done moment 29/36 (task 28): force_integral=-1.667698e+03
  [BOTH][Rank 0] Done moment 29/36 (task 28): force_integral=-1.667698e+03
  [BOTH][Rank 0] Done moment 29/36 (task 28): force_integral=-1.667698e+03
  [BOTH][Rank 0] Done moment 29/36 (task 28): force_integral=-1.667698e+03
  [BOTH][Rank 0] Done moment 29/36 (task 28): force_integral=-1.667698e+03
  [BOTH][Rank 0] Done moment 29/36 (task 28): force_integral=-1.667698e+03
  [BOTH][Rank 0] Done moment 29/36 (task 28): force_integral=-1.667698e+03
  [BOTH][Rank 0] Done moment 29/36 (task 28): force_integral=-1.667698e+03
  [BOTH][Rank 0] Done moment 29/36 (task 28): force_integral=-1.667698e+03
  [BOTH][Rank 0] Done moment 29/36 (task 28): force_integral=-1.667698e+03
  [BOTH][Rank 0] Done moment 30/36 (task 29): force_integral=+1.708288e+03
  [BOTH][Rank 0] Done moment 30/36 (task 29): force_integral=+1.708288e+03
  [BOTH][Rank 0] Done moment 30/36 (task 29): force_integral=+1.708288e+03
  [BOTH][Rank 0] Done moment 30/36 (task 29): force_integral=+1.708288e+03
  [BOTH][Rank 0] Done moment 30/36 (task 29): force_integral=+1.708288e+03
  [BOTH][Rank 0] Done moment 30/36 (task 29): force_integral=+1.708288e+03
  [BOTH][Rank 0] Done moment 30/36 (task 29): force_integral=+1.708288e+03
  [BOTH][Rank 0] Done moment 30/36 (task 29): force_integral=+1.708288e+03
  [BOTH][Rank 0] Done moment 30/36 (task 29): force_integral=+1.708288e+03
  [BOTH][Rank 0] Done moment 30/36 (task 29): force_integral=+1.708288e+03
  [BOTH][Rank 0] Done moment 30/36 (task 29): force_integral=+1.708288e+03
  [BOTH][Rank 0] Done moment 30/36 (task 29): force_integral=+1.708288e+03
  [BOTH][Rank 0] Done moment 30/36 (task 29): force_integral=+1.708288e+03
  [BOTH][Rank 0] Done moment 30/36 (task 29): force_integral=+1.708288e+03
  [BOTH][Rank 0] Done moment 30/36 (task 29): force_integral=+1.708288e+03
  [BOTH][Rank 0] Done moment 30/36 (task 29): force_integral=+1.708288e+03
  [BOTH][Rank 0] Done moment 30/36 (task 29): force_integral=+1.708288e+03
  [BOTH][Rank 0] Done moment 30/36 (task 29): force_integral=+1.708288e+03
  [BOTH][Rank 0] Done moment 30/36 (task 29): force_integral=+1.708288e+03
  [BOTH][Rank 0] Done moment 30/36 (task 29): force_integral=+1.708288e+03
  [BOTH][Rank 0] Done moment 30/36 (task 29): force_integral=+1.708288e+03
  [BOTH][Rank 0] Done moment 30/36 (task 29): force_integral=+1.708288e+03
  [BOTH][Rank 0] Done moment 30/36 (task 29): force_integral=+1.708288e+03
  [BOTH][Rank 0] Done moment 30/36 (task 29): force_integral=+1.708288e+03
  [BOTH][Rank 0] Done moment 30/36 (task 29): force_integral=+1.708288e+03
  [BOTH][Rank 0] Done moment 30/36 (task 29): force_integral=+1.708288e+03
  [BOTH][Rank 0] Done moment 30/36 (task 29): force_integral=+1.708288e+03
  [BOTH][Rank 0] Done moment 30/36 (task 29): force_integral=+1.708288e+03
  [BOTH][Rank 0] Done moment 30/36 (task 29): force_integral=+1.708288e+03
  [BOTH][Rank 0] Done moment 30/36 (task 29): force_integral=+1.708288e+03
  [BOTH][Rank 0] Done moment 30/36 (task 29): force_integral=+1.708288e+03
  [BOTH][Rank 0] Done moment 30/36 (task 29): force_integral=+1.708288e+03
  [BOTH][Rank 0] Done moment 30/36 (task 29): force_integral=+1.708288e+03
  [BOTH][Rank 0] Done moment 30/36 (task 29): force_integral=+1.708288e+03
  [BOTH][Rank 0] Done moment 30/36 (task 29): force_integral=+1.708288e+03
  [BOTH][Rank 0] Done moment 30/36 (task 29): force_integral=+1.708288e+03
  [BOTH][Rank 0] Done moment 30/36 (task 29): force_integral=+1.708288e+03
  [BOTH][Rank 0] Done moment 30/36 (task 29): force_integral=+1.708288e+03
  [BOTH][Rank 0] Done moment 30/36 (task 29): force_integral=+1.708288e+03
  [BOTH][Rank 0] Done moment 30/36 (task 29): force_integral=+1.708288e+03
  [BOTH][Rank 0] Done moment 30/36 (task 29): force_integral=+1.708288e+03
  [BOTH][Rank 0] Done moment 30/36 (task 29): force_integral=+1.708288e+03
  [BOTH][Rank 0] Done moment 30/36 (task 29): force_integral=+1.708288e+03
  [BOTH][Rank 0] Done moment 30/36 (task 29): force_integral=+1.708288e+03
  [BOTH][Rank 0] Done moment 30/36 (task 29): force_integral=+1.708288e+03
  [BOTH][Rank 0] Done moment 30/36 (task 29): force_integral=+1.708288e+03
  [BOTH][Rank 0] Done moment 30/36 (task 29): force_integral=+1.708288e+03
  [BOTH][Rank 0] Done moment 30/36 (task 29): force_integral=+1.708288e+03
  [BOTH][Rank 0] Done moment 30/36 (task 29): force_integral=+1.708288e+03
  [BOTH][Rank 0] Done moment 30/36 (task 29): force_integral=+1.708288e+03
  [BOTH][Rank 0] Done moment 30/36 (task 29): force_integral=+1.708288e+03
  [BOTH][Rank 0] Done moment 30/36 (task 29): force_integral=+1.708288e+03
  [BOTH][Rank 0] Done moment 30/36 (task 29): force_integral=+1.708288e+03
  [BOTH][Rank 0] Done moment 30/36 (task 29): force_integral=+1.708288e+03
  [BOTH][Rank 0] Done moment 30/36 (task 29): force_integral=+1.708288e+03
  [BOTH][Rank 0] Done moment 30/36 (task 29): force_integral=+1.708288e+03
  [BOTH][Rank 0] Done moment 30/36 (task 29): force_integral=+1.708288e+03
  [BOTH][Rank 0] Done moment 30/36 (task 29): force_integral=+1.708288e+03
  [BOTH][Rank 0] Done moment 30/36 (task 29): force_integral=+1.708288e+03
  [BOTH][Rank 0] Done moment 30/36 (task 29): force_integral=+1.708288e+03
  [BOTH][Rank 0] Done moment 30/36 (task 29): force_integral=+1.708288e+03
  [BOTH][Rank 0] Done moment 30/36 (task 29): force_integral=+1.708288e+03
  [BOTH][Rank 0] Done moment 30/36 (task 29): force_integral=+1.708288e+03
  [BOTH][Rank 0] Done moment 30/36 (task 29): force_integral=+1.708288e+03
  [BOTH][Rank 0] Done moment 30/36 (task 29): force_integral=+1.708288e+03
  [BOTH][Rank 0] Done moment 30/36 (task 29): force_integral=+1.708288e+03
  [BOTH][Rank 0] Done moment 30/36 (task 29): force_integral=+1.708288e+03
  [BOTH][Rank 0] Done moment 30/36 (task 29): force_integral=+1.708288e+03
  [BOTH][Rank 0] Done moment 30/36 (task 29): force_integral=+1.708288e+03
  [BOTH][Rank 0] Done moment 30/36 (task 29): force_integral=+1.708288e+03
  [BOTH][Rank 0] Done moment 30/36 (task 29): force_integral=+1.708288e+03
  [BOTH][Rank 0] Done moment 30/36 (task 29): force_integral=+1.708288e+03
  [BOTH][Rank 0] Done moment 30/36 (task 29): force_integral=+1.708288e+03
  [BOTH][Rank 0] Done moment 30/36 (task 29): force_integral=+1.708288e+03
  [BOTH][Rank 0] Done moment 30/36 (task 29): force_integral=+1.708288e+03
  [BOTH][Rank 0] Done moment 30/36 (task 29): force_integral=+1.708288e+03
  [BOTH][Rank 0] Done moment 30/36 (task 29): force_integral=+1.708288e+03
  [BOTH][Rank 0] Done moment 30/36 (task 29): force_integral=+1.708288e+03
  [BOTH][Rank 0] Done moment 30/36 (task 29): force_integral=+1.708288e+03
  [BOTH][Rank 0] Done moment 30/36 (task 29): force_integral=+1.708288e+03
  [BOTH][Rank 0] Done moment 30/36 (task 29): force_integral=+1.708288e+03
  [BOTH][Rank 0] Done moment 30/36 (task 29): force_integral=+1.708288e+03
  [BOTH][Rank 0] Done moment 30/36 (task 29): force_integral=+1.708288e+03
  [BOTH][Rank 0] Done moment 30/36 (task 29): force_integral=+1.708288e+03
  [BOTH][Rank 0] Done moment 30/36 (task 29): force_integral=+1.708288e+03
  [BOTH][Rank 0] Done moment 30/36 (task 29): force_integral=+1.708288e+03
  [BOTH][Rank 0] Done moment 30/36 (task 29): force_integral=+1.708288e+03
  [BOTH][Rank 0] Done moment 30/36 (task 29): force_integral=+1.708288e+03
  [BOTH][Rank 0] Done moment 30/36 (task 29): force_integral=+1.708288e+03
  [BOTH][Rank 0] Done moment 30/36 (task 29): force_integral=+1.708288e+03
  [BOTH][Rank 0] Done moment 30/36 (task 29): force_integral=+1.708288e+03
  [BOTH][Rank 0] Done moment 30/36 (task 29): force_integral=+1.708288e+03
  [BOTH][Rank 0] Done moment 30/36 (task 29): force_integral=+1.708288e+03
  [BOTH][Rank 0] Done moment 30/36 (task 29): force_integral=+1.708288e+03
  [BOTH][Rank 0] Done moment 30/36 (task 29): force_integral=+1.708288e+03
  [BOTH][Rank 0] Done moment 30/36 (task 29): force_integral=+1.708288e+03
  [BOTH][Rank 0] Done moment 30/36 (task 29): force_integral=+1.708288e+03
  [BOTH][Rank 0] Done moment 30/36 (task 29): force_integral=+1.708288e+03
  [BOTH][Rank 0] Done moment 30/36 (task 29): force_integral=+1.708288e+03
  [BOTH][Rank 0] Done moment 30/36 (task 29): force_integral=+1.708288e+03
  [BOTH][Rank 0] Done moment 30/36 (task 29): force_integral=+1.708288e+03
  [BOTH][Rank 0] Done moment 30/36 (task 29): force_integral=+1.708288e+03
  [BOTH][Rank 0] Done moment 30/36 (task 29): force_integral=+1.708288e+03
  [BOTH][Rank 0] Done moment 30/36 (task 29): force_integral=+1.708288e+03
  [BOTH][Rank 0] Done moment 30/36 (task 29): force_integral=+1.708288e+03
  [BOTH][Rank 0] Done moment 30/36 (task 29): force_integral=+1.708288e+03
  [BOTH][Rank 0] Done moment 30/36 (task 29): force_integral=+1.708288e+03
  [BOTH][Rank 0] Done moment 30/36 (task 29): force_integral=+1.708288e+03
  [BOTH][Rank 0] Done moment 30/36 (task 29): force_integral=+1.708288e+03
  [BOTH][Rank 0] Done moment 30/36 (task 29): force_integral=+1.708288e+03
  [BOTH][Rank 0] Done moment 30/36 (task 29): force_integral=+1.708288e+03
  [BOTH][Rank 0] Done moment 30/36 (task 29): force_integral=+1.708288e+03
  [BOTH][Rank 0] Done moment 30/36 (task 29): force_integral=+1.708288e+03
  [BOTH][Rank 0] Done moment 30/36 (task 29): force_integral=+1.708288e+03
  [BOTH][Rank 0] Done moment 30/36 (task 29): force_integral=+1.708288e+03
  [BOTH][Rank 0] Done moment 30/36 (task 29): force_integral=+1.708288e+03
  [BOTH][Rank 0] Done moment 30/36 (task 29): force_integral=+1.708288e+03
  [BOTH][Rank 0] Done moment 30/36 (task 29): force_integral=+1.708288e+03
  [BOTH][Rank 0] Done moment 30/36 (task 29): force_integral=+1.708288e+03
  [BOTH][Rank 0] Done moment 30/36 (task 29): force_integral=+1.708288e+03
  [BOTH][Rank 0] Done moment 30/36 (task 29): force_integral=+1.708288e+03
  [BOTH][Rank 0] Done moment 30/36 (task 29): force_integral=+1.708288e+03
  [BOTH][Rank 0] Done moment 30/36 (task 29): force_integral=+1.708288e+03
  [BOTH][Rank 0] Done moment 30/36 (task 29): force_integral=+1.708288e+03
  [BOTH][Rank 0] Done moment 30/36 (task 29): force_integral=+1.708288e+03
  [BOTH][Rank 0] Done moment 30/36 (task 29): force_integral=+1.708288e+03
  [BOTH][Rank 0] Done moment 30/36 (task 29): force_integral=+1.708288e+03
  [BOTH][Rank 0] Done moment 30/36 (task 29): force_integral=+1.708288e+03
  [BOTH][Rank 0] Done moment 31/36 (task 30): force_integral=+0.000000e+00
  [BOTH][Rank 0] Done moment 31/36 (task 30): force_integral=+0.000000e+00
  [BOTH][Rank 0] Done moment 31/36 (task 30): force_integral=+0.000000e+00
  [BOTH][Rank 0] Done moment 31/36 (task 30): force_integral=+0.000000e+00
  [BOTH][Rank 0] Done moment 31/36 (task 30): force_integral=+0.000000e+00
  [BOTH][Rank 0] Done moment 31/36 (task 30): force_integral=+0.000000e+00
  [BOTH][Rank 0] Done moment 31/36 (task 30): force_integral=+0.000000e+00
  [BOTH][Rank 0] Done moment 31/36 (task 30): force_integral=+0.000000e+00
  [BOTH][Rank 0] Done moment 31/36 (task 30): force_integral=+0.000000e+00
  [BOTH][Rank 0] Done moment 31/36 (task 30): force_integral=+0.000000e+00
  [BOTH][Rank 0] Done moment 31/36 (task 30): force_integral=+0.000000e+00
  [BOTH][Rank 0] Done moment 31/36 (task 30): force_integral=+0.000000e+00
  [BOTH][Rank 0] Done moment 31/36 (task 30): force_integral=+0.000000e+00
  [BOTH][Rank 0] Done moment 31/36 (task 30): force_integral=+0.000000e+00
  [BOTH][Rank 0] Done moment 31/36 (task 30): force_integral=+0.000000e+00
  [BOTH][Rank 0] Done moment 31/36 (task 30): force_integral=+0.000000e+00
  [BOTH][Rank 0] Done moment 31/36 (task 30): force_integral=+0.000000e+00
  [BOTH][Rank 0] Done moment 31/36 (task 30): force_integral=+0.000000e+00
  [BOTH][Rank 0] Done moment 31/36 (task 30): force_integral=+0.000000e+00
  [BOTH][Rank 0] Done moment 31/36 (task 30): force_integral=+0.000000e+00
  [BOTH][Rank 0] Done moment 31/36 (task 30): force_integral=+0.000000e+00
  [BOTH][Rank 0] Done moment 31/36 (task 30): force_integral=+0.000000e+00
  [BOTH][Rank 0] Done moment 31/36 (task 30): force_integral=+0.000000e+00
  [BOTH][Rank 0] Done moment 31/36 (task 30): force_integral=+0.000000e+00
  [BOTH][Rank 0] Done moment 31/36 (task 30): force_integral=+0.000000e+00
  [BOTH][Rank 0] Done moment 31/36 (task 30): force_integral=+0.000000e+00
  [BOTH][Rank 0] Done moment 31/36 (task 30): force_integral=+0.000000e+00
  [BOTH][Rank 0] Done moment 31/36 (task 30): force_integral=+0.000000e+00
  [BOTH][Rank 0] Done moment 31/36 (task 30): force_integral=+0.000000e+00
  [BOTH][Rank 0] Done moment 31/36 (task 30): force_integral=+0.000000e+00
  [BOTH][Rank 0] Done moment 31/36 (task 30): force_integral=+0.000000e+00
  [BOTH][Rank 0] Done moment 31/36 (task 30): force_integral=+0.000000e+00
  [BOTH][Rank 0] Done moment 31/36 (task 30): force_integral=+0.000000e+00
  [BOTH][Rank 0] Done moment 31/36 (task 30): force_integral=+0.000000e+00
  [BOTH][Rank 0] Done moment 31/36 (task 30): force_integral=+0.000000e+00
  [BOTH][Rank 0] Done moment 31/36 (task 30): force_integral=+0.000000e+00
  [BOTH][Rank 0] Done moment 31/36 (task 30): force_integral=+0.000000e+00
  [BOTH][Rank 0] Done moment 31/36 (task 30): force_integral=+0.000000e+00
  [BOTH][Rank 0] Done moment 31/36 (task 30): force_integral=+0.000000e+00
  [BOTH][Rank 0] Done moment 31/36 (task 30): force_integral=+0.000000e+00
  [BOTH][Rank 0] Done moment 31/36 (task 30): force_integral=+0.000000e+00
  [BOTH][Rank 0] Done moment 31/36 (task 30): force_integral=+0.000000e+00
  [BOTH][Rank 0] Done moment 31/36 (task 30): force_integral=+0.000000e+00
  [BOTH][Rank 0] Done moment 31/36 (task 30): force_integral=+0.000000e+00
  [BOTH][Rank 0] Done moment 31/36 (task 30): force_integral=+0.000000e+00
  [BOTH][Rank 0] Done moment 31/36 (task 30): force_integral=+0.000000e+00
  [BOTH][Rank 0] Done moment 31/36 (task 30): force_integral=+0.000000e+00
  [BOTH][Rank 0] Done moment 31/36 (task 30): force_integral=+0.000000e+00
  [BOTH][Rank 0] Done moment 31/36 (task 30): force_integral=+0.000000e+00
  [BOTH][Rank 0] Done moment 31/36 (task 30): force_integral=+0.000000e+00
  [BOTH][Rank 0] Done moment 31/36 (task 30): force_integral=+0.000000e+00
  [BOTH][Rank 0] Done moment 31/36 (task 30): force_integral=+0.000000e+00
  [BOTH][Rank 0] Done moment 31/36 (task 30): force_integral=+0.000000e+00
  [BOTH][Rank 0] Done moment 31/36 (task 30): force_integral=+0.000000e+00
  [BOTH][Rank 0] Done moment 31/36 (task 30): force_integral=+0.000000e+00
  [BOTH][Rank 0] Done moment 31/36 (task 30): force_integral=+0.000000e+00
  [BOTH][Rank 0] Done moment 31/36 (task 30): force_integral=+0.000000e+00
  [BOTH][Rank 0] Done moment 31/36 (task 30): force_integral=+0.000000e+00
  [BOTH][Rank 0] Done moment 31/36 (task 30): force_integral=+0.000000e+00
  [BOTH][Rank 0] Done moment 31/36 (task 30): force_integral=+0.000000e+00
  [BOTH][Rank 0] Done moment 31/36 (task 30): force_integral=+0.000000e+00
  [BOTH][Rank 0] Done moment 31/36 (task 30): force_integral=+0.000000e+00
  [BOTH][Rank 0] Done moment 31/36 (task 30): force_integral=+0.000000e+00
  [BOTH][Rank 0] Done moment 31/36 (task 30): force_integral=+0.000000e+00
  [BOTH][Rank 0] Done moment 31/36 (task 30): force_integral=+0.000000e+00
  [BOTH][Rank 0] Done moment 31/36 (task 30): force_integral=+0.000000e+00
  [BOTH][Rank 0] Done moment 31/36 (task 30): force_integral=+0.000000e+00
  [BOTH][Rank 0] Done moment 31/36 (task 30): force_integral=+0.000000e+00
  [BOTH][Rank 0] Done moment 31/36 (task 30): force_integral=+0.000000e+00
  [BOTH][Rank 0] Done moment 31/36 (task 30): force_integral=+0.000000e+00
  [BOTH][Rank 0] Done moment 31/36 (task 30): force_integral=+0.000000e+00
  [BOTH][Rank 0] Done moment 31/36 (task 30): force_integral=+0.000000e+00
  [BOTH][Rank 0] Done moment 31/36 (task 30): force_integral=+0.000000e+00
  [BOTH][Rank 0] Done moment 31/36 (task 30): force_integral=+0.000000e+00
  [BOTH][Rank 0] Done moment 31/36 (task 30): force_integral=+0.000000e+00
  [BOTH][Rank 0] Done moment 31/36 (task 30): force_integral=+0.000000e+00
  [BOTH][Rank 0] Done moment 31/36 (task 30): force_integral=+0.000000e+00
  [BOTH][Rank 0] Done moment 31/36 (task 30): force_integral=+0.000000e+00
  [BOTH][Rank 0] Done moment 31/36 (task 30): force_integral=+0.000000e+00
  [BOTH][Rank 0] Done moment 31/36 (task 30): force_integral=+0.000000e+00
  [BOTH][Rank 0] Done moment 31/36 (task 30): force_integral=+0.000000e+00
  [BOTH][Rank 0] Done moment 31/36 (task 30): force_integral=+0.000000e+00
  [BOTH][Rank 0] Done moment 31/36 (task 30): force_integral=+0.000000e+00
  [BOTH][Rank 0] Done moment 31/36 (task 30): force_integral=+0.000000e+00
  [BOTH][Rank 0] Done moment 31/36 (task 30): force_integral=+0.000000e+00
  [BOTH][Rank 0] Done moment 31/36 (task 30): force_integral=+0.000000e+00
  [BOTH][Rank 0] Done moment 31/36 (task 30): force_integral=+0.000000e+00
  [BOTH][Rank 0] Done moment 31/36 (task 30): force_integral=+0.000000e+00
  [BOTH][Rank 0] Done moment 31/36 (task 30): force_integral=+0.000000e+00
  [BOTH][Rank 0] Done moment 31/36 (task 30): force_integral=+0.000000e+00
  [BOTH][Rank 0] Done moment 31/36 (task 30): force_integral=+0.000000e+00
  [BOTH][Rank 0] Done moment 31/36 (task 30): force_integral=+0.000000e+00
  [BOTH][Rank 0] Done moment 31/36 (task 30): force_integral=+0.000000e+00
  [BOTH][Rank 0] Done moment 31/36 (task 30): force_integral=+0.000000e+00
  [BOTH][Rank 0] Done moment 31/36 (task 30): force_integral=+0.000000e+00
  [BOTH][Rank 0] Done moment 31/36 (task 30): force_integral=+0.000000e+00
  [BOTH][Rank 0] Done moment 31/36 (task 30): force_integral=+0.000000e+00
  [BOTH][Rank 0] Done moment 31/36 (task 30): force_integral=+0.000000e+00
  [BOTH][Rank 0] Done moment 31/36 (task 30): force_integral=+0.000000e+00
  [BOTH][Rank 0] Done moment 31/36 (task 30): force_integral=+0.000000e+00
  [BOTH][Rank 0] Done moment 31/36 (task 30): force_integral=+0.000000e+00
  [BOTH][Rank 0] Done moment 31/36 (task 30): force_integral=+0.000000e+00
  [BOTH][Rank 0] Done moment 31/36 (task 30): force_integral=+0.000000e+00
  [BOTH][Rank 0] Done moment 31/36 (task 30): force_integral=+0.000000e+00
  [BOTH][Rank 0] Done moment 31/36 (task 30): force_integral=+0.000000e+00
  [BOTH][Rank 0] Done moment 31/36 (task 30): force_integral=+0.000000e+00
  [BOTH][Rank 0] Done moment 31/36 (task 30): force_integral=+0.000000e+00
  [BOTH][Rank 0] Done moment 31/36 (task 30): force_integral=+0.000000e+00
  [BOTH][Rank 0] Done moment 31/36 (task 30): force_integral=+0.000000e+00
  [BOTH][Rank 0] Done moment 31/36 (task 30): force_integral=+0.000000e+00
  [BOTH][Rank 0] Done moment 31/36 (task 30): force_integral=+0.000000e+00
  [BOTH][Rank 0] Done moment 31/36 (task 30): force_integral=+0.000000e+00
  [BOTH][Rank 0] Done moment 31/36 (task 30): force_integral=+0.000000e+00
  [BOTH][Rank 0] Done moment 31/36 (task 30): force_integral=+0.000000e+00
  [BOTH][Rank 0] Done moment 31/36 (task 30): force_integral=+0.000000e+00
  [BOTH][Rank 0] Done moment 31/36 (task 30): force_integral=+0.000000e+00
  [BOTH][Rank 0] Done moment 31/36 (task 30): force_integral=+0.000000e+00
  [BOTH][Rank 0] Done moment 31/36 (task 30): force_integral=+0.000000e+00
  [BOTH][Rank 0] Done moment 31/36 (task 30): force_integral=+0.000000e+00
  [BOTH][Rank 0] Done moment 31/36 (task 30): force_integral=+0.000000e+00
  [BOTH][Rank 0] Done moment 31/36 (task 30): force_integral=+0.000000e+00
  [BOTH][Rank 0] Done moment 31/36 (task 30): force_integral=+0.000000e+00
  [BOTH][Rank 0] Done moment 31/36 (task 30): force_integral=+0.000000e+00
  [BOTH][Rank 0] Done moment 31/36 (task 30): force_integral=+0.000000e+00
  [BOTH][Rank 0] Done moment 31/36 (task 30): force_integral=+0.000000e+00
  [BOTH][Rank 0] Done moment 31/36 (task 30): force_integral=+0.000000e+00
  [BOTH][Rank 0] Done moment 31/36 (task 30): force_integral=+0.000000e+00
  [BOTH][Rank 0] Done moment 31/36 (task 30): force_integral=+0.000000e+00
  [BOTH][Rank 0] Done moment 32/36 (task 31): force_integral=+0.000000e+00
  [BOTH][Rank 0] Done moment 32/36 (task 31): force_integral=+0.000000e+00
  [BOTH][Rank 0] Done moment 32/36 (task 31): force_integral=+0.000000e+00
  [BOTH][Rank 0] Done moment 32/36 (task 31): force_integral=+0.000000e+00
  [BOTH][Rank 0] Done moment 32/36 (task 31): force_integral=+0.000000e+00
  [BOTH][Rank 0] Done moment 32/36 (task 31): force_integral=+0.000000e+00
  [BOTH][Rank 0] Done moment 32/36 (task 31): force_integral=+0.000000e+00
  [BOTH][Rank 0] Done moment 32/36 (task 31): force_integral=+0.000000e+00
  [BOTH][Rank 0] Done moment 32/36 (task 31): force_integral=+0.000000e+00
  [BOTH][Rank 0] Done moment 32/36 (task 31): force_integral=+0.000000e+00
  [BOTH][Rank 0] Done moment 32/36 (task 31): force_integral=+0.000000e+00
  [BOTH][Rank 0] Done moment 32/36 (task 31): force_integral=+0.000000e+00
  [BOTH][Rank 0] Done moment 32/36 (task 31): force_integral=+0.000000e+00
  [BOTH][Rank 0] Done moment 32/36 (task 31): force_integral=+0.000000e+00
  [BOTH][Rank 0] Done moment 32/36 (task 31): force_integral=+0.000000e+00
  [BOTH][Rank 0] Done moment 32/36 (task 31): force_integral=+0.000000e+00
  [BOTH][Rank 0] Done moment 32/36 (task 31): force_integral=+0.000000e+00
  [BOTH][Rank 0] Done moment 32/36 (task 31): force_integral=+0.000000e+00
  [BOTH][Rank 0] Done moment 32/36 (task 31): force_integral=+0.000000e+00
  [BOTH][Rank 0] Done moment 32/36 (task 31): force_integral=+0.000000e+00
  [BOTH][Rank 0] Done moment 32/36 (task 31): force_integral=+0.000000e+00
  [BOTH][Rank 0] Done moment 32/36 (task 31): force_integral=+0.000000e+00
  [BOTH][Rank 0] Done moment 32/36 (task 31): force_integral=+0.000000e+00
  [BOTH][Rank 0] Done moment 32/36 (task 31): force_integral=+0.000000e+00
  [BOTH][Rank 0] Done moment 32/36 (task 31): force_integral=+0.000000e+00
  [BOTH][Rank 0] Done moment 32/36 (task 31): force_integral=+0.000000e+00
  [BOTH][Rank 0] Done moment 32/36 (task 31): force_integral=+0.000000e+00
  [BOTH][Rank 0] Done moment 32/36 (task 31): force_integral=+0.000000e+00
  [BOTH][Rank 0] Done moment 32/36 (task 31): force_integral=+0.000000e+00
  [BOTH][Rank 0] Done moment 32/36 (task 31): force_integral=+0.000000e+00
  [BOTH][Rank 0] Done moment 32/36 (task 31): force_integral=+0.000000e+00
  [BOTH][Rank 0] Done moment 32/36 (task 31): force_integral=+0.000000e+00
  [BOTH][Rank 0] Done moment 32/36 (task 31): force_integral=+0.000000e+00
  [BOTH][Rank 0] Done moment 32/36 (task 31): force_integral=+0.000000e+00
  [BOTH][Rank 0] Done moment 32/36 (task 31): force_integral=+0.000000e+00
  [BOTH][Rank 0] Done moment 32/36 (task 31): force_integral=+0.000000e+00
  [BOTH][Rank 0] Done moment 32/36 (task 31): force_integral=+0.000000e+00
  [BOTH][Rank 0] Done moment 32/36 (task 31): force_integral=+0.000000e+00
  [BOTH][Rank 0] Done moment 32/36 (task 31): force_integral=+0.000000e+00
  [BOTH][Rank 0] Done moment 32/36 (task 31): force_integral=+0.000000e+00
  [BOTH][Rank 0] Done moment 32/36 (task 31): force_integral=+0.000000e+00
  [BOTH][Rank 0] Done moment 32/36 (task 31): force_integral=+0.000000e+00
  [BOTH][Rank 0] Done moment 32/36 (task 31): force_integral=+0.000000e+00
  [BOTH][Rank 0] Done moment 32/36 (task 31): force_integral=+0.000000e+00
  [BOTH][Rank 0] Done moment 32/36 (task 31): force_integral=+0.000000e+00
  [BOTH][Rank 0] Done moment 32/36 (task 31): force_integral=+0.000000e+00
  [BOTH][Rank 0] Done moment 32/36 (task 31): force_integral=+0.000000e+00
  [BOTH][Rank 0] Done moment 32/36 (task 31): force_integral=+0.000000e+00
  [BOTH][Rank 0] Done moment 32/36 (task 31): force_integral=+0.000000e+00
  [BOTH][Rank 0] Done moment 32/36 (task 31): force_integral=+0.000000e+00
  [BOTH][Rank 0] Done moment 32/36 (task 31): force_integral=+0.000000e+00
  [BOTH][Rank 0] Done moment 32/36 (task 31): force_integral=+0.000000e+00
  [BOTH][Rank 0] Done moment 32/36 (task 31): force_integral=+0.000000e+00
  [BOTH][Rank 0] Done moment 32/36 (task 31): force_integral=+0.000000e+00
  [BOTH][Rank 0] Done moment 32/36 (task 31): force_integral=+0.000000e+00
  [BOTH][Rank 0] Done moment 32/36 (task 31): force_integral=+0.000000e+00
  [BOTH][Rank 0] Done moment 32/36 (task 31): force_integral=+0.000000e+00
  [BOTH][Rank 0] Done moment 32/36 (task 31): force_integral=+0.000000e+00
  [BOTH][Rank 0] Done moment 32/36 (task 31): force_integral=+0.000000e+00
  [BOTH][Rank 0] Done moment 32/36 (task 31): force_integral=+0.000000e+00
  [BOTH][Rank 0] Done moment 32/36 (task 31): force_integral=+0.000000e+00
  [BOTH][Rank 0] Done moment 32/36 (task 31): force_integral=+0.000000e+00
  [BOTH][Rank 0] Done moment 32/36 (task 31): force_integral=+0.000000e+00
  [BOTH][Rank 0] Done moment 32/36 (task 31): force_integral=+0.000000e+00
  [BOTH][Rank 0] Done moment 32/36 (task 31): force_integral=+0.000000e+00
  [BOTH][Rank 0] Done moment 32/36 (task 31): force_integral=+0.000000e+00
  [BOTH][Rank 0] Done moment 32/36 (task 31): force_integral=+0.000000e+00
  [BOTH][Rank 0] Done moment 32/36 (task 31): force_integral=+0.000000e+00
  [BOTH][Rank 0] Done moment 32/36 (task 31): force_integral=+0.000000e+00
  [BOTH][Rank 0] Done moment 32/36 (task 31): force_integral=+0.000000e+00
  [BOTH][Rank 0] Done moment 32/36 (task 31): force_integral=+0.000000e+00
  [BOTH][Rank 0] Done moment 32/36 (task 31): force_integral=+0.000000e+00
  [BOTH][Rank 0] Done moment 32/36 (task 31): force_integral=+0.000000e+00
  [BOTH][Rank 0] Done moment 32/36 (task 31): force_integral=+0.000000e+00
  [BOTH][Rank 0] Done moment 32/36 (task 31): force_integral=+0.000000e+00
  [BOTH][Rank 0] Done moment 32/36 (task 31): force_integral=+0.000000e+00
  [BOTH][Rank 0] Done moment 32/36 (task 31): force_integral=+0.000000e+00
  [BOTH][Rank 0] Done moment 32/36 (task 31): force_integral=+0.000000e+00
  [BOTH][Rank 0] Done moment 32/36 (task 31): force_integral=+0.000000e+00
  [BOTH][Rank 0] Done moment 32/36 (task 31): force_integral=+0.000000e+00
  [BOTH][Rank 0] Done moment 32/36 (task 31): force_integral=+0.000000e+00
  [BOTH][Rank 0] Done moment 32/36 (task 31): force_integral=+0.000000e+00
  [BOTH][Rank 0] Done moment 32/36 (task 31): force_integral=+0.000000e+00
  [BOTH][Rank 0] Done moment 32/36 (task 31): force_integral=+0.000000e+00
  [BOTH][Rank 0] Done moment 32/36 (task 31): force_integral=+0.000000e+00
  [BOTH][Rank 0] Done moment 32/36 (task 31): force_integral=+0.000000e+00
  [BOTH][Rank 0] Done moment 32/36 (task 31): force_integral=+0.000000e+00
  [BOTH][Rank 0] Done moment 32/36 (task 31): force_integral=+0.000000e+00
  [BOTH][Rank 0] Done moment 32/36 (task 31): force_integral=+0.000000e+00
  [BOTH][Rank 0] Done moment 32/36 (task 31): force_integral=+0.000000e+00
  [BOTH][Rank 0] Done moment 32/36 (task 31): force_integral=+0.000000e+00
  [BOTH][Rank 0] Done moment 32/36 (task 31): force_integral=+0.000000e+00
  [BOTH][Rank 0] Done moment 32/36 (task 31): force_integral=+0.000000e+00
  [BOTH][Rank 0] Done moment 32/36 (task 31): force_integral=+0.000000e+00
  [BOTH][Rank 0] Done moment 32/36 (task 31): force_integral=+0.000000e+00
  [BOTH][Rank 0] Done moment 32/36 (task 31): force_integral=+0.000000e+00
  [BOTH][Rank 0] Done moment 32/36 (task 31): force_integral=+0.000000e+00
  [BOTH][Rank 0] Done moment 32/36 (task 31): force_integral=+0.000000e+00
  [BOTH][Rank 0] Done moment 32/36 (task 31): force_integral=+0.000000e+00
  [BOTH][Rank 0] Done moment 32/36 (task 31): force_integral=+0.000000e+00
  [BOTH][Rank 0] Done moment 32/36 (task 31): force_integral=+0.000000e+00
  [BOTH][Rank 0] Done moment 32/36 (task 31): force_integral=+0.000000e+00
  [BOTH][Rank 0] Done moment 32/36 (task 31): force_integral=+0.000000e+00
  [BOTH][Rank 0] Done moment 32/36 (task 31): force_integral=+0.000000e+00
  [BOTH][Rank 0] Done moment 32/36 (task 31): force_integral=+0.000000e+00
  [BOTH][Rank 0] Done moment 32/36 (task 31): force_integral=+0.000000e+00
  [BOTH][Rank 0] Done moment 32/36 (task 31): force_integral=+0.000000e+00
  [BOTH][Rank 0] Done moment 32/36 (task 31): force_integral=+0.000000e+00
  [BOTH][Rank 0] Done moment 32/36 (task 31): force_integral=+0.000000e+00
  [BOTH][Rank 0] Done moment 32/36 (task 31): force_integral=+0.000000e+00
  [BOTH][Rank 0] Done moment 32/36 (task 31): force_integral=+0.000000e+00
  [BOTH][Rank 0] Done moment 32/36 (task 31): force_integral=+0.000000e+00
  [BOTH][Rank 0] Done moment 32/36 (task 31): force_integral=+0.000000e+00
  [BOTH][Rank 0] Done moment 32/36 (task 31): force_integral=+0.000000e+00
  [BOTH][Rank 0] Done moment 32/36 (task 31): force_integral=+0.000000e+00
  [BOTH][Rank 0] Done moment 32/36 (task 31): force_integral=+0.000000e+00
  [BOTH][Rank 0] Done moment 32/36 (task 31): force_integral=+0.000000e+00
  [BOTH][Rank 0] Done moment 32/36 (task 31): force_integral=+0.000000e+00
  [BOTH][Rank 0] Done moment 32/36 (task 31): force_integral=+0.000000e+00
  [BOTH][Rank 0] Done moment 32/36 (task 31): force_integral=+0.000000e+00
  [BOTH][Rank 0] Done moment 32/36 (task 31): force_integral=+0.000000e+00
  [BOTH][Rank 0] Done moment 32/36 (task 31): force_integral=+0.000000e+00
  [BOTH][Rank 0] Done moment 32/36 (task 31): force_integral=+0.000000e+00
  [BOTH][Rank 0] Done moment 32/36 (task 31): force_integral=+0.000000e+00
  [BOTH][Rank 0] Done moment 32/36 (task 31): force_integral=+0.000000e+00
  [BOTH][Rank 0] Done moment 32/36 (task 31): force_integral=+0.000000e+00
  [BOTH][Rank 0] Done moment 32/36 (task 31): force_integral=+0.000000e+00
  [BOTH][Rank 0] Done moment 32/36 (task 31): force_integral=+0.000000e+00
  [BOTH][Rank 0] Done moment 33/36 (task 32): force_integral=+0.000000e+00
  [BOTH][Rank 0] Done moment 33/36 (task 32): force_integral=+0.000000e+00
  [BOTH][Rank 0] Done moment 33/36 (task 32): force_integral=+0.000000e+00
  [BOTH][Rank 0] Done moment 33/36 (task 32): force_integral=+0.000000e+00
  [BOTH][Rank 0] Done moment 33/36 (task 32): force_integral=+0.000000e+00
  [BOTH][Rank 0] Done moment 33/36 (task 32): force_integral=+0.000000e+00
  [BOTH][Rank 0] Done moment 33/36 (task 32): force_integral=+0.000000e+00
  [BOTH][Rank 0] Done moment 33/36 (task 32): force_integral=+0.000000e+00
  [BOTH][Rank 0] Done moment 33/36 (task 32): force_integral=+0.000000e+00
  [BOTH][Rank 0] Done moment 33/36 (task 32): force_integral=+0.000000e+00
  [BOTH][Rank 0] Done moment 33/36 (task 32): force_integral=+0.000000e+00
  [BOTH][Rank 0] Done moment 33/36 (task 32): force_integral=+0.000000e+00
  [BOTH][Rank 0] Done moment 33/36 (task 32): force_integral=+0.000000e+00
  [BOTH][Rank 0] Done moment 33/36 (task 32): force_integral=+0.000000e+00
  [BOTH][Rank 0] Done moment 33/36 (task 32): force_integral=+0.000000e+00
  [BOTH][Rank 0] Done moment 33/36 (task 32): force_integral=+0.000000e+00
  [BOTH][Rank 0] Done moment 33/36 (task 32): force_integral=+0.000000e+00
  [BOTH][Rank 0] Done moment 33/36 (task 32): force_integral=+0.000000e+00
  [BOTH][Rank 0] Done moment 33/36 (task 32): force_integral=+0.000000e+00
  [BOTH][Rank 0] Done moment 33/36 (task 32): force_integral=+0.000000e+00
  [BOTH][Rank 0] Done moment 33/36 (task 32): force_integral=+0.000000e+00
  [BOTH][Rank 0] Done moment 33/36 (task 32): force_integral=+0.000000e+00
  [BOTH][Rank 0] Done moment 33/36 (task 32): force_integral=+0.000000e+00
  [BOTH][Rank 0] Done moment 33/36 (task 32): force_integral=+0.000000e+00
  [BOTH][Rank 0] Done moment 33/36 (task 32): force_integral=+0.000000e+00
  [BOTH][Rank 0] Done moment 33/36 (task 32): force_integral=+0.000000e+00
  [BOTH][Rank 0] Done moment 33/36 (task 32): force_integral=+0.000000e+00
  [BOTH][Rank 0] Done moment 33/36 (task 32): force_integral=+0.000000e+00
  [BOTH][Rank 0] Done moment 33/36 (task 32): force_integral=+0.000000e+00
  [BOTH][Rank 0] Done moment 33/36 (task 32): force_integral=+0.000000e+00
  [BOTH][Rank 0] Done moment 33/36 (task 32): force_integral=+0.000000e+00
  [BOTH][Rank 0] Done moment 33/36 (task 32): force_integral=+0.000000e+00
  [BOTH][Rank 0] Done moment 33/36 (task 32): force_integral=+0.000000e+00
  [BOTH][Rank 0] Done moment 33/36 (task 32): force_integral=+0.000000e+00
  [BOTH][Rank 0] Done moment 33/36 (task 32): force_integral=+0.000000e+00
  [BOTH][Rank 0] Done moment 33/36 (task 32): force_integral=+0.000000e+00
  [BOTH][Rank 0] Done moment 33/36 (task 32): force_integral=+0.000000e+00
  [BOTH][Rank 0] Done moment 33/36 (task 32): force_integral=+0.000000e+00
  [BOTH][Rank 0] Done moment 33/36 (task 32): force_integral=+0.000000e+00
  [BOTH][Rank 0] Done moment 33/36 (task 32): force_integral=+0.000000e+00
  [BOTH][Rank 0] Done moment 33/36 (task 32): force_integral=+0.000000e+00
  [BOTH][Rank 0] Done moment 33/36 (task 32): force_integral=+0.000000e+00
  [BOTH][Rank 0] Done moment 33/36 (task 32): force_integral=+0.000000e+00
  [BOTH][Rank 0] Done moment 33/36 (task 32): force_integral=+0.000000e+00
  [BOTH][Rank 0] Done moment 33/36 (task 32): force_integral=+0.000000e+00
  [BOTH][Rank 0] Done moment 33/36 (task 32): force_integral=+0.000000e+00
  [BOTH][Rank 0] Done moment 33/36 (task 32): force_integral=+0.000000e+00
  [BOTH][Rank 0] Done moment 33/36 (task 32): force_integral=+0.000000e+00
  [BOTH][Rank 0] Done moment 33/36 (task 32): force_integral=+0.000000e+00
  [BOTH][Rank 0] Done moment 33/36 (task 32): force_integral=+0.000000e+00
  [BOTH][Rank 0] Done moment 33/36 (task 32): force_integral=+0.000000e+00
  [BOTH][Rank 0] Done moment 33/36 (task 32): force_integral=+0.000000e+00
  [BOTH][Rank 0] Done moment 33/36 (task 32): force_integral=+0.000000e+00
  [BOTH][Rank 0] Done moment 33/36 (task 32): force_integral=+0.000000e+00
  [BOTH][Rank 0] Done moment 33/36 (task 32): force_integral=+0.000000e+00
  [BOTH][Rank 0] Done moment 33/36 (task 32): force_integral=+0.000000e+00
  [BOTH][Rank 0] Done moment 33/36 (task 32): force_integral=+0.000000e+00
  [BOTH][Rank 0] Done moment 33/36 (task 32): force_integral=+0.000000e+00
  [BOTH][Rank 0] Done moment 33/36 (task 32): force_integral=+0.000000e+00
  [BOTH][Rank 0] Done moment 33/36 (task 32): force_integral=+0.000000e+00
  [BOTH][Rank 0] Done moment 33/36 (task 32): force_integral=+0.000000e+00
  [BOTH][Rank 0] Done moment 33/36 (task 32): force_integral=+0.000000e+00
  [BOTH][Rank 0] Done moment 33/36 (task 32): force_integral=+0.000000e+00
  [BOTH][Rank 0] Done moment 33/36 (task 32): force_integral=+0.000000e+00
  [BOTH][Rank 0] Done moment 33/36 (task 32): force_integral=+0.000000e+00
  [BOTH][Rank 0] Done moment 33/36 (task 32): force_integral=+0.000000e+00
  [BOTH][Rank 0] Done moment 33/36 (task 32): force_integral=+0.000000e+00
  [BOTH][Rank 0] Done moment 33/36 (task 32): force_integral=+0.000000e+00
  [BOTH][Rank 0] Done moment 33/36 (task 32): force_integral=+0.000000e+00
  [BOTH][Rank 0] Done moment 33/36 (task 32): force_integral=+0.000000e+00
  [BOTH][Rank 0] Done moment 33/36 (task 32): force_integral=+0.000000e+00
  [BOTH][Rank 0] Done moment 33/36 (task 32): force_integral=+0.000000e+00
  [BOTH][Rank 0] Done moment 33/36 (task 32): force_integral=+0.000000e+00
  [BOTH][Rank 0] Done moment 33/36 (task 32): force_integral=+0.000000e+00
  [BOTH][Rank 0] Done moment 33/36 (task 32): force_integral=+0.000000e+00
  [BOTH][Rank 0] Done moment 33/36 (task 32): force_integral=+0.000000e+00
  [BOTH][Rank 0] Done moment 33/36 (task 32): force_integral=+0.000000e+00
  [BOTH][Rank 0] Done moment 33/36 (task 32): force_integral=+0.000000e+00
  [BOTH][Rank 0] Done moment 33/36 (task 32): force_integral=+0.000000e+00
  [BOTH][Rank 0] Done moment 33/36 (task 32): force_integral=+0.000000e+00
  [BOTH][Rank 0] Done moment 33/36 (task 32): force_integral=+0.000000e+00
  [BOTH][Rank 0] Done moment 33/36 (task 32): force_integral=+0.000000e+00
  [BOTH][Rank 0] Done moment 33/36 (task 32): force_integral=+0.000000e+00
  [BOTH][Rank 0] Done moment 33/36 (task 32): force_integral=+0.000000e+00
  [BOTH][Rank 0] Done moment 33/36 (task 32): force_integral=+0.000000e+00
  [BOTH][Rank 0] Done moment 33/36 (task 32): force_integral=+0.000000e+00
  [BOTH][Rank 0] Done moment 33/36 (task 32): force_integral=+0.000000e+00
  [BOTH][Rank 0] Done moment 33/36 (task 32): force_integral=+0.000000e+00
  [BOTH][Rank 0] Done moment 33/36 (task 32): force_integral=+0.000000e+00
  [BOTH][Rank 0] Done moment 33/36 (task 32): force_integral=+0.000000e+00
  [BOTH][Rank 0] Done moment 33/36 (task 32): force_integral=+0.000000e+00
  [BOTH][Rank 0] Done moment 33/36 (task 32): force_integral=+0.000000e+00
  [BOTH][Rank 0] Done moment 33/36 (task 32): force_integral=+0.000000e+00
  [BOTH][Rank 0] Done moment 33/36 (task 32): force_integral=+0.000000e+00
  [BOTH][Rank 0] Done moment 33/36 (task 32): force_integral=+0.000000e+00
  [BOTH][Rank 0] Done moment 33/36 (task 32): force_integral=+0.000000e+00
  [BOTH][Rank 0] Done moment 33/36 (task 32): force_integral=+0.000000e+00
  [BOTH][Rank 0] Done moment 33/36 (task 32): force_integral=+0.000000e+00
  [BOTH][Rank 0] Done moment 33/36 (task 32): force_integral=+0.000000e+00
  [BOTH][Rank 0] Done moment 33/36 (task 32): force_integral=+0.000000e+00
  [BOTH][Rank 0] Done moment 33/36 (task 32): force_integral=+0.000000e+00
  [BOTH][Rank 0] Done moment 33/36 (task 32): force_integral=+0.000000e+00
  [BOTH][Rank 0] Done moment 33/36 (task 32): force_integral=+0.000000e+00
  [BOTH][Rank 0] Done moment 33/36 (task 32): force_integral=+0.000000e+00
  [BOTH][Rank 0] Done moment 33/36 (task 32): force_integral=+0.000000e+00
  [BOTH][Rank 0] Done moment 33/36 (task 32): force_integral=+0.000000e+00
  [BOTH][Rank 0] Done moment 33/36 (task 32): force_integral=+0.000000e+00
  [BOTH][Rank 0] Done moment 33/36 (task 32): force_integral=+0.000000e+00
  [BOTH][Rank 0] Done moment 33/36 (task 32): force_integral=+0.000000e+00
  [BOTH][Rank 0] Done moment 33/36 (task 32): force_integral=+0.000000e+00
  [BOTH][Rank 0] Done moment 33/36 (task 32): force_integral=+0.000000e+00
  [BOTH][Rank 0] Done moment 33/36 (task 32): force_integral=+0.000000e+00
  [BOTH][Rank 0] Done moment 33/36 (task 32): force_integral=+0.000000e+00
  [BOTH][Rank 0] Done moment 33/36 (task 32): force_integral=+0.000000e+00
  [BOTH][Rank 0] Done moment 33/36 (task 32): force_integral=+0.000000e+00
  [BOTH][Rank 0] Done moment 33/36 (task 32): force_integral=+0.000000e+00
  [BOTH][Rank 0] Done moment 33/36 (task 32): force_integral=+0.000000e+00
  [BOTH][Rank 0] Done moment 33/36 (task 32): force_integral=+0.000000e+00
  [BOTH][Rank 0] Done moment 33/36 (task 32): force_integral=+0.000000e+00
  [BOTH][Rank 0] Done moment 33/36 (task 32): force_integral=+0.000000e+00
  [BOTH][Rank 0] Done moment 33/36 (task 32): force_integral=+0.000000e+00
  [BOTH][Rank 0] Done moment 33/36 (task 32): force_integral=+0.000000e+00
  [BOTH][Rank 0] Done moment 33/36 (task 32): force_integral=+0.000000e+00
  [BOTH][Rank 0] Done moment 33/36 (task 32): force_integral=+0.000000e+00
  [BOTH][Rank 0] Done moment 33/36 (task 32): force_integral=+0.000000e+00
  [BOTH][Rank 0] Done moment 33/36 (task 32): force_integral=+0.000000e+00
  [BOTH][Rank 0] Done moment 33/36 (task 32): force_integral=+0.000000e+00
  [BOTH][Rank 0] Done moment 33/36 (task 32): force_integral=+0.000000e+00
  [BOTH][Rank 0] Done moment 34/36 (task 33): force_integral=+0.000000e+00
  [BOTH][Rank 0] Done moment 34/36 (task 33): force_integral=+0.000000e+00
  [BOTH][Rank 0] Done moment 34/36 (task 33): force_integral=+0.000000e+00
  [BOTH][Rank 0] Done moment 34/36 (task 33): force_integral=+0.000000e+00
  [BOTH][Rank 0] Done moment 34/36 (task 33): force_integral=+0.000000e+00
  [BOTH][Rank 0] Done moment 34/36 (task 33): force_integral=+0.000000e+00
  [BOTH][Rank 0] Done moment 34/36 (task 33): force_integral=+0.000000e+00
  [BOTH][Rank 0] Done moment 34/36 (task 33): force_integral=+0.000000e+00
  [BOTH][Rank 0] Done moment 34/36 (task 33): force_integral=+0.000000e+00
  [BOTH][Rank 0] Done moment 34/36 (task 33): force_integral=+0.000000e+00
  [BOTH][Rank 0] Done moment 34/36 (task 33): force_integral=+0.000000e+00
  [BOTH][Rank 0] Done moment 34/36 (task 33): force_integral=+0.000000e+00
  [BOTH][Rank 0] Done moment 34/36 (task 33): force_integral=+0.000000e+00
  [BOTH][Rank 0] Done moment 34/36 (task 33): force_integral=+0.000000e+00
  [BOTH][Rank 0] Done moment 34/36 (task 33): force_integral=+0.000000e+00
  [BOTH][Rank 0] Done moment 34/36 (task 33): force_integral=+0.000000e+00
  [BOTH][Rank 0] Done moment 34/36 (task 33): force_integral=+0.000000e+00
  [BOTH][Rank 0] Done moment 34/36 (task 33): force_integral=+0.000000e+00
  [BOTH][Rank 0] Done moment 34/36 (task 33): force_integral=+0.000000e+00
  [BOTH][Rank 0] Done moment 34/36 (task 33): force_integral=+0.000000e+00
  [BOTH][Rank 0] Done moment 34/36 (task 33): force_integral=+0.000000e+00
  [BOTH][Rank 0] Done moment 34/36 (task 33): force_integral=+0.000000e+00
  [BOTH][Rank 0] Done moment 34/36 (task 33): force_integral=+0.000000e+00
  [BOTH][Rank 0] Done moment 34/36 (task 33): force_integral=+0.000000e+00
  [BOTH][Rank 0] Done moment 34/36 (task 33): force_integral=+0.000000e+00
  [BOTH][Rank 0] Done moment 34/36 (task 33): force_integral=+0.000000e+00
  [BOTH][Rank 0] Done moment 34/36 (task 33): force_integral=+0.000000e+00
  [BOTH][Rank 0] Done moment 34/36 (task 33): force_integral=+0.000000e+00
  [BOTH][Rank 0] Done moment 34/36 (task 33): force_integral=+0.000000e+00
  [BOTH][Rank 0] Done moment 34/36 (task 33): force_integral=+0.000000e+00
  [BOTH][Rank 0] Done moment 34/36 (task 33): force_integral=+0.000000e+00
  [BOTH][Rank 0] Done moment 34/36 (task 33): force_integral=+0.000000e+00
  [BOTH][Rank 0] Done moment 34/36 (task 33): force_integral=+0.000000e+00
  [BOTH][Rank 0] Done moment 34/36 (task 33): force_integral=+0.000000e+00
  [BOTH][Rank 0] Done moment 34/36 (task 33): force_integral=+0.000000e+00
  [BOTH][Rank 0] Done moment 34/36 (task 33): force_integral=+0.000000e+00
  [BOTH][Rank 0] Done moment 34/36 (task 33): force_integral=+0.000000e+00
  [BOTH][Rank 0] Done moment 34/36 (task 33): force_integral=+0.000000e+00
  [BOTH][Rank 0] Done moment 34/36 (task 33): force_integral=+0.000000e+00
  [BOTH][Rank 0] Done moment 34/36 (task 33): force_integral=+0.000000e+00
  [BOTH][Rank 0] Done moment 34/36 (task 33): force_integral=+0.000000e+00
  [BOTH][Rank 0] Done moment 34/36 (task 33): force_integral=+0.000000e+00
  [BOTH][Rank 0] Done moment 34/36 (task 33): force_integral=+0.000000e+00
  [BOTH][Rank 0] Done moment 34/36 (task 33): force_integral=+0.000000e+00
  [BOTH][Rank 0] Done moment 34/36 (task 33): force_integral=+0.000000e+00
  [BOTH][Rank 0] Done moment 34/36 (task 33): force_integral=+0.000000e+00
  [BOTH][Rank 0] Done moment 34/36 (task 33): force_integral=+0.000000e+00
  [BOTH][Rank 0] Done moment 34/36 (task 33): force_integral=+0.000000e+00
  [BOTH][Rank 0] Done moment 34/36 (task 33): force_integral=+0.000000e+00
  [BOTH][Rank 0] Done moment 34/36 (task 33): force_integral=+0.000000e+00
  [BOTH][Rank 0] Done moment 34/36 (task 33): force_integral=+0.000000e+00
  [BOTH][Rank 0] Done moment 34/36 (task 33): force_integral=+0.000000e+00
  [BOTH][Rank 0] Done moment 34/36 (task 33): force_integral=+0.000000e+00
  [BOTH][Rank 0] Done moment 34/36 (task 33): force_integral=+0.000000e+00
  [BOTH][Rank 0] Done moment 34/36 (task 33): force_integral=+0.000000e+00
  [BOTH][Rank 0] Done moment 34/36 (task 33): force_integral=+0.000000e+00
  [BOTH][Rank 0] Done moment 34/36 (task 33): force_integral=+0.000000e+00
  [BOTH][Rank 0] Done moment 34/36 (task 33): force_integral=+0.000000e+00
  [BOTH][Rank 0] Done moment 34/36 (task 33): force_integral=+0.000000e+00
  [BOTH][Rank 0] Done moment 34/36 (task 33): force_integral=+0.000000e+00
  [BOTH][Rank 0] Done moment 34/36 (task 33): force_integral=+0.000000e+00
  [BOTH][Rank 0] Done moment 34/36 (task 33): force_integral=+0.000000e+00
  [BOTH][Rank 0] Done moment 34/36 (task 33): force_integral=+0.000000e+00
  [BOTH][Rank 0] Done moment 34/36 (task 33): force_integral=+0.000000e+00
  [BOTH][Rank 0] Done moment 34/36 (task 33): force_integral=+0.000000e+00
  [BOTH][Rank 0] Done moment 34/36 (task 33): force_integral=+0.000000e+00
  [BOTH][Rank 0] Done moment 34/36 (task 33): force_integral=+0.000000e+00
  [BOTH][Rank 0] Done moment 34/36 (task 33): force_integral=+0.000000e+00
  [BOTH][Rank 0] Done moment 34/36 (task 33): force_integral=+0.000000e+00
  [BOTH][Rank 0] Done moment 34/36 (task 33): force_integral=+0.000000e+00
  [BOTH][Rank 0] Done moment 34/36 (task 33): force_integral=+0.000000e+00
  [BOTH][Rank 0] Done moment 34/36 (task 33): force_integral=+0.000000e+00
  [BOTH][Rank 0] Done moment 34/36 (task 33): force_integral=+0.000000e+00
  [BOTH][Rank 0] Done moment 34/36 (task 33): force_integral=+0.000000e+00
  [BOTH][Rank 0] Done moment 34/36 (task 33): force_integral=+0.000000e+00
  [BOTH][Rank 0] Done moment 34/36 (task 33): force_integral=+0.000000e+00
  [BOTH][Rank 0] Done moment 34/36 (task 33): force_integral=+0.000000e+00
  [BOTH][Rank 0] Done moment 34/36 (task 33): force_integral=+0.000000e+00
  [BOTH][Rank 0] Done moment 34/36 (task 33): force_integral=+0.000000e+00
  [BOTH][Rank 0] Done moment 34/36 (task 33): force_integral=+0.000000e+00
  [BOTH][Rank 0] Done moment 34/36 (task 33): force_integral=+0.000000e+00
  [BOTH][Rank 0] Done moment 34/36 (task 33): force_integral=+0.000000e+00
  [BOTH][Rank 0] Done moment 34/36 (task 33): force_integral=+0.000000e+00
  [BOTH][Rank 0] Done moment 34/36 (task 33): force_integral=+0.000000e+00
  [BOTH][Rank 0] Done moment 34/36 (task 33): force_integral=+0.000000e+00
  [BOTH][Rank 0] Done moment 34/36 (task 33): force_integral=+0.000000e+00
  [BOTH][Rank 0] Done moment 34/36 (task 33): force_integral=+0.000000e+00
  [BOTH][Rank 0] Done moment 34/36 (task 33): force_integral=+0.000000e+00
  [BOTH][Rank 0] Done moment 34/36 (task 33): force_integral=+0.000000e+00
  [BOTH][Rank 0] Done moment 34/36 (task 33): force_integral=+0.000000e+00
  [BOTH][Rank 0] Done moment 34/36 (task 33): force_integral=+0.000000e+00
  [BOTH][Rank 0] Done moment 34/36 (task 33): force_integral=+0.000000e+00
  [BOTH][Rank 0] Done moment 34/36 (task 33): force_integral=+0.000000e+00
  [BOTH][Rank 0] Done moment 34/36 (task 33): force_integral=+0.000000e+00
  [BOTH][Rank 0] Done moment 34/36 (task 33): force_integral=+0.000000e+00
  [BOTH][Rank 0] Done moment 34/36 (task 33): force_integral=+0.000000e+00
  [BOTH][Rank 0] Done moment 34/36 (task 33): force_integral=+0.000000e+00
  [BOTH][Rank 0] Done moment 34/36 (task 33): force_integral=+0.000000e+00
  [BOTH][Rank 0] Done moment 34/36 (task 33): force_integral=+0.000000e+00
  [BOTH][Rank 0] Done moment 34/36 (task 33): force_integral=+0.000000e+00
  [BOTH][Rank 0] Done moment 34/36 (task 33): force_integral=+0.000000e+00
  [BOTH][Rank 0] Done moment 34/36 (task 33): force_integral=+0.000000e+00
  [BOTH][Rank 0] Done moment 34/36 (task 33): force_integral=+0.000000e+00
  [BOTH][Rank 0] Done moment 34/36 (task 33): force_integral=+0.000000e+00
  [BOTH][Rank 0] Done moment 34/36 (task 33): force_integral=+0.000000e+00
  [BOTH][Rank 0] Done moment 34/36 (task 33): force_integral=+0.000000e+00
  [BOTH][Rank 0] Done moment 34/36 (task 33): force_integral=+0.000000e+00
  [BOTH][Rank 0] Done moment 34/36 (task 33): force_integral=+0.000000e+00
  [BOTH][Rank 0] Done moment 34/36 (task 33): force_integral=+0.000000e+00
  [BOTH][Rank 0] Done moment 34/36 (task 33): force_integral=+0.000000e+00
  [BOTH][Rank 0] Done moment 34/36 (task 33): force_integral=+0.000000e+00
  [BOTH][Rank 0] Done moment 34/36 (task 33): force_integral=+0.000000e+00
  [BOTH][Rank 0] Done moment 34/36 (task 33): force_integral=+0.000000e+00
  [BOTH][Rank 0] Done moment 34/36 (task 33): force_integral=+0.000000e+00
  [BOTH][Rank 0] Done moment 34/36 (task 33): force_integral=+0.000000e+00
  [BOTH][Rank 0] Done moment 34/36 (task 33): force_integral=+0.000000e+00
  [BOTH][Rank 0] Done moment 34/36 (task 33): force_integral=+0.000000e+00
  [BOTH][Rank 0] Done moment 34/36 (task 33): force_integral=+0.000000e+00
  [BOTH][Rank 0] Done moment 34/36 (task 33): force_integral=+0.000000e+00
  [BOTH][Rank 0] Done moment 34/36 (task 33): force_integral=+0.000000e+00
  [BOTH][Rank 0] Done moment 34/36 (task 33): force_integral=+0.000000e+00
  [BOTH][Rank 0] Done moment 34/36 (task 33): force_integral=+0.000000e+00
  [BOTH][Rank 0] Done moment 34/36 (task 33): force_integral=+0.000000e+00
  [BOTH][Rank 0] Done moment 34/36 (task 33): force_integral=+0.000000e+00
  [BOTH][Rank 0] Done moment 34/36 (task 33): force_integral=+0.000000e+00
  [BOTH][Rank 0] Done moment 34/36 (task 33): force_integral=+0.000000e+00
  [BOTH][Rank 0] Done moment 34/36 (task 33): force_integral=+0.000000e+00
  [BOTH][Rank 0] Done moment 34/36 (task 33): force_integral=+0.000000e+00
  [BOTH][Rank 0] Done moment 35/36 (task 34): force_integral=+5.266331e+03
  [BOTH][Rank 0] Done moment 35/36 (task 34): force_integral=+5.266331e+03
  [BOTH][Rank 0] Done moment 35/36 (task 34): force_integral=+5.266331e+03
  [BOTH][Rank 0] Done moment 35/36 (task 34): force_integral=+5.266331e+03
  [BOTH][Rank 0] Done moment 35/36 (task 34): force_integral=+5.266331e+03
  [BOTH][Rank 0] Done moment 35/36 (task 34): force_integral=+5.266331e+03
  [BOTH][Rank 0] Done moment 35/36 (task 34): force_integral=+5.266331e+03
  [BOTH][Rank 0] Done moment 35/36 (task 34): force_integral=+5.266331e+03
  [BOTH][Rank 0] Done moment 35/36 (task 34): force_integral=+5.266331e+03
  [BOTH][Rank 0] Done moment 35/36 (task 34): force_integral=+5.266331e+03
  [BOTH][Rank 0] Done moment 35/36 (task 34): force_integral=+5.266331e+03
  [BOTH][Rank 0] Done moment 35/36 (task 34): force_integral=+5.266331e+03
  [BOTH][Rank 0] Done moment 35/36 (task 34): force_integral=+5.266331e+03
  [BOTH][Rank 0] Done moment 35/36 (task 34): force_integral=+5.266331e+03
  [BOTH][Rank 0] Done moment 35/36 (task 34): force_integral=+5.266331e+03
  [BOTH][Rank 0] Done moment 35/36 (task 34): force_integral=+5.266331e+03
  [BOTH][Rank 0] Done moment 35/36 (task 34): force_integral=+5.266331e+03
  [BOTH][Rank 0] Done moment 35/36 (task 34): force_integral=+5.266331e+03
  [BOTH][Rank 0] Done moment 35/36 (task 34): force_integral=+5.266331e+03
  [BOTH][Rank 0] Done moment 35/36 (task 34): force_integral=+5.266331e+03
  [BOTH][Rank 0] Done moment 35/36 (task 34): force_integral=+5.266331e+03
  [BOTH][Rank 0] Done moment 35/36 (task 34): force_integral=+5.266331e+03
  [BOTH][Rank 0] Done moment 35/36 (task 34): force_integral=+5.266331e+03
  [BOTH][Rank 0] Done moment 35/36 (task 34): force_integral=+5.266331e+03
  [BOTH][Rank 0] Done moment 35/36 (task 34): force_integral=+5.266331e+03
  [BOTH][Rank 0] Done moment 35/36 (task 34): force_integral=+5.266331e+03
  [BOTH][Rank 0] Done moment 35/36 (task 34): force_integral=+5.266331e+03
  [BOTH][Rank 0] Done moment 35/36 (task 34): force_integral=+5.266331e+03
  [BOTH][Rank 0] Done moment 35/36 (task 34): force_integral=+5.266331e+03
  [BOTH][Rank 0] Done moment 35/36 (task 34): force_integral=+5.266331e+03
  [BOTH][Rank 0] Done moment 35/36 (task 34): force_integral=+5.266331e+03
  [BOTH][Rank 0] Done moment 35/36 (task 34): force_integral=+5.266331e+03
  [BOTH][Rank 0] Done moment 35/36 (task 34): force_integral=+5.266331e+03
  [BOTH][Rank 0] Done moment 35/36 (task 34): force_integral=+5.266331e+03
  [BOTH][Rank 0] Done moment 35/36 (task 34): force_integral=+5.266331e+03
  [BOTH][Rank 0] Done moment 35/36 (task 34): force_integral=+5.266331e+03
  [BOTH][Rank 0] Done moment 35/36 (task 34): force_integral=+5.266331e+03
  [BOTH][Rank 0] Done moment 35/36 (task 34): force_integral=+5.266331e+03
  [BOTH][Rank 0] Done moment 35/36 (task 34): force_integral=+5.266331e+03
  [BOTH][Rank 0] Done moment 35/36 (task 34): force_integral=+5.266331e+03
  [BOTH][Rank 0] Done moment 35/36 (task 34): force_integral=+5.266331e+03
  [BOTH][Rank 0] Done moment 35/36 (task 34): force_integral=+5.266331e+03
  [BOTH][Rank 0] Done moment 35/36 (task 34): force_integral=+5.266331e+03
  [BOTH][Rank 0] Done moment 35/36 (task 34): force_integral=+5.266331e+03
  [BOTH][Rank 0] Done moment 35/36 (task 34): force_integral=+5.266331e+03
  [BOTH][Rank 0] Done moment 35/36 (task 34): force_integral=+5.266331e+03
  [BOTH][Rank 0] Done moment 35/36 (task 34): force_integral=+5.266331e+03
  [BOTH][Rank 0] Done moment 35/36 (task 34): force_integral=+5.266331e+03
  [BOTH][Rank 0] Done moment 35/36 (task 34): force_integral=+5.266331e+03
  [BOTH][Rank 0] Done moment 35/36 (task 34): force_integral=+5.266331e+03
  [BOTH][Rank 0] Done moment 35/36 (task 34): force_integral=+5.266331e+03
  [BOTH][Rank 0] Done moment 35/36 (task 34): force_integral=+5.266331e+03
  [BOTH][Rank 0] Done moment 35/36 (task 34): force_integral=+5.266331e+03
  [BOTH][Rank 0] Done moment 35/36 (task 34): force_integral=+5.266331e+03
  [BOTH][Rank 0] Done moment 35/36 (task 34): force_integral=+5.266331e+03
  [BOTH][Rank 0] Done moment 35/36 (task 34): force_integral=+5.266331e+03
  [BOTH][Rank 0] Done moment 35/36 (task 34): force_integral=+5.266331e+03
  [BOTH][Rank 0] Done moment 35/36 (task 34): force_integral=+5.266331e+03
  [BOTH][Rank 0] Done moment 35/36 (task 34): force_integral=+5.266331e+03
  [BOTH][Rank 0] Done moment 35/36 (task 34): force_integral=+5.266331e+03
  [BOTH][Rank 0] Done moment 35/36 (task 34): force_integral=+5.266331e+03
  [BOTH][Rank 0] Done moment 35/36 (task 34): force_integral=+5.266331e+03
  [BOTH][Rank 0] Done moment 35/36 (task 34): force_integral=+5.266331e+03
  [BOTH][Rank 0] Done moment 35/36 (task 34): force_integral=+5.266331e+03
  [BOTH][Rank 0] Done moment 35/36 (task 34): force_integral=+5.266331e+03
  [BOTH][Rank 0] Done moment 35/36 (task 34): force_integral=+5.266331e+03
  [BOTH][Rank 0] Done moment 35/36 (task 34): force_integral=+5.266331e+03
  [BOTH][Rank 0] Done moment 35/36 (task 34): force_integral=+5.266331e+03
  [BOTH][Rank 0] Done moment 35/36 (task 34): force_integral=+5.266331e+03
  [BOTH][Rank 0] Done moment 35/36 (task 34): force_integral=+5.266331e+03
  [BOTH][Rank 0] Done moment 35/36 (task 34): force_integral=+5.266331e+03
  [BOTH][Rank 0] Done moment 35/36 (task 34): force_integral=+5.266331e+03
  [BOTH][Rank 0] Done moment 35/36 (task 34): force_integral=+5.266331e+03
  [BOTH][Rank 0] Done moment 35/36 (task 34): force_integral=+5.266331e+03
  [BOTH][Rank 0] Done moment 35/36 (task 34): force_integral=+5.266331e+03
  [BOTH][Rank 0] Done moment 35/36 (task 34): force_integral=+5.266331e+03
  [BOTH][Rank 0] Done moment 35/36 (task 34): force_integral=+5.266331e+03
  [BOTH][Rank 0] Done moment 35/36 (task 34): force_integral=+5.266331e+03
  [BOTH][Rank 0] Done moment 35/36 (task 34): force_integral=+5.266331e+03
  [BOTH][Rank 0] Done moment 35/36 (task 34): force_integral=+5.266331e+03
  [BOTH][Rank 0] Done moment 35/36 (task 34): force_integral=+5.266331e+03
  [BOTH][Rank 0] Done moment 35/36 (task 34): force_integral=+5.266331e+03
  [BOTH][Rank 0] Done moment 35/36 (task 34): force_integral=+5.266331e+03
  [BOTH][Rank 0] Done moment 35/36 (task 34): force_integral=+5.266331e+03
  [BOTH][Rank 0] Done moment 35/36 (task 34): force_integral=+5.266331e+03
  [BOTH][Rank 0] Done moment 35/36 (task 34): force_integral=+5.266331e+03
  [BOTH][Rank 0] Done moment 35/36 (task 34): force_integral=+5.266331e+03
  [BOTH][Rank 0] Done moment 35/36 (task 34): force_integral=+5.266331e+03
  [BOTH][Rank 0] Done moment 35/36 (task 34): force_integral=+5.266331e+03
  [BOTH][Rank 0] Done moment 35/36 (task 34): force_integral=+5.266331e+03
  [BOTH][Rank 0] Done moment 35/36 (task 34): force_integral=+5.266331e+03
  [BOTH][Rank 0] Done moment 35/36 (task 34): force_integral=+5.266331e+03
  [BOTH][Rank 0] Done moment 35/36 (task 34): force_integral=+5.266331e+03
  [BOTH][Rank 0] Done moment 35/36 (task 34): force_integral=+5.266331e+03
  [BOTH][Rank 0] Done moment 35/36 (task 34): force_integral=+5.266331e+03
  [BOTH][Rank 0] Done moment 35/36 (task 34): force_integral=+5.266331e+03
  [BOTH][Rank 0] Done moment 35/36 (task 34): force_integral=+5.266331e+03
  [BOTH][Rank 0] Done moment 35/36 (task 34): force_integral=+5.266331e+03
  [BOTH][Rank 0] Done moment 35/36 (task 34): force_integral=+5.266331e+03
  [BOTH][Rank 0] Done moment 35/36 (task 34): force_integral=+5.266331e+03
  [BOTH][Rank 0] Done moment 35/36 (task 34): force_integral=+5.266331e+03
  [BOTH][Rank 0] Done moment 35/36 (task 34): force_integral=+5.266331e+03
  [BOTH][Rank 0] Done moment 35/36 (task 34): force_integral=+5.266331e+03
  [BOTH][Rank 0] Done moment 35/36 (task 34): force_integral=+5.266331e+03
  [BOTH][Rank 0] Done moment 35/36 (task 34): force_integral=+5.266331e+03
  [BOTH][Rank 0] Done moment 35/36 (task 34): force_integral=+5.266331e+03
  [BOTH][Rank 0] Done moment 35/36 (task 34): force_integral=+5.266331e+03
  [BOTH][Rank 0] Done moment 35/36 (task 34): force_integral=+5.266331e+03
  [BOTH][Rank 0] Done moment 35/36 (task 34): force_integral=+5.266331e+03
  [BOTH][Rank 0] Done moment 35/36 (task 34): force_integral=+5.266331e+03
  [BOTH][Rank 0] Done moment 35/36 (task 34): force_integral=+5.266331e+03
  [BOTH][Rank 0] Done moment 35/36 (task 34): force_integral=+5.266331e+03
  [BOTH][Rank 0] Done moment 35/36 (task 34): force_integral=+5.266331e+03
  [BOTH][Rank 0] Done moment 35/36 (task 34): force_integral=+5.266331e+03
  [BOTH][Rank 0] Done moment 35/36 (task 34): force_integral=+5.266331e+03
  [BOTH][Rank 0] Done moment 35/36 (task 34): force_integral=+5.266331e+03
  [BOTH][Rank 0] Done moment 35/36 (task 34): force_integral=+5.266331e+03
  [BOTH][Rank 0] Done moment 35/36 (task 34): force_integral=+5.266331e+03
  [BOTH][Rank 0] Done moment 35/36 (task 34): force_integral=+5.266331e+03
  [BOTH][Rank 0] Done moment 35/36 (task 34): force_integral=+5.266331e+03
  [BOTH][Rank 0] Done moment 35/36 (task 34): force_integral=+5.266331e+03
  [BOTH][Rank 0] Done moment 35/36 (task 34): force_integral=+5.266331e+03
  [BOTH][Rank 0] Done moment 35/36 (task 34): force_integral=+5.266331e+03
  [BOTH][Rank 0] Done moment 35/36 (task 34): force_integral=+5.266331e+03
  [BOTH][Rank 0] Done moment 35/36 (task 34): force_integral=+5.266331e+03
  [BOTH][Rank 0] Done moment 35/36 (task 34): force_integral=+5.266331e+03
  [BOTH][Rank 0] Done moment 35/36 (task 34): force_integral=+5.266331e+03
  [BOTH][Rank 0] Done moment 35/36 (task 34): force_integral=+5.266331e+03
  [BOTH][Rank 0] Done moment 36/36 (task 35): force_integral=-3.579616e+03
  [BOTH][Rank 0] Done moment 36/36 (task 35): force_integral=-3.579616e+03
  [BOTH][Rank 0] Done moment 36/36 (task 35): force_integral=-3.579616e+03
  [BOTH][Rank 0] Done moment 36/36 (task 35): force_integral=-3.579616e+03
  [BOTH][Rank 0] Done moment 36/36 (task 35): force_integral=-3.579616e+03
  [BOTH][Rank 0] Done moment 36/36 (task 35): force_integral=-3.579616e+03
  [BOTH][Rank 0] Done moment 36/36 (task 35): force_integral=-3.579616e+03
  [BOTH][Rank 0] Done moment 36/36 (task 35): force_integral=-3.579616e+03
  [BOTH][Rank 0] Done moment 36/36 (task 35): force_integral=-3.579616e+03
  [BOTH][Rank 0] Done moment 36/36 (task 35): force_integral=-3.579616e+03
  [BOTH][Rank 0] Done moment 36/36 (task 35): force_integral=-3.579616e+03
  [BOTH][Rank 0] Done moment 36/36 (task 35): force_integral=-3.579616e+03
  [BOTH][Rank 0] Done moment 36/36 (task 35): force_integral=-3.579616e+03
  [BOTH][Rank 0] Done moment 36/36 (task 35): force_integral=-3.579616e+03
  [BOTH][Rank 0] Done moment 36/36 (task 35): force_integral=-3.579616e+03
  [BOTH][Rank 0] Done moment 36/36 (task 35): force_integral=-3.579616e+03
  [BOTH][Rank 0] Done moment 36/36 (task 35): force_integral=-3.579616e+03
  [BOTH][Rank 0] Done moment 36/36 (task 35): force_integral=-3.579616e+03
  [BOTH][Rank 0] Done moment 36/36 (task 35): force_integral=-3.579616e+03
  [BOTH][Rank 0] Done moment 36/36 (task 35): force_integral=-3.579616e+03
  [BOTH][Rank 0] Done moment 36/36 (task 35): force_integral=-3.579616e+03
  [BOTH][Rank 0] Done moment 36/36 (task 35): force_integral=-3.579616e+03
  [BOTH][Rank 0] Done moment 36/36 (task 35): force_integral=-3.579616e+03
  [BOTH][Rank 0] Done moment 36/36 (task 35): force_integral=-3.579616e+03
  [BOTH][Rank 0] Done moment 36/36 (task 35): force_integral=-3.579616e+03
  [BOTH][Rank 0] Done moment 36/36 (task 35): force_integral=-3.579616e+03
  [BOTH][Rank 0] Done moment 36/36 (task 35): force_integral=-3.579616e+03
  [BOTH][Rank 0] Done moment 36/36 (task 35): force_integral=-3.579616e+03
  [BOTH][Rank 0] Done moment 36/36 (task 35): force_integral=-3.579616e+03
  [BOTH][Rank 0] Done moment 36/36 (task 35): force_integral=-3.579616e+03
  [BOTH][Rank 0] Done moment 36/36 (task 35): force_integral=-3.579616e+03
  [BOTH][Rank 0] Done moment 36/36 (task 35): force_integral=-3.579616e+03
  [BOTH][Rank 0] Done moment 36/36 (task 35): force_integral=-3.579616e+03
  [BOTH][Rank 0] Done moment 36/36 (task 35): force_integral=-3.579616e+03
  [BOTH][Rank 0] Done moment 36/36 (task 35): force_integral=-3.579616e+03
  [BOTH][Rank 0] Done moment 36/36 (task 35): force_integral=-3.579616e+03
  [BOTH][Rank 0] Done moment 36/36 (task 35): force_integral=-3.579616e+03
  [BOTH][Rank 0] Done moment 36/36 (task 35): force_integral=-3.579616e+03
  [BOTH][Rank 0] Done moment 36/36 (task 35): force_integral=-3.579616e+03
  [BOTH][Rank 0] Done moment 36/36 (task 35): force_integral=-3.579616e+03
  [BOTH][Rank 0] Done moment 36/36 (task 35): force_integral=-3.579616e+03
  [BOTH][Rank 0] Done moment 36/36 (task 35): force_integral=-3.579616e+03
  [BOTH][Rank 0] Done moment 36/36 (task 35): force_integral=-3.579616e+03
  [BOTH][Rank 0] Done moment 36/36 (task 35): force_integral=-3.579616e+03
  [BOTH][Rank 0] Done moment 36/36 (task 35): force_integral=-3.579616e+03
  [BOTH][Rank 0] Done moment 36/36 (task 35): force_integral=-3.579616e+03
  [BOTH][Rank 0] Done moment 36/36 (task 35): force_integral=-3.579616e+03
  [BOTH][Rank 0] Done moment 36/36 (task 35): force_integral=-3.579616e+03
  [BOTH][Rank 0] Done moment 36/36 (task 35): force_integral=-3.579616e+03
  [BOTH][Rank 0] Done moment 36/36 (task 35): force_integral=-3.579616e+03
  [BOTH][Rank 0] Done moment 36/36 (task 35): force_integral=-3.579616e+03
  [BOTH][Rank 0] Done moment 36/36 (task 35): force_integral=-3.579616e+03
  [BOTH][Rank 0] Done moment 36/36 (task 35): force_integral=-3.579616e+03
  [BOTH][Rank 0] Done moment 36/36 (task 35): force_integral=-3.579616e+03
  [BOTH][Rank 0] Done moment 36/36 (task 35): force_integral=-3.579616e+03
  [BOTH][Rank 0] Done moment 36/36 (task 35): force_integral=-3.579616e+03
  [BOTH][Rank 0] Done moment 36/36 (task 35): force_integral=-3.579616e+03
  [BOTH][Rank 0] Done moment 36/36 (task 35): force_integral=-3.579616e+03
  [BOTH][Rank 0] Done moment 36/36 (task 35): force_integral=-3.579616e+03
  [BOTH][Rank 0] Done moment 36/36 (task 35): force_integral=-3.579616e+03
  [BOTH][Rank 0] Done moment 36/36 (task 35): force_integral=-3.579616e+03
  [BOTH][Rank 0] Done moment 36/36 (task 35): force_integral=-3.579616e+03
  [BOTH][Rank 0] Done moment 36/36 (task 35): force_integral=-3.579616e+03
  [BOTH][Rank 0] Done moment 36/36 (task 35): force_integral=-3.579616e+03
  [BOTH][Rank 0] Done moment 36/36 (task 35): force_integral=-3.579616e+03
  [BOTH][Rank 0] Done moment 36/36 (task 35): force_integral=-3.579616e+03
  [BOTH][Rank 0] Done moment 36/36 (task 35): force_integral=-3.579616e+03
  [BOTH][Rank 0] Done moment 36/36 (task 35): force_integral=-3.579616e+03
  [BOTH][Rank 0] Done moment 36/36 (task 35): force_integral=-3.579616e+03
  [BOTH][Rank 0] Done moment 36/36 (task 35): force_integral=-3.579616e+03
  [BOTH][Rank 0] Done moment 36/36 (task 35): force_integral=-3.579616e+03
  [BOTH][Rank 0] Done moment 36/36 (task 35): force_integral=-3.579616e+03
  [BOTH][Rank 0] Done moment 36/36 (task 35): force_integral=-3.579616e+03
  [BOTH][Rank 0] Done moment 36/36 (task 35): force_integral=-3.579616e+03
  [BOTH][Rank 0] Done moment 36/36 (task 35): force_integral=-3.579616e+03
  [BOTH][Rank 0] Done moment 36/36 (task 35): force_integral=-3.579616e+03
  [BOTH][Rank 0] Done moment 36/36 (task 35): force_integral=-3.579616e+03
  [BOTH][Rank 0] Done moment 36/36 (task 35): force_integral=-3.579616e+03
  [BOTH][Rank 0] Done moment 36/36 (task 35): force_integral=-3.579616e+03
  [BOTH][Rank 0] Done moment 36/36 (task 35): force_integral=-3.579616e+03
  [BOTH][Rank 0] Done moment 36/36 (task 35): force_integral=-3.579616e+03
  [BOTH][Rank 0] Done moment 36/36 (task 35): force_integral=-3.579616e+03
  [BOTH][Rank 0] Done moment 36/36 (task 35): force_integral=-3.579616e+03
  [BOTH][Rank 0] Done moment 36/36 (task 35): force_integral=-3.579616e+03
  [BOTH][Rank 0] Done moment 36/36 (task 35): force_integral=-3.579616e+03
  [BOTH][Rank 0] Done moment 36/36 (task 35): force_integral=-3.579616e+03
  [BOTH][Rank 0] Done moment 36/36 (task 35): force_integral=-3.579616e+03
  [BOTH][Rank 0] Done moment 36/36 (task 35): force_integral=-3.579616e+03
  [BOTH][Rank 0] Done moment 36/36 (task 35): force_integral=-3.579616e+03
  [BOTH][Rank 0] Done moment 36/36 (task 35): force_integral=-3.579616e+03
  [BOTH][Rank 0] Done moment 36/36 (task 35): force_integral=-3.579616e+03
  [BOTH][Rank 0] Done moment 36/36 (task 35): force_integral=-3.579616e+03
  [BOTH][Rank 0] Done moment 36/36 (task 35): force_integral=-3.579616e+03
  [BOTH][Rank 0] Done moment 36/36 (task 35): force_integral=-3.579616e+03
  [BOTH][Rank 0] Done moment 36/36 (task 35): force_integral=-3.579616e+03
  [BOTH][Rank 0] Done moment 36/36 (task 35): force_integral=-3.579616e+03
  [BOTH][Rank 0] Done moment 36/36 (task 35): force_integral=-3.579616e+03
  [BOTH][Rank 0] Done moment 36/36 (task 35): force_integral=-3.579616e+03
  [BOTH][Rank 0] Done moment 36/36 (task 35): force_integral=-3.579616e+03
  [BOTH][Rank 0] Done moment 36/36 (task 35): force_integral=-3.579616e+03
  [BOTH][Rank 0] Done moment 36/36 (task 35): force_integral=-3.579616e+03
  [BOTH][Rank 0] Done moment 36/36 (task 35): force_integral=-3.579616e+03
  [BOTH][Rank 0] Done moment 36/36 (task 35): force_integral=-3.579616e+03
  [BOTH][Rank 0] Done moment 36/36 (task 35): force_integral=-3.579616e+03
  [BOTH][Rank 0] Done moment 36/36 (task 35): force_integral=-3.579616e+03
  [BOTH][Rank 0] Done moment 36/36 (task 35): force_integral=-3.579616e+03
  [BOTH][Rank 0] Done moment 36/36 (task 35): force_integral=-3.579616e+03
  [BOTH][Rank 0] Done moment 36/36 (task 35): force_integral=-3.579616e+03
  [BOTH][Rank 0] Done moment 36/36 (task 35): force_integral=-3.579616e+03
  [BOTH][Rank 0] Done moment 36/36 (task 35): force_integral=-3.579616e+03
  [BOTH][Rank 0] Done moment 36/36 (task 35): force_integral=-3.579616e+03
  [BOTH][Rank 0] Done moment 36/36 (task 35): force_integral=-3.579616e+03
  [BOTH][Rank 0] Done moment 36/36 (task 35): force_integral=-3.579616e+03
  [BOTH][Rank 0] Done moment 36/36 (task 35): force_integral=-3.579616e+03
  [BOTH][Rank 0] Done moment 36/36 (task 35): force_integral=-3.579616e+03
  [BOTH][Rank 0] Done moment 36/36 (task 35): force_integral=-3.579616e+03
  [BOTH][Rank 0] Done moment 36/36 (task 35): force_integral=-3.579616e+03
  [BOTH][Rank 0] Done moment 36/36 (task 35): force_integral=-3.579616e+03
  [BOTH][Rank 0] Done moment 36/36 (task 35): force_integral=-3.579616e+03
  [BOTH][Rank 0] Done moment 36/36 (task 35): force_integral=-3.579616e+03
  [BOTH][Rank 0] Done moment 36/36 (task 35): force_integral=-3.579616e+03
  [BOTH][Rank 0] Done moment 36/36 (task 35): force_integral=-3.579616e+03
  [BOTH][Rank 0] Done moment 36/36 (task 35): force_integral=-3.579616e+03
  [SELF][Rank 0] Done moment 1/36 (task 0): force_integral=+2.669144e-01
  [BOTH][Rank 0] Done moment 36/36 (task 35): force_integral=-3.579616e+03
  [BOTH][Rank 0] Done moment 36/36 (task 35): force_integral=-3.579616e+03
  [BOTH][Rank 0] Done moment 36/36 (task 35): force_integral=-3.579616e+03
  [BOTH][Rank 0] Done moment 36/36 (task 35): force_integral=-3.579616e+03
  [BOTH][Rank 0] Done moment 36/36 (task 35): force_integral=-3.579616e+03
  [SELF][Rank 0] Done moment 1/36 (task 0): force_integral=+2.669144e-01
  [SELF][Rank 0] Done moment 1/36 (task 0): force_integral=+2.669144e-01
  [SELF][Rank 0] Done moment 1/36 (task 0): force_integral=+2.669144e-01
  [SELF][Rank 0] Done moment 1/36 (task 0): force_integral=+2.669144e-01
  [SELF][Rank 0] Done moment 1/36 (task 0): force_integral=+2.669144e-01
  [SELF][Rank 0] Done moment 1/36 (task 0): force_integral=+2.669144e-01
  [SELF][Rank 0] Done moment 1/36 (task 0): force_integral=+2.669144e-01
  [SELF][Rank 0] Done moment 1/36 (task 0): force_integral=+2.669144e-01
  [SELF][Rank 0] Done moment 1/36 (task 0): force_integral=+2.669144e-01
  [SELF][Rank 0] Done moment 1/36 (task 0): force_integral=+2.669144e-01
  [SELF][Rank 0] Done moment 1/36 (task 0): force_integral=+2.669144e-01
  [SELF][Rank 0] Done moment 1/36 (task 0): force_integral=+2.669144e-01
  [SELF][Rank 0] Done moment 1/36 (task 0): force_integral=+2.669144e-01
  [SELF][Rank 0] Done moment 1/36 (task 0): force_integral=+2.669144e-01
  [SELF][Rank 0] Done moment 1/36 (task 0): force_integral=+2.669144e-01
  [SELF][Rank 0] Done moment 1/36 (task 0): force_integral=+2.669144e-01
  [SELF][Rank 0] Done moment 1/36 (task 0): force_integral=+2.669144e-01
  [SELF][Rank 0] Done moment 1/36 (task 0): force_integral=+2.669144e-01
  [SELF][Rank 0] Done moment 1/36 (task 0): force_integral=+2.669144e-01
  [SELF][Rank 0] Done moment 1/36 (task 0): force_integral=+2.669144e-01
  [SELF][Rank 0] Done moment 1/36 (task 0): force_integral=+2.669144e-01
  [SELF][Rank 0] Done moment 1/36 (task 0): force_integral=+2.669144e-01
  [SELF][Rank 0] Done moment 1/36 (task 0): force_integral=+2.669144e-01
  [SELF][Rank 0] Done moment 1/36 (task 0): force_integral=+2.669144e-01
  [SELF][Rank 0] Done moment 1/36 (task 0): force_integral=+2.669144e-01
  [SELF][Rank 0] Done moment 1/36 (task 0): force_integral=+2.669144e-01
  [SELF][Rank 0] Done moment 1/36 (task 0): force_integral=+2.669144e-01
  [SELF][Rank 0] Done moment 1/36 (task 0): force_integral=+2.669144e-01
  [SELF][Rank 0] Done moment 1/36 (task 0): force_integral=+2.669144e-01
  [SELF][Rank 0] Done moment 1/36 (task 0): force_integral=+2.669144e-01
  [SELF][Rank 0] Done moment 1/36 (task 0): force_integral=+2.669144e-01
  [SELF][Rank 0] Done moment 1/36 (task 0): force_integral=+2.669144e-01
  [SELF][Rank 0] Done moment 1/36 (task 0): force_integral=+2.669144e-01
  [SELF][Rank 0] Done moment 1/36 (task 0): force_integral=+2.669144e-01
  [SELF][Rank 0] Done moment 1/36 (task 0): force_integral=+2.669144e-01
  [SELF][Rank 0] Done moment 1/36 (task 0): force_integral=+2.669144e-01
  [SELF][Rank 0] Done moment 1/36 (task 0): force_integral=+2.669144e-01
  [SELF][Rank 0] Done moment 1/36 (task 0): force_integral=+2.669144e-01
  [SELF][Rank 0] Done moment 1/36 (task 0): force_integral=+2.669144e-01
  [SELF][Rank 0] Done moment 1/36 (task 0): force_integral=+2.669144e-01
  [SELF][Rank 0] Done moment 1/36 (task 0): force_integral=+2.669144e-01
  [SELF][Rank 0] Done moment 1/36 (task 0): force_integral=+2.669144e-01
  [SELF][Rank 0] Done moment 1/36 (task 0): force_integral=+2.669144e-01
  [SELF][Rank 0] Done moment 1/36 (task 0): force_integral=+2.669144e-01
  [SELF][Rank 0] Done moment 1/36 (task 0): force_integral=+2.669144e-01
  [SELF][Rank 0] Done moment 1/36 (task 0): force_integral=+2.669144e-01
  [SELF][Rank 0] Done moment 1/36 (task 0): force_integral=+2.669144e-01
  [SELF][Rank 0] Done moment 1/36 (task 0): force_integral=+2.669144e-01
  [SELF][Rank 0] Done moment 1/36 (task 0): force_integral=+2.669144e-01
  [SELF][Rank 0] Done moment 1/36 (task 0): force_integral=+2.669144e-01
  [SELF][Rank 0] Done moment 1/36 (task 0): force_integral=+2.669144e-01
  [SELF][Rank 0] Done moment 1/36 (task 0): force_integral=+2.669144e-01
  [SELF][Rank 0] Done moment 1/36 (task 0): force_integral=+2.669144e-01
  [SELF][Rank 0] Done moment 1/36 (task 0): force_integral=+2.669144e-01
  [SELF][Rank 0] Done moment 1/36 (task 0): force_integral=+2.669144e-01
  [SELF][Rank 0] Done moment 1/36 (task 0): force_integral=+2.669144e-01
  [SELF][Rank 0] Done moment 1/36 (task 0): force_integral=+2.669144e-01
  [SELF][Rank 0] Done moment 1/36 (task 0): force_integral=+2.669144e-01
  [SELF][Rank 0] Done moment 1/36 (task 0): force_integral=+2.669144e-01
  [SELF][Rank 0] Done moment 1/36 (task 0): force_integral=+2.669144e-01
  [SELF][Rank 0] Done moment 1/36 (task 0): force_integral=+2.669144e-01
  [SELF][Rank 0] Done moment 1/36 (task 0): force_integral=+2.669144e-01
  [SELF][Rank 0] Done moment 1/36 (task 0): force_integral=+2.669144e-01
  [SELF][Rank 0] Done moment 1/36 (task 0): force_integral=+2.669144e-01
  [SELF][Rank 0] Done moment 1/36 (task 0): force_integral=+2.669144e-01
  [SELF][Rank 0] Done moment 1/36 (task 0): force_integral=+2.669144e-01
  [SELF][Rank 0] Done moment 1/36 (task 0): force_integral=+2.669144e-01
  [SELF][Rank 0] Done moment 1/36 (task 0): force_integral=+2.669144e-01
  [SELF][Rank 0] Done moment 1/36 (task 0): force_integral=+2.669144e-01
  [SELF][Rank 0] Done moment 1/36 (task 0): force_integral=+2.669144e-01
  [SELF][Rank 0] Done moment 1/36 (task 0): force_integral=+2.669144e-01
  [SELF][Rank 0] Done moment 1/36 (task 0): force_integral=+2.669144e-01
  [SELF][Rank 0] Done moment 1/36 (task 0): force_integral=+2.669144e-01
  [SELF][Rank 0] Done moment 1/36 (task 0): force_integral=+2.669144e-01
  [SELF][Rank 0] Done moment 1/36 (task 0): force_integral=+2.669144e-01
  [SELF][Rank 0] Done moment 1/36 (task 0): force_integral=+2.669144e-01
  [SELF][Rank 0] Done moment 1/36 (task 0): force_integral=+2.669144e-01
  [SELF][Rank 0] Done moment 1/36 (task 0): force_integral=+2.669144e-01
  [SELF][Rank 0] Done moment 1/36 (task 0): force_integral=+2.669144e-01
  [SELF][Rank 0] Done moment 1/36 (task 0): force_integral=+2.669144e-01
  [SELF][Rank 0] Done moment 1/36 (task 0): force_integral=+2.669144e-01
  [SELF][Rank 0] Done moment 1/36 (task 0): force_integral=+2.669144e-01
  [SELF][Rank 0] Done moment 1/36 (task 0): force_integral=+2.669144e-01
  [SELF][Rank 0] Done moment 1/36 (task 0): force_integral=+2.669144e-01
  [SELF][Rank 0] Done moment 1/36 (task 0): force_integral=+2.669144e-01
  [SELF][Rank 0] Done moment 1/36 (task 0): force_integral=+2.669144e-01
  [SELF][Rank 0] Done moment 1/36 (task 0): force_integral=+2.669144e-01
  [SELF][Rank 0] Done moment 1/36 (task 0): force_integral=+2.669144e-01
  [SELF][Rank 0] Done moment 1/36 (task 0): force_integral=+2.669144e-01
  [SELF][Rank 0] Done moment 1/36 (task 0): force_integral=+2.669144e-01
  [SELF][Rank 0] Done moment 1/36 (task 0): force_integral=+2.669144e-01
  [SELF][Rank 0] Done moment 1/36 (task 0): force_integral=+2.669144e-01
  [SELF][Rank 0] Done moment 1/36 (task 0): force_integral=+2.669144e-01
  [SELF][Rank 0] Done moment 1/36 (task 0): force_integral=+2.669144e-01
  [SELF][Rank 0] Done moment 1/36 (task 0): force_integral=+2.669144e-01
  [SELF][Rank 0] Done moment 1/36 (task 0): force_integral=+2.669144e-01
  [SELF][Rank 0] Done moment 1/36 (task 0): force_integral=+2.669144e-01
  [SELF][Rank 0] Done moment 1/36 (task 0): force_integral=+2.669144e-01
  [SELF][Rank 0] Done moment 1/36 (task 0): force_integral=+2.669144e-01
  [SELF][Rank 0] Done moment 1/36 (task 0): force_integral=+2.669144e-01
  [SELF][Rank 0] Done moment 1/36 (task 0): force_integral=+2.669144e-01
  [SELF][Rank 0] Done moment 1/36 (task 0): force_integral=+2.669144e-01
  [SELF][Rank 0] Done moment 1/36 (task 0): force_integral=+2.669144e-01
  [SELF][Rank 0] Done moment 1/36 (task 0): force_integral=+2.669144e-01
  [SELF][Rank 0] Done moment 1/36 (task 0): force_integral=+2.669144e-01
  [SELF][Rank 0] Done moment 1/36 (task 0): force_integral=+2.669144e-01
  [SELF][Rank 0] Done moment 1/36 (task 0): force_integral=+2.669144e-01
  [SELF][Rank 0] Done moment 1/36 (task 0): force_integral=+2.669144e-01
  [SELF][Rank 0] Done moment 1/36 (task 0): force_integral=+2.669144e-01
  [SELF][Rank 0] Done moment 1/36 (task 0): force_integral=+2.669144e-01
  [SELF][Rank 0] Done moment 1/36 (task 0): force_integral=+2.669144e-01
  [SELF][Rank 0] Done moment 1/36 (task 0): force_integral=+2.669144e-01
  [SELF][Rank 0] Done moment 1/36 (task 0): force_integral=+2.669144e-01
  [SELF][Rank 0] Done moment 1/36 (task 0): force_integral=+2.669144e-01
  [SELF][Rank 0] Done moment 1/36 (task 0): force_integral=+2.669144e-01
  [SELF][Rank 0] Done moment 1/36 (task 0): force_integral=+2.669144e-01
  [SELF][Rank 0] Done moment 1/36 (task 0): force_integral=+2.669144e-01
  [SELF][Rank 0] Done moment 1/36 (task 0): force_integral=+2.669144e-01
  [SELF][Rank 0] Done moment 2/36 (task 1): force_integral=+2.669144e-01
  [SELF][Rank 0] Done moment 1/36 (task 0): force_integral=+2.669144e-01
  [SELF][Rank 0] Done moment 1/36 (task 0): force_integral=+2.669144e-01
  [SELF][Rank 0] Done moment 1/36 (task 0): force_integral=+2.669144e-01
  [SELF][Rank 0] Done moment 1/36 (task 0): force_integral=+2.669144e-01
  [SELF][Rank 0] Done moment 1/36 (task 0): force_integral=+2.669144e-01
  [SELF][Rank 0] Done moment 1/36 (task 0): force_integral=+2.669144e-01
  [SELF][Rank 0] Done moment 1/36 (task 0): force_integral=+2.669144e-01
  [SELF][Rank 0] Done moment 1/36 (task 0): force_integral=+2.669144e-01
  [SELF][Rank 0] Done moment 1/36 (task 0): force_integral=+2.669144e-01
  [SELF][Rank 0] Done moment 2/36 (task 1): force_integral=+2.669144e-01
  [SELF][Rank 0] Done moment 2/36 (task 1): force_integral=+2.669144e-01
  [SELF][Rank 0] Done moment 2/36 (task 1): force_integral=+2.669144e-01
  [SELF][Rank 0] Done moment 2/36 (task 1): force_integral=+2.669144e-01

CRITICAL SIGNAL RECEIVED IN TASK -1: SIGTERM

CRITICAL SIGNAL RECEIVED IN TASK -1: SIGTERM

CRITICAL SIGNAL RECEIVED IN TASK -1: SIGTERM

[CRASH HANDLER] Logged crash details to 'cluster_diagnostics/crash_logs/crash_task_-1_20260923_001927.log'.

[CRASH HANDLER] Logged crash details to 'cluster_diagnostics/crash_logs/crash_task_-1_20260923_001927.log'.

CRITICAL SIGNAL RECEIVED IN TASK -1: SIGTERM

[CRASH HANDLER] Logged crash details to 'cluster_diagnostics/crash_logs/crash_task_-1_20260923_001927.log'.

CRITICAL SIGNAL RECEIVED IN TASK -1: SIGTERM

CRITICAL SIGNAL RECEIVED IN TASK -1: SIGTERM

[CRASH HANDLER] Logged crash details to 'cluster_diagnostics/crash_logs/crash_task_-1_20260923_001927.log'.

[CRASH HANDLER] Logged crash details to 'cluster_diagnostics/crash_logs/crash_task_-1_20260923_001927.log'.
[CRASH HANDLER WARNING] Corrupted master crash file (Expecting value: line 1 column 1 (char 0)). Resetting.
[CRASH HANDLER WARNING] Corrupted master crash file (Expecting value: line 1 column 1 (char 0)). Resetting.
[CRASH HANDLER] Auto-syncing crash report to GitHub...
[CRASH HANDLER] Auto-syncing crash report to GitHub...

CRITICAL SIGNAL RECEIVED IN TASK -1: SIGTERM
[CRASH HANDLER] Auto-syncing crash report to GitHub...
[CRASH HANDLER] Auto-syncing crash report to GitHub...

[CRASH HANDLER] Logged crash details to 'cluster_diagnostics/crash_logs/crash_task_-1_20260923_001927.log'.
[CRASH HANDLER] Auto-syncing crash report to GitHub...

CRITICAL SIGNAL RECEIVED IN TASK -1: SIGTERM
[CRASH HANDLER WARNING] Corrupted master crash file (Extra data: line 43 column 4 (char 1164)). Resetting.
[CRASH HANDLER] Auto-syncing crash report to GitHub...

[CRASH HANDLER] Logged crash details to 'cluster_diagnostics/crash_logs/crash_task_-1_20260923_001927.log'.
[CRASH HANDLER] Auto-syncing crash report to GitHub...

CRITICAL SIGNAL RECEIVED IN TASK -1: SIGTERM

[CRASH HANDLER] Logged crash details to 'cluster_diagnostics/crash_logs/crash_task_-1_20260923_001927.log'.
[CRASH HANDLER] Auto-syncing crash report to GitHub...

CRITICAL SIGNAL RECEIVED IN TASK -1: SIGTERM

CRITICAL SIGNAL RECEIVED IN TASK -1: SIGTERM

[CRASH HANDLER] Logged crash details to 'cluster_diagnostics/crash_logs/crash_task_-1_20260923_001927.log'.

[CRASH HANDLER] Logged crash details to 'cluster_diagnostics/crash_logs/crash_task_-1_20260923_001927.log'.
[CRASH HANDLER] Auto-syncing crash report to GitHub...
[CRASH HANDLER] Auto-syncing crash report to GitHub...

CRITICAL SIGNAL RECEIVED IN TASK -1: SIGTERM

[CRASH HANDLER] Logged crash details to 'cluster_diagnostics/crash_logs/crash_task_-1_20260923_001927.log'.
[CRASH HANDLER] Auto-syncing crash report to GitHub...

CRITICAL SIGNAL RECEIVED IN TASK -1: SIGTERM

[CRASH HANDLER] Logged crash details to 'cluster_diagnostics/crash_logs/crash_task_-1_20260923_001927.log'.
[CRASH HANDLER] Auto-syncing crash report to GitHub...

CRITICAL SIGNAL RECEIVED IN TASK -1: SIGTERM

[CRASH HANDLER] Logged crash details to 'cluster_diagnostics/crash_logs/crash_task_-1_20260923_001927.log'.
[CRASH HANDLER] Auto-syncing crash report to GitHub...

CRITICAL SIGNAL RECEIVED IN TASK -1: SIGTERM

[CRASH HANDLER] Logged crash details to 'cluster_diagnostics/crash_logs/crash_task_-1_20260923_001927.log'.

CRITICAL SIGNAL RECEIVED IN TASK -1: SIGTERM

[CRASH HANDLER] Logged crash details to 'cluster_diagnostics/crash_logs/crash_task_-1_20260923_001927.log'.
[CRASH HANDLER WARNING] Corrupted master crash file (Expecting value: line 1 column 1 (char 0)). Resetting.

CRITICAL SIGNAL RECEIVED IN TASK -1: SIGTERM

CRITICAL SIGNAL RECEIVED IN TASK -1: SIGTERM

[CRASH HANDLER] Logged crash details to 'cluster_diagnostics/crash_logs/crash_task_-1_20260923_001927.log'.
[CRASH HANDLER WARNING] Corrupted master crash file (Expecting value: line 1 column 1 (char 0)). Resetting.
[CRASH HANDLER] Auto-syncing crash report to GitHub...
[CRASH HANDLER] Auto-syncing crash report to GitHub...

[CRASH HANDLER] Logged crash details to 'cluster_diagnostics/crash_logs/crash_task_-1_20260923_001927.log'.
[CRASH HANDLER] Auto-syncing crash report to GitHub...

CRITICAL SIGNAL RECEIVED IN TASK -1: SIGTERM

[CRASH HANDLER] Logged crash details to 'cluster_diagnostics/crash_logs/crash_task_-1_20260923_001927.log'.
[CRASH HANDLER] Auto-syncing crash report to GitHub...
[CRASH HANDLER] Auto-syncing crash report to GitHub...

CRITICAL SIGNAL RECEIVED IN TASK -1: SIGTERM

[CRASH HANDLER] Logged crash details to 'cluster_diagnostics/crash_logs/crash_task_-1_20260923_001927.log'.
[CRASH HANDLER] Auto-syncing crash report to GitHub...

CRITICAL SIGNAL RECEIVED IN TASK -1: SIGTERM

[CRASH HANDLER] Logged crash details to 'cluster_diagnostics/crash_logs/crash_task_-1_20260923_001927.log'.
[CRASH HANDLER] Auto-syncing crash report to GitHub...

CRITICAL SIGNAL RECEIVED IN TASK -1: SIGTERM

[CRASH HANDLER] Logged crash details to 'cluster_diagnostics/crash_logs/crash_task_-1_20260923_001927.log'.

CRITICAL SIGNAL RECEIVED IN TASK -1: SIGTERM

[CRASH HANDLER] Logged crash details to 'cluster_diagnostics/crash_logs/crash_task_-1_20260923_001927.log'.
[CRASH HANDLER] Auto-syncing crash report to GitHub...
[CRASH HANDLER] Auto-syncing crash report to GitHub...

CRITICAL SIGNAL RECEIVED IN TASK -1: SIGTERM

CRITICAL SIGNAL RECEIVED IN TASK -1: SIGTERM

CRITICAL SIGNAL RECEIVED IN TASK -1: SIGTERM

CRITICAL SIGNAL RECEIVED IN TASK -1: SIGTERM

[CRASH HANDLER] Logged crash details to 'cluster_diagnostics/crash_logs/crash_task_-1_20260923_001927.log'.

CRITICAL SIGNAL RECEIVED IN TASK -1: SIGTERM

[CRASH HANDLER] Logged crash details to 'cluster_diagnostics/crash_logs/crash_task_-1_20260923_001927.log'.

[CRASH HANDLER] Logged crash details to 'cluster_diagnostics/crash_logs/crash_task_-1_20260923_001927.log'.

[CRASH HANDLER] Logged crash details to 'cluster_diagnostics/crash_logs/crash_task_-1_20260923_001927.log'.
[CRASH HANDLER WARNING] Corrupted master crash file (Expecting value: line 1 column 1 (char 0)). Resetting.
[CRASH HANDLER] Auto-syncing crash report to GitHub...
[CRASH HANDLER WARNING] Corrupted master crash file (Expecting value: line 1 column 1 (char 0)). Resetting.
[CRASH HANDLER WARNING] Corrupted master crash file (Expecting value: line 1 column 1 (char 0)). Resetting.

[CRASH HANDLER] Logged crash details to 'cluster_diagnostics/crash_logs/crash_task_-1_20260923_001927.log'.

CRITICAL SIGNAL RECEIVED IN TASK -1: SIGTERM
[CRASH HANDLER] Auto-syncing crash report to GitHub...
[CRASH HANDLER] Auto-syncing crash report to GitHub...
[CRASH HANDLER] Auto-syncing crash report to GitHub...

[CRASH HANDLER] Logged crash details to 'cluster_diagnostics/crash_logs/crash_task_-1_20260923_001927.log'.

CRITICAL SIGNAL RECEIVED IN TASK -1: SIGTERM
[CRASH HANDLER WARNING] Corrupted master crash file (Expecting value: line 1 column 1 (char 0)). Resetting.
[CRASH HANDLER] Auto-syncing crash report to GitHub...

[CRASH HANDLER] Logged crash details to 'cluster_diagnostics/crash_logs/crash_task_-1_20260923_001927.log'.
[CRASH HANDLER] Auto-syncing crash report to GitHub...

CRITICAL SIGNAL RECEIVED IN TASK -1: SIGTERM

[CRASH HANDLER] Logged crash details to 'cluster_diagnostics/crash_logs/crash_task_-1_20260923_001927.log'.
[CRASH HANDLER] Auto-syncing crash report to GitHub...
[CRASH HANDLER] Auto-syncing crash report to GitHub...

CRITICAL SIGNAL RECEIVED IN TASK -1: SIGTERM

[CRASH HANDLER] Logged crash details to 'cluster_diagnostics/crash_logs/crash_task_-1_20260923_001927.log'.
[CRASH HANDLER] Auto-syncing crash report to GitHub...

CRITICAL SIGNAL RECEIVED IN TASK -1: SIGTERM

[CRASH HANDLER] Logged crash details to 'cluster_diagnostics/crash_logs/crash_task_-1_20260923_001927.log'.

CRITICAL SIGNAL RECEIVED IN TASK -1: SIGTERM
[CRASH HANDLER] Auto-syncing crash report to GitHub...

CRITICAL SIGNAL RECEIVED IN TASK -1: SIGTERM

CRITICAL SIGNAL RECEIVED IN TASK -1: SIGTERM

CRITICAL SIGNAL RECEIVED IN TASK -1: SIGTERM

CRITICAL SIGNAL RECEIVED IN TASK -1: SIGTERM

CRITICAL SIGNAL RECEIVED IN TASK -1: SIGTERM

CRITICAL SIGNAL RECEIVED IN TASK -1: SIGTERM

[CRASH HANDLER] Logged crash details to 'cluster_diagnostics/crash_logs/crash_task_-1_20260923_001927.log'.
[CRASH HANDLER] Auto-syncing crash report to GitHub...

[CRASH HANDLER] Logged crash details to 'cluster_diagnostics/crash_logs/crash_task_-1_20260923_001927.log'.

[CRASH HANDLER] Logged crash details to 'cluster_diagnostics/crash_logs/crash_task_-1_20260923_001927.log'.

[CRASH HANDLER] Logged crash details to 'cluster_diagnostics/crash_logs/crash_task_-1_20260923_001927.log'.

[CRASH HANDLER] Logged crash details to 'cluster_diagnostics/crash_logs/crash_task_-1_20260923_001927.log'.

[CRASH HANDLER] Logged crash details to 'cluster_diagnostics/crash_logs/crash_task_-1_20260923_001927.log'.

[CRASH HANDLER] Logged crash details to 'cluster_diagnostics/crash_logs/crash_task_-1_20260923_001927.log'.
[CRASH HANDLER] Auto-syncing crash report to GitHub...
[CRASH HANDLER] Auto-syncing crash report to GitHub...
[CRASH HANDLER] Auto-syncing crash report to GitHub...
[CRASH HANDLER] Auto-syncing crash report to GitHub...
[CRASH HANDLER] Auto-syncing crash report to GitHub...
[CRASH HANDLER] Auto-syncing crash report to GitHub...

CRITICAL SIGNAL RECEIVED IN TASK -1: SIGTERM

CRITICAL SIGNAL RECEIVED IN TASK -1: SIGTERM

[CRASH HANDLER] Logged crash details to 'cluster_diagnostics/crash_logs/crash_task_-1_20260923_001927.log'.

[CRASH HANDLER] Logged crash details to 'cluster_diagnostics/crash_logs/crash_task_-1_20260923_001927.log'.
[CRASH HANDLER] Auto-syncing crash report to GitHub...

CRITICAL SIGNAL RECEIVED IN TASK -1: SIGTERM
[CRASH HANDLER] Auto-syncing crash report to GitHub...

[CRASH HANDLER] Logged crash details to 'cluster_diagnostics/crash_logs/crash_task_-1_20260923_001927.log'.

CRITICAL SIGNAL RECEIVED IN TASK -1: SIGTERM

CRITICAL SIGNAL RECEIVED IN TASK -1: SIGTERM
[CRASH HANDLER] Auto-syncing crash report to GitHub...

[CRASH HANDLER] Logged crash details to 'cluster_diagnostics/crash_logs/crash_task_-1_20260923_001927.log'.

CRITICAL SIGNAL RECEIVED IN TASK -1: SIGTERM

[CRASH HANDLER] Logged crash details to 'cluster_diagnostics/crash_logs/crash_task_-1_20260923_001927.log'.

CRITICAL SIGNAL RECEIVED IN TASK -1: SIGTERM
[CRASH HANDLER] Auto-syncing crash report to GitHub...

CRITICAL SIGNAL RECEIVED IN TASK -1: SIGTERM

[CRASH HANDLER] Logged crash details to 'cluster_diagnostics/crash_logs/crash_task_-1_20260923_001927.log'.

CRITICAL SIGNAL RECEIVED IN TASK -1: SIGTERM
[CRASH HANDLER WARNING] Corrupted master crash file (Expecting value: line 1 column 1 (char 0)). Resetting.
[CRASH HANDLER] Auto-syncing crash report to GitHub...

[CRASH HANDLER] Logged crash details to 'cluster_diagnostics/crash_logs/crash_task_-1_20260923_001927.log'.

[CRASH HANDLER] Logged crash details to 'cluster_diagnostics/crash_logs/crash_task_-1_20260923_001927.log'.
[CRASH HANDLER] Auto-syncing crash report to GitHub...

CRITICAL SIGNAL RECEIVED IN TASK -1: SIGTERM

[CRASH HANDLER] Logged crash details to 'cluster_diagnostics/crash_logs/crash_task_-1_20260923_001927.log'.
[CRASH HANDLER] Auto-syncing crash report to GitHub...

[CRASH HANDLER] Logged crash details to 'cluster_diagnostics/crash_logs/crash_task_-1_20260923_001927.log'.
[CRASH HANDLER WARNING] Corrupted master crash file (Expecting value: line 1 column 1 (char 0)). Resetting.
[CRASH HANDLER] Auto-syncing crash report to GitHub...
[CRASH HANDLER WARNING] Corrupted master crash file (Expecting value: line 1 column 1 (char 0)). Resetting.

CRITICAL SIGNAL RECEIVED IN TASK -1: SIGTERM
[CRASH HANDLER] Auto-syncing crash report to GitHub...

CRITICAL SIGNAL RECEIVED IN TASK -1: SIGTERM
[CRASH HANDLER] Auto-syncing crash report to GitHub...

[CRASH HANDLER] Logged crash details to 'cluster_diagnostics/crash_logs/crash_task_-1_20260923_001927.log'.

CRITICAL SIGNAL RECEIVED IN TASK -1: SIGTERM

[CRASH HANDLER] Logged crash details to 'cluster_diagnostics/crash_logs/crash_task_-1_20260923_001927.log'.
[CRASH HANDLER] Auto-syncing crash report to GitHub...

[CRASH HANDLER] Logged crash details to 'cluster_diagnostics/crash_logs/crash_task_-1_20260923_001927.log'.
[CRASH HANDLER] Auto-syncing crash report to GitHub...

CRITICAL SIGNAL RECEIVED IN TASK -1: SIGTERM

CRITICAL SIGNAL RECEIVED IN TASK -1: SIGTERM
[CRASH HANDLER] Auto-syncing crash report to GitHub...

[CRASH HANDLER] Logged crash details to 'cluster_diagnostics/crash_logs/crash_task_-1_20260923_001927.log'.

[CRASH HANDLER] Logged crash details to 'cluster_diagnostics/crash_logs/crash_task_-1_20260923_001927.log'.

CRITICAL SIGNAL RECEIVED IN TASK -1: SIGTERM
[CRASH HANDLER WARNING] Corrupted master crash file (Expecting value: line 1 column 1 (char 0)). Resetting.
[CRASH HANDLER] Auto-syncing crash report to GitHub...
[CRASH HANDLER] Auto-syncing crash report to GitHub...

CRITICAL SIGNAL RECEIVED IN TASK -1: SIGTERM

[CRASH HANDLER] Logged crash details to 'cluster_diagnostics/crash_logs/crash_task_-1_20260923_001927.log'.

[CRASH HANDLER] Logged crash details to 'cluster_diagnostics/crash_logs/crash_task_-1_20260923_001927.log'.

CRITICAL SIGNAL RECEIVED IN TASK -1: SIGTERM
[CRASH HANDLER] Auto-syncing crash report to GitHub...
[CRASH HANDLER] Auto-syncing crash report to GitHub...

[CRASH HANDLER] Logged crash details to 'cluster_diagnostics/crash_logs/crash_task_-1_20260923_001927.log'.
[CRASH HANDLER] Auto-syncing crash report to GitHub...

CRITICAL SIGNAL RECEIVED IN TASK -1: SIGTERM

[CRASH HANDLER] Logged crash details to 'cluster_diagnostics/crash_logs/crash_task_-1_20260923_001927.log'.

CRITICAL SIGNAL RECEIVED IN TASK -1: SIGTERM

[CRASH HANDLER] Logged crash details to 'cluster_diagnostics/crash_logs/crash_task_-1_20260923_001927.log'.
[CRASH HANDLER] Auto-syncing crash report to GitHub...
[CRASH HANDLER] Auto-syncing crash report to GitHub...

CRITICAL SIGNAL RECEIVED IN TASK -1: SIGTERM

[CRASH HANDLER] Logged crash details to 'cluster_diagnostics/crash_logs/crash_task_-1_20260923_001927.log'.
[CRASH HANDLER] Auto-syncing crash report to GitHub...

CRITICAL SIGNAL RECEIVED IN TASK -1: SIGTERM

[CRASH HANDLER] Logged crash details to 'cluster_diagnostics/crash_logs/crash_task_-1_20260923_001927.log'.
[CRASH HANDLER] Auto-syncing crash report to GitHub...

CRITICAL SIGNAL RECEIVED IN TASK -1: SIGTERM

CRITICAL SIGNAL RECEIVED IN TASK -1: SIGTERM

CRITICAL SIGNAL RECEIVED IN TASK -1: SIGTERM

[CRASH HANDLER] Logged crash details to 'cluster_diagnostics/crash_logs/crash_task_-1_20260923_001927.log'.

CRITICAL SIGNAL RECEIVED IN TASK -1: SIGTERM

CRITICAL SIGNAL RECEIVED IN TASK -1: SIGTERM

[CRASH HANDLER] Logged crash details to 'cluster_diagnostics/crash_logs/crash_task_-1_20260923_001927.log'.

[CRASH HANDLER] Logged crash details to 'cluster_diagnostics/crash_logs/crash_task_-1_20260923_001927.log'.
[CRASH HANDLER WARNING] Corrupted master crash file (Expecting value: line 1 column 1 (char 0)). Resetting.

[CRASH HANDLER] Logged crash details to 'cluster_diagnostics/crash_logs/crash_task_-1_20260923_001927.log'.

[CRASH HANDLER] Logged crash details to 'cluster_diagnostics/crash_logs/crash_task_-1_20260923_001927.log'.
[CRASH HANDLER WARNING] Corrupted master crash file (Expecting value: line 1 column 1 (char 0)). Resetting.
[CRASH HANDLER] Auto-syncing crash report to GitHub...
[CRASH HANDLER] Auto-syncing crash report to GitHub...
[CRASH HANDLER] Auto-syncing crash report to GitHub...
[CRASH HANDLER WARNING] Corrupted master crash file (Expecting value: line 1 column 1 (char 0)). Resetting.
[CRASH HANDLER] Auto-syncing crash report to GitHub...
[CRASH HANDLER] Auto-syncing crash report to GitHub...

CRITICAL SIGNAL RECEIVED IN TASK -1: SIGTERM

[CRASH HANDLER] Logged crash details to 'cluster_diagnostics/crash_logs/crash_task_-1_20260923_001927.log'.
[CRASH HANDLER] Auto-syncing crash report to GitHub...

CRITICAL SIGNAL RECEIVED IN TASK -1: SIGTERM

CRITICAL SIGNAL RECEIVED IN TASK -1: SIGTERM

[CRASH HANDLER] Logged crash details to 'cluster_diagnostics/crash_logs/crash_task_-1_20260923_001927.log'.

[CRASH HANDLER] Logged crash details to 'cluster_diagnostics/crash_logs/crash_task_-1_20260923_001927.log'.
[CRASH HANDLER WARNING] Corrupted master crash file (Expecting value: line 1 column 1 (char 0)). Resetting.
[CRASH HANDLER] Auto-syncing crash report to GitHub...
[CRASH HANDLER] Auto-syncing crash report to GitHub...

CRITICAL SIGNAL RECEIVED IN TASK -1: SIGTERM

CRITICAL SIGNAL RECEIVED IN TASK -1: SIGTERM

[CRASH HANDLER] Logged crash details to 'cluster_diagnostics/crash_logs/crash_task_-1_20260923_001927.log'.
[CRASH HANDLER] Auto-syncing crash report to GitHub...

[CRASH HANDLER] Logged crash details to 'cluster_diagnostics/crash_logs/crash_task_-1_20260923_001927.log'.

CRITICAL SIGNAL RECEIVED IN TASK -1: SIGTERM

CRITICAL SIGNAL RECEIVED IN TASK -1: SIGTERM
[CRASH HANDLER] Auto-syncing crash report to GitHub...

[CRASH HANDLER] Logged crash details to 'cluster_diagnostics/crash_logs/crash_task_-1_20260923_001927.log'.

[CRASH HANDLER] Logged crash details to 'cluster_diagnostics/crash_logs/crash_task_-1_20260923_001927.log'.
[CRASH HANDLER WARNING] Corrupted master crash file (Expecting value: line 1 column 1 (char 0)). Resetting.
[CRASH HANDLER] Auto-syncing crash report to GitHub...
[CRASH HANDLER] Auto-syncing crash report to GitHub...

CRITICAL SIGNAL RECEIVED IN TASK -1: SIGTERM

[CRASH HANDLER] Logged crash details to 'cluster_diagnostics/crash_logs/crash_task_-1_20260923_001927.log'.

CRITICAL SIGNAL RECEIVED IN TASK -1: SIGTERM
[CRASH HANDLER] Auto-syncing crash report to GitHub...

[CRASH HANDLER] Logged crash details to 'cluster_diagnostics/crash_logs/crash_task_-1_20260923_001927.log'.
[CRASH HANDLER] Auto-syncing crash report to GitHub...

CRITICAL SIGNAL RECEIVED IN TASK -1: SIGTERM

[CRASH HANDLER] Logged crash details to 'cluster_diagnostics/crash_logs/crash_task_-1_20260923_001927.log'.

CRITICAL SIGNAL RECEIVED IN TASK -1: SIGTERM
[CRASH HANDLER] Auto-syncing crash report to GitHub...

[CRASH HANDLER] Logged crash details to 'cluster_diagnostics/crash_logs/crash_task_-1_20260923_001927.log'.
[CRASH HANDLER] Auto-syncing crash report to GitHub...

CRITICAL SIGNAL RECEIVED IN TASK -1: SIGTERM

[CRASH HANDLER] Logged crash details to 'cluster_diagnostics/crash_logs/crash_task_-1_20260923_001927.log'.
[CRASH HANDLER] Auto-syncing crash report to GitHub...

CRITICAL SIGNAL RECEIVED IN TASK -1: SIGTERM

CRITICAL SIGNAL RECEIVED IN TASK -1: SIGTERM

[CRASH HANDLER] Logged crash details to 'cluster_diagnostics/crash_logs/crash_task_-1_20260923_001927.log'.

[CRASH HANDLER] Logged crash details to 'cluster_diagnostics/crash_logs/crash_task_-1_20260923_001927.log'.
[CRASH HANDLER] Auto-syncing crash report to GitHub...

CRITICAL SIGNAL RECEIVED IN TASK -1: SIGTERM
[CRASH HANDLER] Auto-syncing crash report to GitHub...

CRITICAL SIGNAL RECEIVED IN TASK -1: SIGTERM

[CRASH HANDLER] Logged crash details to 'cluster_diagnostics/crash_logs/crash_task_-1_20260923_001927.log'.

CRITICAL SIGNAL RECEIVED IN TASK -1: SIGTERM

CRITICAL SIGNAL RECEIVED IN TASK -1: SIGTERM

[CRASH HANDLER] Logged crash details to 'cluster_diagnostics/crash_logs/crash_task_-1_20260923_001927.log'.
[CRASH HANDLER] Auto-syncing crash report to GitHub...

CRITICAL SIGNAL RECEIVED IN TASK -1: SIGTERM

[CRASH HANDLER] Logged crash details to 'cluster_diagnostics/crash_logs/crash_task_-1_20260923_001927.log'.

[CRASH HANDLER] Logged crash details to 'cluster_diagnostics/crash_logs/crash_task_-1_20260923_001927.log'.
[CRASH HANDLER WARNING] Corrupted master crash file (Expecting value: line 1 column 1 (char 0)). Resetting.
[CRASH HANDLER WARNING] Corrupted master crash file (Expecting value: line 1 column 1 (char 0)). Resetting.
[CRASH HANDLER] Auto-syncing crash report to GitHub...

[CRASH HANDLER] Logged crash details to 'cluster_diagnostics/crash_logs/crash_task_-1_20260923_001927.log'.
[CRASH HANDLER WARNING] Corrupted master crash file (Expecting value: line 1 column 1 (char 0)). Resetting.
[CRASH HANDLER] Auto-syncing crash report to GitHub...

CRITICAL SIGNAL RECEIVED IN TASK -1: SIGTERM

[CRASH HANDLER] Logged crash details to 'cluster_diagnostics/crash_logs/crash_task_-1_20260923_001927.log'.
[CRASH HANDLER] Auto-syncing crash report to GitHub...
[CRASH HANDLER] Auto-syncing crash report to GitHub...
[CRASH HANDLER] Auto-syncing crash report to GitHub...

CRITICAL SIGNAL RECEIVED IN TASK -1: SIGTERM

[CRASH HANDLER] Logged crash details to 'cluster_diagnostics/crash_logs/crash_task_-1_20260923_001927.log'.
[CRASH HANDLER WARNING] Corrupted master crash file (Extra data: line 43 column 6 (char 1166)). Resetting.
[CRASH HANDLER] Auto-syncing crash report to GitHub...

CRITICAL SIGNAL RECEIVED IN TASK -1: SIGTERM

CRITICAL SIGNAL RECEIVED IN TASK -1: SIGTERM

[CRASH HANDLER] Logged crash details to 'cluster_diagnostics/crash_logs/crash_task_-1_20260923_001927.log'.

[CRASH HANDLER] Logged crash details to 'cluster_diagnostics/crash_logs/crash_task_-1_20260923_001927.log'.
[CRASH HANDLER] Auto-syncing crash report to GitHub...
[CRASH HANDLER] Auto-syncing crash report to GitHub...

CRITICAL SIGNAL RECEIVED IN TASK -1: SIGTERM

[CRASH HANDLER] Logged crash details to 'cluster_diagnostics/crash_logs/crash_task_-1_20260923_001927.log'.

CRITICAL SIGNAL RECEIVED IN TASK -1: SIGTERM

[CRASH HANDLER] Auto-syncing crash report to GitHub...
CRITICAL SIGNAL RECEIVED IN TASK -1: SIGTERM

[CRASH HANDLER] Logged crash details to 'cluster_diagnostics/crash_logs/crash_task_-1_20260923_001927.log'.
[CRASH HANDLER] Auto-syncing crash report to GitHub...

[CRASH HANDLER] Logged crash details to 'cluster_diagnostics/crash_logs/crash_task_-1_20260923_001927.log'.

CRITICAL SIGNAL RECEIVED IN TASK -1: SIGTERM

CRITICAL SIGNAL RECEIVED IN TASK -1: SIGTERM
[CRASH HANDLER] Auto-syncing crash report to GitHub...

[CRASH HANDLER] Logged crash details to 'cluster_diagnostics/crash_logs/crash_task_-1_20260923_001927.log'.

[CRASH HANDLER] Logged crash details to 'cluster_diagnostics/crash_logs/crash_task_-1_20260923_001927.log'.
[CRASH HANDLER] Auto-syncing crash report to GitHub...
[CRASH HANDLER] Auto-syncing crash report to GitHub...

CRITICAL SIGNAL RECEIVED IN TASK -1: SIGTERM

CRITICAL SIGNAL RECEIVED IN TASK -1: SIGTERM

[CRASH HANDLER] Logged crash details to 'cluster_diagnostics/crash_logs/crash_task_-1_20260923_001927.log'.

CRITICAL SIGNAL RECEIVED IN TASK -1: SIGTERM
[CRASH HANDLER] Auto-syncing crash report to GitHub...

[CRASH HANDLER] Logged crash details to 'cluster_diagnostics/crash_logs/crash_task_-1_20260923_001927.log'.

CRITICAL SIGNAL RECEIVED IN TASK -1: SIGTERM

[CRASH HANDLER] Logged crash details to 'cluster_diagnostics/crash_logs/crash_task_-1_20260923_001927.log'.
[CRASH HANDLER] Auto-syncing crash report to GitHub...

[CRASH HANDLER] Logged crash details to 'cluster_diagnostics/crash_logs/crash_task_-1_20260923_001927.log'.
[CRASH HANDLER WARNING] Corrupted master crash file (Expecting value: line 1 column 1 (char 0)). Resetting.
[CRASH HANDLER] Auto-syncing crash report to GitHub...
[CRASH HANDLER] Auto-syncing crash report to GitHub...

CRITICAL SIGNAL RECEIVED IN TASK -1: SIGTERM

CRITICAL SIGNAL RECEIVED IN TASK -1: SIGTERM

[CRASH HANDLER] Logged crash details to 'cluster_diagnostics/crash_logs/crash_task_-1_20260923_001927.log'.
[CRASH HANDLER] Auto-syncing crash report to GitHub...

[CRASH HANDLER] Logged crash details to 'cluster_diagnostics/crash_logs/crash_task_-1_20260923_001927.log'.
[CRASH HANDLER] Auto-syncing crash report to GitHub...

CRITICAL SIGNAL RECEIVED IN TASK -1: SIGTERM

[CRASH HANDLER] Logged crash details to 'cluster_diagnostics/crash_logs/crash_task_-1_20260923_001927.log'.

CRITICAL SIGNAL RECEIVED IN TASK -1: SIGTERM
[CRASH HANDLER] Auto-syncing crash report to GitHub...

[CRASH HANDLER] Logged crash details to 'cluster_diagnostics/crash_logs/crash_task_-1_20260923_001927.log'.
[CRASH HANDLER] Auto-syncing crash report to GitHub...

CRITICAL SIGNAL RECEIVED IN TASK -1: SIGTERM

[CRASH HANDLER] Logged crash details to 'cluster_diagnostics/crash_logs/crash_task_-1_20260923_001927.log'.
[CRASH HANDLER] Auto-syncing crash report to GitHub...

CRITICAL SIGNAL RECEIVED IN TASK -1: SIGTERM

[CRASH HANDLER] Logged crash details to 'cluster_diagnostics/crash_logs/crash_task_-1_20260923_001927.log'.
[CRASH HANDLER] Auto-syncing crash report to GitHub...

CRITICAL SIGNAL RECEIVED IN TASK -1: SIGTERM

CRITICAL SIGNAL RECEIVED IN TASK -1: SIGTERM

CRITICAL SIGNAL RECEIVED IN TASK -1: SIGTERM

[CRASH HANDLER] Logged crash details to 'cluster_diagnostics/crash_logs/crash_task_-1_20260923_001927.log'.

[CRASH HANDLER] Logged crash details to 'cluster_diagnostics/crash_logs/crash_task_-1_20260923_001927.log'.
[CRASH HANDLER] Auto-syncing crash report to GitHub...
[CRASH HANDLER] Auto-syncing crash report to GitHub...

[CRASH HANDLER] Logged crash details to 'cluster_diagnostics/crash_logs/crash_task_-1_20260923_001927.log'.

CRITICAL SIGNAL RECEIVED IN TASK -1: SIGTERM
[CRASH HANDLER] Auto-syncing crash report to GitHub...

[CRASH HANDLER] Logged crash details to 'cluster_diagnostics/crash_logs/crash_task_-1_20260923_001927.log'.
[CRASH HANDLER] Auto-syncing crash report to GitHub...

CRITICAL SIGNAL RECEIVED IN TASK -1: SIGTERM

CRITICAL SIGNAL RECEIVED IN TASK -1: SIGTERM

[CRASH HANDLER] Logged crash details to 'cluster_diagnostics/crash_logs/crash_task_-1_20260923_001927.log'.

[CRASH HANDLER] Logged crash details to 'cluster_diagnostics/crash_logs/crash_task_-1_20260923_001927.log'.
[CRASH HANDLER WARNING] Corrupted master crash file (Expecting value: line 1 column 1 (char 0)). Resetting.
[CRASH HANDLER] Auto-syncing crash report to GitHub...
[CRASH HANDLER] Auto-syncing crash report to GitHub...

CRITICAL SIGNAL RECEIVED IN TASK -1: SIGTERM

[CRASH HANDLER] Logged crash details to 'cluster_diagnostics/crash_logs/crash_task_-1_20260923_001927.log'.
[CRASH HANDLER] Auto-syncing crash report to GitHub...

CRITICAL SIGNAL RECEIVED IN TASK -1: SIGTERM

CRITICAL SIGNAL RECEIVED IN TASK -1: SIGTERM

[CRASH HANDLER] Logged crash details to 'cluster_diagnostics/crash_logs/crash_task_-1_20260923_001927.log'.

[CRASH HANDLER] Logged crash details to 'cluster_diagnostics/crash_logs/crash_task_-1_20260923_001927.log'.
[CRASH HANDLER] Auto-syncing crash report to GitHub...
[CRASH HANDLER] Auto-syncing crash report to GitHub...

CRITICAL SIGNAL RECEIVED IN TASK -1: SIGTERM

CRITICAL SIGNAL RECEIVED IN TASK -1: SIGTERM

CRITICAL SIGNAL RECEIVED IN TASK -1: SIGTERM

CRITICAL SIGNAL RECEIVED IN TASK -1: SIGTERM

[CRASH HANDLER] Logged crash details to 'cluster_diagnostics/crash_logs/crash_task_-1_20260923_001928.log'.

[CRASH HANDLER] Logged crash details to 'cluster_diagnostics/crash_logs/crash_task_-1_20260923_001928.log'.

[CRASH HANDLER] Logged crash details to 'cluster_diagnostics/crash_logs/crash_task_-1_20260923_001928.log'.
[CRASH HANDLER WARNING] Corrupted master crash file (Expecting value: line 1 column 1 (char 0)). Resetting.
[CRASH HANDLER] Auto-syncing crash report to GitHub...

[CRASH HANDLER] Logged crash details to 'cluster_diagnostics/crash_logs/crash_task_-1_20260923_001928.log'.
[CRASH HANDLER WARNING] Corrupted master crash file (Expecting value: line 1 column 1 (char 0)). Resetting.
[CRASH HANDLER] Auto-syncing crash report to GitHub...
[CRASH HANDLER] Auto-syncing crash report to GitHub...
[CRASH HANDLER] Auto-syncing crash report to GitHub...

CRITICAL SIGNAL RECEIVED IN TASK -1: SIGTERM

CRITICAL SIGNAL RECEIVED IN TASK -1: SIGTERM

[CRASH HANDLER] Logged crash details to 'cluster_diagnostics/crash_logs/crash_task_-1_20260923_001928.log'.

[CRASH HANDLER] Logged crash details to 'cluster_diagnostics/crash_logs/crash_task_-1_20260923_001928.log'.
[CRASH HANDLER WARNING] Corrupted master crash file (Expecting value: line 1 column 1 (char 0)). Resetting.
[CRASH HANDLER] Auto-syncing crash report to GitHub...
[CRASH HANDLER] Auto-syncing crash report to GitHub...

CRITICAL SIGNAL RECEIVED IN TASK -1: SIGTERM

[CRASH HANDLER] Logged crash details to 'cluster_diagnostics/crash_logs/crash_task_-1_20260923_001928.log'.

CRITICAL SIGNAL RECEIVED IN TASK -1: SIGTERM

[CRASH HANDLER] Logged crash details to 'cluster_diagnostics/crash_logs/crash_task_-1_20260923_001928.log'.
[CRASH HANDLER] Auto-syncing crash report to GitHub...

CRITICAL SIGNAL RECEIVED IN TASK -1: SIGTERM
[CRASH HANDLER] Auto-syncing crash report to GitHub...

[CRASH HANDLER] Logged crash details to 'cluster_diagnostics/crash_logs/crash_task_-1_20260923_001928.log'.
[CRASH HANDLER] Auto-syncing crash report to GitHub...

CRITICAL SIGNAL RECEIVED IN TASK -1: SIGTERM

CRITICAL SIGNAL RECEIVED IN TASK -1: SIGTERM

[CRASH HANDLER] Logged crash details to 'cluster_diagnostics/crash_logs/crash_task_-1_20260923_001928.log'.

[CRASH HANDLER] Logged crash details to 'cluster_diagnostics/crash_logs/crash_task_-1_20260923_001928.log'.

CRITICAL SIGNAL RECEIVED IN TASK -1: SIGTERM
[CRASH HANDLER WARNING] Corrupted master crash file (Expecting value: line 1 column 1 (char 0)). Resetting.
[CRASH HANDLER] Auto-syncing crash report to GitHub...
[CRASH HANDLER] Auto-syncing crash report to GitHub...

[CRASH HANDLER] Logged crash details to 'cluster_diagnostics/crash_logs/crash_task_-1_20260923_001928.log'.
[CRASH HANDLER] Auto-syncing crash report to GitHub...

CRITICAL SIGNAL RECEIVED IN TASK -1: SIGTERM

CRITICAL SIGNAL RECEIVED IN TASK -1: SIGTERM

[CRASH HANDLER] Logged crash details to 'cluster_diagnostics/crash_logs/crash_task_-1_20260923_001928.log'.

[CRASH HANDLER] Logged crash details to 'cluster_diagnostics/crash_logs/crash_task_-1_20260923_001928.log'.
[CRASH HANDLER] Auto-syncing crash report to GitHub...
[CRASH HANDLER] Auto-syncing crash report to GitHub...

CRITICAL SIGNAL RECEIVED IN TASK -1: SIGTERM

[CRASH HANDLER] Logged crash details to 'cluster_diagnostics/crash_logs/crash_task_-1_20260923_001930.log'.
[CRASH HANDLER] Auto-syncing crash report to GitHub...
[CRASH HANDLER] Successfully pushed crash log to GitHub!
[CRASH HANDLER] Successfully pushed crash log to GitHub!
[CRASH HANDLER] Successfully pushed crash log to GitHub!

Elapsed run time = 43205.8556 s
[CRASH HANDLER] Successfully pushed crash log to GitHub!

Elapsed run time = 43205.8580 s
[CRASH HANDLER] Successfully pushed crash log to GitHub!

Elapsed run time = 43205.8595 s

Elapsed run time = 43205.8613 s
[CRASH HANDLER] Successfully pushed crash log to GitHub!

Elapsed run time = 43205.8632 s
[CRASH HANDLER] Successfully pushed crash log to GitHub!
[CRASH HANDLER] Successfully pushed crash log to GitHub!

Elapsed run time = 43205.8658 s
[CRASH HANDLER] Successfully pushed crash log to GitHub!
[CRASH HANDLER] Successfully pushed crash log to GitHub!

Elapsed run time = 43205.8692 s

Elapsed run time = 43205.8708 s

Elapsed run time = 43205.8722 s

Elapsed run time = 43205.8736 s
[CRASH HANDLER] Successfully pushed crash log to GitHub!
[CRASH HANDLER] Successfully pushed crash log to GitHub!
[CRASH HANDLER] Successfully pushed crash log to GitHub!

Elapsed run time = 43205.9001 s
[CRASH HANDLER] Successfully pushed crash log to GitHub!

Elapsed run time = 43205.9028 s
[CRASH HANDLER] Successfully pushed crash log to GitHub!

Elapsed run time = 43205.9032 s
[CRASH HANDLER] Successfully pushed crash log to GitHub!

Elapsed run time = 43205.9058 s

Elapsed run time = 43205.9079 s

Elapsed run time = 43205.9087 s
[CRASH HANDLER] Successfully pushed crash log to GitHub!

Elapsed run time = 43205.9138 s
[CRASH HANDLER] Successfully pushed crash log to GitHub!

Elapsed run time = 43205.9200 s
[CRASH HANDLER] Successfully pushed crash log to GitHub!
[CRASH HANDLER] Successfully pushed crash log to GitHub!
[CRASH HANDLER] Successfully pushed crash log to GitHub!

Elapsed run time = 43205.9258 s

Elapsed run time = 43205.9267 s
[CRASH HANDLER] Successfully pushed crash log to GitHub!
[CRASH HANDLER] Successfully pushed crash log to GitHub!

Elapsed run time = 43205.9307 s

Elapsed run time = 43205.9316 s
[CRASH HANDLER] Successfully pushed crash log to GitHub!

Elapsed run time = 43205.9337 s
[CRASH HANDLER] Successfully pushed crash log to GitHub!

Elapsed run time = 43205.9369 s
[CRASH HANDLER] Successfully pushed crash log to GitHub!
[CRASH HANDLER] Successfully pushed crash log to GitHub!

Elapsed run time = 43205.9413 s

Elapsed run time = 43205.9432 s
[CRASH HANDLER] Successfully pushed crash log to GitHub!
[CRASH HANDLER] Successfully pushed crash log to GitHub!

Elapsed run time = 43205.9451 s
[CRASH HANDLER] Successfully pushed crash log to GitHub!
[CRASH HANDLER] Successfully pushed crash log to GitHub!

Elapsed run time = 43205.9488 s

Elapsed run time = 43205.9497 s

Elapsed run time = 43205.9517 s
[CRASH HANDLER] Successfully pushed crash log to GitHub!

Elapsed run time = 43205.9530 s
[CRASH HANDLER] Successfully pushed crash log to GitHub!

Elapsed run time = 43205.9572 s
[CRASH HANDLER] Successfully pushed crash log to GitHub!
[CRASH HANDLER] Successfully pushed crash log to GitHub!

Elapsed run time = 43205.9601 s
[CRASH HANDLER] Successfully pushed crash log to GitHub!

Elapsed run time = 43205.9630 s
[CRASH HANDLER] Successfully pushed crash log to GitHub!

Elapsed run time = 43205.9656 s
[CRASH HANDLER] Successfully pushed crash log to GitHub!

Elapsed run time = 43205.9673 s
[CRASH HANDLER] Successfully pushed crash log to GitHub!

Elapsed run time = 43205.9703 s
[CRASH HANDLER] Successfully pushed crash log to GitHub!

Elapsed run time = 43205.9720 s
[CRASH HANDLER] Successfully pushed crash log to GitHub!

Elapsed run time = 43205.9740 s
[CRASH HANDLER] Successfully pushed crash log to GitHub!

Elapsed run time = 43205.9769 s

Elapsed run time = 43205.9789 s
[CRASH HANDLER] Successfully pushed crash log to GitHub!

Elapsed run time = 43205.9805 s
[CRASH HANDLER] Successfully pushed crash log to GitHub!

Elapsed run time = 43205.9835 s
[CRASH HANDLER] Successfully pushed crash log to GitHub!

Elapsed run time = 43205.9873 s
[CRASH HANDLER] Successfully pushed crash log to GitHub!

Elapsed run time = 43205.9903 s
[CRASH HANDLER] Successfully pushed crash log to GitHub!
[CRASH HANDLER] Successfully pushed crash log to GitHub!

Elapsed run time = 43205.9952 s

Elapsed run time = 43205.9974 s

Elapsed run time = 43205.9977 s
[CRASH HANDLER] Successfully pushed crash log to GitHub!
[CRASH HANDLER] Successfully pushed crash log to GitHub!
[CRASH HANDLER] Successfully pushed crash log to GitHub!
[CRASH HANDLER] Successfully pushed crash log to GitHub!

Elapsed run time = 43206.0043 s

Elapsed run time = 43206.0057 s
[CRASH HANDLER] Successfully pushed crash log to GitHub!

Elapsed run time = 43206.0079 s
[CRASH HANDLER] Successfully pushed crash log to GitHub!

Elapsed run time = 43206.0088 s
[CRASH HANDLER] Successfully pushed crash log to GitHub!

Elapsed run time = 43206.0130 s

Elapsed run time = 43206.0140 s
[CRASH HANDLER] Successfully pushed crash log to GitHub!
[CRASH HANDLER] Successfully pushed crash log to GitHub!

Elapsed run time = 43206.0180 s
[CRASH HANDLER] Successfully pushed crash log to GitHub!

Elapsed run time = 43206.0213 s

Elapsed run time = 43206.0224 s
[CRASH HANDLER] Successfully pushed crash log to GitHub!

Elapsed run time = 43206.0251 s
[CRASH HANDLER] Successfully pushed crash log to GitHub!
[CRASH HANDLER] Successfully pushed crash log to GitHub!

Elapsed run time = 43206.0289 s

Elapsed run time = 43206.0306 s

Elapsed run time = 43206.0324 s
[CRASH HANDLER] Successfully pushed crash log to GitHub!
[CRASH HANDLER] Successfully pushed crash log to GitHub!
[CRASH HANDLER] Successfully pushed crash log to GitHub!

Elapsed run time = 43206.0589 s
[CRASH HANDLER] Successfully pushed crash log to GitHub!

Elapsed run time = 43206.0621 s

Elapsed run time = 43206.0632 s

Elapsed run time = 43206.0653 s
[CRASH HANDLER] Successfully pushed crash log to GitHub!
[CRASH HANDLER] Successfully pushed crash log to GitHub!
[CRASH HANDLER] Successfully pushed crash log to GitHub!

Elapsed run time = 43206.0708 s

Elapsed run time = 43206.0720 s
[CRASH HANDLER] Successfully pushed crash log to GitHub!
[CRASH HANDLER] Successfully pushed crash log to GitHub!

Elapsed run time = 43206.0758 s

Elapsed run time = 43206.0777 s
[CRASH HANDLER] Successfully pushed crash log to GitHub!

Elapsed run time = 43206.0805 s
[CRASH HANDLER] Successfully pushed crash log to GitHub!

Elapsed run time = 43206.0846 s
[CRASH HANDLER] Successfully pushed crash log to GitHub!

Elapsed run time = 43206.0872 s
[CRASH HANDLER] Successfully pushed crash log to GitHub!
[CRASH HANDLER] Successfully pushed crash log to GitHub!

Elapsed run time = 43206.0908 s
[CRASH HANDLER] Successfully pushed crash log to GitHub!
[CRASH HANDLER] Successfully pushed crash log to GitHub!

Elapsed run time = 43206.0946 s

Elapsed run time = 43206.0955 s

Elapsed run time = 43206.0974 s
[CRASH HANDLER] Successfully pushed crash log to GitHub!

Elapsed run time = 43206.0992 s
[CRASH HANDLER] Successfully pushed crash log to GitHub!

Elapsed run time = 43206.1026 s
[CRASH HANDLER] Successfully pushed crash log to GitHub!
[CRASH HANDLER] Successfully pushed crash log to GitHub!

Elapsed run time = 43206.1081 s

Elapsed run time = 43206.1084 s
[CRASH HANDLER] Successfully pushed crash log to GitHub!

Elapsed run time = 43206.1115 s
[CRASH HANDLER] Successfully pushed crash log to GitHub!
[CRASH HANDLER] Successfully pushed crash log to GitHub!

Elapsed run time = 43206.1167 s
[CRASH HANDLER] Successfully pushed crash log to GitHub!

Elapsed run time = 43206.1190 s
[CRASH HANDLER] Successfully pushed crash log to GitHub!

Elapsed run time = 43206.1214 s

Elapsed run time = 43206.1222 s
[CRASH HANDLER] Successfully pushed crash log to GitHub!

Elapsed run time = 43206.1246 s
[CRASH HANDLER] Successfully pushed crash log to GitHub!

Elapsed run time = 43206.1280 s
[CRASH HANDLER] Successfully pushed crash log to GitHub!
[CRASH HANDLER] Successfully pushed crash log to GitHub!

Elapsed run time = 43206.1325 s

Elapsed run time = 43206.1357 s
[CRASH HANDLER] Successfully pushed crash log to GitHub!

Elapsed run time = 43206.1376 s
[CRASH HANDLER] Successfully pushed crash log to GitHub!

Elapsed run time = 43206.1426 s
[CRASH HANDLER] Successfully pushed crash log to GitHub!

Elapsed run time = 43206.1443 s
[CRASH HANDLER] Successfully pushed crash log to GitHub!

Elapsed run time = 43206.1497 s

Elapsed run time = 43206.1536 s
[CRASH HANDLER] Successfully pushed crash log to GitHub!

Elapsed run time = 43206.1623 s
[CRASH HANDLER] Successfully pushed crash log to GitHub!
[CRASH HANDLER] Successfully pushed crash log to GitHub!

Elapsed run time = 43206.1719 s
[CRASH HANDLER] Successfully pushed crash log to GitHub!

Elapsed run time = 43206.1756 s
[CRASH HANDLER] Successfully pushed crash log to GitHub!

Elapsed run time = 43206.1787 s

Elapsed run time = 43206.1820 s
[CRASH HANDLER] Successfully pushed crash log to GitHub!
[CRASH HANDLER] Successfully pushed crash log to GitHub!
[CRASH HANDLER] Successfully pushed crash log to GitHub!
[CRASH HANDLER] Successfully pushed crash log to GitHub!

Elapsed run time = 43206.1988 s

Elapsed run time = 43206.1999 s

Elapsed run time = 43206.2023 s
[CRASH HANDLER] Successfully pushed crash log to GitHub!
[CRASH HANDLER] Successfully pushed crash log to GitHub!

Elapsed run time = 43206.2053 s
[CRASH HANDLER] Successfully pushed crash log to GitHub!
[CRASH HANDLER] Successfully pushed crash log to GitHub!

Elapsed run time = 43206.2091 s
[CRASH HANDLER] Successfully pushed crash log to GitHub!

Elapsed run time = 43206.2102 s
[CRASH HANDLER] Successfully pushed crash log to GitHub!

Elapsed run time = 43206.2119 s

Elapsed run time = 43206.2140 s

Elapsed run time = 43206.2143 s

Elapsed run time = 43206.2174 s
[CRASH HANDLER] Successfully pushed crash log to GitHub!
[CRASH HANDLER] Successfully pushed crash log to GitHub!

Elapsed run time = 43206.2742 s

Elapsed run time = 43206.2784 s
[CRASH HANDLER] Successfully pushed crash log to GitHub!

Elapsed run time = 43206.2930 s
[CRASH HANDLER] Successfully pushed crash log to GitHub!

Elapsed run time = 43206.3010 s
[CRASH HANDLER] Successfully pushed crash log to GitHub!
[CRASH HANDLER] Successfully pushed crash log to GitHub!

Elapsed run time = 43206.3087 s

Elapsed run time = 43206.3114 s
[CRASH HANDLER] Successfully pushed crash log to GitHub!

Elapsed run time = 43206.3698 s
[CRASH HANDLER] Successfully pushed crash log to GitHub!

Elapsed run time = 43206.3975 s
[CRASH HANDLER] Successfully pushed crash log to GitHub!

Elapsed run time = 43206.4298 s
On branch main
Your branch is up to date with 'origin/main'.

Changes not staged for commit:
  (use "git add <file>..." to update what will be committed)
  (use "git restore <file>..." to discard changes in working directory)
	modified:   cluster_diagnostics/master_crash_report.json

Untracked files:
  (use "git add <file>..." to include in what will be committed)
	cluster_diagnostics/crash_logs/crash_task_-1_20260923_001927.log
	cluster_diagnostics/crash_logs/crash_task_-1_20260923_001928.log
	cluster_diagnostics/crash_logs/crash_task_-1_20260923_001930.log

no changes added to commit (use "git add" and/or "git commit -a")
[CRASH HANDLER] Successfully pushed crash log to GitHub!

Elapsed run time = 43208.9008 s
[CRASH HANDLER] Successfully pushed crash log to GitHub!
[CRASH HANDLER] Successfully pushed crash log to GitHub!

Elapsed run time = 43210.4551 s

Elapsed run time = 43210.4589 s
[CRASH HANDLER] Successfully pushed crash log to GitHub!
[CRASH HANDLER] Successfully pushed crash log to GitHub!
[CRASH HANDLER] Successfully pushed crash log to GitHub!

Elapsed run time = 43210.7181 s

Elapsed run time = 43210.7198 s

Elapsed run time = 43210.7214 s
[CRASH HANDLER] Successfully pushed crash log to GitHub!

Elapsed run time = 43210.7240 s
[CRASH HANDLER] Successfully pushed crash log to GitHub!

Elapsed run time = 43210.7303 s
[CRASH HANDLER] Successfully pushed crash log to GitHub!

Elapsed run time = 43210.7429 s
[CRASH HANDLER] Successfully pushed crash log to GitHub!

Elapsed run time = 43210.7787 s
Command failed with exit status 143.
==================================================
[CRASH DETECTED] Task 10 exited with status code 143
==================================================

[CRASH HANDLER] Logged crash details to 'cluster_diagnostics/crash_logs/crash_task_10_20260923_001946.log'.
[CRASH HANDLER] Auto-syncing crash report to GitHub...
[main 3eeb2d0] CRASH LOG: Task 10 failed on x1002c4s7b0n1 (ExitCode_143)
 4 files changed, 141 insertions(+), 365 deletions(-)
 create mode 100644 cluster_diagnostics/crash_logs/crash_task_-1_20260923_001927.log
 create mode 100644 cluster_diagnostics/crash_logs/crash_task_-1_20260923_001930.log
 create mode 100644 cluster_diagnostics/crash_logs/crash_task_10_20260923_001946.log
[CRASH HANDLER] Successfully pushed crash log to GitHub!
Synchronizing progress and pushing reports for Task 10 (exit code 143)...
