================================================================================
QUANTUM CLUTCH: MOMENT MULTIPOLE CONVERGENCE VERIFICATION (n_max = 3)
Target: Task 1 (d = 40 nm, theta = 0.0 deg, R = 60, N = 3, Gold, L = 2.0 um)
Host: x1000c4s0b1n0
Started: Fri Sep 25 04:05:44 AM EDT 2026
================================================================================
Executing Quantum Clutch n_max=3 Convergence Simulation (216 FDTD moments)...
==================================================
RUNNING CRASH-PROOF MEEP SIMULATION WRAPPER
==================================================
Executing: srun -n 128 /N/u/gogordon/BigRed200/.conda/envs/meep/bin/python execution/run_meep_simulation.py --L 2.0 --d 0.04 --N 3 --N-bottom 3 --theta 0.0 --material Gold --res 60 --nmax 3 --eps-bg 1.0 --config all --no-subgroups --T-run 12.0 --max-walltime-hours 11.0 --campaign-task-id 999 --clutch --corrugation-angle 75.0 --r-tip 5.0
Starting simulation: d=0.04 um, N_top=3, N_bottom=3, material=Gold, resolution=60, nmax=3, theta=0.0, eps_bg=1.0, config=all, clutch=True, stepped_sieve=False, corrugated=False
Parallel configuration: 128 processes running 1 parallel moment partitions.
[BOTH] Loaded 100 cached moments from .tmp/chk_moments_v4_d_0.0400_Ntop_3_Nbot_3_mat_Gold_res_60_th_0.0_clutch_al_75.0_rtip_5.0_L_2.00_nmax_3_both.json
  [BOTH][Rank 0] Skipped moment 1/108 (task 0) [CACHED]: force_integral=-2.747318e-02
  [BOTH][Rank 0] Skipped moment 2/108 (task 1) [CACHED]: force_integral=-2.747318e-02
  [BOTH][Rank 0] Skipped moment 3/108 (task 2) [CACHED]: force_integral=+0.000000e+00
  [BOTH][Rank 0] Skipped moment 4/108 (task 3) [CACHED]: force_integral=+0.000000e+00
  [BOTH][Rank 0] Skipped moment 5/108 (task 4) [CACHED]: force_integral=-3.474008e+02
  [BOTH][Rank 0] Skipped moment 6/108 (task 5) [CACHED]: force_integral=+3.876452e+02
  [BOTH][Rank 0] Skipped moment 7/108 (task 6) [CACHED]: force_integral=-6.295471e-02
  [BOTH][Rank 0] Skipped moment 8/108 (task 7) [CACHED]: force_integral=-6.295471e-02
  [BOTH][Rank 0] Skipped moment 9/108 (task 8) [CACHED]: force_integral=+0.000000e+00
  [BOTH][Rank 0] Skipped moment 10/108 (task 9) [CACHED]: force_integral=+0.000000e+00
  [BOTH][Rank 0] Skipped moment 11/108 (task 10) [CACHED]: force_integral=-3.487426e+02
  [BOTH][Rank 0] Skipped moment 12/108 (task 11) [CACHED]: force_integral=+3.884225e+02
  [BOTH][Rank 0] Skipped moment 13/108 (task 12) [CACHED]: force_integral=-9.586916e-01
  [BOTH][Rank 0] Skipped moment 14/108 (task 13) [CACHED]: force_integral=-9.586916e-01
  [BOTH][Rank 0] Skipped moment 15/108 (task 14) [CACHED]: force_integral=+0.000000e+00
  [BOTH][Rank 0] Skipped moment 16/108 (task 15) [CACHED]: force_integral=+0.000000e+00
  [BOTH][Rank 0] Skipped moment 17/108 (task 16) [CACHED]: force_integral=-3.406467e+02
  [BOTH][Rank 0] Skipped moment 18/108 (task 17) [CACHED]: force_integral=+3.834025e+02
  [BOTH][Rank 0] Skipped moment 19/108 (task 18) [CACHED]: force_integral=+0.000000e+00
  [BOTH][Rank 0] Skipped moment 20/108 (task 19) [CACHED]: force_integral=+0.000000e+00
  [BOTH][Rank 0] Skipped moment 21/108 (task 20) [CACHED]: force_integral=-3.704524e-01
  [BOTH][Rank 0] Skipped moment 22/108 (task 21) [CACHED]: force_integral=-3.704524e-01
  [BOTH][Rank 0] Skipped moment 23/108 (task 22) [CACHED]: force_integral=-1.696246e+03
  [BOTH][Rank 0] Skipped moment 24/108 (task 23) [CACHED]: force_integral=+1.525383e+03
  [BOTH][Rank 0] Skipped moment 25/108 (task 24) [CACHED]: force_integral=+0.000000e+00
  [BOTH][Rank 0] Skipped moment 26/108 (task 25) [CACHED]: force_integral=+0.000000e+00
  [BOTH][Rank 0] Skipped moment 27/108 (task 26) [CACHED]: force_integral=-4.274883e-01
  [BOTH][Rank 0] Skipped moment 28/108 (task 27) [CACHED]: force_integral=-4.274883e-01
  [BOTH][Rank 0] Skipped moment 29/108 (task 28) [CACHED]: force_integral=-1.675998e+03
  [BOTH][Rank 0] Skipped moment 30/108 (task 29) [CACHED]: force_integral=+1.512119e+03
  [BOTH][Rank 0] Skipped moment 31/108 (task 30) [CACHED]: force_integral=+0.000000e+00
  [BOTH][Rank 0] Skipped moment 32/108 (task 31) [CACHED]: force_integral=+0.000000e+00
  [BOTH][Rank 0] Skipped moment 33/108 (task 32) [CACHED]: force_integral=-1.891861e+00
  [BOTH][Rank 0] Skipped moment 34/108 (task 33) [CACHED]: force_integral=-1.891861e+00
  [BOTH][Rank 0] Skipped moment 35/108 (task 34) [CACHED]: force_integral=-1.692923e+03
  [BOTH][Rank 0] Skipped moment 36/108 (task 35) [CACHED]: force_integral=+1.522347e+03
  [BOTH][Rank 0] Skipped moment 37/108 (task 36) [CACHED]: force_integral=+0.000000e+00
  [BOTH][Rank 0] Skipped moment 38/108 (task 37) [CACHED]: force_integral=+0.000000e+00
  [BOTH][Rank 0] Skipped moment 39/108 (task 38) [CACHED]: force_integral=+0.000000e+00
  [BOTH][Rank 0] Skipped moment 40/108 (task 39) [CACHED]: force_integral=+0.000000e+00
  [BOTH][Rank 0] Skipped moment 41/108 (task 40) [CACHED]: force_integral=+2.482762e+03
  [BOTH][Rank 0] Skipped moment 42/108 (task 41) [CACHED]: force_integral=-4.075096e+03
  [BOTH][Rank 0] Skipped moment 43/108 (task 42) [CACHED]: force_integral=+0.000000e+00
  [BOTH][Rank 0] Skipped moment 44/108 (task 43) [CACHED]: force_integral=+0.000000e+00
  [BOTH][Rank 0] Skipped moment 45/108 (task 44) [CACHED]: force_integral=+0.000000e+00
  [BOTH][Rank 0] Skipped moment 46/108 (task 45) [CACHED]: force_integral=+0.000000e+00
  [BOTH][Rank 0] Skipped moment 47/108 (task 46) [CACHED]: force_integral=+2.462408e+03
  [BOTH][Rank 0] Skipped moment 48/108 (task 47) [CACHED]: force_integral=-4.044347e+03
  [BOTH][Rank 0] Skipped moment 49/108 (task 48) [CACHED]: force_integral=+0.000000e+00
  [BOTH][Rank 0] Skipped moment 50/108 (task 49) [CACHED]: force_integral=+0.000000e+00
  [BOTH][Rank 0] Skipped moment 51/108 (task 50) [CACHED]: force_integral=+0.000000e+00
  [BOTH][Rank 0] Skipped moment 52/108 (task 51) [CACHED]: force_integral=+0.000000e+00
  [BOTH][Rank 0] Skipped moment 53/108 (task 52) [CACHED]: force_integral=+2.462622e+03
  [BOTH][Rank 0] Skipped moment 54/108 (task 53) [CACHED]: force_integral=-4.044349e+03
  [BOTH][Rank 0] Skipped moment 55/108 (task 54) [CACHED]: force_integral=-2.402524e+00
  [BOTH][Rank 0] Skipped moment 56/108 (task 55) [CACHED]: force_integral=-2.402524e+00
  [BOTH][Rank 0] Skipped moment 57/108 (task 56) [CACHED]: force_integral=+0.000000e+00
  [BOTH][Rank 0] Skipped moment 58/108 (task 57) [CACHED]: force_integral=+0.000000e+00
  [BOTH][Rank 0] Skipped moment 59/108 (task 58) [CACHED]: force_integral=-1.550355e+03
  [BOTH][Rank 0] Skipped moment 60/108 (task 59) [CACHED]: force_integral=+1.674425e+03
  [BOTH][Rank 0] Skipped moment 61/108 (task 60) [CACHED]: force_integral=-2.099623e+00
  [BOTH][Rank 0] Skipped moment 62/108 (task 61) [CACHED]: force_integral=-2.099623e+00
  [BOTH][Rank 0] Skipped moment 63/108 (task 62) [CACHED]: force_integral=+0.000000e+00
  [BOTH][Rank 0] Skipped moment 64/108 (task 63) [CACHED]: force_integral=+0.000000e+00
  [BOTH][Rank 0] Skipped moment 65/108 (task 64) [CACHED]: force_integral=-1.547540e+03
  [BOTH][Rank 0] Skipped moment 66/108 (task 65) [CACHED]: force_integral=+1.670913e+03
  [BOTH][Rank 0] Skipped moment 67/108 (task 66) [CACHED]: force_integral=+1.863494e-01
  [BOTH][Rank 0] Skipped moment 68/108 (task 67) [CACHED]: force_integral=+1.863494e-01
  [BOTH][Rank 0] Skipped moment 69/108 (task 68) [CACHED]: force_integral=+0.000000e+00
  [BOTH][Rank 0] Skipped moment 70/108 (task 69) [CACHED]: force_integral=+0.000000e+00
  [BOTH][Rank 0] Skipped moment 71/108 (task 70) [CACHED]: force_integral=-1.536889e+03
  [BOTH][Rank 0] Skipped moment 72/108 (task 71) [CACHED]: force_integral=+1.654741e+03
  [BOTH][Rank 0] Skipped moment 73/108 (task 72) [CACHED]: force_integral=+0.000000e+00
  [BOTH][Rank 0] Skipped moment 74/108 (task 73) [CACHED]: force_integral=+0.000000e+00
  [BOTH][Rank 0] Skipped moment 75/108 (task 74) [CACHED]: force_integral=-2.399236e+00
  [BOTH][Rank 0] Skipped moment 76/108 (task 75) [CACHED]: force_integral=-2.399236e+00
  [BOTH][Rank 0] Skipped moment 77/108 (task 76) [CACHED]: force_integral=-1.553381e+03
  [BOTH][Rank 0] Skipped moment 78/108 (task 77) [CACHED]: force_integral=+1.674427e+03
  [BOTH][Rank 0] Skipped moment 79/108 (task 78) [CACHED]: force_integral=+0.000000e+00
  [BOTH][Rank 0] Skipped moment 80/108 (task 79) [CACHED]: force_integral=+0.000000e+00
  [BOTH][Rank 0] Skipped moment 81/108 (task 80) [CACHED]: force_integral=-2.125412e+00
  [BOTH][Rank 0] Skipped moment 82/108 (task 81) [CACHED]: force_integral=-2.125412e+00
  [BOTH][Rank 0] Skipped moment 83/108 (task 82) [CACHED]: force_integral=-1.538736e+03
  [BOTH][Rank 0] Skipped moment 84/108 (task 83) [CACHED]: force_integral=+1.654743e+03
  [BOTH][Rank 0] Skipped moment 85/108 (task 84) [CACHED]: force_integral=+0.000000e+00
  [BOTH][Rank 0] Skipped moment 86/108 (task 85) [CACHED]: force_integral=+0.000000e+00
  [BOTH][Rank 0] Skipped moment 87/108 (task 86) [CACHED]: force_integral=+3.490697e-01
  [BOTH][Rank 0] Skipped moment 88/108 (task 87) [CACHED]: force_integral=+3.490697e-01
  [BOTH][Rank 0] Skipped moment 89/108 (task 88) [CACHED]: force_integral=-1.551501e+03
  [BOTH][Rank 0] Skipped moment 90/108 (task 89) [CACHED]: force_integral=+1.670915e+03
  [BOTH][Rank 0] Skipped moment 91/108 (task 90) [CACHED]: force_integral=+0.000000e+00
  [BOTH][Rank 0] Skipped moment 92/108 (task 91) [CACHED]: force_integral=+0.000000e+00
  [BOTH][Rank 0] Skipped moment 93/108 (task 92) [CACHED]: force_integral=+0.000000e+00
  [BOTH][Rank 0] Skipped moment 94/108 (task 93) [CACHED]: force_integral=+0.000000e+00
  [BOTH][Rank 0] Skipped moment 95/108 (task 94) [CACHED]: force_integral=+4.971636e+03
  [BOTH][Rank 0] Skipped moment 96/108 (task 95) [CACHED]: force_integral=-2.583188e+03
  [BOTH][Rank 0] Skipped moment 97/108 (task 96) [CACHED]: force_integral=+0.000000e+00
  [BOTH][Rank 0] Skipped moment 98/108 (task 97) [CACHED]: force_integral=+0.000000e+00
  [BOTH][Rank 0] Skipped moment 99/108 (task 98) [CACHED]: force_integral=+0.000000e+00
  [BOTH][Rank 0] Skipped moment 100/108 (task 99) [CACHED]: force_integral=+0.000000e+00
  [BOTH][Rank 0] Done moment 101/108 (task 100): force_integral=+4.935651e+03
  [BOTH][Rank 0] Done moment 101/108 (task 100): force_integral=+4.935651e+03
  [BOTH][Rank 0] Done moment 101/108 (task 100): force_integral=+4.935651e+03
  [BOTH][Rank 0] Done moment 101/108 (task 100): force_integral=+4.935651e+03
  [BOTH][Rank 0] Done moment 101/108 (task 100): force_integral=+4.935651e+03
  [BOTH][Rank 0] Done moment 101/108 (task 100): force_integral=+4.935651e+03
  [BOTH][Rank 0] Done moment 101/108 (task 100): force_integral=+4.935651e+03
  [BOTH][Rank 0] Done moment 101/108 (task 100): force_integral=+4.935651e+03
  [BOTH][Rank 0] Done moment 101/108 (task 100): force_integral=+4.935651e+03
  [BOTH][Rank 0] Done moment 101/108 (task 100): force_integral=+4.935651e+03
  [BOTH][Rank 0] Done moment 101/108 (task 100): force_integral=+4.935651e+03
  [BOTH][Rank 0] Done moment 101/108 (task 100): force_integral=+4.935651e+03
  [BOTH][Rank 0] Done moment 101/108 (task 100): force_integral=+4.935651e+03
  [BOTH][Rank 0] Done moment 101/108 (task 100): force_integral=+4.935651e+03
  [BOTH][Rank 0] Done moment 101/108 (task 100): force_integral=+4.935651e+03
  [BOTH][Rank 0] Done moment 101/108 (task 100): force_integral=+4.935651e+03
  [BOTH][Rank 0] Done moment 101/108 (task 100): force_integral=+4.935651e+03
  [BOTH][Rank 0] Done moment 101/108 (task 100): force_integral=+4.935651e+03
  [BOTH][Rank 0] Done moment 101/108 (task 100): force_integral=+4.935651e+03
  [BOTH][Rank 0] Done moment 101/108 (task 100): force_integral=+4.935651e+03
  [BOTH][Rank 0] Done moment 101/108 (task 100): force_integral=+4.935651e+03
  [BOTH][Rank 0] Done moment 101/108 (task 100): force_integral=+4.935651e+03
  [BOTH][Rank 0] Done moment 101/108 (task 100): force_integral=+4.935651e+03
  [BOTH][Rank 0] Done moment 101/108 (task 100): force_integral=+4.935651e+03
  [BOTH][Rank 0] Done moment 101/108 (task 100): force_integral=+4.935651e+03
  [BOTH][Rank 0] Done moment 101/108 (task 100): force_integral=+4.935651e+03
  [BOTH][Rank 0] Done moment 101/108 (task 100): force_integral=+4.935651e+03
  [BOTH][Rank 0] Done moment 101/108 (task 100): force_integral=+4.935651e+03
  [BOTH][Rank 0] Done moment 101/108 (task 100): force_integral=+4.935651e+03
  [BOTH][Rank 0] Done moment 101/108 (task 100): force_integral=+4.935651e+03
  [BOTH][Rank 0] Done moment 101/108 (task 100): force_integral=+4.935651e+03
  [BOTH][Rank 0] Done moment 101/108 (task 100): force_integral=+4.935651e+03
  [BOTH][Rank 0] Done moment 101/108 (task 100): force_integral=+4.935651e+03
  [BOTH][Rank 0] Done moment 101/108 (task 100): force_integral=+4.935651e+03
  [BOTH][Rank 0] Done moment 101/108 (task 100): force_integral=+4.935651e+03
  [BOTH][Rank 0] Done moment 101/108 (task 100): force_integral=+4.935651e+03
  [BOTH][Rank 0] Done moment 101/108 (task 100): force_integral=+4.935651e+03
  [BOTH][Rank 0] Done moment 101/108 (task 100): force_integral=+4.935651e+03
  [BOTH][Rank 0] Done moment 101/108 (task 100): force_integral=+4.935651e+03
  [BOTH][Rank 0] Done moment 101/108 (task 100): force_integral=+4.935651e+03
  [BOTH][Rank 0] Done moment 101/108 (task 100): force_integral=+4.935651e+03
  [BOTH][Rank 0] Done moment 101/108 (task 100): force_integral=+4.935651e+03
  [BOTH][Rank 0] Done moment 101/108 (task 100): force_integral=+4.935651e+03
  [BOTH][Rank 0] Done moment 101/108 (task 100): force_integral=+4.935651e+03
  [BOTH][Rank 0] Done moment 101/108 (task 100): force_integral=+4.935651e+03
  [BOTH][Rank 0] Done moment 101/108 (task 100): force_integral=+4.935651e+03
  [BOTH][Rank 0] Done moment 101/108 (task 100): force_integral=+4.935651e+03
  [BOTH][Rank 0] Done moment 101/108 (task 100): force_integral=+4.935651e+03
  [BOTH][Rank 0] Done moment 101/108 (task 100): force_integral=+4.935651e+03
  [BOTH][Rank 0] Done moment 101/108 (task 100): force_integral=+4.935651e+03
  [BOTH][Rank 0] Done moment 101/108 (task 100): force_integral=+4.935651e+03
  [BOTH][Rank 0] Done moment 101/108 (task 100): force_integral=+4.935651e+03
  [BOTH][Rank 0] Done moment 101/108 (task 100): force_integral=+4.935651e+03
  [BOTH][Rank 0] Done moment 101/108 (task 100): force_integral=+4.935651e+03
  [BOTH][Rank 0] Done moment 101/108 (task 100): force_integral=+4.935651e+03
  [BOTH][Rank 0] Done moment 101/108 (task 100): force_integral=+4.935651e+03
  [BOTH][Rank 0] Done moment 101/108 (task 100): force_integral=+4.935651e+03
  [BOTH][Rank 0] Done moment 101/108 (task 100): force_integral=+4.935651e+03
  [BOTH][Rank 0] Done moment 101/108 (task 100): force_integral=+4.935651e+03
  [BOTH][Rank 0] Done moment 101/108 (task 100): force_integral=+4.935651e+03
  [BOTH][Rank 0] Done moment 101/108 (task 100): force_integral=+4.935651e+03
  [BOTH][Rank 0] Done moment 101/108 (task 100): force_integral=+4.935651e+03
  [BOTH][Rank 0] Done moment 101/108 (task 100): force_integral=+4.935651e+03
  [BOTH][Rank 0] Done moment 101/108 (task 100): force_integral=+4.935651e+03
  [BOTH][Rank 0] Done moment 101/108 (task 100): force_integral=+4.935651e+03
  [BOTH][Rank 0] Done moment 101/108 (task 100): force_integral=+4.935651e+03
  [BOTH][Rank 0] Done moment 101/108 (task 100): force_integral=+4.935651e+03
  [BOTH][Rank 0] Done moment 101/108 (task 100): force_integral=+4.935651e+03
  [BOTH][Rank 0] Done moment 101/108 (task 100): force_integral=+4.935651e+03
  [BOTH][Rank 0] Done moment 101/108 (task 100): force_integral=+4.935651e+03
  [BOTH][Rank 0] Done moment 101/108 (task 100): force_integral=+4.935651e+03
  [BOTH][Rank 0] Done moment 101/108 (task 100): force_integral=+4.935651e+03
  [BOTH][Rank 0] Done moment 101/108 (task 100): force_integral=+4.935651e+03
  [BOTH][Rank 0] Done moment 101/108 (task 100): force_integral=+4.935651e+03
  [BOTH][Rank 0] Done moment 101/108 (task 100): force_integral=+4.935651e+03
  [BOTH][Rank 0] Done moment 101/108 (task 100): force_integral=+4.935651e+03
  [BOTH][Rank 0] Done moment 101/108 (task 100): force_integral=+4.935651e+03
  [BOTH][Rank 0] Done moment 101/108 (task 100): force_integral=+4.935651e+03
  [BOTH][Rank 0] Done moment 101/108 (task 100): force_integral=+4.935651e+03
  [BOTH][Rank 0] Done moment 101/108 (task 100): force_integral=+4.935651e+03
  [BOTH][Rank 0] Done moment 101/108 (task 100): force_integral=+4.935651e+03
  [BOTH][Rank 0] Done moment 101/108 (task 100): force_integral=+4.935651e+03
  [BOTH][Rank 0] Done moment 101/108 (task 100): force_integral=+4.935651e+03
  [BOTH][Rank 0] Done moment 101/108 (task 100): force_integral=+4.935651e+03
  [BOTH][Rank 0] Done moment 101/108 (task 100): force_integral=+4.935651e+03
  [BOTH][Rank 0] Done moment 101/108 (task 100): force_integral=+4.935651e+03
  [BOTH][Rank 0] Done moment 101/108 (task 100): force_integral=+4.935651e+03
  [BOTH][Rank 0] Done moment 101/108 (task 100): force_integral=+4.935651e+03
  [BOTH][Rank 0] Done moment 101/108 (task 100): force_integral=+4.935651e+03
  [BOTH][Rank 0] Done moment 101/108 (task 100): force_integral=+4.935651e+03
  [BOTH][Rank 0] Done moment 101/108 (task 100): force_integral=+4.935651e+03
  [BOTH][Rank 0] Done moment 101/108 (task 100): force_integral=+4.935651e+03
  [BOTH][Rank 0] Done moment 101/108 (task 100): force_integral=+4.935651e+03
  [BOTH][Rank 0] Done moment 101/108 (task 100): force_integral=+4.935651e+03
  [BOTH][Rank 0] Done moment 101/108 (task 100): force_integral=+4.935651e+03
  [BOTH][Rank 0] Done moment 101/108 (task 100): force_integral=+4.935651e+03
  [BOTH][Rank 0] Done moment 101/108 (task 100): force_integral=+4.935651e+03
  [BOTH][Rank 0] Done moment 101/108 (task 100): force_integral=+4.935651e+03
  [BOTH][Rank 0] Done moment 101/108 (task 100): force_integral=+4.935651e+03
  [BOTH][Rank 0] Done moment 101/108 (task 100): force_integral=+4.935651e+03
  [BOTH][Rank 0] Done moment 101/108 (task 100): force_integral=+4.935651e+03
  [BOTH][Rank 0] Done moment 101/108 (task 100): force_integral=+4.935651e+03
  [BOTH][Rank 0] Done moment 101/108 (task 100): force_integral=+4.935651e+03
  [BOTH][Rank 0] Done moment 101/108 (task 100): force_integral=+4.935651e+03
  [BOTH][Rank 0] Done moment 101/108 (task 100): force_integral=+4.935651e+03
  [BOTH][Rank 0] Done moment 101/108 (task 100): force_integral=+4.935651e+03
  [BOTH][Rank 0] Done moment 101/108 (task 100): force_integral=+4.935651e+03
  [BOTH][Rank 0] Done moment 101/108 (task 100): force_integral=+4.935651e+03
  [BOTH][Rank 0] Done moment 101/108 (task 100): force_integral=+4.935651e+03
  [BOTH][Rank 0] Done moment 101/108 (task 100): force_integral=+4.935651e+03
  [BOTH][Rank 0] Done moment 101/108 (task 100): force_integral=+4.935651e+03
  [BOTH][Rank 0] Done moment 101/108 (task 100): force_integral=+4.935651e+03
  [BOTH][Rank 0] Done moment 101/108 (task 100): force_integral=+4.935651e+03
  [BOTH][Rank 0] Done moment 101/108 (task 100): force_integral=+4.935651e+03
  [BOTH][Rank 0] Done moment 101/108 (task 100): force_integral=+4.935651e+03
  [BOTH][Rank 0] Done moment 101/108 (task 100): force_integral=+4.935651e+03
  [BOTH][Rank 0] Done moment 101/108 (task 100): force_integral=+4.935651e+03
  [BOTH][Rank 0] Done moment 101/108 (task 100): force_integral=+4.935651e+03
  [BOTH][Rank 0] Done moment 101/108 (task 100): force_integral=+4.935651e+03
  [BOTH][Rank 0] Done moment 101/108 (task 100): force_integral=+4.935651e+03
  [BOTH][Rank 0] Done moment 101/108 (task 100): force_integral=+4.935651e+03
  [BOTH][Rank 0] Done moment 101/108 (task 100): force_integral=+4.935651e+03
  [BOTH][Rank 0] Done moment 101/108 (task 100): force_integral=+4.935651e+03
  [BOTH][Rank 0] Done moment 101/108 (task 100): force_integral=+4.935651e+03
  [BOTH][Rank 0] Done moment 101/108 (task 100): force_integral=+4.935651e+03
  [BOTH][Rank 0] Done moment 101/108 (task 100): force_integral=+4.935651e+03
  [BOTH][Rank 0] Done moment 101/108 (task 100): force_integral=+4.935651e+03
  [BOTH][Rank 0] Done moment 101/108 (task 100): force_integral=+4.935651e+03
  [BOTH][Rank 0] Done moment 102/108 (task 101): force_integral=-2.563451e+03
  [BOTH][Rank 0] Done moment 102/108 (task 101): force_integral=-2.563451e+03
  [BOTH][Rank 0] Done moment 102/108 (task 101): force_integral=-2.563451e+03
  [BOTH][Rank 0] Done moment 102/108 (task 101): force_integral=-2.563451e+03
  [BOTH][Rank 0] Done moment 102/108 (task 101): force_integral=-2.563451e+03
  [BOTH][Rank 0] Done moment 102/108 (task 101): force_integral=-2.563451e+03
  [BOTH][Rank 0] Done moment 102/108 (task 101): force_integral=-2.563451e+03
  [BOTH][Rank 0] Done moment 102/108 (task 101): force_integral=-2.563451e+03
  [BOTH][Rank 0] Done moment 102/108 (task 101): force_integral=-2.563451e+03
  [BOTH][Rank 0] Done moment 102/108 (task 101): force_integral=-2.563451e+03
  [BOTH][Rank 0] Done moment 102/108 (task 101): force_integral=-2.563451e+03
  [BOTH][Rank 0] Done moment 102/108 (task 101): force_integral=-2.563451e+03
  [BOTH][Rank 0] Done moment 102/108 (task 101): force_integral=-2.563451e+03
  [BOTH][Rank 0] Done moment 102/108 (task 101): force_integral=-2.563451e+03
  [BOTH][Rank 0] Done moment 102/108 (task 101): force_integral=-2.563451e+03
  [BOTH][Rank 0] Done moment 102/108 (task 101): force_integral=-2.563451e+03
  [BOTH][Rank 0] Done moment 102/108 (task 101): force_integral=-2.563451e+03
  [BOTH][Rank 0] Done moment 102/108 (task 101): force_integral=-2.563451e+03
  [BOTH][Rank 0] Done moment 102/108 (task 101): force_integral=-2.563451e+03
  [BOTH][Rank 0] Done moment 102/108 (task 101): force_integral=-2.563451e+03
  [BOTH][Rank 0] Done moment 102/108 (task 101): force_integral=-2.563451e+03
  [BOTH][Rank 0] Done moment 102/108 (task 101): force_integral=-2.563451e+03
  [BOTH][Rank 0] Done moment 102/108 (task 101): force_integral=-2.563451e+03
  [BOTH][Rank 0] Done moment 102/108 (task 101): force_integral=-2.563451e+03
  [BOTH][Rank 0] Done moment 102/108 (task 101): force_integral=-2.563451e+03
  [BOTH][Rank 0] Done moment 102/108 (task 101): force_integral=-2.563451e+03
  [BOTH][Rank 0] Done moment 102/108 (task 101): force_integral=-2.563451e+03
  [BOTH][Rank 0] Done moment 102/108 (task 101): force_integral=-2.563451e+03
  [BOTH][Rank 0] Done moment 102/108 (task 101): force_integral=-2.563451e+03
  [BOTH][Rank 0] Done moment 102/108 (task 101): force_integral=-2.563451e+03
  [BOTH][Rank 0] Done moment 102/108 (task 101): force_integral=-2.563451e+03
  [BOTH][Rank 0] Done moment 102/108 (task 101): force_integral=-2.563451e+03
  [BOTH][Rank 0] Done moment 102/108 (task 101): force_integral=-2.563451e+03
  [BOTH][Rank 0] Done moment 102/108 (task 101): force_integral=-2.563451e+03
  [BOTH][Rank 0] Done moment 102/108 (task 101): force_integral=-2.563451e+03
  [BOTH][Rank 0] Done moment 102/108 (task 101): force_integral=-2.563451e+03
  [BOTH][Rank 0] Done moment 102/108 (task 101): force_integral=-2.563451e+03
  [BOTH][Rank 0] Done moment 102/108 (task 101): force_integral=-2.563451e+03
  [BOTH][Rank 0] Done moment 102/108 (task 101): force_integral=-2.563451e+03
  [BOTH][Rank 0] Done moment 102/108 (task 101): force_integral=-2.563451e+03
  [BOTH][Rank 0] Done moment 102/108 (task 101): force_integral=-2.563451e+03
  [BOTH][Rank 0] Done moment 102/108 (task 101): force_integral=-2.563451e+03
  [BOTH][Rank 0] Done moment 102/108 (task 101): force_integral=-2.563451e+03
  [BOTH][Rank 0] Done moment 102/108 (task 101): force_integral=-2.563451e+03
  [BOTH][Rank 0] Done moment 102/108 (task 101): force_integral=-2.563451e+03
  [BOTH][Rank 0] Done moment 102/108 (task 101): force_integral=-2.563451e+03
  [BOTH][Rank 0] Done moment 102/108 (task 101): force_integral=-2.563451e+03
  [BOTH][Rank 0] Done moment 102/108 (task 101): force_integral=-2.563451e+03
  [BOTH][Rank 0] Done moment 102/108 (task 101): force_integral=-2.563451e+03
  [BOTH][Rank 0] Done moment 102/108 (task 101): force_integral=-2.563451e+03
  [BOTH][Rank 0] Done moment 102/108 (task 101): force_integral=-2.563451e+03
  [BOTH][Rank 0] Done moment 102/108 (task 101): force_integral=-2.563451e+03
  [BOTH][Rank 0] Done moment 102/108 (task 101): force_integral=-2.563451e+03
  [BOTH][Rank 0] Done moment 102/108 (task 101): force_integral=-2.563451e+03
  [BOTH][Rank 0] Done moment 102/108 (task 101): force_integral=-2.563451e+03
  [BOTH][Rank 0] Done moment 102/108 (task 101): force_integral=-2.563451e+03
  [BOTH][Rank 0] Done moment 102/108 (task 101): force_integral=-2.563451e+03
  [BOTH][Rank 0] Done moment 102/108 (task 101): force_integral=-2.563451e+03
  [BOTH][Rank 0] Done moment 102/108 (task 101): force_integral=-2.563451e+03
  [BOTH][Rank 0] Done moment 102/108 (task 101): force_integral=-2.563451e+03
  [BOTH][Rank 0] Done moment 102/108 (task 101): force_integral=-2.563451e+03
  [BOTH][Rank 0] Done moment 102/108 (task 101): force_integral=-2.563451e+03
  [BOTH][Rank 0] Done moment 102/108 (task 101): force_integral=-2.563451e+03
  [BOTH][Rank 0] Done moment 102/108 (task 101): force_integral=-2.563451e+03
  [BOTH][Rank 0] Done moment 102/108 (task 101): force_integral=-2.563451e+03
  [BOTH][Rank 0] Done moment 102/108 (task 101): force_integral=-2.563451e+03
  [BOTH][Rank 0] Done moment 102/108 (task 101): force_integral=-2.563451e+03
  [BOTH][Rank 0] Done moment 102/108 (task 101): force_integral=-2.563451e+03
  [BOTH][Rank 0] Done moment 102/108 (task 101): force_integral=-2.563451e+03
  [BOTH][Rank 0] Done moment 102/108 (task 101): force_integral=-2.563451e+03
  [BOTH][Rank 0] Done moment 102/108 (task 101): force_integral=-2.563451e+03
  [BOTH][Rank 0] Done moment 102/108 (task 101): force_integral=-2.563451e+03
  [BOTH][Rank 0] Done moment 102/108 (task 101): force_integral=-2.563451e+03
  [BOTH][Rank 0] Done moment 102/108 (task 101): force_integral=-2.563451e+03
  [BOTH][Rank 0] Done moment 102/108 (task 101): force_integral=-2.563451e+03
  [BOTH][Rank 0] Done moment 102/108 (task 101): force_integral=-2.563451e+03
  [BOTH][Rank 0] Done moment 102/108 (task 101): force_integral=-2.563451e+03
  [BOTH][Rank 0] Done moment 102/108 (task 101): force_integral=-2.563451e+03
  [BOTH][Rank 0] Done moment 102/108 (task 101): force_integral=-2.563451e+03
  [BOTH][Rank 0] Done moment 102/108 (task 101): force_integral=-2.563451e+03
  [BOTH][Rank 0] Done moment 102/108 (task 101): force_integral=-2.563451e+03
  [BOTH][Rank 0] Done moment 102/108 (task 101): force_integral=-2.563451e+03
  [BOTH][Rank 0] Done moment 102/108 (task 101): force_integral=-2.563451e+03
  [BOTH][Rank 0] Done moment 102/108 (task 101): force_integral=-2.563451e+03
  [BOTH][Rank 0] Done moment 102/108 (task 101): force_integral=-2.563451e+03
  [BOTH][Rank 0] Done moment 102/108 (task 101): force_integral=-2.563451e+03
  [BOTH][Rank 0] Done moment 102/108 (task 101): force_integral=-2.563451e+03
  [BOTH][Rank 0] Done moment 102/108 (task 101): force_integral=-2.563451e+03
  [BOTH][Rank 0] Done moment 102/108 (task 101): force_integral=-2.563451e+03
  [BOTH][Rank 0] Done moment 102/108 (task 101): force_integral=-2.563451e+03
  [BOTH][Rank 0] Done moment 102/108 (task 101): force_integral=-2.563451e+03
  [BOTH][Rank 0] Done moment 102/108 (task 101): force_integral=-2.563451e+03
  [BOTH][Rank 0] Done moment 102/108 (task 101): force_integral=-2.563451e+03
  [BOTH][Rank 0] Done moment 102/108 (task 101): force_integral=-2.563451e+03
  [BOTH][Rank 0] Done moment 102/108 (task 101): force_integral=-2.563451e+03
  [BOTH][Rank 0] Done moment 102/108 (task 101): force_integral=-2.563451e+03
  [BOTH][Rank 0] Done moment 102/108 (task 101): force_integral=-2.563451e+03
  [BOTH][Rank 0] Done moment 102/108 (task 101): force_integral=-2.563451e+03
  [BOTH][Rank 0] Done moment 102/108 (task 101): force_integral=-2.563451e+03
  [BOTH][Rank 0] Done moment 102/108 (task 101): force_integral=-2.563451e+03
  [BOTH][Rank 0] Done moment 102/108 (task 101): force_integral=-2.563451e+03
  [BOTH][Rank 0] Done moment 102/108 (task 101): force_integral=-2.563451e+03
  [BOTH][Rank 0] Done moment 102/108 (task 101): force_integral=-2.563451e+03
  [BOTH][Rank 0] Done moment 102/108 (task 101): force_integral=-2.563451e+03
  [BOTH][Rank 0] Done moment 102/108 (task 101): force_integral=-2.563451e+03
  [BOTH][Rank 0] Done moment 102/108 (task 101): force_integral=-2.563451e+03
  [BOTH][Rank 0] Done moment 102/108 (task 101): force_integral=-2.563451e+03
  [BOTH][Rank 0] Done moment 102/108 (task 101): force_integral=-2.563451e+03
  [BOTH][Rank 0] Done moment 102/108 (task 101): force_integral=-2.563451e+03
  [BOTH][Rank 0] Done moment 102/108 (task 101): force_integral=-2.563451e+03
  [BOTH][Rank 0] Done moment 102/108 (task 101): force_integral=-2.563451e+03
  [BOTH][Rank 0] Done moment 102/108 (task 101): force_integral=-2.563451e+03
  [BOTH][Rank 0] Done moment 102/108 (task 101): force_integral=-2.563451e+03
  [BOTH][Rank 0] Done moment 102/108 (task 101): force_integral=-2.563451e+03
  [BOTH][Rank 0] Done moment 102/108 (task 101): force_integral=-2.563451e+03
  [BOTH][Rank 0] Done moment 102/108 (task 101): force_integral=-2.563451e+03
  [BOTH][Rank 0] Done moment 102/108 (task 101): force_integral=-2.563451e+03
  [BOTH][Rank 0] Done moment 102/108 (task 101): force_integral=-2.563451e+03
  [BOTH][Rank 0] Done moment 102/108 (task 101): force_integral=-2.563451e+03
  [BOTH][Rank 0] Done moment 102/108 (task 101): force_integral=-2.563451e+03
  [BOTH][Rank 0] Done moment 102/108 (task 101): force_integral=-2.563451e+03
  [BOTH][Rank 0] Done moment 102/108 (task 101): force_integral=-2.563451e+03
  [BOTH][Rank 0] Done moment 102/108 (task 101): force_integral=-2.563451e+03
  [BOTH][Rank 0] Done moment 102/108 (task 101): force_integral=-2.563451e+03
  [BOTH][Rank 0] Done moment 102/108 (task 101): force_integral=-2.563451e+03
  [BOTH][Rank 0] Done moment 102/108 (task 101): force_integral=-2.563451e+03
  [BOTH][Rank 0] Done moment 102/108 (task 101): force_integral=-2.563451e+03
  [BOTH][Rank 0] Done moment 102/108 (task 101): force_integral=-2.563451e+03
  [BOTH][Rank 0] Done moment 103/108 (task 102): force_integral=+0.000000e+00
  [BOTH][Rank 0] Done moment 103/108 (task 102): force_integral=+0.000000e+00
  [BOTH][Rank 0] Done moment 103/108 (task 102): force_integral=+0.000000e+00
  [BOTH][Rank 0] Done moment 103/108 (task 102): force_integral=+0.000000e+00
  [BOTH][Rank 0] Done moment 103/108 (task 102): force_integral=+0.000000e+00
  [BOTH][Rank 0] Done moment 103/108 (task 102): force_integral=+0.000000e+00
  [BOTH][Rank 0] Done moment 103/108 (task 102): force_integral=+0.000000e+00
  [BOTH][Rank 0] Done moment 103/108 (task 102): force_integral=+0.000000e+00
  [BOTH][Rank 0] Done moment 103/108 (task 102): force_integral=+0.000000e+00
  [BOTH][Rank 0] Done moment 103/108 (task 102): force_integral=+0.000000e+00
  [BOTH][Rank 0] Done moment 103/108 (task 102): force_integral=+0.000000e+00
  [BOTH][Rank 0] Done moment 103/108 (task 102): force_integral=+0.000000e+00
  [BOTH][Rank 0] Done moment 103/108 (task 102): force_integral=+0.000000e+00
  [BOTH][Rank 0] Done moment 103/108 (task 102): force_integral=+0.000000e+00
  [BOTH][Rank 0] Done moment 103/108 (task 102): force_integral=+0.000000e+00
  [BOTH][Rank 0] Done moment 103/108 (task 102): force_integral=+0.000000e+00
  [BOTH][Rank 0] Done moment 103/108 (task 102): force_integral=+0.000000e+00
  [BOTH][Rank 0] Done moment 103/108 (task 102): force_integral=+0.000000e+00
  [BOTH][Rank 0] Done moment 103/108 (task 102): force_integral=+0.000000e+00
  [BOTH][Rank 0] Done moment 103/108 (task 102): force_integral=+0.000000e+00
  [BOTH][Rank 0] Done moment 103/108 (task 102): force_integral=+0.000000e+00
  [BOTH][Rank 0] Done moment 103/108 (task 102): force_integral=+0.000000e+00
  [BOTH][Rank 0] Done moment 103/108 (task 102): force_integral=+0.000000e+00
  [BOTH][Rank 0] Done moment 103/108 (task 102): force_integral=+0.000000e+00
  [BOTH][Rank 0] Done moment 103/108 (task 102): force_integral=+0.000000e+00
  [BOTH][Rank 0] Done moment 103/108 (task 102): force_integral=+0.000000e+00
  [BOTH][Rank 0] Done moment 103/108 (task 102): force_integral=+0.000000e+00
  [BOTH][Rank 0] Done moment 103/108 (task 102): force_integral=+0.000000e+00
  [BOTH][Rank 0] Done moment 103/108 (task 102): force_integral=+0.000000e+00
  [BOTH][Rank 0] Done moment 103/108 (task 102): force_integral=+0.000000e+00
  [BOTH][Rank 0] Done moment 103/108 (task 102): force_integral=+0.000000e+00
  [BOTH][Rank 0] Done moment 103/108 (task 102): force_integral=+0.000000e+00
  [BOTH][Rank 0] Done moment 103/108 (task 102): force_integral=+0.000000e+00
  [BOTH][Rank 0] Done moment 103/108 (task 102): force_integral=+0.000000e+00
  [BOTH][Rank 0] Done moment 103/108 (task 102): force_integral=+0.000000e+00
  [BOTH][Rank 0] Done moment 103/108 (task 102): force_integral=+0.000000e+00
  [BOTH][Rank 0] Done moment 103/108 (task 102): force_integral=+0.000000e+00
  [BOTH][Rank 0] Done moment 103/108 (task 102): force_integral=+0.000000e+00
  [BOTH][Rank 0] Done moment 103/108 (task 102): force_integral=+0.000000e+00
  [BOTH][Rank 0] Done moment 103/108 (task 102): force_integral=+0.000000e+00
  [BOTH][Rank 0] Done moment 103/108 (task 102): force_integral=+0.000000e+00
  [BOTH][Rank 0] Done moment 103/108 (task 102): force_integral=+0.000000e+00
  [BOTH][Rank 0] Done moment 103/108 (task 102): force_integral=+0.000000e+00
  [BOTH][Rank 0] Done moment 103/108 (task 102): force_integral=+0.000000e+00
  [BOTH][Rank 0] Done moment 103/108 (task 102): force_integral=+0.000000e+00
  [BOTH][Rank 0] Done moment 103/108 (task 102): force_integral=+0.000000e+00
  [BOTH][Rank 0] Done moment 103/108 (task 102): force_integral=+0.000000e+00
  [BOTH][Rank 0] Done moment 103/108 (task 102): force_integral=+0.000000e+00
  [BOTH][Rank 0] Done moment 103/108 (task 102): force_integral=+0.000000e+00
  [BOTH][Rank 0] Done moment 103/108 (task 102): force_integral=+0.000000e+00
  [BOTH][Rank 0] Done moment 103/108 (task 102): force_integral=+0.000000e+00
  [BOTH][Rank 0] Done moment 103/108 (task 102): force_integral=+0.000000e+00
  [BOTH][Rank 0] Done moment 103/108 (task 102): force_integral=+0.000000e+00
  [BOTH][Rank 0] Done moment 103/108 (task 102): force_integral=+0.000000e+00
  [BOTH][Rank 0] Done moment 103/108 (task 102): force_integral=+0.000000e+00
  [BOTH][Rank 0] Done moment 103/108 (task 102): force_integral=+0.000000e+00
  [BOTH][Rank 0] Done moment 103/108 (task 102): force_integral=+0.000000e+00
  [BOTH][Rank 0] Done moment 103/108 (task 102): force_integral=+0.000000e+00
  [BOTH][Rank 0] Done moment 103/108 (task 102): force_integral=+0.000000e+00
  [BOTH][Rank 0] Done moment 103/108 (task 102): force_integral=+0.000000e+00
  [BOTH][Rank 0] Done moment 103/108 (task 102): force_integral=+0.000000e+00
  [BOTH][Rank 0] Done moment 103/108 (task 102): force_integral=+0.000000e+00
  [BOTH][Rank 0] Done moment 103/108 (task 102): force_integral=+0.000000e+00
  [BOTH][Rank 0] Done moment 103/108 (task 102): force_integral=+0.000000e+00
  [BOTH][Rank 0] Done moment 103/108 (task 102): force_integral=+0.000000e+00
  [BOTH][Rank 0] Done moment 103/108 (task 102): force_integral=+0.000000e+00
  [BOTH][Rank 0] Done moment 103/108 (task 102): force_integral=+0.000000e+00
  [BOTH][Rank 0] Done moment 103/108 (task 102): force_integral=+0.000000e+00
  [BOTH][Rank 0] Done moment 103/108 (task 102): force_integral=+0.000000e+00
  [BOTH][Rank 0] Done moment 103/108 (task 102): force_integral=+0.000000e+00
  [BOTH][Rank 0] Done moment 103/108 (task 102): force_integral=+0.000000e+00
  [BOTH][Rank 0] Done moment 103/108 (task 102): force_integral=+0.000000e+00
  [BOTH][Rank 0] Done moment 103/108 (task 102): force_integral=+0.000000e+00
  [BOTH][Rank 0] Done moment 103/108 (task 102): force_integral=+0.000000e+00
  [BOTH][Rank 0] Done moment 103/108 (task 102): force_integral=+0.000000e+00
  [BOTH][Rank 0] Done moment 103/108 (task 102): force_integral=+0.000000e+00
  [BOTH][Rank 0] Done moment 103/108 (task 102): force_integral=+0.000000e+00
  [BOTH][Rank 0] Done moment 103/108 (task 102): force_integral=+0.000000e+00
  [BOTH][Rank 0] Done moment 103/108 (task 102): force_integral=+0.000000e+00
  [BOTH][Rank 0] Done moment 103/108 (task 102): force_integral=+0.000000e+00
  [BOTH][Rank 0] Done moment 103/108 (task 102): force_integral=+0.000000e+00
  [BOTH][Rank 0] Done moment 103/108 (task 102): force_integral=+0.000000e+00
  [BOTH][Rank 0] Done moment 103/108 (task 102): force_integral=+0.000000e+00
  [BOTH][Rank 0] Done moment 103/108 (task 102): force_integral=+0.000000e+00
  [BOTH][Rank 0] Done moment 103/108 (task 102): force_integral=+0.000000e+00
  [BOTH][Rank 0] Done moment 103/108 (task 102): force_integral=+0.000000e+00
  [BOTH][Rank 0] Done moment 103/108 (task 102): force_integral=+0.000000e+00
  [BOTH][Rank 0] Done moment 103/108 (task 102): force_integral=+0.000000e+00
  [BOTH][Rank 0] Done moment 103/108 (task 102): force_integral=+0.000000e+00
  [BOTH][Rank 0] Done moment 103/108 (task 102): force_integral=+0.000000e+00
  [BOTH][Rank 0] Done moment 103/108 (task 102): force_integral=+0.000000e+00
  [BOTH][Rank 0] Done moment 103/108 (task 102): force_integral=+0.000000e+00
  [BOTH][Rank 0] Done moment 103/108 (task 102): force_integral=+0.000000e+00
  [BOTH][Rank 0] Done moment 103/108 (task 102): force_integral=+0.000000e+00
  [BOTH][Rank 0] Done moment 103/108 (task 102): force_integral=+0.000000e+00
  [BOTH][Rank 0] Done moment 103/108 (task 102): force_integral=+0.000000e+00
  [BOTH][Rank 0] Done moment 103/108 (task 102): force_integral=+0.000000e+00
  [BOTH][Rank 0] Done moment 103/108 (task 102): force_integral=+0.000000e+00
  [BOTH][Rank 0] Done moment 103/108 (task 102): force_integral=+0.000000e+00
  [BOTH][Rank 0] Done moment 103/108 (task 102): force_integral=+0.000000e+00
  [BOTH][Rank 0] Done moment 103/108 (task 102): force_integral=+0.000000e+00
  [BOTH][Rank 0] Done moment 103/108 (task 102): force_integral=+0.000000e+00
  [BOTH][Rank 0] Done moment 103/108 (task 102): force_integral=+0.000000e+00
  [BOTH][Rank 0] Done moment 103/108 (task 102): force_integral=+0.000000e+00
  [BOTH][Rank 0] Done moment 103/108 (task 102): force_integral=+0.000000e+00
  [BOTH][Rank 0] Done moment 103/108 (task 102): force_integral=+0.000000e+00
  [BOTH][Rank 0] Done moment 103/108 (task 102): force_integral=+0.000000e+00
  [BOTH][Rank 0] Done moment 103/108 (task 102): force_integral=+0.000000e+00
  [BOTH][Rank 0] Done moment 103/108 (task 102): force_integral=+0.000000e+00
  [BOTH][Rank 0] Done moment 103/108 (task 102): force_integral=+0.000000e+00
  [BOTH][Rank 0] Done moment 103/108 (task 102): force_integral=+0.000000e+00
  [BOTH][Rank 0] Done moment 103/108 (task 102): force_integral=+0.000000e+00
  [BOTH][Rank 0] Done moment 103/108 (task 102): force_integral=+0.000000e+00
  [BOTH][Rank 0] Done moment 103/108 (task 102): force_integral=+0.000000e+00
  [BOTH][Rank 0] Done moment 103/108 (task 102): force_integral=+0.000000e+00
  [BOTH][Rank 0] Done moment 103/108 (task 102): force_integral=+0.000000e+00
  [BOTH][Rank 0] Done moment 103/108 (task 102): force_integral=+0.000000e+00
  [BOTH][Rank 0] Done moment 103/108 (task 102): force_integral=+0.000000e+00
  [BOTH][Rank 0] Done moment 103/108 (task 102): force_integral=+0.000000e+00
  [BOTH][Rank 0] Done moment 103/108 (task 102): force_integral=+0.000000e+00
  [BOTH][Rank 0] Done moment 103/108 (task 102): force_integral=+0.000000e+00
  [BOTH][Rank 0] Done moment 103/108 (task 102): force_integral=+0.000000e+00
  [BOTH][Rank 0] Done moment 103/108 (task 102): force_integral=+0.000000e+00
  [BOTH][Rank 0] Done moment 103/108 (task 102): force_integral=+0.000000e+00
  [BOTH][Rank 0] Done moment 103/108 (task 102): force_integral=+0.000000e+00
  [BOTH][Rank 0] Done moment 103/108 (task 102): force_integral=+0.000000e+00
  [BOTH][Rank 0] Done moment 103/108 (task 102): force_integral=+0.000000e+00
  [BOTH][Rank 0] Done moment 103/108 (task 102): force_integral=+0.000000e+00
  [BOTH][Rank 0] Done moment 104/108 (task 103): force_integral=+0.000000e+00
  [BOTH][Rank 0] Done moment 104/108 (task 103): force_integral=+0.000000e+00
  [BOTH][Rank 0] Done moment 104/108 (task 103): force_integral=+0.000000e+00
  [BOTH][Rank 0] Done moment 104/108 (task 103): force_integral=+0.000000e+00
  [BOTH][Rank 0] Done moment 104/108 (task 103): force_integral=+0.000000e+00
  [BOTH][Rank 0] Done moment 104/108 (task 103): force_integral=+0.000000e+00
  [BOTH][Rank 0] Done moment 104/108 (task 103): force_integral=+0.000000e+00
  [BOTH][Rank 0] Done moment 104/108 (task 103): force_integral=+0.000000e+00
  [BOTH][Rank 0] Done moment 104/108 (task 103): force_integral=+0.000000e+00
  [BOTH][Rank 0] Done moment 104/108 (task 103): force_integral=+0.000000e+00
  [BOTH][Rank 0] Done moment 104/108 (task 103): force_integral=+0.000000e+00
  [BOTH][Rank 0] Done moment 104/108 (task 103): force_integral=+0.000000e+00
  [BOTH][Rank 0] Done moment 104/108 (task 103): force_integral=+0.000000e+00
  [BOTH][Rank 0] Done moment 104/108 (task 103): force_integral=+0.000000e+00
  [BOTH][Rank 0] Done moment 104/108 (task 103): force_integral=+0.000000e+00
  [BOTH][Rank 0] Done moment 104/108 (task 103): force_integral=+0.000000e+00
  [BOTH][Rank 0] Done moment 104/108 (task 103): force_integral=+0.000000e+00
  [BOTH][Rank 0] Done moment 104/108 (task 103): force_integral=+0.000000e+00
  [BOTH][Rank 0] Done moment 104/108 (task 103): force_integral=+0.000000e+00
  [BOTH][Rank 0] Done moment 104/108 (task 103): force_integral=+0.000000e+00
  [BOTH][Rank 0] Done moment 104/108 (task 103): force_integral=+0.000000e+00
  [BOTH][Rank 0] Done moment 104/108 (task 103): force_integral=+0.000000e+00
  [BOTH][Rank 0] Done moment 104/108 (task 103): force_integral=+0.000000e+00
  [BOTH][Rank 0] Done moment 104/108 (task 103): force_integral=+0.000000e+00
  [BOTH][Rank 0] Done moment 104/108 (task 103): force_integral=+0.000000e+00
  [BOTH][Rank 0] Done moment 104/108 (task 103): force_integral=+0.000000e+00
  [BOTH][Rank 0] Done moment 104/108 (task 103): force_integral=+0.000000e+00
  [BOTH][Rank 0] Done moment 104/108 (task 103): force_integral=+0.000000e+00
  [BOTH][Rank 0] Done moment 104/108 (task 103): force_integral=+0.000000e+00
  [BOTH][Rank 0] Done moment 104/108 (task 103): force_integral=+0.000000e+00
  [BOTH][Rank 0] Done moment 104/108 (task 103): force_integral=+0.000000e+00
  [BOTH][Rank 0] Done moment 104/108 (task 103): force_integral=+0.000000e+00
  [BOTH][Rank 0] Done moment 104/108 (task 103): force_integral=+0.000000e+00
  [BOTH][Rank 0] Done moment 104/108 (task 103): force_integral=+0.000000e+00
  [BOTH][Rank 0] Done moment 104/108 (task 103): force_integral=+0.000000e+00
  [BOTH][Rank 0] Done moment 104/108 (task 103): force_integral=+0.000000e+00
  [BOTH][Rank 0] Done moment 104/108 (task 103): force_integral=+0.000000e+00
  [BOTH][Rank 0] Done moment 104/108 (task 103): force_integral=+0.000000e+00
  [BOTH][Rank 0] Done moment 104/108 (task 103): force_integral=+0.000000e+00
  [BOTH][Rank 0] Done moment 104/108 (task 103): force_integral=+0.000000e+00
  [BOTH][Rank 0] Done moment 104/108 (task 103): force_integral=+0.000000e+00
  [BOTH][Rank 0] Done moment 104/108 (task 103): force_integral=+0.000000e+00
  [BOTH][Rank 0] Done moment 104/108 (task 103): force_integral=+0.000000e+00
  [BOTH][Rank 0] Done moment 104/108 (task 103): force_integral=+0.000000e+00
  [BOTH][Rank 0] Done moment 104/108 (task 103): force_integral=+0.000000e+00
  [BOTH][Rank 0] Done moment 104/108 (task 103): force_integral=+0.000000e+00
  [BOTH][Rank 0] Done moment 104/108 (task 103): force_integral=+0.000000e+00
  [BOTH][Rank 0] Done moment 104/108 (task 103): force_integral=+0.000000e+00
  [BOTH][Rank 0] Done moment 104/108 (task 103): force_integral=+0.000000e+00
  [BOTH][Rank 0] Done moment 104/108 (task 103): force_integral=+0.000000e+00
  [BOTH][Rank 0] Done moment 104/108 (task 103): force_integral=+0.000000e+00
  [BOTH][Rank 0] Done moment 104/108 (task 103): force_integral=+0.000000e+00
  [BOTH][Rank 0] Done moment 104/108 (task 103): force_integral=+0.000000e+00
  [BOTH][Rank 0] Done moment 104/108 (task 103): force_integral=+0.000000e+00
  [BOTH][Rank 0] Done moment 104/108 (task 103): force_integral=+0.000000e+00
  [BOTH][Rank 0] Done moment 104/108 (task 103): force_integral=+0.000000e+00
  [BOTH][Rank 0] Done moment 104/108 (task 103): force_integral=+0.000000e+00
  [BOTH][Rank 0] Done moment 104/108 (task 103): force_integral=+0.000000e+00
  [BOTH][Rank 0] Done moment 104/108 (task 103): force_integral=+0.000000e+00
  [BOTH][Rank 0] Done moment 104/108 (task 103): force_integral=+0.000000e+00
  [BOTH][Rank 0] Done moment 104/108 (task 103): force_integral=+0.000000e+00
  [BOTH][Rank 0] Done moment 104/108 (task 103): force_integral=+0.000000e+00
  [BOTH][Rank 0] Done moment 104/108 (task 103): force_integral=+0.000000e+00
  [BOTH][Rank 0] Done moment 104/108 (task 103): force_integral=+0.000000e+00
  [BOTH][Rank 0] Done moment 104/108 (task 103): force_integral=+0.000000e+00
  [BOTH][Rank 0] Done moment 104/108 (task 103): force_integral=+0.000000e+00
  [BOTH][Rank 0] Done moment 104/108 (task 103): force_integral=+0.000000e+00
  [BOTH][Rank 0] Done moment 104/108 (task 103): force_integral=+0.000000e+00
  [BOTH][Rank 0] Done moment 104/108 (task 103): force_integral=+0.000000e+00
  [BOTH][Rank 0] Done moment 104/108 (task 103): force_integral=+0.000000e+00
  [BOTH][Rank 0] Done moment 104/108 (task 103): force_integral=+0.000000e+00
  [BOTH][Rank 0] Done moment 104/108 (task 103): force_integral=+0.000000e+00
  [BOTH][Rank 0] Done moment 104/108 (task 103): force_integral=+0.000000e+00
  [BOTH][Rank 0] Done moment 104/108 (task 103): force_integral=+0.000000e+00
  [BOTH][Rank 0] Done moment 104/108 (task 103): force_integral=+0.000000e+00
  [BOTH][Rank 0] Done moment 104/108 (task 103): force_integral=+0.000000e+00
  [BOTH][Rank 0] Done moment 104/108 (task 103): force_integral=+0.000000e+00
  [BOTH][Rank 0] Done moment 104/108 (task 103): force_integral=+0.000000e+00
  [BOTH][Rank 0] Done moment 104/108 (task 103): force_integral=+0.000000e+00
  [BOTH][Rank 0] Done moment 104/108 (task 103): force_integral=+0.000000e+00
  [BOTH][Rank 0] Done moment 104/108 (task 103): force_integral=+0.000000e+00
  [BOTH][Rank 0] Done moment 104/108 (task 103): force_integral=+0.000000e+00
  [BOTH][Rank 0] Done moment 104/108 (task 103): force_integral=+0.000000e+00
  [BOTH][Rank 0] Done moment 104/108 (task 103): force_integral=+0.000000e+00
  [BOTH][Rank 0] Done moment 104/108 (task 103): force_integral=+0.000000e+00
  [BOTH][Rank 0] Done moment 104/108 (task 103): force_integral=+0.000000e+00
  [BOTH][Rank 0] Done moment 104/108 (task 103): force_integral=+0.000000e+00
  [BOTH][Rank 0] Done moment 104/108 (task 103): force_integral=+0.000000e+00
  [BOTH][Rank 0] Done moment 104/108 (task 103): force_integral=+0.000000e+00
  [BOTH][Rank 0] Done moment 104/108 (task 103): force_integral=+0.000000e+00
  [BOTH][Rank 0] Done moment 104/108 (task 103): force_integral=+0.000000e+00
  [BOTH][Rank 0] Done moment 104/108 (task 103): force_integral=+0.000000e+00
  [BOTH][Rank 0] Done moment 104/108 (task 103): force_integral=+0.000000e+00
  [BOTH][Rank 0] Done moment 104/108 (task 103): force_integral=+0.000000e+00
  [BOTH][Rank 0] Done moment 104/108 (task 103): force_integral=+0.000000e+00
  [BOTH][Rank 0] Done moment 104/108 (task 103): force_integral=+0.000000e+00
  [BOTH][Rank 0] Done moment 104/108 (task 103): force_integral=+0.000000e+00
  [BOTH][Rank 0] Done moment 104/108 (task 103): force_integral=+0.000000e+00
  [BOTH][Rank 0] Done moment 104/108 (task 103): force_integral=+0.000000e+00
  [BOTH][Rank 0] Done moment 104/108 (task 103): force_integral=+0.000000e+00
  [BOTH][Rank 0] Done moment 104/108 (task 103): force_integral=+0.000000e+00
  [BOTH][Rank 0] Done moment 104/108 (task 103): force_integral=+0.000000e+00
  [BOTH][Rank 0] Done moment 104/108 (task 103): force_integral=+0.000000e+00
  [BOTH][Rank 0] Done moment 104/108 (task 103): force_integral=+0.000000e+00
  [BOTH][Rank 0] Done moment 104/108 (task 103): force_integral=+0.000000e+00
  [BOTH][Rank 0] Done moment 104/108 (task 103): force_integral=+0.000000e+00
  [BOTH][Rank 0] Done moment 104/108 (task 103): force_integral=+0.000000e+00
  [BOTH][Rank 0] Done moment 104/108 (task 103): force_integral=+0.000000e+00
  [BOTH][Rank 0] Done moment 104/108 (task 103): force_integral=+0.000000e+00
  [BOTH][Rank 0] Done moment 104/108 (task 103): force_integral=+0.000000e+00
  [BOTH][Rank 0] Done moment 104/108 (task 103): force_integral=+0.000000e+00
  [BOTH][Rank 0] Done moment 104/108 (task 103): force_integral=+0.000000e+00
  [BOTH][Rank 0] Done moment 104/108 (task 103): force_integral=+0.000000e+00
  [BOTH][Rank 0] Done moment 104/108 (task 103): force_integral=+0.000000e+00
  [BOTH][Rank 0] Done moment 104/108 (task 103): force_integral=+0.000000e+00
  [BOTH][Rank 0] Done moment 104/108 (task 103): force_integral=+0.000000e+00
  [BOTH][Rank 0] Done moment 104/108 (task 103): force_integral=+0.000000e+00
  [BOTH][Rank 0] Done moment 104/108 (task 103): force_integral=+0.000000e+00
  [BOTH][Rank 0] Done moment 104/108 (task 103): force_integral=+0.000000e+00
  [BOTH][Rank 0] Done moment 104/108 (task 103): force_integral=+0.000000e+00
  [BOTH][Rank 0] Done moment 104/108 (task 103): force_integral=+0.000000e+00
  [BOTH][Rank 0] Done moment 104/108 (task 103): force_integral=+0.000000e+00
  [BOTH][Rank 0] Done moment 104/108 (task 103): force_integral=+0.000000e+00
  [BOTH][Rank 0] Done moment 104/108 (task 103): force_integral=+0.000000e+00
  [BOTH][Rank 0] Done moment 104/108 (task 103): force_integral=+0.000000e+00
  [BOTH][Rank 0] Done moment 104/108 (task 103): force_integral=+0.000000e+00
  [BOTH][Rank 0] Done moment 104/108 (task 103): force_integral=+0.000000e+00
  [BOTH][Rank 0] Done moment 104/108 (task 103): force_integral=+0.000000e+00
  [BOTH][Rank 0] Done moment 105/108 (task 104): force_integral=+0.000000e+00
  [BOTH][Rank 0] Done moment 105/108 (task 104): force_integral=+0.000000e+00
  [BOTH][Rank 0] Done moment 105/108 (task 104): force_integral=+0.000000e+00
  [BOTH][Rank 0] Done moment 105/108 (task 104): force_integral=+0.000000e+00
  [BOTH][Rank 0] Done moment 105/108 (task 104): force_integral=+0.000000e+00
  [BOTH][Rank 0] Done moment 105/108 (task 104): force_integral=+0.000000e+00
  [BOTH][Rank 0] Done moment 105/108 (task 104): force_integral=+0.000000e+00
  [BOTH][Rank 0] Done moment 105/108 (task 104): force_integral=+0.000000e+00
  [BOTH][Rank 0] Done moment 105/108 (task 104): force_integral=+0.000000e+00
  [BOTH][Rank 0] Done moment 105/108 (task 104): force_integral=+0.000000e+00
  [BOTH][Rank 0] Done moment 105/108 (task 104): force_integral=+0.000000e+00
  [BOTH][Rank 0] Done moment 105/108 (task 104): force_integral=+0.000000e+00
  [BOTH][Rank 0] Done moment 105/108 (task 104): force_integral=+0.000000e+00
  [BOTH][Rank 0] Done moment 105/108 (task 104): force_integral=+0.000000e+00
  [BOTH][Rank 0] Done moment 105/108 (task 104): force_integral=+0.000000e+00
  [BOTH][Rank 0] Done moment 105/108 (task 104): force_integral=+0.000000e+00
  [BOTH][Rank 0] Done moment 105/108 (task 104): force_integral=+0.000000e+00
  [BOTH][Rank 0] Done moment 105/108 (task 104): force_integral=+0.000000e+00
  [BOTH][Rank 0] Done moment 105/108 (task 104): force_integral=+0.000000e+00
  [BOTH][Rank 0] Done moment 105/108 (task 104): force_integral=+0.000000e+00
  [BOTH][Rank 0] Done moment 105/108 (task 104): force_integral=+0.000000e+00
  [BOTH][Rank 0] Done moment 105/108 (task 104): force_integral=+0.000000e+00
  [BOTH][Rank 0] Done moment 105/108 (task 104): force_integral=+0.000000e+00
  [BOTH][Rank 0] Done moment 105/108 (task 104): force_integral=+0.000000e+00
  [BOTH][Rank 0] Done moment 105/108 (task 104): force_integral=+0.000000e+00
  [BOTH][Rank 0] Done moment 105/108 (task 104): force_integral=+0.000000e+00
  [BOTH][Rank 0] Done moment 105/108 (task 104): force_integral=+0.000000e+00
  [BOTH][Rank 0] Done moment 105/108 (task 104): force_integral=+0.000000e+00
  [BOTH][Rank 0] Done moment 105/108 (task 104): force_integral=+0.000000e+00
  [BOTH][Rank 0] Done moment 105/108 (task 104): force_integral=+0.000000e+00
  [BOTH][Rank 0] Done moment 105/108 (task 104): force_integral=+0.000000e+00
  [BOTH][Rank 0] Done moment 105/108 (task 104): force_integral=+0.000000e+00
  [BOTH][Rank 0] Done moment 105/108 (task 104): force_integral=+0.000000e+00
  [BOTH][Rank 0] Done moment 105/108 (task 104): force_integral=+0.000000e+00
  [BOTH][Rank 0] Done moment 105/108 (task 104): force_integral=+0.000000e+00
  [BOTH][Rank 0] Done moment 105/108 (task 104): force_integral=+0.000000e+00
  [BOTH][Rank 0] Done moment 105/108 (task 104): force_integral=+0.000000e+00
  [BOTH][Rank 0] Done moment 105/108 (task 104): force_integral=+0.000000e+00
  [BOTH][Rank 0] Done moment 105/108 (task 104): force_integral=+0.000000e+00
  [BOTH][Rank 0] Done moment 105/108 (task 104): force_integral=+0.000000e+00
  [BOTH][Rank 0] Done moment 105/108 (task 104): force_integral=+0.000000e+00
  [BOTH][Rank 0] Done moment 105/108 (task 104): force_integral=+0.000000e+00
  [BOTH][Rank 0] Done moment 105/108 (task 104): force_integral=+0.000000e+00
  [BOTH][Rank 0] Done moment 105/108 (task 104): force_integral=+0.000000e+00
  [BOTH][Rank 0] Done moment 105/108 (task 104): force_integral=+0.000000e+00
  [BOTH][Rank 0] Done moment 105/108 (task 104): force_integral=+0.000000e+00
  [BOTH][Rank 0] Done moment 105/108 (task 104): force_integral=+0.000000e+00
  [BOTH][Rank 0] Done moment 105/108 (task 104): force_integral=+0.000000e+00
  [BOTH][Rank 0] Done moment 105/108 (task 104): force_integral=+0.000000e+00
  [BOTH][Rank 0] Done moment 105/108 (task 104): force_integral=+0.000000e+00
  [BOTH][Rank 0] Done moment 105/108 (task 104): force_integral=+0.000000e+00
  [BOTH][Rank 0] Done moment 105/108 (task 104): force_integral=+0.000000e+00
  [BOTH][Rank 0] Done moment 105/108 (task 104): force_integral=+0.000000e+00
  [BOTH][Rank 0] Done moment 105/108 (task 104): force_integral=+0.000000e+00
  [BOTH][Rank 0] Done moment 105/108 (task 104): force_integral=+0.000000e+00
  [BOTH][Rank 0] Done moment 105/108 (task 104): force_integral=+0.000000e+00
  [BOTH][Rank 0] Done moment 105/108 (task 104): force_integral=+0.000000e+00
  [BOTH][Rank 0] Done moment 105/108 (task 104): force_integral=+0.000000e+00
  [BOTH][Rank 0] Done moment 105/108 (task 104): force_integral=+0.000000e+00
  [BOTH][Rank 0] Done moment 105/108 (task 104): force_integral=+0.000000e+00
  [BOTH][Rank 0] Done moment 105/108 (task 104): force_integral=+0.000000e+00
  [BOTH][Rank 0] Done moment 105/108 (task 104): force_integral=+0.000000e+00
  [BOTH][Rank 0] Done moment 105/108 (task 104): force_integral=+0.000000e+00
  [BOTH][Rank 0] Done moment 105/108 (task 104): force_integral=+0.000000e+00
  [BOTH][Rank 0] Done moment 105/108 (task 104): force_integral=+0.000000e+00
  [BOTH][Rank 0] Done moment 105/108 (task 104): force_integral=+0.000000e+00
  [BOTH][Rank 0] Done moment 105/108 (task 104): force_integral=+0.000000e+00
  [BOTH][Rank 0] Done moment 105/108 (task 104): force_integral=+0.000000e+00
  [BOTH][Rank 0] Done moment 105/108 (task 104): force_integral=+0.000000e+00
  [BOTH][Rank 0] Done moment 105/108 (task 104): force_integral=+0.000000e+00
  [BOTH][Rank 0] Done moment 105/108 (task 104): force_integral=+0.000000e+00
  [BOTH][Rank 0] Done moment 105/108 (task 104): force_integral=+0.000000e+00
  [BOTH][Rank 0] Done moment 105/108 (task 104): force_integral=+0.000000e+00
  [BOTH][Rank 0] Done moment 105/108 (task 104): force_integral=+0.000000e+00
  [BOTH][Rank 0] Done moment 105/108 (task 104): force_integral=+0.000000e+00
  [BOTH][Rank 0] Done moment 105/108 (task 104): force_integral=+0.000000e+00
  [BOTH][Rank 0] Done moment 105/108 (task 104): force_integral=+0.000000e+00
  [BOTH][Rank 0] Done moment 105/108 (task 104): force_integral=+0.000000e+00
  [BOTH][Rank 0] Done moment 105/108 (task 104): force_integral=+0.000000e+00
  [BOTH][Rank 0] Done moment 105/108 (task 104): force_integral=+0.000000e+00
  [BOTH][Rank 0] Done moment 105/108 (task 104): force_integral=+0.000000e+00
  [BOTH][Rank 0] Done moment 105/108 (task 104): force_integral=+0.000000e+00
  [BOTH][Rank 0] Done moment 105/108 (task 104): force_integral=+0.000000e+00
  [BOTH][Rank 0] Done moment 105/108 (task 104): force_integral=+0.000000e+00
  [BOTH][Rank 0] Done moment 105/108 (task 104): force_integral=+0.000000e+00
  [BOTH][Rank 0] Done moment 105/108 (task 104): force_integral=+0.000000e+00
  [BOTH][Rank 0] Done moment 105/108 (task 104): force_integral=+0.000000e+00
  [BOTH][Rank 0] Done moment 105/108 (task 104): force_integral=+0.000000e+00
  [BOTH][Rank 0] Done moment 105/108 (task 104): force_integral=+0.000000e+00
  [BOTH][Rank 0] Done moment 105/108 (task 104): force_integral=+0.000000e+00
  [BOTH][Rank 0] Done moment 105/108 (task 104): force_integral=+0.000000e+00
  [BOTH][Rank 0] Done moment 105/108 (task 104): force_integral=+0.000000e+00
  [BOTH][Rank 0] Done moment 105/108 (task 104): force_integral=+0.000000e+00
  [BOTH][Rank 0] Done moment 105/108 (task 104): force_integral=+0.000000e+00
  [BOTH][Rank 0] Done moment 105/108 (task 104): force_integral=+0.000000e+00
  [BOTH][Rank 0] Done moment 105/108 (task 104): force_integral=+0.000000e+00
  [BOTH][Rank 0] Done moment 105/108 (task 104): force_integral=+0.000000e+00
  [BOTH][Rank 0] Done moment 105/108 (task 104): force_integral=+0.000000e+00
  [BOTH][Rank 0] Done moment 105/108 (task 104): force_integral=+0.000000e+00
  [BOTH][Rank 0] Done moment 105/108 (task 104): force_integral=+0.000000e+00
  [BOTH][Rank 0] Done moment 105/108 (task 104): force_integral=+0.000000e+00
  [BOTH][Rank 0] Done moment 105/108 (task 104): force_integral=+0.000000e+00
  [BOTH][Rank 0] Done moment 105/108 (task 104): force_integral=+0.000000e+00
  [BOTH][Rank 0] Done moment 105/108 (task 104): force_integral=+0.000000e+00
  [BOTH][Rank 0] Done moment 105/108 (task 104): force_integral=+0.000000e+00
  [BOTH][Rank 0] Done moment 105/108 (task 104): force_integral=+0.000000e+00
  [BOTH][Rank 0] Done moment 105/108 (task 104): force_integral=+0.000000e+00
  [BOTH][Rank 0] Done moment 105/108 (task 104): force_integral=+0.000000e+00
  [BOTH][Rank 0] Done moment 105/108 (task 104): force_integral=+0.000000e+00
  [BOTH][Rank 0] Done moment 105/108 (task 104): force_integral=+0.000000e+00
  [BOTH][Rank 0] Done moment 105/108 (task 104): force_integral=+0.000000e+00
  [BOTH][Rank 0] Done moment 105/108 (task 104): force_integral=+0.000000e+00
  [BOTH][Rank 0] Done moment 105/108 (task 104): force_integral=+0.000000e+00
  [BOTH][Rank 0] Done moment 105/108 (task 104): force_integral=+0.000000e+00
  [BOTH][Rank 0] Done moment 105/108 (task 104): force_integral=+0.000000e+00
  [BOTH][Rank 0] Done moment 105/108 (task 104): force_integral=+0.000000e+00
  [BOTH][Rank 0] Done moment 105/108 (task 104): force_integral=+0.000000e+00
  [BOTH][Rank 0] Done moment 105/108 (task 104): force_integral=+0.000000e+00
  [BOTH][Rank 0] Done moment 105/108 (task 104): force_integral=+0.000000e+00
  [BOTH][Rank 0] Done moment 105/108 (task 104): force_integral=+0.000000e+00
  [BOTH][Rank 0] Done moment 105/108 (task 104): force_integral=+0.000000e+00
  [BOTH][Rank 0] Done moment 105/108 (task 104): force_integral=+0.000000e+00
  [BOTH][Rank 0] Done moment 105/108 (task 104): force_integral=+0.000000e+00
  [BOTH][Rank 0] Done moment 105/108 (task 104): force_integral=+0.000000e+00
  [BOTH][Rank 0] Done moment 105/108 (task 104): force_integral=+0.000000e+00
  [BOTH][Rank 0] Done moment 105/108 (task 104): force_integral=+0.000000e+00
  [BOTH][Rank 0] Done moment 105/108 (task 104): force_integral=+0.000000e+00
  [BOTH][Rank 0] Done moment 105/108 (task 104): force_integral=+0.000000e+00
  [BOTH][Rank 0] Done moment 106/108 (task 105): force_integral=+0.000000e+00
  [BOTH][Rank 0] Done moment 106/108 (task 105): force_integral=+0.000000e+00
  [BOTH][Rank 0] Done moment 106/108 (task 105): force_integral=+0.000000e+00
  [BOTH][Rank 0] Done moment 106/108 (task 105): force_integral=+0.000000e+00
  [BOTH][Rank 0] Done moment 106/108 (task 105): force_integral=+0.000000e+00
  [BOTH][Rank 0] Done moment 106/108 (task 105): force_integral=+0.000000e+00
  [BOTH][Rank 0] Done moment 106/108 (task 105): force_integral=+0.000000e+00
  [BOTH][Rank 0] Done moment 106/108 (task 105): force_integral=+0.000000e+00
  [BOTH][Rank 0] Done moment 106/108 (task 105): force_integral=+0.000000e+00
  [BOTH][Rank 0] Done moment 106/108 (task 105): force_integral=+0.000000e+00
  [BOTH][Rank 0] Done moment 106/108 (task 105): force_integral=+0.000000e+00
  [BOTH][Rank 0] Done moment 106/108 (task 105): force_integral=+0.000000e+00
  [BOTH][Rank 0] Done moment 106/108 (task 105): force_integral=+0.000000e+00
  [BOTH][Rank 0] Done moment 106/108 (task 105): force_integral=+0.000000e+00
  [BOTH][Rank 0] Done moment 106/108 (task 105): force_integral=+0.000000e+00
  [BOTH][Rank 0] Done moment 106/108 (task 105): force_integral=+0.000000e+00
  [BOTH][Rank 0] Done moment 106/108 (task 105): force_integral=+0.000000e+00
  [BOTH][Rank 0] Done moment 106/108 (task 105): force_integral=+0.000000e+00
  [BOTH][Rank 0] Done moment 106/108 (task 105): force_integral=+0.000000e+00
  [BOTH][Rank 0] Done moment 106/108 (task 105): force_integral=+0.000000e+00
  [BOTH][Rank 0] Done moment 106/108 (task 105): force_integral=+0.000000e+00
  [BOTH][Rank 0] Done moment 106/108 (task 105): force_integral=+0.000000e+00
  [BOTH][Rank 0] Done moment 106/108 (task 105): force_integral=+0.000000e+00
  [BOTH][Rank 0] Done moment 106/108 (task 105): force_integral=+0.000000e+00
  [BOTH][Rank 0] Done moment 106/108 (task 105): force_integral=+0.000000e+00
  [BOTH][Rank 0] Done moment 106/108 (task 105): force_integral=+0.000000e+00
  [BOTH][Rank 0] Done moment 106/108 (task 105): force_integral=+0.000000e+00
  [BOTH][Rank 0] Done moment 106/108 (task 105): force_integral=+0.000000e+00
  [BOTH][Rank 0] Done moment 106/108 (task 105): force_integral=+0.000000e+00
  [BOTH][Rank 0] Done moment 106/108 (task 105): force_integral=+0.000000e+00
  [BOTH][Rank 0] Done moment 106/108 (task 105): force_integral=+0.000000e+00
  [BOTH][Rank 0] Done moment 106/108 (task 105): force_integral=+0.000000e+00
  [BOTH][Rank 0] Done moment 106/108 (task 105): force_integral=+0.000000e+00
  [BOTH][Rank 0] Done moment 106/108 (task 105): force_integral=+0.000000e+00
  [BOTH][Rank 0] Done moment 106/108 (task 105): force_integral=+0.000000e+00
  [BOTH][Rank 0] Done moment 106/108 (task 105): force_integral=+0.000000e+00
  [BOTH][Rank 0] Done moment 106/108 (task 105): force_integral=+0.000000e+00
  [BOTH][Rank 0] Done moment 106/108 (task 105): force_integral=+0.000000e+00
  [BOTH][Rank 0] Done moment 106/108 (task 105): force_integral=+0.000000e+00
  [BOTH][Rank 0] Done moment 106/108 (task 105): force_integral=+0.000000e+00
  [BOTH][Rank 0] Done moment 106/108 (task 105): force_integral=+0.000000e+00
  [BOTH][Rank 0] Done moment 106/108 (task 105): force_integral=+0.000000e+00
  [BOTH][Rank 0] Done moment 106/108 (task 105): force_integral=+0.000000e+00
  [BOTH][Rank 0] Done moment 106/108 (task 105): force_integral=+0.000000e+00
  [BOTH][Rank 0] Done moment 106/108 (task 105): force_integral=+0.000000e+00
  [BOTH][Rank 0] Done moment 106/108 (task 105): force_integral=+0.000000e+00
  [BOTH][Rank 0] Done moment 106/108 (task 105): force_integral=+0.000000e+00
  [BOTH][Rank 0] Done moment 106/108 (task 105): force_integral=+0.000000e+00
  [BOTH][Rank 0] Done moment 106/108 (task 105): force_integral=+0.000000e+00
  [BOTH][Rank 0] Done moment 106/108 (task 105): force_integral=+0.000000e+00
  [BOTH][Rank 0] Done moment 106/108 (task 105): force_integral=+0.000000e+00
  [BOTH][Rank 0] Done moment 106/108 (task 105): force_integral=+0.000000e+00
  [BOTH][Rank 0] Done moment 106/108 (task 105): force_integral=+0.000000e+00
  [BOTH][Rank 0] Done moment 106/108 (task 105): force_integral=+0.000000e+00
  [BOTH][Rank 0] Done moment 106/108 (task 105): force_integral=+0.000000e+00
  [BOTH][Rank 0] Done moment 106/108 (task 105): force_integral=+0.000000e+00
  [BOTH][Rank 0] Done moment 106/108 (task 105): force_integral=+0.000000e+00
  [BOTH][Rank 0] Done moment 106/108 (task 105): force_integral=+0.000000e+00
  [BOTH][Rank 0] Done moment 106/108 (task 105): force_integral=+0.000000e+00
  [BOTH][Rank 0] Done moment 106/108 (task 105): force_integral=+0.000000e+00
  [BOTH][Rank 0] Done moment 106/108 (task 105): force_integral=+0.000000e+00
  [BOTH][Rank 0] Done moment 106/108 (task 105): force_integral=+0.000000e+00
  [BOTH][Rank 0] Done moment 106/108 (task 105): force_integral=+0.000000e+00
  [BOTH][Rank 0] Done moment 106/108 (task 105): force_integral=+0.000000e+00
  [BOTH][Rank 0] Done moment 106/108 (task 105): force_integral=+0.000000e+00
  [BOTH][Rank 0] Done moment 106/108 (task 105): force_integral=+0.000000e+00
  [BOTH][Rank 0] Done moment 106/108 (task 105): force_integral=+0.000000e+00
  [BOTH][Rank 0] Done moment 106/108 (task 105): force_integral=+0.000000e+00
  [BOTH][Rank 0] Done moment 106/108 (task 105): force_integral=+0.000000e+00
  [BOTH][Rank 0] Done moment 106/108 (task 105): force_integral=+0.000000e+00
  [BOTH][Rank 0] Done moment 106/108 (task 105): force_integral=+0.000000e+00
  [BOTH][Rank 0] Done moment 106/108 (task 105): force_integral=+0.000000e+00
  [BOTH][Rank 0] Done moment 106/108 (task 105): force_integral=+0.000000e+00
  [BOTH][Rank 0] Done moment 106/108 (task 105): force_integral=+0.000000e+00
  [BOTH][Rank 0] Done moment 106/108 (task 105): force_integral=+0.000000e+00
  [BOTH][Rank 0] Done moment 106/108 (task 105): force_integral=+0.000000e+00
  [BOTH][Rank 0] Done moment 106/108 (task 105): force_integral=+0.000000e+00
  [BOTH][Rank 0] Done moment 106/108 (task 105): force_integral=+0.000000e+00
  [BOTH][Rank 0] Done moment 106/108 (task 105): force_integral=+0.000000e+00
  [BOTH][Rank 0] Done moment 106/108 (task 105): force_integral=+0.000000e+00
  [BOTH][Rank 0] Done moment 106/108 (task 105): force_integral=+0.000000e+00
  [BOTH][Rank 0] Done moment 106/108 (task 105): force_integral=+0.000000e+00
  [BOTH][Rank 0] Done moment 106/108 (task 105): force_integral=+0.000000e+00
  [BOTH][Rank 0] Done moment 106/108 (task 105): force_integral=+0.000000e+00
  [BOTH][Rank 0] Done moment 106/108 (task 105): force_integral=+0.000000e+00
  [BOTH][Rank 0] Done moment 106/108 (task 105): force_integral=+0.000000e+00
  [BOTH][Rank 0] Done moment 106/108 (task 105): force_integral=+0.000000e+00
  [BOTH][Rank 0] Done moment 106/108 (task 105): force_integral=+0.000000e+00
  [BOTH][Rank 0] Done moment 106/108 (task 105): force_integral=+0.000000e+00
  [BOTH][Rank 0] Done moment 106/108 (task 105): force_integral=+0.000000e+00
  [BOTH][Rank 0] Done moment 106/108 (task 105): force_integral=+0.000000e+00
  [BOTH][Rank 0] Done moment 106/108 (task 105): force_integral=+0.000000e+00
  [BOTH][Rank 0] Done moment 106/108 (task 105): force_integral=+0.000000e+00
  [BOTH][Rank 0] Done moment 106/108 (task 105): force_integral=+0.000000e+00
  [BOTH][Rank 0] Done moment 106/108 (task 105): force_integral=+0.000000e+00
  [BOTH][Rank 0] Done moment 106/108 (task 105): force_integral=+0.000000e+00
  [BOTH][Rank 0] Done moment 106/108 (task 105): force_integral=+0.000000e+00
  [BOTH][Rank 0] Done moment 106/108 (task 105): force_integral=+0.000000e+00
  [BOTH][Rank 0] Done moment 106/108 (task 105): force_integral=+0.000000e+00
  [BOTH][Rank 0] Done moment 106/108 (task 105): force_integral=+0.000000e+00
  [BOTH][Rank 0] Done moment 106/108 (task 105): force_integral=+0.000000e+00
  [BOTH][Rank 0] Done moment 106/108 (task 105): force_integral=+0.000000e+00
  [BOTH][Rank 0] Done moment 106/108 (task 105): force_integral=+0.000000e+00
  [BOTH][Rank 0] Done moment 106/108 (task 105): force_integral=+0.000000e+00
  [BOTH][Rank 0] Done moment 106/108 (task 105): force_integral=+0.000000e+00
  [BOTH][Rank 0] Done moment 106/108 (task 105): force_integral=+0.000000e+00
  [BOTH][Rank 0] Done moment 106/108 (task 105): force_integral=+0.000000e+00
  [BOTH][Rank 0] Done moment 106/108 (task 105): force_integral=+0.000000e+00
  [BOTH][Rank 0] Done moment 106/108 (task 105): force_integral=+0.000000e+00
  [BOTH][Rank 0] Done moment 106/108 (task 105): force_integral=+0.000000e+00
  [BOTH][Rank 0] Done moment 106/108 (task 105): force_integral=+0.000000e+00
  [BOTH][Rank 0] Done moment 106/108 (task 105): force_integral=+0.000000e+00
  [BOTH][Rank 0] Done moment 106/108 (task 105): force_integral=+0.000000e+00
  [BOTH][Rank 0] Done moment 106/108 (task 105): force_integral=+0.000000e+00
  [BOTH][Rank 0] Done moment 106/108 (task 105): force_integral=+0.000000e+00
  [BOTH][Rank 0] Done moment 106/108 (task 105): force_integral=+0.000000e+00
  [BOTH][Rank 0] Done moment 106/108 (task 105): force_integral=+0.000000e+00
  [BOTH][Rank 0] Done moment 106/108 (task 105): force_integral=+0.000000e+00
  [BOTH][Rank 0] Done moment 106/108 (task 105): force_integral=+0.000000e+00
  [BOTH][Rank 0] Done moment 106/108 (task 105): force_integral=+0.000000e+00
  [BOTH][Rank 0] Done moment 106/108 (task 105): force_integral=+0.000000e+00
  [BOTH][Rank 0] Done moment 106/108 (task 105): force_integral=+0.000000e+00
  [BOTH][Rank 0] Done moment 106/108 (task 105): force_integral=+0.000000e+00
  [BOTH][Rank 0] Done moment 106/108 (task 105): force_integral=+0.000000e+00
  [BOTH][Rank 0] Done moment 106/108 (task 105): force_integral=+0.000000e+00
  [BOTH][Rank 0] Done moment 106/108 (task 105): force_integral=+0.000000e+00
  [BOTH][Rank 0] Done moment 106/108 (task 105): force_integral=+0.000000e+00
  [BOTH][Rank 0] Done moment 106/108 (task 105): force_integral=+0.000000e+00
  [BOTH][Rank 0] Done moment 107/108 (task 106): force_integral=+4.935758e+03
  [BOTH][Rank 0] Done moment 107/108 (task 106): force_integral=+4.935758e+03
  [BOTH][Rank 0] Done moment 107/108 (task 106): force_integral=+4.935758e+03
  [BOTH][Rank 0] Done moment 107/108 (task 106): force_integral=+4.935758e+03
  [BOTH][Rank 0] Done moment 107/108 (task 106): force_integral=+4.935758e+03
  [BOTH][Rank 0] Done moment 107/108 (task 106): force_integral=+4.935758e+03
  [BOTH][Rank 0] Done moment 107/108 (task 106): force_integral=+4.935758e+03
  [BOTH][Rank 0] Done moment 107/108 (task 106): force_integral=+4.935758e+03
  [BOTH][Rank 0] Done moment 107/108 (task 106): force_integral=+4.935758e+03
  [BOTH][Rank 0] Done moment 107/108 (task 106): force_integral=+4.935758e+03
  [BOTH][Rank 0] Done moment 107/108 (task 106): force_integral=+4.935758e+03
  [BOTH][Rank 0] Done moment 107/108 (task 106): force_integral=+4.935758e+03
  [BOTH][Rank 0] Done moment 107/108 (task 106): force_integral=+4.935758e+03
  [BOTH][Rank 0] Done moment 107/108 (task 106): force_integral=+4.935758e+03
  [BOTH][Rank 0] Done moment 107/108 (task 106): force_integral=+4.935758e+03
  [BOTH][Rank 0] Done moment 107/108 (task 106): force_integral=+4.935758e+03
  [BOTH][Rank 0] Done moment 107/108 (task 106): force_integral=+4.935758e+03
  [BOTH][Rank 0] Done moment 107/108 (task 106): force_integral=+4.935758e+03
  [BOTH][Rank 0] Done moment 107/108 (task 106): force_integral=+4.935758e+03
  [BOTH][Rank 0] Done moment 107/108 (task 106): force_integral=+4.935758e+03
  [BOTH][Rank 0] Done moment 107/108 (task 106): force_integral=+4.935758e+03
  [BOTH][Rank 0] Done moment 107/108 (task 106): force_integral=+4.935758e+03
  [BOTH][Rank 0] Done moment 107/108 (task 106): force_integral=+4.935758e+03
  [BOTH][Rank 0] Done moment 107/108 (task 106): force_integral=+4.935758e+03
  [BOTH][Rank 0] Done moment 107/108 (task 106): force_integral=+4.935758e+03
  [BOTH][Rank 0] Done moment 107/108 (task 106): force_integral=+4.935758e+03
  [BOTH][Rank 0] Done moment 107/108 (task 106): force_integral=+4.935758e+03
  [BOTH][Rank 0] Done moment 107/108 (task 106): force_integral=+4.935758e+03
  [BOTH][Rank 0] Done moment 107/108 (task 106): force_integral=+4.935758e+03
  [BOTH][Rank 0] Done moment 107/108 (task 106): force_integral=+4.935758e+03
  [BOTH][Rank 0] Done moment 107/108 (task 106): force_integral=+4.935758e+03
  [BOTH][Rank 0] Done moment 107/108 (task 106): force_integral=+4.935758e+03
  [BOTH][Rank 0] Done moment 107/108 (task 106): force_integral=+4.935758e+03
  [BOTH][Rank 0] Done moment 107/108 (task 106): force_integral=+4.935758e+03
  [BOTH][Rank 0] Done moment 107/108 (task 106): force_integral=+4.935758e+03
  [BOTH][Rank 0] Done moment 107/108 (task 106): force_integral=+4.935758e+03
  [BOTH][Rank 0] Done moment 107/108 (task 106): force_integral=+4.935758e+03
  [BOTH][Rank 0] Done moment 107/108 (task 106): force_integral=+4.935758e+03
  [BOTH][Rank 0] Done moment 107/108 (task 106): force_integral=+4.935758e+03
  [BOTH][Rank 0] Done moment 107/108 (task 106): force_integral=+4.935758e+03
  [BOTH][Rank 0] Done moment 107/108 (task 106): force_integral=+4.935758e+03
  [BOTH][Rank 0] Done moment 107/108 (task 106): force_integral=+4.935758e+03
  [BOTH][Rank 0] Done moment 107/108 (task 106): force_integral=+4.935758e+03
  [BOTH][Rank 0] Done moment 107/108 (task 106): force_integral=+4.935758e+03
  [BOTH][Rank 0] Done moment 107/108 (task 106): force_integral=+4.935758e+03
  [BOTH][Rank 0] Done moment 107/108 (task 106): force_integral=+4.935758e+03
  [BOTH][Rank 0] Done moment 107/108 (task 106): force_integral=+4.935758e+03
  [BOTH][Rank 0] Done moment 107/108 (task 106): force_integral=+4.935758e+03
  [BOTH][Rank 0] Done moment 107/108 (task 106): force_integral=+4.935758e+03
  [BOTH][Rank 0] Done moment 107/108 (task 106): force_integral=+4.935758e+03
  [BOTH][Rank 0] Done moment 107/108 (task 106): force_integral=+4.935758e+03
  [BOTH][Rank 0] Done moment 107/108 (task 106): force_integral=+4.935758e+03
  [BOTH][Rank 0] Done moment 107/108 (task 106): force_integral=+4.935758e+03
  [BOTH][Rank 0] Done moment 107/108 (task 106): force_integral=+4.935758e+03
  [BOTH][Rank 0] Done moment 107/108 (task 106): force_integral=+4.935758e+03
  [BOTH][Rank 0] Done moment 107/108 (task 106): force_integral=+4.935758e+03
  [BOTH][Rank 0] Done moment 107/108 (task 106): force_integral=+4.935758e+03
  [BOTH][Rank 0] Done moment 107/108 (task 106): force_integral=+4.935758e+03
  [BOTH][Rank 0] Done moment 107/108 (task 106): force_integral=+4.935758e+03
  [BOTH][Rank 0] Done moment 107/108 (task 106): force_integral=+4.935758e+03
  [BOTH][Rank 0] Done moment 107/108 (task 106): force_integral=+4.935758e+03
  [BOTH][Rank 0] Done moment 107/108 (task 106): force_integral=+4.935758e+03
  [BOTH][Rank 0] Done moment 107/108 (task 106): force_integral=+4.935758e+03
  [BOTH][Rank 0] Done moment 107/108 (task 106): force_integral=+4.935758e+03
  [BOTH][Rank 0] Done moment 107/108 (task 106): force_integral=+4.935758e+03
  [BOTH][Rank 0] Done moment 107/108 (task 106): force_integral=+4.935758e+03
  [BOTH][Rank 0] Done moment 107/108 (task 106): force_integral=+4.935758e+03
  [BOTH][Rank 0] Done moment 107/108 (task 106): force_integral=+4.935758e+03
  [BOTH][Rank 0] Done moment 107/108 (task 106): force_integral=+4.935758e+03
  [BOTH][Rank 0] Done moment 107/108 (task 106): force_integral=+4.935758e+03
  [BOTH][Rank 0] Done moment 107/108 (task 106): force_integral=+4.935758e+03
  [BOTH][Rank 0] Done moment 107/108 (task 106): force_integral=+4.935758e+03
  [BOTH][Rank 0] Done moment 107/108 (task 106): force_integral=+4.935758e+03
  [BOTH][Rank 0] Done moment 107/108 (task 106): force_integral=+4.935758e+03
  [BOTH][Rank 0] Done moment 107/108 (task 106): force_integral=+4.935758e+03
  [BOTH][Rank 0] Done moment 107/108 (task 106): force_integral=+4.935758e+03
  [BOTH][Rank 0] Done moment 107/108 (task 106): force_integral=+4.935758e+03
  [BOTH][Rank 0] Done moment 107/108 (task 106): force_integral=+4.935758e+03
  [BOTH][Rank 0] Done moment 107/108 (task 106): force_integral=+4.935758e+03
  [BOTH][Rank 0] Done moment 107/108 (task 106): force_integral=+4.935758e+03
  [BOTH][Rank 0] Done moment 107/108 (task 106): force_integral=+4.935758e+03
  [BOTH][Rank 0] Done moment 107/108 (task 106): force_integral=+4.935758e+03
  [BOTH][Rank 0] Done moment 107/108 (task 106): force_integral=+4.935758e+03
  [BOTH][Rank 0] Done moment 107/108 (task 106): force_integral=+4.935758e+03
  [BOTH][Rank 0] Done moment 107/108 (task 106): force_integral=+4.935758e+03
  [BOTH][Rank 0] Done moment 107/108 (task 106): force_integral=+4.935758e+03
  [BOTH][Rank 0] Done moment 107/108 (task 106): force_integral=+4.935758e+03
  [BOTH][Rank 0] Done moment 107/108 (task 106): force_integral=+4.935758e+03
  [BOTH][Rank 0] Done moment 107/108 (task 106): force_integral=+4.935758e+03
  [BOTH][Rank 0] Done moment 107/108 (task 106): force_integral=+4.935758e+03
  [BOTH][Rank 0] Done moment 107/108 (task 106): force_integral=+4.935758e+03
  [BOTH][Rank 0] Done moment 107/108 (task 106): force_integral=+4.935758e+03
  [BOTH][Rank 0] Done moment 107/108 (task 106): force_integral=+4.935758e+03
  [BOTH][Rank 0] Done moment 107/108 (task 106): force_integral=+4.935758e+03
  [BOTH][Rank 0] Done moment 107/108 (task 106): force_integral=+4.935758e+03
  [BOTH][Rank 0] Done moment 107/108 (task 106): force_integral=+4.935758e+03
  [BOTH][Rank 0] Done moment 107/108 (task 106): force_integral=+4.935758e+03
  [BOTH][Rank 0] Done moment 107/108 (task 106): force_integral=+4.935758e+03
  [BOTH][Rank 0] Done moment 107/108 (task 106): force_integral=+4.935758e+03
  [BOTH][Rank 0] Done moment 107/108 (task 106): force_integral=+4.935758e+03
  [BOTH][Rank 0] Done moment 107/108 (task 106): force_integral=+4.935758e+03
  [BOTH][Rank 0] Done moment 107/108 (task 106): force_integral=+4.935758e+03
  [BOTH][Rank 0] Done moment 107/108 (task 106): force_integral=+4.935758e+03
  [BOTH][Rank 0] Done moment 107/108 (task 106): force_integral=+4.935758e+03
  [BOTH][Rank 0] Done moment 107/108 (task 106): force_integral=+4.935758e+03
  [BOTH][Rank 0] Done moment 107/108 (task 106): force_integral=+4.935758e+03
  [BOTH][Rank 0] Done moment 107/108 (task 106): force_integral=+4.935758e+03
  [BOTH][Rank 0] Done moment 107/108 (task 106): force_integral=+4.935758e+03
  [BOTH][Rank 0] Done moment 107/108 (task 106): force_integral=+4.935758e+03
  [BOTH][Rank 0] Done moment 107/108 (task 106): force_integral=+4.935758e+03
  [BOTH][Rank 0] Done moment 107/108 (task 106): force_integral=+4.935758e+03
  [BOTH][Rank 0] Done moment 107/108 (task 106): force_integral=+4.935758e+03
  [BOTH][Rank 0] Done moment 107/108 (task 106): force_integral=+4.935758e+03
  [BOTH][Rank 0] Done moment 107/108 (task 106): force_integral=+4.935758e+03
  [BOTH][Rank 0] Done moment 107/108 (task 106): force_integral=+4.935758e+03
  [BOTH][Rank 0] Done moment 107/108 (task 106): force_integral=+4.935758e+03
  [BOTH][Rank 0] Done moment 107/108 (task 106): force_integral=+4.935758e+03
  [BOTH][Rank 0] Done moment 107/108 (task 106): force_integral=+4.935758e+03
  [BOTH][Rank 0] Done moment 107/108 (task 106): force_integral=+4.935758e+03
  [BOTH][Rank 0] Done moment 107/108 (task 106): force_integral=+4.935758e+03
  [BOTH][Rank 0] Done moment 107/108 (task 106): force_integral=+4.935758e+03
  [BOTH][Rank 0] Done moment 107/108 (task 106): force_integral=+4.935758e+03
  [BOTH][Rank 0] Done moment 107/108 (task 106): force_integral=+4.935758e+03
  [BOTH][Rank 0] Done moment 107/108 (task 106): force_integral=+4.935758e+03
  [BOTH][Rank 0] Done moment 107/108 (task 106): force_integral=+4.935758e+03
  [BOTH][Rank 0] Done moment 107/108 (task 106): force_integral=+4.935758e+03
  [BOTH][Rank 0] Done moment 107/108 (task 106): force_integral=+4.935758e+03
  [BOTH][Rank 0] Done moment 107/108 (task 106): force_integral=+4.935758e+03
  [BOTH][Rank 0] Done moment 108/108 (task 107): force_integral=-2.563451e+03
  [BOTH][Rank 0] Done moment 108/108 (task 107): force_integral=-2.563451e+03
  [BOTH][Rank 0] Done moment 108/108 (task 107): force_integral=-2.563451e+03
  [BOTH][Rank 0] Done moment 108/108 (task 107): force_integral=-2.563451e+03
  [BOTH][Rank 0] Done moment 108/108 (task 107): force_integral=-2.563451e+03
  [BOTH][Rank 0] Done moment 108/108 (task 107): force_integral=-2.563451e+03
  [BOTH][Rank 0] Done moment 108/108 (task 107): force_integral=-2.563451e+03
  [BOTH][Rank 0] Done moment 108/108 (task 107): force_integral=-2.563451e+03
  [BOTH][Rank 0] Done moment 108/108 (task 107): force_integral=-2.563451e+03
  [BOTH][Rank 0] Done moment 108/108 (task 107): force_integral=-2.563451e+03
  [BOTH][Rank 0] Done moment 108/108 (task 107): force_integral=-2.563451e+03
  [BOTH][Rank 0] Done moment 108/108 (task 107): force_integral=-2.563451e+03
  [BOTH][Rank 0] Done moment 108/108 (task 107): force_integral=-2.563451e+03
  [BOTH][Rank 0] Done moment 108/108 (task 107): force_integral=-2.563451e+03
  [BOTH][Rank 0] Done moment 108/108 (task 107): force_integral=-2.563451e+03
  [BOTH][Rank 0] Done moment 108/108 (task 107): force_integral=-2.563451e+03
  [BOTH][Rank 0] Done moment 108/108 (task 107): force_integral=-2.563451e+03
  [BOTH][Rank 0] Done moment 108/108 (task 107): force_integral=-2.563451e+03
  [BOTH][Rank 0] Done moment 108/108 (task 107): force_integral=-2.563451e+03
  [BOTH][Rank 0] Done moment 108/108 (task 107): force_integral=-2.563451e+03
  [BOTH][Rank 0] Done moment 108/108 (task 107): force_integral=-2.563451e+03
  [BOTH][Rank 0] Done moment 108/108 (task 107): force_integral=-2.563451e+03
  [BOTH][Rank 0] Done moment 108/108 (task 107): force_integral=-2.563451e+03
  [BOTH][Rank 0] Done moment 108/108 (task 107): force_integral=-2.563451e+03
  [BOTH][Rank 0] Done moment 108/108 (task 107): force_integral=-2.563451e+03
  [BOTH][Rank 0] Done moment 108/108 (task 107): force_integral=-2.563451e+03
  [BOTH][Rank 0] Done moment 108/108 (task 107): force_integral=-2.563451e+03
  [BOTH][Rank 0] Done moment 108/108 (task 107): force_integral=-2.563451e+03
  [BOTH][Rank 0] Done moment 108/108 (task 107): force_integral=-2.563451e+03
  [BOTH][Rank 0] Done moment 108/108 (task 107): force_integral=-2.563451e+03
  [BOTH][Rank 0] Done moment 108/108 (task 107): force_integral=-2.563451e+03
  [BOTH][Rank 0] Done moment 108/108 (task 107): force_integral=-2.563451e+03
  [BOTH][Rank 0] Done moment 108/108 (task 107): force_integral=-2.563451e+03
  [BOTH][Rank 0] Done moment 108/108 (task 107): force_integral=-2.563451e+03
  [BOTH][Rank 0] Done moment 108/108 (task 107): force_integral=-2.563451e+03
  [BOTH][Rank 0] Done moment 108/108 (task 107): force_integral=-2.563451e+03
  [BOTH][Rank 0] Done moment 108/108 (task 107): force_integral=-2.563451e+03
  [BOTH][Rank 0] Done moment 108/108 (task 107): force_integral=-2.563451e+03
  [BOTH][Rank 0] Done moment 108/108 (task 107): force_integral=-2.563451e+03
  [BOTH][Rank 0] Done moment 108/108 (task 107): force_integral=-2.563451e+03
  [BOTH][Rank 0] Done moment 108/108 (task 107): force_integral=-2.563451e+03
  [BOTH][Rank 0] Done moment 108/108 (task 107): force_integral=-2.563451e+03
  [BOTH][Rank 0] Done moment 108/108 (task 107): force_integral=-2.563451e+03
  [BOTH][Rank 0] Done moment 108/108 (task 107): force_integral=-2.563451e+03
  [BOTH][Rank 0] Done moment 108/108 (task 107): force_integral=-2.563451e+03
  [BOTH][Rank 0] Done moment 108/108 (task 107): force_integral=-2.563451e+03
  [BOTH][Rank 0] Done moment 108/108 (task 107): force_integral=-2.563451e+03
  [BOTH][Rank 0] Done moment 108/108 (task 107): force_integral=-2.563451e+03
  [BOTH][Rank 0] Done moment 108/108 (task 107): force_integral=-2.563451e+03
  [BOTH][Rank 0] Done moment 108/108 (task 107): force_integral=-2.563451e+03
  [BOTH][Rank 0] Done moment 108/108 (task 107): force_integral=-2.563451e+03
  [BOTH][Rank 0] Done moment 108/108 (task 107): force_integral=-2.563451e+03
  [BOTH][Rank 0] Done moment 108/108 (task 107): force_integral=-2.563451e+03
  [BOTH][Rank 0] Done moment 108/108 (task 107): force_integral=-2.563451e+03
  [BOTH][Rank 0] Done moment 108/108 (task 107): force_integral=-2.563451e+03
  [BOTH][Rank 0] Done moment 108/108 (task 107): force_integral=-2.563451e+03
  [BOTH][Rank 0] Done moment 108/108 (task 107): force_integral=-2.563451e+03
  [BOTH][Rank 0] Done moment 108/108 (task 107): force_integral=-2.563451e+03
  [BOTH][Rank 0] Done moment 108/108 (task 107): force_integral=-2.563451e+03
  [BOTH][Rank 0] Done moment 108/108 (task 107): force_integral=-2.563451e+03
  [BOTH][Rank 0] Done moment 108/108 (task 107): force_integral=-2.563451e+03
  [BOTH][Rank 0] Done moment 108/108 (task 107): force_integral=-2.563451e+03
  [BOTH][Rank 0] Done moment 108/108 (task 107): force_integral=-2.563451e+03
  [BOTH][Rank 0] Done moment 108/108 (task 107): force_integral=-2.563451e+03
  [BOTH][Rank 0] Done moment 108/108 (task 107): force_integral=-2.563451e+03
  [BOTH][Rank 0] Done moment 108/108 (task 107): force_integral=-2.563451e+03
  [BOTH][Rank 0] Done moment 108/108 (task 107): force_integral=-2.563451e+03
  [BOTH][Rank 0] Done moment 108/108 (task 107): force_integral=-2.563451e+03
  [BOTH][Rank 0] Done moment 108/108 (task 107): force_integral=-2.563451e+03
  [BOTH][Rank 0] Done moment 108/108 (task 107): force_integral=-2.563451e+03
  [BOTH][Rank 0] Done moment 108/108 (task 107): force_integral=-2.563451e+03
  [BOTH][Rank 0] Done moment 108/108 (task 107): force_integral=-2.563451e+03
  [BOTH][Rank 0] Done moment 108/108 (task 107): force_integral=-2.563451e+03
  [BOTH][Rank 0] Done moment 108/108 (task 107): force_integral=-2.563451e+03
  [BOTH][Rank 0] Done moment 108/108 (task 107): force_integral=-2.563451e+03
  [BOTH][Rank 0] Done moment 108/108 (task 107): force_integral=-2.563451e+03
  [BOTH][Rank 0] Done moment 108/108 (task 107): force_integral=-2.563451e+03
  [BOTH][Rank 0] Done moment 108/108 (task 107): force_integral=-2.563451e+03
  [BOTH][Rank 0] Done moment 108/108 (task 107): force_integral=-2.563451e+03
  [BOTH][Rank 0] Done moment 108/108 (task 107): force_integral=-2.563451e+03
  [BOTH][Rank 0] Done moment 108/108 (task 107): force_integral=-2.563451e+03
  [BOTH][Rank 0] Done moment 108/108 (task 107): force_integral=-2.563451e+03
  [BOTH][Rank 0] Done moment 108/108 (task 107): force_integral=-2.563451e+03
  [BOTH][Rank 0] Done moment 108/108 (task 107): force_integral=-2.563451e+03
  [BOTH][Rank 0] Done moment 108/108 (task 107): force_integral=-2.563451e+03
  [BOTH][Rank 0] Done moment 108/108 (task 107): force_integral=-2.563451e+03
  [BOTH][Rank 0] Done moment 108/108 (task 107): force_integral=-2.563451e+03
  [BOTH][Rank 0] Done moment 108/108 (task 107): force_integral=-2.563451e+03
  [BOTH][Rank 0] Done moment 108/108 (task 107): force_integral=-2.563451e+03
  [BOTH][Rank 0] Done moment 108/108 (task 107): force_integral=-2.563451e+03
  [BOTH][Rank 0] Done moment 108/108 (task 107): force_integral=-2.563451e+03
  [BOTH][Rank 0] Done moment 108/108 (task 107): force_integral=-2.563451e+03
  [BOTH][Rank 0] Done moment 108/108 (task 107): force_integral=-2.563451e+03
  [BOTH][Rank 0] Done moment 108/108 (task 107): force_integral=-2.563451e+03
  [BOTH][Rank 0] Done moment 108/108 (task 107): force_integral=-2.563451e+03
  [BOTH][Rank 0] Done moment 108/108 (task 107): force_integral=-2.563451e+03
  [BOTH][Rank 0] Done moment 108/108 (task 107): force_integral=-2.563451e+03
  [BOTH][Rank 0] Done moment 108/108 (task 107): force_integral=-2.563451e+03
  [BOTH][Rank 0] Done moment 108/108 (task 107): force_integral=-2.563451e+03
  [BOTH][Rank 0] Done moment 108/108 (task 107): force_integral=-2.563451e+03
  [BOTH][Rank 0] Done moment 108/108 (task 107): force_integral=-2.563451e+03
  [BOTH][Rank 0] Done moment 108/108 (task 107): force_integral=-2.563451e+03
  [BOTH][Rank 0] Done moment 108/108 (task 107): force_integral=-2.563451e+03
  [BOTH][Rank 0] Done moment 108/108 (task 107): force_integral=-2.563451e+03
  [BOTH][Rank 0] Done moment 108/108 (task 107): force_integral=-2.563451e+03
  [BOTH][Rank 0] Done moment 108/108 (task 107): force_integral=-2.563451e+03
  [BOTH][Rank 0] Done moment 108/108 (task 107): force_integral=-2.563451e+03
  [BOTH][Rank 0] Done moment 108/108 (task 107): force_integral=-2.563451e+03
  [BOTH][Rank 0] Done moment 108/108 (task 107): force_integral=-2.563451e+03
  [BOTH][Rank 0] Done moment 108/108 (task 107): force_integral=-2.563451e+03
  [BOTH][Rank 0] Done moment 108/108 (task 107): force_integral=-2.563451e+03
  [BOTH][Rank 0] Done moment 108/108 (task 107): force_integral=-2.563451e+03
  [BOTH][Rank 0] Done moment 108/108 (task 107): force_integral=-2.563451e+03
  [BOTH][Rank 0] Done moment 108/108 (task 107): force_integral=-2.563451e+03
  [BOTH][Rank 0] Done moment 108/108 (task 107): force_integral=-2.563451e+03
  [BOTH][Rank 0] Done moment 108/108 (task 107): force_integral=-2.563451e+03
  [BOTH][Rank 0] Done moment 108/108 (task 107): force_integral=-2.563451e+03
  [BOTH][Rank 0] Done moment 108/108 (task 107): force_integral=-2.563451e+03
  [BOTH][Rank 0] Done moment 108/108 (task 107): force_integral=-2.563451e+03
  [BOTH][Rank 0] Done moment 108/108 (task 107): force_integral=-2.563451e+03
  [BOTH][Rank 0] Done moment 108/108 (task 107): force_integral=-2.563451e+03
  [BOTH][Rank 0] Done moment 108/108 (task 107): force_integral=-2.563451e+03
  [BOTH][Rank 0] Done moment 108/108 (task 107): force_integral=-2.563451e+03
  [BOTH][Rank 0] Done moment 108/108 (task 107): force_integral=-2.563451e+03
  [BOTH][Rank 0] Done moment 108/108 (task 107): force_integral=-2.563451e+03
  [BOTH][Rank 0] Done moment 108/108 (task 107): force_integral=-2.563451e+03
  [BOTH][Rank 0] Done moment 108/108 (task 107): force_integral=-2.563451e+03
  [BOTH][Rank 0] Done moment 108/108 (task 107): force_integral=-2.563451e+03
  [SELF][Rank 0] Done moment 1/108 (task 0): force_integral=+1.264049e-01
  [SELF][Rank 0] Done moment 1/108 (task 0): force_integral=+1.264049e-01
  [SELF][Rank 0] Done moment 1/108 (task 0): force_integral=+1.264049e-01
  [SELF][Rank 0] Done moment 1/108 (task 0): force_integral=+1.264049e-01
  [SELF][Rank 0] Done moment 1/108 (task 0): force_integral=+1.264049e-01
  [SELF][Rank 0] Done moment 1/108 (task 0): force_integral=+1.264049e-01
  [SELF][Rank 0] Done moment 1/108 (task 0): force_integral=+1.264049e-01
  [SELF][Rank 0] Done moment 1/108 (task 0): force_integral=+1.264049e-01
  [SELF][Rank 0] Done moment 1/108 (task 0): force_integral=+1.264049e-01
  [SELF][Rank 0] Done moment 1/108 (task 0): force_integral=+1.264049e-01
  [SELF][Rank 0] Done moment 1/108 (task 0): force_integral=+1.264049e-01
  [SELF][Rank 0] Done moment 1/108 (task 0): force_integral=+1.264049e-01
  [SELF][Rank 0] Done moment 1/108 (task 0): force_integral=+1.264049e-01
  [SELF][Rank 0] Done moment 1/108 (task 0): force_integral=+1.264049e-01
  [SELF][Rank 0] Done moment 1/108 (task 0): force_integral=+1.264049e-01
  [SELF][Rank 0] Done moment 1/108 (task 0): force_integral=+1.264049e-01
  [SELF][Rank 0] Done moment 1/108 (task 0): force_integral=+1.264049e-01
  [SELF][Rank 0] Done moment 1/108 (task 0): force_integral=+1.264049e-01
  [SELF][Rank 0] Done moment 1/108 (task 0): force_integral=+1.264049e-01
  [SELF][Rank 0] Done moment 1/108 (task 0): force_integral=+1.264049e-01
  [SELF][Rank 0] Done moment 1/108 (task 0): force_integral=+1.264049e-01
  [SELF][Rank 0] Done moment 1/108 (task 0): force_integral=+1.264049e-01
  [SELF][Rank 0] Done moment 1/108 (task 0): force_integral=+1.264049e-01
  [SELF][Rank 0] Done moment 1/108 (task 0): force_integral=+1.264049e-01
  [SELF][Rank 0] Done moment 1/108 (task 0): force_integral=+1.264049e-01
  [SELF][Rank 0] Done moment 1/108 (task 0): force_integral=+1.264049e-01
  [SELF][Rank 0] Done moment 1/108 (task 0): force_integral=+1.264049e-01
  [SELF][Rank 0] Done moment 1/108 (task 0): force_integral=+1.264049e-01
  [SELF][Rank 0] Done moment 1/108 (task 0): force_integral=+1.264049e-01
  [SELF][Rank 0] Done moment 1/108 (task 0): force_integral=+1.264049e-01
  [SELF][Rank 0] Done moment 1/108 (task 0): force_integral=+1.264049e-01
  [SELF][Rank 0] Done moment 1/108 (task 0): force_integral=+1.264049e-01
  [SELF][Rank 0] Done moment 1/108 (task 0): force_integral=+1.264049e-01
  [SELF][Rank 0] Done moment 1/108 (task 0): force_integral=+1.264049e-01
  [SELF][Rank 0] Done moment 1/108 (task 0): force_integral=+1.264049e-01
  [SELF][Rank 0] Done moment 1/108 (task 0): force_integral=+1.264049e-01
  [SELF][Rank 0] Done moment 1/108 (task 0): force_integral=+1.264049e-01
  [SELF][Rank 0] Done moment 1/108 (task 0): force_integral=+1.264049e-01
  [SELF][Rank 0] Done moment 1/108 (task 0): force_integral=+1.264049e-01
  [SELF][Rank 0] Done moment 1/108 (task 0): force_integral=+1.264049e-01
  [SELF][Rank 0] Done moment 1/108 (task 0): force_integral=+1.264049e-01
  [SELF][Rank 0] Done moment 1/108 (task 0): force_integral=+1.264049e-01
  [SELF][Rank 0] Done moment 1/108 (task 0): force_integral=+1.264049e-01
  [SELF][Rank 0] Done moment 1/108 (task 0): force_integral=+1.264049e-01
  [SELF][Rank 0] Done moment 1/108 (task 0): force_integral=+1.264049e-01
  [SELF][Rank 0] Done moment 1/108 (task 0): force_integral=+1.264049e-01
  [SELF][Rank 0] Done moment 1/108 (task 0): force_integral=+1.264049e-01
  [SELF][Rank 0] Done moment 1/108 (task 0): force_integral=+1.264049e-01
  [SELF][Rank 0] Done moment 1/108 (task 0): force_integral=+1.264049e-01
  [SELF][Rank 0] Done moment 1/108 (task 0): force_integral=+1.264049e-01
  [SELF][Rank 0] Done moment 1/108 (task 0): force_integral=+1.264049e-01
  [SELF][Rank 0] Done moment 1/108 (task 0): force_integral=+1.264049e-01
  [SELF][Rank 0] Done moment 1/108 (task 0): force_integral=+1.264049e-01
  [SELF][Rank 0] Done moment 1/108 (task 0): force_integral=+1.264049e-01
  [SELF][Rank 0] Done moment 1/108 (task 0): force_integral=+1.264049e-01
  [SELF][Rank 0] Done moment 1/108 (task 0): force_integral=+1.264049e-01
  [SELF][Rank 0] Done moment 1/108 (task 0): force_integral=+1.264049e-01
  [SELF][Rank 0] Done moment 1/108 (task 0): force_integral=+1.264049e-01
  [SELF][Rank 0] Done moment 1/108 (task 0): force_integral=+1.264049e-01
  [SELF][Rank 0] Done moment 1/108 (task 0): force_integral=+1.264049e-01
  [SELF][Rank 0] Done moment 1/108 (task 0): force_integral=+1.264049e-01
  [SELF][Rank 0] Done moment 1/108 (task 0): force_integral=+1.264049e-01
  [SELF][Rank 0] Done moment 1/108 (task 0): force_integral=+1.264049e-01
  [SELF][Rank 0] Done moment 1/108 (task 0): force_integral=+1.264049e-01
  [SELF][Rank 0] Done moment 1/108 (task 0): force_integral=+1.264049e-01
  [SELF][Rank 0] Done moment 1/108 (task 0): force_integral=+1.264049e-01
  [SELF][Rank 0] Done moment 1/108 (task 0): force_integral=+1.264049e-01
  [SELF][Rank 0] Done moment 1/108 (task 0): force_integral=+1.264049e-01
  [SELF][Rank 0] Done moment 1/108 (task 0): force_integral=+1.264049e-01
  [SELF][Rank 0] Done moment 1/108 (task 0): force_integral=+1.264049e-01
  [SELF][Rank 0] Done moment 1/108 (task 0): force_integral=+1.264049e-01
  [SELF][Rank 0] Done moment 1/108 (task 0): force_integral=+1.264049e-01
  [SELF][Rank 0] Done moment 1/108 (task 0): force_integral=+1.264049e-01
  [SELF][Rank 0] Done moment 1/108 (task 0): force_integral=+1.264049e-01
  [SELF][Rank 0] Done moment 1/108 (task 0): force_integral=+1.264049e-01
  [SELF][Rank 0] Done moment 1/108 (task 0): force_integral=+1.264049e-01
  [SELF][Rank 0] Done moment 1/108 (task 0): force_integral=+1.264049e-01
  [SELF][Rank 0] Done moment 1/108 (task 0): force_integral=+1.264049e-01
  [SELF][Rank 0] Done moment 1/108 (task 0): force_integral=+1.264049e-01
  [SELF][Rank 0] Done moment 1/108 (task 0): force_integral=+1.264049e-01
  [SELF][Rank 0] Done moment 1/108 (task 0): force_integral=+1.264049e-01
  [SELF][Rank 0] Done moment 1/108 (task 0): force_integral=+1.264049e-01
  [SELF][Rank 0] Done moment 1/108 (task 0): force_integral=+1.264049e-01
  [SELF][Rank 0] Done moment 1/108 (task 0): force_integral=+1.264049e-01
  [SELF][Rank 0] Done moment 1/108 (task 0): force_integral=+1.264049e-01
  [SELF][Rank 0] Done moment 1/108 (task 0): force_integral=+1.264049e-01
  [SELF][Rank 0] Done moment 1/108 (task 0): force_integral=+1.264049e-01
  [SELF][Rank 0] Done moment 1/108 (task 0): force_integral=+1.264049e-01
  [SELF][Rank 0] Done moment 1/108 (task 0): force_integral=+1.264049e-01
  [SELF][Rank 0] Done moment 1/108 (task 0): force_integral=+1.264049e-01
  [SELF][Rank 0] Done moment 1/108 (task 0): force_integral=+1.264049e-01
  [SELF][Rank 0] Done moment 1/108 (task 0): force_integral=+1.264049e-01
  [SELF][Rank 0] Done moment 1/108 (task 0): force_integral=+1.264049e-01
  [SELF][Rank 0] Done moment 1/108 (task 0): force_integral=+1.264049e-01
  [SELF][Rank 0] Done moment 1/108 (task 0): force_integral=+1.264049e-01
  [SELF][Rank 0] Done moment 1/108 (task 0): force_integral=+1.264049e-01
  [SELF][Rank 0] Done moment 1/108 (task 0): force_integral=+1.264049e-01
  [SELF][Rank 0] Done moment 1/108 (task 0): force_integral=+1.264049e-01
  [SELF][Rank 0] Done moment 1/108 (task 0): force_integral=+1.264049e-01
  [SELF][Rank 0] Done moment 1/108 (task 0): force_integral=+1.264049e-01
  [SELF][Rank 0] Done moment 1/108 (task 0): force_integral=+1.264049e-01
  [SELF][Rank 0] Done moment 1/108 (task 0): force_integral=+1.264049e-01
  [SELF][Rank 0] Done moment 1/108 (task 0): force_integral=+1.264049e-01
  [SELF][Rank 0] Done moment 1/108 (task 0): force_integral=+1.264049e-01
  [SELF][Rank 0] Done moment 1/108 (task 0): force_integral=+1.264049e-01
  [SELF][Rank 0] Done moment 1/108 (task 0): force_integral=+1.264049e-01
  [SELF][Rank 0] Done moment 1/108 (task 0): force_integral=+1.264049e-01
  [SELF][Rank 0] Done moment 1/108 (task 0): force_integral=+1.264049e-01
  [SELF][Rank 0] Done moment 1/108 (task 0): force_integral=+1.264049e-01
  [SELF][Rank 0] Done moment 1/108 (task 0): force_integral=+1.264049e-01
  [SELF][Rank 0] Done moment 1/108 (task 0): force_integral=+1.264049e-01
  [SELF][Rank 0] Done moment 1/108 (task 0): force_integral=+1.264049e-01
  [SELF][Rank 0] Done moment 1/108 (task 0): force_integral=+1.264049e-01
  [SELF][Rank 0] Done moment 1/108 (task 0): force_integral=+1.264049e-01
  [SELF][Rank 0] Done moment 1/108 (task 0): force_integral=+1.264049e-01
  [SELF][Rank 0] Done moment 1/108 (task 0): force_integral=+1.264049e-01
  [SELF][Rank 0] Done moment 1/108 (task 0): force_integral=+1.264049e-01
  [SELF][Rank 0] Done moment 1/108 (task 0): force_integral=+1.264049e-01
  [SELF][Rank 0] Done moment 1/108 (task 0): force_integral=+1.264049e-01
  [SELF][Rank 0] Done moment 1/108 (task 0): force_integral=+1.264049e-01
  [SELF][Rank 0] Done moment 1/108 (task 0): force_integral=+1.264049e-01
  [SELF][Rank 0] Done moment 1/108 (task 0): force_integral=+1.264049e-01
  [SELF][Rank 0] Done moment 1/108 (task 0): force_integral=+1.264049e-01
  [SELF][Rank 0] Done moment 1/108 (task 0): force_integral=+1.264049e-01
  [SELF][Rank 0] Done moment 1/108 (task 0): force_integral=+1.264049e-01
  [SELF][Rank 0] Done moment 1/108 (task 0): force_integral=+1.264049e-01
  [SELF][Rank 0] Done moment 1/108 (task 0): force_integral=+1.264049e-01
  [SELF][Rank 0] Done moment 1/108 (task 0): force_integral=+1.264049e-01
  [SELF][Rank 0] Done moment 2/108 (task 1): force_integral=+1.264049e-01
  [SELF][Rank 0] Done moment 2/108 (task 1): force_integral=+1.264049e-01
  [SELF][Rank 0] Done moment 2/108 (task 1): force_integral=+1.264049e-01
  [SELF][Rank 0] Done moment 2/108 (task 1): force_integral=+1.264049e-01
  [SELF][Rank 0] Done moment 2/108 (task 1): force_integral=+1.264049e-01
  [SELF][Rank 0] Done moment 2/108 (task 1): force_integral=+1.264049e-01
  [SELF][Rank 0] Done moment 2/108 (task 1): force_integral=+1.264049e-01
  [SELF][Rank 0] Done moment 2/108 (task 1): force_integral=+1.264049e-01
  [SELF][Rank 0] Done moment 2/108 (task 1): force_integral=+1.264049e-01
  [SELF][Rank 0] Done moment 2/108 (task 1): force_integral=+1.264049e-01
  [SELF][Rank 0] Done moment 2/108 (task 1): force_integral=+1.264049e-01
  [SELF][Rank 0] Done moment 2/108 (task 1): force_integral=+1.264049e-01
  [SELF][Rank 0] Done moment 2/108 (task 1): force_integral=+1.264049e-01
  [SELF][Rank 0] Done moment 2/108 (task 1): force_integral=+1.264049e-01
  [SELF][Rank 0] Done moment 2/108 (task 1): force_integral=+1.264049e-01
  [SELF][Rank 0] Done moment 2/108 (task 1): force_integral=+1.264049e-01
  [SELF][Rank 0] Done moment 2/108 (task 1): force_integral=+1.264049e-01
  [SELF][Rank 0] Done moment 2/108 (task 1): force_integral=+1.264049e-01
  [SELF][Rank 0] Done moment 2/108 (task 1): force_integral=+1.264049e-01
  [SELF][Rank 0] Done moment 2/108 (task 1): force_integral=+1.264049e-01
  [SELF][Rank 0] Done moment 2/108 (task 1): force_integral=+1.264049e-01
  [SELF][Rank 0] Done moment 2/108 (task 1): force_integral=+1.264049e-01
  [SELF][Rank 0] Done moment 2/108 (task 1): force_integral=+1.264049e-01
  [SELF][Rank 0] Done moment 2/108 (task 1): force_integral=+1.264049e-01
  [SELF][Rank 0] Done moment 2/108 (task 1): force_integral=+1.264049e-01
  [SELF][Rank 0] Done moment 2/108 (task 1): force_integral=+1.264049e-01
  [SELF][Rank 0] Done moment 2/108 (task 1): force_integral=+1.264049e-01
  [SELF][Rank 0] Done moment 2/108 (task 1): force_integral=+1.264049e-01
  [SELF][Rank 0] Done moment 2/108 (task 1): force_integral=+1.264049e-01
  [SELF][Rank 0] Done moment 2/108 (task 1): force_integral=+1.264049e-01
  [SELF][Rank 0] Done moment 2/108 (task 1): force_integral=+1.264049e-01
  [SELF][Rank 0] Done moment 2/108 (task 1): force_integral=+1.264049e-01
  [SELF][Rank 0] Done moment 2/108 (task 1): force_integral=+1.264049e-01
  [SELF][Rank 0] Done moment 2/108 (task 1): force_integral=+1.264049e-01
  [SELF][Rank 0] Done moment 2/108 (task 1): force_integral=+1.264049e-01
  [SELF][Rank 0] Done moment 2/108 (task 1): force_integral=+1.264049e-01
  [SELF][Rank 0] Done moment 2/108 (task 1): force_integral=+1.264049e-01
  [SELF][Rank 0] Done moment 2/108 (task 1): force_integral=+1.264049e-01
  [SELF][Rank 0] Done moment 2/108 (task 1): force_integral=+1.264049e-01
  [SELF][Rank 0] Done moment 2/108 (task 1): force_integral=+1.264049e-01
  [SELF][Rank 0] Done moment 2/108 (task 1): force_integral=+1.264049e-01
  [SELF][Rank 0] Done moment 2/108 (task 1): force_integral=+1.264049e-01
  [SELF][Rank 0] Done moment 2/108 (task 1): force_integral=+1.264049e-01
  [SELF][Rank 0] Done moment 2/108 (task 1): force_integral=+1.264049e-01
  [SELF][Rank 0] Done moment 2/108 (task 1): force_integral=+1.264049e-01
  [SELF][Rank 0] Done moment 2/108 (task 1): force_integral=+1.264049e-01
  [SELF][Rank 0] Done moment 2/108 (task 1): force_integral=+1.264049e-01
  [SELF][Rank 0] Done moment 2/108 (task 1): force_integral=+1.264049e-01
  [SELF][Rank 0] Done moment 2/108 (task 1): force_integral=+1.264049e-01
  [SELF][Rank 0] Done moment 2/108 (task 1): force_integral=+1.264049e-01
  [SELF][Rank 0] Done moment 2/108 (task 1): force_integral=+1.264049e-01
  [SELF][Rank 0] Done moment 2/108 (task 1): force_integral=+1.264049e-01
  [SELF][Rank 0] Done moment 2/108 (task 1): force_integral=+1.264049e-01
  [SELF][Rank 0] Done moment 2/108 (task 1): force_integral=+1.264049e-01
  [SELF][Rank 0] Done moment 2/108 (task 1): force_integral=+1.264049e-01
  [SELF][Rank 0] Done moment 2/108 (task 1): force_integral=+1.264049e-01
  [SELF][Rank 0] Done moment 2/108 (task 1): force_integral=+1.264049e-01
  [SELF][Rank 0] Done moment 2/108 (task 1): force_integral=+1.264049e-01
  [SELF][Rank 0] Done moment 2/108 (task 1): force_integral=+1.264049e-01
  [SELF][Rank 0] Done moment 2/108 (task 1): force_integral=+1.264049e-01
  [SELF][Rank 0] Done moment 2/108 (task 1): force_integral=+1.264049e-01
  [SELF][Rank 0] Done moment 2/108 (task 1): force_integral=+1.264049e-01
  [SELF][Rank 0] Done moment 2/108 (task 1): force_integral=+1.264049e-01
  [SELF][Rank 0] Done moment 2/108 (task 1): force_integral=+1.264049e-01
  [SELF][Rank 0] Done moment 2/108 (task 1): force_integral=+1.264049e-01
  [SELF][Rank 0] Done moment 2/108 (task 1): force_integral=+1.264049e-01
  [SELF][Rank 0] Done moment 2/108 (task 1): force_integral=+1.264049e-01
  [SELF][Rank 0] Done moment 2/108 (task 1): force_integral=+1.264049e-01
  [SELF][Rank 0] Done moment 2/108 (task 1): force_integral=+1.264049e-01
  [SELF][Rank 0] Done moment 2/108 (task 1): force_integral=+1.264049e-01
  [SELF][Rank 0] Done moment 2/108 (task 1): force_integral=+1.264049e-01
  [SELF][Rank 0] Done moment 2/108 (task 1): force_integral=+1.264049e-01
  [SELF][Rank 0] Done moment 2/108 (task 1): force_integral=+1.264049e-01
  [SELF][Rank 0] Done moment 2/108 (task 1): force_integral=+1.264049e-01
  [SELF][Rank 0] Done moment 2/108 (task 1): force_integral=+1.264049e-01
  [SELF][Rank 0] Done moment 2/108 (task 1): force_integral=+1.264049e-01
  [SELF][Rank 0] Done moment 2/108 (task 1): force_integral=+1.264049e-01
  [SELF][Rank 0] Done moment 2/108 (task 1): force_integral=+1.264049e-01
  [SELF][Rank 0] Done moment 2/108 (task 1): force_integral=+1.264049e-01
  [SELF][Rank 0] Done moment 2/108 (task 1): force_integral=+1.264049e-01
  [SELF][Rank 0] Done moment 2/108 (task 1): force_integral=+1.264049e-01
  [SELF][Rank 0] Done moment 2/108 (task 1): force_integral=+1.264049e-01
  [SELF][Rank 0] Done moment 2/108 (task 1): force_integral=+1.264049e-01
  [SELF][Rank 0] Done moment 2/108 (task 1): force_integral=+1.264049e-01
  [SELF][Rank 0] Done moment 2/108 (task 1): force_integral=+1.264049e-01
  [SELF][Rank 0] Done moment 2/108 (task 1): force_integral=+1.264049e-01
  [SELF][Rank 0] Done moment 2/108 (task 1): force_integral=+1.264049e-01
  [SELF][Rank 0] Done moment 2/108 (task 1): force_integral=+1.264049e-01
  [SELF][Rank 0] Done moment 2/108 (task 1): force_integral=+1.264049e-01
  [SELF][Rank 0] Done moment 2/108 (task 1): force_integral=+1.264049e-01
  [SELF][Rank 0] Done moment 2/108 (task 1): force_integral=+1.264049e-01
  [SELF][Rank 0] Done moment 2/108 (task 1): force_integral=+1.264049e-01
  [SELF][Rank 0] Done moment 2/108 (task 1): force_integral=+1.264049e-01
  [SELF][Rank 0] Done moment 2/108 (task 1): force_integral=+1.264049e-01
  [SELF][Rank 0] Done moment 2/108 (task 1): force_integral=+1.264049e-01
  [SELF][Rank 0] Done moment 2/108 (task 1): force_integral=+1.264049e-01
  [SELF][Rank 0] Done moment 2/108 (task 1): force_integral=+1.264049e-01
  [SELF][Rank 0] Done moment 2/108 (task 1): force_integral=+1.264049e-01
  [SELF][Rank 0] Done moment 2/108 (task 1): force_integral=+1.264049e-01
  [SELF][Rank 0] Done moment 2/108 (task 1): force_integral=+1.264049e-01
  [SELF][Rank 0] Done moment 2/108 (task 1): force_integral=+1.264049e-01
  [SELF][Rank 0] Done moment 2/108 (task 1): force_integral=+1.264049e-01
  [SELF][Rank 0] Done moment 2/108 (task 1): force_integral=+1.264049e-01
  [SELF][Rank 0] Done moment 2/108 (task 1): force_integral=+1.264049e-01
  [SELF][Rank 0] Done moment 2/108 (task 1): force_integral=+1.264049e-01
  [SELF][Rank 0] Done moment 2/108 (task 1): force_integral=+1.264049e-01
  [SELF][Rank 0] Done moment 2/108 (task 1): force_integral=+1.264049e-01
  [SELF][Rank 0] Done moment 2/108 (task 1): force_integral=+1.264049e-01
  [SELF][Rank 0] Done moment 2/108 (task 1): force_integral=+1.264049e-01
  [SELF][Rank 0] Done moment 2/108 (task 1): force_integral=+1.264049e-01
  [SELF][Rank 0] Done moment 2/108 (task 1): force_integral=+1.264049e-01
  [SELF][Rank 0] Done moment 2/108 (task 1): force_integral=+1.264049e-01
  [SELF][Rank 0] Done moment 2/108 (task 1): force_integral=+1.264049e-01
  [SELF][Rank 0] Done moment 2/108 (task 1): force_integral=+1.264049e-01
  [SELF][Rank 0] Done moment 2/108 (task 1): force_integral=+1.264049e-01
  [SELF][Rank 0] Done moment 2/108 (task 1): force_integral=+1.264049e-01
  [SELF][Rank 0] Done moment 2/108 (task 1): force_integral=+1.264049e-01
  [SELF][Rank 0] Done moment 2/108 (task 1): force_integral=+1.264049e-01
  [SELF][Rank 0] Done moment 2/108 (task 1): force_integral=+1.264049e-01
  [SELF][Rank 0] Done moment 2/108 (task 1): force_integral=+1.264049e-01
  [SELF][Rank 0] Done moment 2/108 (task 1): force_integral=+1.264049e-01
  [SELF][Rank 0] Done moment 2/108 (task 1): force_integral=+1.264049e-01
  [SELF][Rank 0] Done moment 2/108 (task 1): force_integral=+1.264049e-01
  [SELF][Rank 0] Done moment 2/108 (task 1): force_integral=+1.264049e-01
  [SELF][Rank 0] Done moment 2/108 (task 1): force_integral=+1.264049e-01
  [SELF][Rank 0] Done moment 2/108 (task 1): force_integral=+1.264049e-01
  [SELF][Rank 0] Done moment 2/108 (task 1): force_integral=+1.264049e-01
  [SELF][Rank 0] Done moment 2/108 (task 1): force_integral=+1.264049e-01
  [SELF][Rank 0] Done moment 3/108 (task 2): force_integral=+0.000000e+00
  [SELF][Rank 0] Done moment 3/108 (task 2): force_integral=+0.000000e+00
  [SELF][Rank 0] Done moment 3/108 (task 2): force_integral=+0.000000e+00
  [SELF][Rank 0] Done moment 3/108 (task 2): force_integral=+0.000000e+00
  [SELF][Rank 0] Done moment 3/108 (task 2): force_integral=+0.000000e+00
  [SELF][Rank 0] Done moment 3/108 (task 2): force_integral=+0.000000e+00
  [SELF][Rank 0] Done moment 3/108 (task 2): force_integral=+0.000000e+00
  [SELF][Rank 0] Done moment 3/108 (task 2): force_integral=+0.000000e+00
  [SELF][Rank 0] Done moment 3/108 (task 2): force_integral=+0.000000e+00
  [SELF][Rank 0] Done moment 3/108 (task 2): force_integral=+0.000000e+00
  [SELF][Rank 0] Done moment 3/108 (task 2): force_integral=+0.000000e+00
  [SELF][Rank 0] Done moment 3/108 (task 2): force_integral=+0.000000e+00
  [SELF][Rank 0] Done moment 3/108 (task 2): force_integral=+0.000000e+00
  [SELF][Rank 0] Done moment 3/108 (task 2): force_integral=+0.000000e+00
  [SELF][Rank 0] Done moment 3/108 (task 2): force_integral=+0.000000e+00
  [SELF][Rank 0] Done moment 3/108 (task 2): force_integral=+0.000000e+00
  [SELF][Rank 0] Done moment 3/108 (task 2): force_integral=+0.000000e+00
  [SELF][Rank 0] Done moment 3/108 (task 2): force_integral=+0.000000e+00
  [SELF][Rank 0] Done moment 3/108 (task 2): force_integral=+0.000000e+00
  [SELF][Rank 0] Done moment 3/108 (task 2): force_integral=+0.000000e+00
  [SELF][Rank 0] Done moment 3/108 (task 2): force_integral=+0.000000e+00
  [SELF][Rank 0] Done moment 3/108 (task 2): force_integral=+0.000000e+00
  [SELF][Rank 0] Done moment 3/108 (task 2): force_integral=+0.000000e+00
  [SELF][Rank 0] Done moment 3/108 (task 2): force_integral=+0.000000e+00
  [SELF][Rank 0] Done moment 3/108 (task 2): force_integral=+0.000000e+00
  [SELF][Rank 0] Done moment 3/108 (task 2): force_integral=+0.000000e+00
  [SELF][Rank 0] Done moment 3/108 (task 2): force_integral=+0.000000e+00
  [SELF][Rank 0] Done moment 3/108 (task 2): force_integral=+0.000000e+00
  [SELF][Rank 0] Done moment 3/108 (task 2): force_integral=+0.000000e+00
  [SELF][Rank 0] Done moment 3/108 (task 2): force_integral=+0.000000e+00
  [SELF][Rank 0] Done moment 3/108 (task 2): force_integral=+0.000000e+00
  [SELF][Rank 0] Done moment 3/108 (task 2): force_integral=+0.000000e+00
  [SELF][Rank 0] Done moment 3/108 (task 2): force_integral=+0.000000e+00
  [SELF][Rank 0] Done moment 3/108 (task 2): force_integral=+0.000000e+00
  [SELF][Rank 0] Done moment 3/108 (task 2): force_integral=+0.000000e+00
  [SELF][Rank 0] Done moment 3/108 (task 2): force_integral=+0.000000e+00
  [SELF][Rank 0] Done moment 3/108 (task 2): force_integral=+0.000000e+00
  [SELF][Rank 0] Done moment 3/108 (task 2): force_integral=+0.000000e+00
  [SELF][Rank 0] Done moment 3/108 (task 2): force_integral=+0.000000e+00
  [SELF][Rank 0] Done moment 3/108 (task 2): force_integral=+0.000000e+00
  [SELF][Rank 0] Done moment 3/108 (task 2): force_integral=+0.000000e+00
  [SELF][Rank 0] Done moment 3/108 (task 2): force_integral=+0.000000e+00
  [SELF][Rank 0] Done moment 3/108 (task 2): force_integral=+0.000000e+00
  [SELF][Rank 0] Done moment 3/108 (task 2): force_integral=+0.000000e+00
  [SELF][Rank 0] Done moment 3/108 (task 2): force_integral=+0.000000e+00
  [SELF][Rank 0] Done moment 3/108 (task 2): force_integral=+0.000000e+00
  [SELF][Rank 0] Done moment 3/108 (task 2): force_integral=+0.000000e+00
  [SELF][Rank 0] Done moment 3/108 (task 2): force_integral=+0.000000e+00
  [SELF][Rank 0] Done moment 3/108 (task 2): force_integral=+0.000000e+00
  [SELF][Rank 0] Done moment 3/108 (task 2): force_integral=+0.000000e+00
  [SELF][Rank 0] Done moment 3/108 (task 2): force_integral=+0.000000e+00
  [SELF][Rank 0] Done moment 3/108 (task 2): force_integral=+0.000000e+00
  [SELF][Rank 0] Done moment 3/108 (task 2): force_integral=+0.000000e+00
  [SELF][Rank 0] Done moment 3/108 (task 2): force_integral=+0.000000e+00
  [SELF][Rank 0] Done moment 3/108 (task 2): force_integral=+0.000000e+00
  [SELF][Rank 0] Done moment 3/108 (task 2): force_integral=+0.000000e+00
  [SELF][Rank 0] Done moment 3/108 (task 2): force_integral=+0.000000e+00
  [SELF][Rank 0] Done moment 3/108 (task 2): force_integral=+0.000000e+00
  [SELF][Rank 0] Done moment 3/108 (task 2): force_integral=+0.000000e+00
  [SELF][Rank 0] Done moment 3/108 (task 2): force_integral=+0.000000e+00
  [SELF][Rank 0] Done moment 3/108 (task 2): force_integral=+0.000000e+00
  [SELF][Rank 0] Done moment 3/108 (task 2): force_integral=+0.000000e+00
  [SELF][Rank 0] Done moment 3/108 (task 2): force_integral=+0.000000e+00
  [SELF][Rank 0] Done moment 3/108 (task 2): force_integral=+0.000000e+00
  [SELF][Rank 0] Done moment 3/108 (task 2): force_integral=+0.000000e+00
  [SELF][Rank 0] Done moment 3/108 (task 2): force_integral=+0.000000e+00
  [SELF][Rank 0] Done moment 3/108 (task 2): force_integral=+0.000000e+00
  [SELF][Rank 0] Done moment 3/108 (task 2): force_integral=+0.000000e+00
  [SELF][Rank 0] Done moment 3/108 (task 2): force_integral=+0.000000e+00
  [SELF][Rank 0] Done moment 3/108 (task 2): force_integral=+0.000000e+00
  [SELF][Rank 0] Done moment 3/108 (task 2): force_integral=+0.000000e+00
  [SELF][Rank 0] Done moment 3/108 (task 2): force_integral=+0.000000e+00
  [SELF][Rank 0] Done moment 3/108 (task 2): force_integral=+0.000000e+00
  [SELF][Rank 0] Done moment 3/108 (task 2): force_integral=+0.000000e+00
  [SELF][Rank 0] Done moment 3/108 (task 2): force_integral=+0.000000e+00
  [SELF][Rank 0] Done moment 3/108 (task 2): force_integral=+0.000000e+00
  [SELF][Rank 0] Done moment 3/108 (task 2): force_integral=+0.000000e+00
  [SELF][Rank 0] Done moment 3/108 (task 2): force_integral=+0.000000e+00
  [SELF][Rank 0] Done moment 3/108 (task 2): force_integral=+0.000000e+00
  [SELF][Rank 0] Done moment 3/108 (task 2): force_integral=+0.000000e+00
  [SELF][Rank 0] Done moment 3/108 (task 2): force_integral=+0.000000e+00
  [SELF][Rank 0] Done moment 3/108 (task 2): force_integral=+0.000000e+00
  [SELF][Rank 0] Done moment 3/108 (task 2): force_integral=+0.000000e+00
  [SELF][Rank 0] Done moment 3/108 (task 2): force_integral=+0.000000e+00
  [SELF][Rank 0] Done moment 3/108 (task 2): force_integral=+0.000000e+00
  [SELF][Rank 0] Done moment 3/108 (task 2): force_integral=+0.000000e+00
  [SELF][Rank 0] Done moment 3/108 (task 2): force_integral=+0.000000e+00
  [SELF][Rank 0] Done moment 3/108 (task 2): force_integral=+0.000000e+00
  [SELF][Rank 0] Done moment 3/108 (task 2): force_integral=+0.000000e+00
  [SELF][Rank 0] Done moment 3/108 (task 2): force_integral=+0.000000e+00
  [SELF][Rank 0] Done moment 3/108 (task 2): force_integral=+0.000000e+00
  [SELF][Rank 0] Done moment 3/108 (task 2): force_integral=+0.000000e+00
  [SELF][Rank 0] Done moment 3/108 (task 2): force_integral=+0.000000e+00
  [SELF][Rank 0] Done moment 3/108 (task 2): force_integral=+0.000000e+00
  [SELF][Rank 0] Done moment 3/108 (task 2): force_integral=+0.000000e+00
  [SELF][Rank 0] Done moment 3/108 (task 2): force_integral=+0.000000e+00
  [SELF][Rank 0] Done moment 3/108 (task 2): force_integral=+0.000000e+00
  [SELF][Rank 0] Done moment 3/108 (task 2): force_integral=+0.000000e+00
  [SELF][Rank 0] Done moment 3/108 (task 2): force_integral=+0.000000e+00
  [SELF][Rank 0] Done moment 3/108 (task 2): force_integral=+0.000000e+00
  [SELF][Rank 0] Done moment 3/108 (task 2): force_integral=+0.000000e+00
  [SELF][Rank 0] Done moment 3/108 (task 2): force_integral=+0.000000e+00
  [SELF][Rank 0] Done moment 3/108 (task 2): force_integral=+0.000000e+00
  [SELF][Rank 0] Done moment 3/108 (task 2): force_integral=+0.000000e+00
  [SELF][Rank 0] Done moment 3/108 (task 2): force_integral=+0.000000e+00
  [SELF][Rank 0] Done moment 3/108 (task 2): force_integral=+0.000000e+00
  [SELF][Rank 0] Done moment 3/108 (task 2): force_integral=+0.000000e+00
  [SELF][Rank 0] Done moment 3/108 (task 2): force_integral=+0.000000e+00
  [SELF][Rank 0] Done moment 3/108 (task 2): force_integral=+0.000000e+00
  [SELF][Rank 0] Done moment 3/108 (task 2): force_integral=+0.000000e+00
  [SELF][Rank 0] Done moment 3/108 (task 2): force_integral=+0.000000e+00
  [SELF][Rank 0] Done moment 3/108 (task 2): force_integral=+0.000000e+00
  [SELF][Rank 0] Done moment 3/108 (task 2): force_integral=+0.000000e+00
  [SELF][Rank 0] Done moment 3/108 (task 2): force_integral=+0.000000e+00
  [SELF][Rank 0] Done moment 3/108 (task 2): force_integral=+0.000000e+00
  [SELF][Rank 0] Done moment 3/108 (task 2): force_integral=+0.000000e+00
  [SELF][Rank 0] Done moment 3/108 (task 2): force_integral=+0.000000e+00
  [SELF][Rank 0] Done moment 3/108 (task 2): force_integral=+0.000000e+00
  [SELF][Rank 0] Done moment 3/108 (task 2): force_integral=+0.000000e+00
  [SELF][Rank 0] Done moment 3/108 (task 2): force_integral=+0.000000e+00
  [SELF][Rank 0] Done moment 3/108 (task 2): force_integral=+0.000000e+00
  [SELF][Rank 0] Done moment 3/108 (task 2): force_integral=+0.000000e+00
  [SELF][Rank 0] Done moment 3/108 (task 2): force_integral=+0.000000e+00
  [SELF][Rank 0] Done moment 3/108 (task 2): force_integral=+0.000000e+00
  [SELF][Rank 0] Done moment 3/108 (task 2): force_integral=+0.000000e+00
  [SELF][Rank 0] Done moment 3/108 (task 2): force_integral=+0.000000e+00
  [SELF][Rank 0] Done moment 3/108 (task 2): force_integral=+0.000000e+00
  [SELF][Rank 0] Done moment 3/108 (task 2): force_integral=+0.000000e+00
  [SELF][Rank 0] Done moment 4/108 (task 3): force_integral=+0.000000e+00
  [SELF][Rank 0] Done moment 4/108 (task 3): force_integral=+0.000000e+00
  [SELF][Rank 0] Done moment 4/108 (task 3): force_integral=+0.000000e+00
  [SELF][Rank 0] Done moment 4/108 (task 3): force_integral=+0.000000e+00
  [SELF][Rank 0] Done moment 4/108 (task 3): force_integral=+0.000000e+00
  [SELF][Rank 0] Done moment 4/108 (task 3): force_integral=+0.000000e+00
  [SELF][Rank 0] Done moment 4/108 (task 3): force_integral=+0.000000e+00
  [SELF][Rank 0] Done moment 4/108 (task 3): force_integral=+0.000000e+00
  [SELF][Rank 0] Done moment 4/108 (task 3): force_integral=+0.000000e+00
  [SELF][Rank 0] Done moment 4/108 (task 3): force_integral=+0.000000e+00
  [SELF][Rank 0] Done moment 4/108 (task 3): force_integral=+0.000000e+00
  [SELF][Rank 0] Done moment 4/108 (task 3): force_integral=+0.000000e+00
  [SELF][Rank 0] Done moment 4/108 (task 3): force_integral=+0.000000e+00
  [SELF][Rank 0] Done moment 4/108 (task 3): force_integral=+0.000000e+00
  [SELF][Rank 0] Done moment 4/108 (task 3): force_integral=+0.000000e+00
  [SELF][Rank 0] Done moment 4/108 (task 3): force_integral=+0.000000e+00
  [SELF][Rank 0] Done moment 4/108 (task 3): force_integral=+0.000000e+00
  [SELF][Rank 0] Done moment 4/108 (task 3): force_integral=+0.000000e+00
  [SELF][Rank 0] Done moment 4/108 (task 3): force_integral=+0.000000e+00
  [SELF][Rank 0] Done moment 4/108 (task 3): force_integral=+0.000000e+00
  [SELF][Rank 0] Done moment 4/108 (task 3): force_integral=+0.000000e+00
  [SELF][Rank 0] Done moment 4/108 (task 3): force_integral=+0.000000e+00
  [SELF][Rank 0] Done moment 4/108 (task 3): force_integral=+0.000000e+00
  [SELF][Rank 0] Done moment 4/108 (task 3): force_integral=+0.000000e+00
  [SELF][Rank 0] Done moment 4/108 (task 3): force_integral=+0.000000e+00
  [SELF][Rank 0] Done moment 4/108 (task 3): force_integral=+0.000000e+00
  [SELF][Rank 0] Done moment 4/108 (task 3): force_integral=+0.000000e+00
  [SELF][Rank 0] Done moment 4/108 (task 3): force_integral=+0.000000e+00
  [SELF][Rank 0] Done moment 4/108 (task 3): force_integral=+0.000000e+00
  [SELF][Rank 0] Done moment 4/108 (task 3): force_integral=+0.000000e+00
  [SELF][Rank 0] Done moment 4/108 (task 3): force_integral=+0.000000e+00
  [SELF][Rank 0] Done moment 4/108 (task 3): force_integral=+0.000000e+00
  [SELF][Rank 0] Done moment 4/108 (task 3): force_integral=+0.000000e+00
  [SELF][Rank 0] Done moment 4/108 (task 3): force_integral=+0.000000e+00
  [SELF][Rank 0] Done moment 4/108 (task 3): force_integral=+0.000000e+00
  [SELF][Rank 0] Done moment 4/108 (task 3): force_integral=+0.000000e+00
  [SELF][Rank 0] Done moment 4/108 (task 3): force_integral=+0.000000e+00
  [SELF][Rank 0] Done moment 4/108 (task 3): force_integral=+0.000000e+00
  [SELF][Rank 0] Done moment 4/108 (task 3): force_integral=+0.000000e+00
  [SELF][Rank 0] Done moment 4/108 (task 3): force_integral=+0.000000e+00
  [SELF][Rank 0] Done moment 4/108 (task 3): force_integral=+0.000000e+00
  [SELF][Rank 0] Done moment 4/108 (task 3): force_integral=+0.000000e+00
  [SELF][Rank 0] Done moment 4/108 (task 3): force_integral=+0.000000e+00
  [SELF][Rank 0] Done moment 4/108 (task 3): force_integral=+0.000000e+00
  [SELF][Rank 0] Done moment 4/108 (task 3): force_integral=+0.000000e+00
  [SELF][Rank 0] Done moment 4/108 (task 3): force_integral=+0.000000e+00
  [SELF][Rank 0] Done moment 4/108 (task 3): force_integral=+0.000000e+00
  [SELF][Rank 0] Done moment 4/108 (task 3): force_integral=+0.000000e+00
  [SELF][Rank 0] Done moment 4/108 (task 3): force_integral=+0.000000e+00
  [SELF][Rank 0] Done moment 4/108 (task 3): force_integral=+0.000000e+00
  [SELF][Rank 0] Done moment 4/108 (task 3): force_integral=+0.000000e+00
  [SELF][Rank 0] Done moment 4/108 (task 3): force_integral=+0.000000e+00
  [SELF][Rank 0] Done moment 4/108 (task 3): force_integral=+0.000000e+00
  [SELF][Rank 0] Done moment 4/108 (task 3): force_integral=+0.000000e+00
  [SELF][Rank 0] Done moment 4/108 (task 3): force_integral=+0.000000e+00
  [SELF][Rank 0] Done moment 4/108 (task 3): force_integral=+0.000000e+00
  [SELF][Rank 0] Done moment 4/108 (task 3): force_integral=+0.000000e+00
  [SELF][Rank 0] Done moment 4/108 (task 3): force_integral=+0.000000e+00
  [SELF][Rank 0] Done moment 4/108 (task 3): force_integral=+0.000000e+00
  [SELF][Rank 0] Done moment 4/108 (task 3): force_integral=+0.000000e+00
  [SELF][Rank 0] Done moment 4/108 (task 3): force_integral=+0.000000e+00
  [SELF][Rank 0] Done moment 4/108 (task 3): force_integral=+0.000000e+00
  [SELF][Rank 0] Done moment 4/108 (task 3): force_integral=+0.000000e+00
  [SELF][Rank 0] Done moment 4/108 (task 3): force_integral=+0.000000e+00
  [SELF][Rank 0] Done moment 4/108 (task 3): force_integral=+0.000000e+00
  [SELF][Rank 0] Done moment 4/108 (task 3): force_integral=+0.000000e+00
  [SELF][Rank 0] Done moment 4/108 (task 3): force_integral=+0.000000e+00
  [SELF][Rank 0] Done moment 4/108 (task 3): force_integral=+0.000000e+00
  [SELF][Rank 0] Done moment 4/108 (task 3): force_integral=+0.000000e+00
  [SELF][Rank 0] Done moment 4/108 (task 3): force_integral=+0.000000e+00
  [SELF][Rank 0] Done moment 4/108 (task 3): force_integral=+0.000000e+00
  [SELF][Rank 0] Done moment 4/108 (task 3): force_integral=+0.000000e+00
  [SELF][Rank 0] Done moment 4/108 (task 3): force_integral=+0.000000e+00
  [SELF][Rank 0] Done moment 4/108 (task 3): force_integral=+0.000000e+00
  [SELF][Rank 0] Done moment 4/108 (task 3): force_integral=+0.000000e+00
  [SELF][Rank 0] Done moment 4/108 (task 3): force_integral=+0.000000e+00
  [SELF][Rank 0] Done moment 4/108 (task 3): force_integral=+0.000000e+00
  [SELF][Rank 0] Done moment 4/108 (task 3): force_integral=+0.000000e+00
  [SELF][Rank 0] Done moment 4/108 (task 3): force_integral=+0.000000e+00
  [SELF][Rank 0] Done moment 4/108 (task 3): force_integral=+0.000000e+00
  [SELF][Rank 0] Done moment 4/108 (task 3): force_integral=+0.000000e+00
  [SELF][Rank 0] Done moment 4/108 (task 3): force_integral=+0.000000e+00
  [SELF][Rank 0] Done moment 4/108 (task 3): force_integral=+0.000000e+00
  [SELF][Rank 0] Done moment 4/108 (task 3): force_integral=+0.000000e+00
  [SELF][Rank 0] Done moment 4/108 (task 3): force_integral=+0.000000e+00
  [SELF][Rank 0] Done moment 4/108 (task 3): force_integral=+0.000000e+00
  [SELF][Rank 0] Done moment 4/108 (task 3): force_integral=+0.000000e+00
  [SELF][Rank 0] Done moment 4/108 (task 3): force_integral=+0.000000e+00
  [SELF][Rank 0] Done moment 4/108 (task 3): force_integral=+0.000000e+00
  [SELF][Rank 0] Done moment 4/108 (task 3): force_integral=+0.000000e+00
  [SELF][Rank 0] Done moment 4/108 (task 3): force_integral=+0.000000e+00
  [SELF][Rank 0] Done moment 4/108 (task 3): force_integral=+0.000000e+00
  [SELF][Rank 0] Done moment 4/108 (task 3): force_integral=+0.000000e+00
  [SELF][Rank 0] Done moment 4/108 (task 3): force_integral=+0.000000e+00
  [SELF][Rank 0] Done moment 4/108 (task 3): force_integral=+0.000000e+00
  [SELF][Rank 0] Done moment 4/108 (task 3): force_integral=+0.000000e+00
  [SELF][Rank 0] Done moment 4/108 (task 3): force_integral=+0.000000e+00
  [SELF][Rank 0] Done moment 4/108 (task 3): force_integral=+0.000000e+00
  [SELF][Rank 0] Done moment 4/108 (task 3): force_integral=+0.000000e+00
  [SELF][Rank 0] Done moment 4/108 (task 3): force_integral=+0.000000e+00
  [SELF][Rank 0] Done moment 4/108 (task 3): force_integral=+0.000000e+00
  [SELF][Rank 0] Done moment 4/108 (task 3): force_integral=+0.000000e+00
  [SELF][Rank 0] Done moment 4/108 (task 3): force_integral=+0.000000e+00
  [SELF][Rank 0] Done moment 4/108 (task 3): force_integral=+0.000000e+00
  [SELF][Rank 0] Done moment 4/108 (task 3): force_integral=+0.000000e+00
  [SELF][Rank 0] Done moment 4/108 (task 3): force_integral=+0.000000e+00
  [SELF][Rank 0] Done moment 4/108 (task 3): force_integral=+0.000000e+00
  [SELF][Rank 0] Done moment 4/108 (task 3): force_integral=+0.000000e+00
  [SELF][Rank 0] Done moment 4/108 (task 3): force_integral=+0.000000e+00
  [SELF][Rank 0] Done moment 4/108 (task 3): force_integral=+0.000000e+00
  [SELF][Rank 0] Done moment 4/108 (task 3): force_integral=+0.000000e+00
  [SELF][Rank 0] Done moment 4/108 (task 3): force_integral=+0.000000e+00
  [SELF][Rank 0] Done moment 4/108 (task 3): force_integral=+0.000000e+00
  [SELF][Rank 0] Done moment 4/108 (task 3): force_integral=+0.000000e+00
  [SELF][Rank 0] Done moment 4/108 (task 3): force_integral=+0.000000e+00
  [SELF][Rank 0] Done moment 4/108 (task 3): force_integral=+0.000000e+00
  [SELF][Rank 0] Done moment 4/108 (task 3): force_integral=+0.000000e+00
  [SELF][Rank 0] Done moment 4/108 (task 3): force_integral=+0.000000e+00
  [SELF][Rank 0] Done moment 4/108 (task 3): force_integral=+0.000000e+00
  [SELF][Rank 0] Done moment 4/108 (task 3): force_integral=+0.000000e+00
  [SELF][Rank 0] Done moment 4/108 (task 3): force_integral=+0.000000e+00
  [SELF][Rank 0] Done moment 4/108 (task 3): force_integral=+0.000000e+00
  [SELF][Rank 0] Done moment 4/108 (task 3): force_integral=+0.000000e+00
  [SELF][Rank 0] Done moment 4/108 (task 3): force_integral=+0.000000e+00
  [SELF][Rank 0] Done moment 4/108 (task 3): force_integral=+0.000000e+00
  [SELF][Rank 0] Done moment 4/108 (task 3): force_integral=+0.000000e+00
  [SELF][Rank 0] Done moment 4/108 (task 3): force_integral=+0.000000e+00
  [SELF][Rank 0] Done moment 4/108 (task 3): force_integral=+0.000000e+00
  [SELF][Rank 0] Done moment 5/108 (task 4): force_integral=-3.515747e+02
  [SELF][Rank 0] Done moment 5/108 (task 4): force_integral=-3.515747e+02
  [SELF][Rank 0] Done moment 5/108 (task 4): force_integral=-3.515747e+02
  [SELF][Rank 0] Done moment 5/108 (task 4): force_integral=-3.515747e+02
  [SELF][Rank 0] Done moment 5/108 (task 4): force_integral=-3.515747e+02
  [SELF][Rank 0] Done moment 5/108 (task 4): force_integral=-3.515747e+02
  [SELF][Rank 0] Done moment 5/108 (task 4): force_integral=-3.515747e+02
  [SELF][Rank 0] Done moment 5/108 (task 4): force_integral=-3.515747e+02
  [SELF][Rank 0] Done moment 5/108 (task 4): force_integral=-3.515747e+02
  [SELF][Rank 0] Done moment 5/108 (task 4): force_integral=-3.515747e+02
  [SELF][Rank 0] Done moment 5/108 (task 4): force_integral=-3.515747e+02
  [SELF][Rank 0] Done moment 5/108 (task 4): force_integral=-3.515747e+02
  [SELF][Rank 0] Done moment 5/108 (task 4): force_integral=-3.515747e+02
  [SELF][Rank 0] Done moment 5/108 (task 4): force_integral=-3.515747e+02
  [SELF][Rank 0] Done moment 5/108 (task 4): force_integral=-3.515747e+02
  [SELF][Rank 0] Done moment 5/108 (task 4): force_integral=-3.515747e+02
  [SELF][Rank 0] Done moment 5/108 (task 4): force_integral=-3.515747e+02
  [SELF][Rank 0] Done moment 5/108 (task 4): force_integral=-3.515747e+02
  [SELF][Rank 0] Done moment 5/108 (task 4): force_integral=-3.515747e+02
  [SELF][Rank 0] Done moment 5/108 (task 4): force_integral=-3.515747e+02
  [SELF][Rank 0] Done moment 5/108 (task 4): force_integral=-3.515747e+02
  [SELF][Rank 0] Done moment 5/108 (task 4): force_integral=-3.515747e+02
  [SELF][Rank 0] Done moment 5/108 (task 4): force_integral=-3.515747e+02
  [SELF][Rank 0] Done moment 5/108 (task 4): force_integral=-3.515747e+02
  [SELF][Rank 0] Done moment 5/108 (task 4): force_integral=-3.515747e+02
  [SELF][Rank 0] Done moment 5/108 (task 4): force_integral=-3.515747e+02
  [SELF][Rank 0] Done moment 5/108 (task 4): force_integral=-3.515747e+02
  [SELF][Rank 0] Done moment 5/108 (task 4): force_integral=-3.515747e+02
  [SELF][Rank 0] Done moment 5/108 (task 4): force_integral=-3.515747e+02
  [SELF][Rank 0] Done moment 5/108 (task 4): force_integral=-3.515747e+02
  [SELF][Rank 0] Done moment 5/108 (task 4): force_integral=-3.515747e+02
  [SELF][Rank 0] Done moment 5/108 (task 4): force_integral=-3.515747e+02
  [SELF][Rank 0] Done moment 5/108 (task 4): force_integral=-3.515747e+02
  [SELF][Rank 0] Done moment 5/108 (task 4): force_integral=-3.515747e+02
  [SELF][Rank 0] Done moment 5/108 (task 4): force_integral=-3.515747e+02
  [SELF][Rank 0] Done moment 5/108 (task 4): force_integral=-3.515747e+02
  [SELF][Rank 0] Done moment 5/108 (task 4): force_integral=-3.515747e+02
  [SELF][Rank 0] Done moment 5/108 (task 4): force_integral=-3.515747e+02
  [SELF][Rank 0] Done moment 5/108 (task 4): force_integral=-3.515747e+02
  [SELF][Rank 0] Done moment 5/108 (task 4): force_integral=-3.515747e+02
  [SELF][Rank 0] Done moment 5/108 (task 4): force_integral=-3.515747e+02
  [SELF][Rank 0] Done moment 5/108 (task 4): force_integral=-3.515747e+02
  [SELF][Rank 0] Done moment 5/108 (task 4): force_integral=-3.515747e+02
  [SELF][Rank 0] Done moment 5/108 (task 4): force_integral=-3.515747e+02
  [SELF][Rank 0] Done moment 5/108 (task 4): force_integral=-3.515747e+02
  [SELF][Rank 0] Done moment 5/108 (task 4): force_integral=-3.515747e+02
  [SELF][Rank 0] Done moment 5/108 (task 4): force_integral=-3.515747e+02
  [SELF][Rank 0] Done moment 5/108 (task 4): force_integral=-3.515747e+02
  [SELF][Rank 0] Done moment 5/108 (task 4): force_integral=-3.515747e+02
  [SELF][Rank 0] Done moment 5/108 (task 4): force_integral=-3.515747e+02
  [SELF][Rank 0] Done moment 5/108 (task 4): force_integral=-3.515747e+02
  [SELF][Rank 0] Done moment 5/108 (task 4): force_integral=-3.515747e+02
  [SELF][Rank 0] Done moment 5/108 (task 4): force_integral=-3.515747e+02
  [SELF][Rank 0] Done moment 5/108 (task 4): force_integral=-3.515747e+02
  [SELF][Rank 0] Done moment 5/108 (task 4): force_integral=-3.515747e+02
  [SELF][Rank 0] Done moment 5/108 (task 4): force_integral=-3.515747e+02
  [SELF][Rank 0] Done moment 5/108 (task 4): force_integral=-3.515747e+02
  [SELF][Rank 0] Done moment 5/108 (task 4): force_integral=-3.515747e+02
  [SELF][Rank 0] Done moment 5/108 (task 4): force_integral=-3.515747e+02
  [SELF][Rank 0] Done moment 5/108 (task 4): force_integral=-3.515747e+02
  [SELF][Rank 0] Done moment 5/108 (task 4): force_integral=-3.515747e+02
  [SELF][Rank 0] Done moment 5/108 (task 4): force_integral=-3.515747e+02
  [SELF][Rank 0] Done moment 5/108 (task 4): force_integral=-3.515747e+02
  [SELF][Rank 0] Done moment 5/108 (task 4): force_integral=-3.515747e+02
  [SELF][Rank 0] Done moment 5/108 (task 4): force_integral=-3.515747e+02
  [SELF][Rank 0] Done moment 5/108 (task 4): force_integral=-3.515747e+02
  [SELF][Rank 0] Done moment 5/108 (task 4): force_integral=-3.515747e+02
  [SELF][Rank 0] Done moment 5/108 (task 4): force_integral=-3.515747e+02
  [SELF][Rank 0] Done moment 5/108 (task 4): force_integral=-3.515747e+02
  [SELF][Rank 0] Done moment 5/108 (task 4): force_integral=-3.515747e+02
  [SELF][Rank 0] Done moment 5/108 (task 4): force_integral=-3.515747e+02
  [SELF][Rank 0] Done moment 5/108 (task 4): force_integral=-3.515747e+02
  [SELF][Rank 0] Done moment 5/108 (task 4): force_integral=-3.515747e+02
  [SELF][Rank 0] Done moment 5/108 (task 4): force_integral=-3.515747e+02
  [SELF][Rank 0] Done moment 5/108 (task 4): force_integral=-3.515747e+02
  [SELF][Rank 0] Done moment 5/108 (task 4): force_integral=-3.515747e+02
  [SELF][Rank 0] Done moment 5/108 (task 4): force_integral=-3.515747e+02
  [SELF][Rank 0] Done moment 5/108 (task 4): force_integral=-3.515747e+02
  [SELF][Rank 0] Done moment 5/108 (task 4): force_integral=-3.515747e+02
  [SELF][Rank 0] Done moment 5/108 (task 4): force_integral=-3.515747e+02
  [SELF][Rank 0] Done moment 5/108 (task 4): force_integral=-3.515747e+02
  [SELF][Rank 0] Done moment 5/108 (task 4): force_integral=-3.515747e+02
  [SELF][Rank 0] Done moment 5/108 (task 4): force_integral=-3.515747e+02
  [SELF][Rank 0] Done moment 5/108 (task 4): force_integral=-3.515747e+02
  [SELF][Rank 0] Done moment 5/108 (task 4): force_integral=-3.515747e+02
  [SELF][Rank 0] Done moment 5/108 (task 4): force_integral=-3.515747e+02
  [SELF][Rank 0] Done moment 5/108 (task 4): force_integral=-3.515747e+02
  [SELF][Rank 0] Done moment 5/108 (task 4): force_integral=-3.515747e+02
  [SELF][Rank 0] Done moment 5/108 (task 4): force_integral=-3.515747e+02
  [SELF][Rank 0] Done moment 5/108 (task 4): force_integral=-3.515747e+02
  [SELF][Rank 0] Done moment 5/108 (task 4): force_integral=-3.515747e+02
  [SELF][Rank 0] Done moment 5/108 (task 4): force_integral=-3.515747e+02
  [SELF][Rank 0] Done moment 5/108 (task 4): force_integral=-3.515747e+02
  [SELF][Rank 0] Done moment 5/108 (task 4): force_integral=-3.515747e+02
  [SELF][Rank 0] Done moment 5/108 (task 4): force_integral=-3.515747e+02
  [SELF][Rank 0] Done moment 5/108 (task 4): force_integral=-3.515747e+02
  [SELF][Rank 0] Done moment 5/108 (task 4): force_integral=-3.515747e+02
  [SELF][Rank 0] Done moment 5/108 (task 4): force_integral=-3.515747e+02
  [SELF][Rank 0] Done moment 5/108 (task 4): force_integral=-3.515747e+02
  [SELF][Rank 0] Done moment 5/108 (task 4): force_integral=-3.515747e+02
  [SELF][Rank 0] Done moment 5/108 (task 4): force_integral=-3.515747e+02
  [SELF][Rank 0] Done moment 5/108 (task 4): force_integral=-3.515747e+02
  [SELF][Rank 0] Done moment 5/108 (task 4): force_integral=-3.515747e+02
  [SELF][Rank 0] Done moment 5/108 (task 4): force_integral=-3.515747e+02
  [SELF][Rank 0] Done moment 5/108 (task 4): force_integral=-3.515747e+02
  [SELF][Rank 0] Done moment 5/108 (task 4): force_integral=-3.515747e+02
  [SELF][Rank 0] Done moment 5/108 (task 4): force_integral=-3.515747e+02
  [SELF][Rank 0] Done moment 5/108 (task 4): force_integral=-3.515747e+02
  [SELF][Rank 0] Done moment 5/108 (task 4): force_integral=-3.515747e+02
  [SELF][Rank 0] Done moment 5/108 (task 4): force_integral=-3.515747e+02
  [SELF][Rank 0] Done moment 5/108 (task 4): force_integral=-3.515747e+02
  [SELF][Rank 0] Done moment 5/108 (task 4): force_integral=-3.515747e+02
  [SELF][Rank 0] Done moment 5/108 (task 4): force_integral=-3.515747e+02
  [SELF][Rank 0] Done moment 5/108 (task 4): force_integral=-3.515747e+02
  [SELF][Rank 0] Done moment 5/108 (task 4): force_integral=-3.515747e+02
  [SELF][Rank 0] Done moment 5/108 (task 4): force_integral=-3.515747e+02
  [SELF][Rank 0] Done moment 5/108 (task 4): force_integral=-3.515747e+02
  [SELF][Rank 0] Done moment 5/108 (task 4): force_integral=-3.515747e+02
  [SELF][Rank 0] Done moment 5/108 (task 4): force_integral=-3.515747e+02
  [SELF][Rank 0] Done moment 5/108 (task 4): force_integral=-3.515747e+02
  [SELF][Rank 0] Done moment 5/108 (task 4): force_integral=-3.515747e+02
  [SELF][Rank 0] Done moment 5/108 (task 4): force_integral=-3.515747e+02
  [SELF][Rank 0] Done moment 5/108 (task 4): force_integral=-3.515747e+02
  [SELF][Rank 0] Done moment 5/108 (task 4): force_integral=-3.515747e+02
  [SELF][Rank 0] Done moment 5/108 (task 4): force_integral=-3.515747e+02
  [SELF][Rank 0] Done moment 5/108 (task 4): force_integral=-3.515747e+02
  [SELF][Rank 0] Done moment 5/108 (task 4): force_integral=-3.515747e+02
  [SELF][Rank 0] Done moment 5/108 (task 4): force_integral=-3.515747e+02
  [SELF][Rank 0] Done moment 6/108 (task 5): force_integral=+3.876457e+02
  [SELF][Rank 0] Done moment 6/108 (task 5): force_integral=+3.876457e+02
  [SELF][Rank 0] Done moment 6/108 (task 5): force_integral=+3.876457e+02
  [SELF][Rank 0] Done moment 6/108 (task 5): force_integral=+3.876457e+02
  [SELF][Rank 0] Done moment 6/108 (task 5): force_integral=+3.876457e+02
  [SELF][Rank 0] Done moment 6/108 (task 5): force_integral=+3.876457e+02
  [SELF][Rank 0] Done moment 6/108 (task 5): force_integral=+3.876457e+02
  [SELF][Rank 0] Done moment 6/108 (task 5): force_integral=+3.876457e+02
  [SELF][Rank 0] Done moment 6/108 (task 5): force_integral=+3.876457e+02
  [SELF][Rank 0] Done moment 6/108 (task 5): force_integral=+3.876457e+02
  [SELF][Rank 0] Done moment 6/108 (task 5): force_integral=+3.876457e+02
  [SELF][Rank 0] Done moment 6/108 (task 5): force_integral=+3.876457e+02
  [SELF][Rank 0] Done moment 6/108 (task 5): force_integral=+3.876457e+02
  [SELF][Rank 0] Done moment 6/108 (task 5): force_integral=+3.876457e+02
  [SELF][Rank 0] Done moment 6/108 (task 5): force_integral=+3.876457e+02
  [SELF][Rank 0] Done moment 6/108 (task 5): force_integral=+3.876457e+02
  [SELF][Rank 0] Done moment 6/108 (task 5): force_integral=+3.876457e+02
  [SELF][Rank 0] Done moment 6/108 (task 5): force_integral=+3.876457e+02
  [SELF][Rank 0] Done moment 6/108 (task 5): force_integral=+3.876457e+02
  [SELF][Rank 0] Done moment 6/108 (task 5): force_integral=+3.876457e+02
  [SELF][Rank 0] Done moment 6/108 (task 5): force_integral=+3.876457e+02
  [SELF][Rank 0] Done moment 6/108 (task 5): force_integral=+3.876457e+02
  [SELF][Rank 0] Done moment 6/108 (task 5): force_integral=+3.876457e+02
  [SELF][Rank 0] Done moment 6/108 (task 5): force_integral=+3.876457e+02
  [SELF][Rank 0] Done moment 6/108 (task 5): force_integral=+3.876457e+02
  [SELF][Rank 0] Done moment 6/108 (task 5): force_integral=+3.876457e+02
  [SELF][Rank 0] Done moment 6/108 (task 5): force_integral=+3.876457e+02
  [SELF][Rank 0] Done moment 6/108 (task 5): force_integral=+3.876457e+02
  [SELF][Rank 0] Done moment 6/108 (task 5): force_integral=+3.876457e+02
  [SELF][Rank 0] Done moment 6/108 (task 5): force_integral=+3.876457e+02
  [SELF][Rank 0] Done moment 6/108 (task 5): force_integral=+3.876457e+02
  [SELF][Rank 0] Done moment 6/108 (task 5): force_integral=+3.876457e+02
  [SELF][Rank 0] Done moment 6/108 (task 5): force_integral=+3.876457e+02
  [SELF][Rank 0] Done moment 6/108 (task 5): force_integral=+3.876457e+02
  [SELF][Rank 0] Done moment 6/108 (task 5): force_integral=+3.876457e+02
  [SELF][Rank 0] Done moment 6/108 (task 5): force_integral=+3.876457e+02
  [SELF][Rank 0] Done moment 6/108 (task 5): force_integral=+3.876457e+02
  [SELF][Rank 0] Done moment 6/108 (task 5): force_integral=+3.876457e+02
  [SELF][Rank 0] Done moment 6/108 (task 5): force_integral=+3.876457e+02
  [SELF][Rank 0] Done moment 6/108 (task 5): force_integral=+3.876457e+02
  [SELF][Rank 0] Done moment 6/108 (task 5): force_integral=+3.876457e+02
  [SELF][Rank 0] Done moment 6/108 (task 5): force_integral=+3.876457e+02
  [SELF][Rank 0] Done moment 6/108 (task 5): force_integral=+3.876457e+02
  [SELF][Rank 0] Done moment 6/108 (task 5): force_integral=+3.876457e+02
  [SELF][Rank 0] Done moment 6/108 (task 5): force_integral=+3.876457e+02
  [SELF][Rank 0] Done moment 6/108 (task 5): force_integral=+3.876457e+02
  [SELF][Rank 0] Done moment 6/108 (task 5): force_integral=+3.876457e+02
  [SELF][Rank 0] Done moment 6/108 (task 5): force_integral=+3.876457e+02
  [SELF][Rank 0] Done moment 6/108 (task 5): force_integral=+3.876457e+02
  [SELF][Rank 0] Done moment 6/108 (task 5): force_integral=+3.876457e+02
  [SELF][Rank 0] Done moment 6/108 (task 5): force_integral=+3.876457e+02
  [SELF][Rank 0] Done moment 6/108 (task 5): force_integral=+3.876457e+02
  [SELF][Rank 0] Done moment 6/108 (task 5): force_integral=+3.876457e+02
  [SELF][Rank 0] Done moment 6/108 (task 5): force_integral=+3.876457e+02
  [SELF][Rank 0] Done moment 6/108 (task 5): force_integral=+3.876457e+02
  [SELF][Rank 0] Done moment 6/108 (task 5): force_integral=+3.876457e+02
  [SELF][Rank 0] Done moment 6/108 (task 5): force_integral=+3.876457e+02
  [SELF][Rank 0] Done moment 6/108 (task 5): force_integral=+3.876457e+02
  [SELF][Rank 0] Done moment 6/108 (task 5): force_integral=+3.876457e+02
  [SELF][Rank 0] Done moment 6/108 (task 5): force_integral=+3.876457e+02
  [SELF][Rank 0] Done moment 6/108 (task 5): force_integral=+3.876457e+02
  [SELF][Rank 0] Done moment 6/108 (task 5): force_integral=+3.876457e+02
  [SELF][Rank 0] Done moment 6/108 (task 5): force_integral=+3.876457e+02
  [SELF][Rank 0] Done moment 6/108 (task 5): force_integral=+3.876457e+02
  [SELF][Rank 0] Done moment 6/108 (task 5): force_integral=+3.876457e+02
  [SELF][Rank 0] Done moment 6/108 (task 5): force_integral=+3.876457e+02
  [SELF][Rank 0] Done moment 6/108 (task 5): force_integral=+3.876457e+02
  [SELF][Rank 0] Done moment 6/108 (task 5): force_integral=+3.876457e+02
  [SELF][Rank 0] Done moment 6/108 (task 5): force_integral=+3.876457e+02
  [SELF][Rank 0] Done moment 6/108 (task 5): force_integral=+3.876457e+02
  [SELF][Rank 0] Done moment 6/108 (task 5): force_integral=+3.876457e+02
  [SELF][Rank 0] Done moment 6/108 (task 5): force_integral=+3.876457e+02
  [SELF][Rank 0] Done moment 6/108 (task 5): force_integral=+3.876457e+02
  [SELF][Rank 0] Done moment 6/108 (task 5): force_integral=+3.876457e+02
  [SELF][Rank 0] Done moment 6/108 (task 5): force_integral=+3.876457e+02
  [SELF][Rank 0] Done moment 6/108 (task 5): force_integral=+3.876457e+02
  [SELF][Rank 0] Done moment 6/108 (task 5): force_integral=+3.876457e+02
  [SELF][Rank 0] Done moment 6/108 (task 5): force_integral=+3.876457e+02
  [SELF][Rank 0] Done moment 6/108 (task 5): force_integral=+3.876457e+02
  [SELF][Rank 0] Done moment 6/108 (task 5): force_integral=+3.876457e+02
  [SELF][Rank 0] Done moment 6/108 (task 5): force_integral=+3.876457e+02
  [SELF][Rank 0] Done moment 6/108 (task 5): force_integral=+3.876457e+02
  [SELF][Rank 0] Done moment 6/108 (task 5): force_integral=+3.876457e+02
  [SELF][Rank 0] Done moment 6/108 (task 5): force_integral=+3.876457e+02
  [SELF][Rank 0] Done moment 6/108 (task 5): force_integral=+3.876457e+02
  [SELF][Rank 0] Done moment 6/108 (task 5): force_integral=+3.876457e+02
  [SELF][Rank 0] Done moment 6/108 (task 5): force_integral=+3.876457e+02
  [SELF][Rank 0] Done moment 6/108 (task 5): force_integral=+3.876457e+02
  [SELF][Rank 0] Done moment 6/108 (task 5): force_integral=+3.876457e+02
  [SELF][Rank 0] Done moment 6/108 (task 5): force_integral=+3.876457e+02
  [SELF][Rank 0] Done moment 6/108 (task 5): force_integral=+3.876457e+02
  [SELF][Rank 0] Done moment 6/108 (task 5): force_integral=+3.876457e+02
  [SELF][Rank 0] Done moment 6/108 (task 5): force_integral=+3.876457e+02
  [SELF][Rank 0] Done moment 6/108 (task 5): force_integral=+3.876457e+02
  [SELF][Rank 0] Done moment 6/108 (task 5): force_integral=+3.876457e+02
  [SELF][Rank 0] Done moment 6/108 (task 5): force_integral=+3.876457e+02
  [SELF][Rank 0] Done moment 6/108 (task 5): force_integral=+3.876457e+02
  [SELF][Rank 0] Done moment 6/108 (task 5): force_integral=+3.876457e+02
  [SELF][Rank 0] Done moment 6/108 (task 5): force_integral=+3.876457e+02
  [SELF][Rank 0] Done moment 6/108 (task 5): force_integral=+3.876457e+02
  [SELF][Rank 0] Done moment 6/108 (task 5): force_integral=+3.876457e+02
  [SELF][Rank 0] Done moment 6/108 (task 5): force_integral=+3.876457e+02
  [SELF][Rank 0] Done moment 6/108 (task 5): force_integral=+3.876457e+02
  [SELF][Rank 0] Done moment 6/108 (task 5): force_integral=+3.876457e+02
  [SELF][Rank 0] Done moment 6/108 (task 5): force_integral=+3.876457e+02
  [SELF][Rank 0] Done moment 6/108 (task 5): force_integral=+3.876457e+02
  [SELF][Rank 0] Done moment 6/108 (task 5): force_integral=+3.876457e+02
  [SELF][Rank 0] Done moment 6/108 (task 5): force_integral=+3.876457e+02
  [SELF][Rank 0] Done moment 6/108 (task 5): force_integral=+3.876457e+02
  [SELF][Rank 0] Done moment 6/108 (task 5): force_integral=+3.876457e+02
  [SELF][Rank 0] Done moment 6/108 (task 5): force_integral=+3.876457e+02
  [SELF][Rank 0] Done moment 6/108 (task 5): force_integral=+3.876457e+02
  [SELF][Rank 0] Done moment 6/108 (task 5): force_integral=+3.876457e+02
  [SELF][Rank 0] Done moment 6/108 (task 5): force_integral=+3.876457e+02
  [SELF][Rank 0] Done moment 6/108 (task 5): force_integral=+3.876457e+02
  [SELF][Rank 0] Done moment 6/108 (task 5): force_integral=+3.876457e+02
  [SELF][Rank 0] Done moment 6/108 (task 5): force_integral=+3.876457e+02
  [SELF][Rank 0] Done moment 6/108 (task 5): force_integral=+3.876457e+02
  [SELF][Rank 0] Done moment 6/108 (task 5): force_integral=+3.876457e+02
  [SELF][Rank 0] Done moment 6/108 (task 5): force_integral=+3.876457e+02
  [SELF][Rank 0] Done moment 6/108 (task 5): force_integral=+3.876457e+02
  [SELF][Rank 0] Done moment 6/108 (task 5): force_integral=+3.876457e+02
  [SELF][Rank 0] Done moment 6/108 (task 5): force_integral=+3.876457e+02
  [SELF][Rank 0] Done moment 6/108 (task 5): force_integral=+3.876457e+02
  [SELF][Rank 0] Done moment 6/108 (task 5): force_integral=+3.876457e+02
  [SELF][Rank 0] Done moment 6/108 (task 5): force_integral=+3.876457e+02
  [SELF][Rank 0] Done moment 6/108 (task 5): force_integral=+3.876457e+02
  [SELF][Rank 0] Done moment 6/108 (task 5): force_integral=+3.876457e+02
  [SELF][Rank 0] Done moment 7/108 (task 6): force_integral=+3.414942e-02
  [SELF][Rank 0] Done moment 7/108 (task 6): force_integral=+3.414942e-02
  [SELF][Rank 0] Done moment 7/108 (task 6): force_integral=+3.414942e-02
  [SELF][Rank 0] Done moment 7/108 (task 6): force_integral=+3.414942e-02
  [SELF][Rank 0] Done moment 7/108 (task 6): force_integral=+3.414942e-02
  [SELF][Rank 0] Done moment 7/108 (task 6): force_integral=+3.414942e-02
  [SELF][Rank 0] Done moment 7/108 (task 6): force_integral=+3.414942e-02
  [SELF][Rank 0] Done moment 7/108 (task 6): force_integral=+3.414942e-02
  [SELF][Rank 0] Done moment 7/108 (task 6): force_integral=+3.414942e-02
  [SELF][Rank 0] Done moment 7/108 (task 6): force_integral=+3.414942e-02
  [SELF][Rank 0] Done moment 7/108 (task 6): force_integral=+3.414942e-02
  [SELF][Rank 0] Done moment 7/108 (task 6): force_integral=+3.414942e-02
  [SELF][Rank 0] Done moment 7/108 (task 6): force_integral=+3.414942e-02
  [SELF][Rank 0] Done moment 7/108 (task 6): force_integral=+3.414942e-02
  [SELF][Rank 0] Done moment 7/108 (task 6): force_integral=+3.414942e-02
  [SELF][Rank 0] Done moment 7/108 (task 6): force_integral=+3.414942e-02
  [SELF][Rank 0] Done moment 7/108 (task 6): force_integral=+3.414942e-02
  [SELF][Rank 0] Done moment 7/108 (task 6): force_integral=+3.414942e-02
  [SELF][Rank 0] Done moment 7/108 (task 6): force_integral=+3.414942e-02
  [SELF][Rank 0] Done moment 7/108 (task 6): force_integral=+3.414942e-02
  [SELF][Rank 0] Done moment 7/108 (task 6): force_integral=+3.414942e-02
  [SELF][Rank 0] Done moment 7/108 (task 6): force_integral=+3.414942e-02
  [SELF][Rank 0] Done moment 7/108 (task 6): force_integral=+3.414942e-02
  [SELF][Rank 0] Done moment 7/108 (task 6): force_integral=+3.414942e-02
  [SELF][Rank 0] Done moment 7/108 (task 6): force_integral=+3.414942e-02
  [SELF][Rank 0] Done moment 7/108 (task 6): force_integral=+3.414942e-02
  [SELF][Rank 0] Done moment 7/108 (task 6): force_integral=+3.414942e-02
  [SELF][Rank 0] Done moment 7/108 (task 6): force_integral=+3.414942e-02
  [SELF][Rank 0] Done moment 7/108 (task 6): force_integral=+3.414942e-02
  [SELF][Rank 0] Done moment 7/108 (task 6): force_integral=+3.414942e-02
  [SELF][Rank 0] Done moment 7/108 (task 6): force_integral=+3.414942e-02
  [SELF][Rank 0] Done moment 7/108 (task 6): force_integral=+3.414942e-02
  [SELF][Rank 0] Done moment 7/108 (task 6): force_integral=+3.414942e-02
  [SELF][Rank 0] Done moment 7/108 (task 6): force_integral=+3.414942e-02
  [SELF][Rank 0] Done moment 7/108 (task 6): force_integral=+3.414942e-02
  [SELF][Rank 0] Done moment 7/108 (task 6): force_integral=+3.414942e-02
  [SELF][Rank 0] Done moment 7/108 (task 6): force_integral=+3.414942e-02
  [SELF][Rank 0] Done moment 7/108 (task 6): force_integral=+3.414942e-02
  [SELF][Rank 0] Done moment 7/108 (task 6): force_integral=+3.414942e-02
  [SELF][Rank 0] Done moment 7/108 (task 6): force_integral=+3.414942e-02
  [SELF][Rank 0] Done moment 7/108 (task 6): force_integral=+3.414942e-02
  [SELF][Rank 0] Done moment 7/108 (task 6): force_integral=+3.414942e-02
  [SELF][Rank 0] Done moment 7/108 (task 6): force_integral=+3.414942e-02
  [SELF][Rank 0] Done moment 7/108 (task 6): force_integral=+3.414942e-02
  [SELF][Rank 0] Done moment 7/108 (task 6): force_integral=+3.414942e-02
  [SELF][Rank 0] Done moment 7/108 (task 6): force_integral=+3.414942e-02
  [SELF][Rank 0] Done moment 7/108 (task 6): force_integral=+3.414942e-02
  [SELF][Rank 0] Done moment 7/108 (task 6): force_integral=+3.414942e-02
  [SELF][Rank 0] Done moment 7/108 (task 6): force_integral=+3.414942e-02
  [SELF][Rank 0] Done moment 7/108 (task 6): force_integral=+3.414942e-02
  [SELF][Rank 0] Done moment 7/108 (task 6): force_integral=+3.414942e-02
  [SELF][Rank 0] Done moment 7/108 (task 6): force_integral=+3.414942e-02
  [SELF][Rank 0] Done moment 7/108 (task 6): force_integral=+3.414942e-02
  [SELF][Rank 0] Done moment 7/108 (task 6): force_integral=+3.414942e-02
  [SELF][Rank 0] Done moment 7/108 (task 6): force_integral=+3.414942e-02
  [SELF][Rank 0] Done moment 7/108 (task 6): force_integral=+3.414942e-02
  [SELF][Rank 0] Done moment 7/108 (task 6): force_integral=+3.414942e-02
  [SELF][Rank 0] Done moment 7/108 (task 6): force_integral=+3.414942e-02
  [SELF][Rank 0] Done moment 7/108 (task 6): force_integral=+3.414942e-02
  [SELF][Rank 0] Done moment 7/108 (task 6): force_integral=+3.414942e-02
  [SELF][Rank 0] Done moment 7/108 (task 6): force_integral=+3.414942e-02
  [SELF][Rank 0] Done moment 7/108 (task 6): force_integral=+3.414942e-02
  [SELF][Rank 0] Done moment 7/108 (task 6): force_integral=+3.414942e-02
  [SELF][Rank 0] Done moment 7/108 (task 6): force_integral=+3.414942e-02
  [SELF][Rank 0] Done moment 7/108 (task 6): force_integral=+3.414942e-02
  [SELF][Rank 0] Done moment 7/108 (task 6): force_integral=+3.414942e-02
  [SELF][Rank 0] Done moment 7/108 (task 6): force_integral=+3.414942e-02
  [SELF][Rank 0] Done moment 7/108 (task 6): force_integral=+3.414942e-02
  [SELF][Rank 0] Done moment 7/108 (task 6): force_integral=+3.414942e-02
  [SELF][Rank 0] Done moment 7/108 (task 6): force_integral=+3.414942e-02
  [SELF][Rank 0] Done moment 7/108 (task 6): force_integral=+3.414942e-02
  [SELF][Rank 0] Done moment 7/108 (task 6): force_integral=+3.414942e-02
  [SELF][Rank 0] Done moment 7/108 (task 6): force_integral=+3.414942e-02
  [SELF][Rank 0] Done moment 7/108 (task 6): force_integral=+3.414942e-02
  [SELF][Rank 0] Done moment 7/108 (task 6): force_integral=+3.414942e-02
  [SELF][Rank 0] Done moment 7/108 (task 6): force_integral=+3.414942e-02
  [SELF][Rank 0] Done moment 7/108 (task 6): force_integral=+3.414942e-02
  [SELF][Rank 0] Done moment 7/108 (task 6): force_integral=+3.414942e-02
  [SELF][Rank 0] Done moment 7/108 (task 6): force_integral=+3.414942e-02
  [SELF][Rank 0] Done moment 7/108 (task 6): force_integral=+3.414942e-02
  [SELF][Rank 0] Done moment 7/108 (task 6): force_integral=+3.414942e-02
  [SELF][Rank 0] Done moment 7/108 (task 6): force_integral=+3.414942e-02
  [SELF][Rank 0] Done moment 7/108 (task 6): force_integral=+3.414942e-02
  [SELF][Rank 0] Done moment 7/108 (task 6): force_integral=+3.414942e-02
  [SELF][Rank 0] Done moment 7/108 (task 6): force_integral=+3.414942e-02
  [SELF][Rank 0] Done moment 7/108 (task 6): force_integral=+3.414942e-02
  [SELF][Rank 0] Done moment 7/108 (task 6): force_integral=+3.414942e-02
  [SELF][Rank 0] Done moment 7/108 (task 6): force_integral=+3.414942e-02
  [SELF][Rank 0] Done moment 7/108 (task 6): force_integral=+3.414942e-02
  [SELF][Rank 0] Done moment 7/108 (task 6): force_integral=+3.414942e-02
  [SELF][Rank 0] Done moment 7/108 (task 6): force_integral=+3.414942e-02
  [SELF][Rank 0] Done moment 7/108 (task 6): force_integral=+3.414942e-02
  [SELF][Rank 0] Done moment 7/108 (task 6): force_integral=+3.414942e-02
  [SELF][Rank 0] Done moment 7/108 (task 6): force_integral=+3.414942e-02
  [SELF][Rank 0] Done moment 7/108 (task 6): force_integral=+3.414942e-02
  [SELF][Rank 0] Done moment 7/108 (task 6): force_integral=+3.414942e-02
  [SELF][Rank 0] Done moment 7/108 (task 6): force_integral=+3.414942e-02
  [SELF][Rank 0] Done moment 7/108 (task 6): force_integral=+3.414942e-02
  [SELF][Rank 0] Done moment 7/108 (task 6): force_integral=+3.414942e-02
  [SELF][Rank 0] Done moment 7/108 (task 6): force_integral=+3.414942e-02
  [SELF][Rank 0] Done moment 7/108 (task 6): force_integral=+3.414942e-02
  [SELF][Rank 0] Done moment 7/108 (task 6): force_integral=+3.414942e-02
  [SELF][Rank 0] Done moment 7/108 (task 6): force_integral=+3.414942e-02
  [SELF][Rank 0] Done moment 7/108 (task 6): force_integral=+3.414942e-02
  [SELF][Rank 0] Done moment 7/108 (task 6): force_integral=+3.414942e-02
  [SELF][Rank 0] Done moment 7/108 (task 6): force_integral=+3.414942e-02
  [SELF][Rank 0] Done moment 7/108 (task 6): force_integral=+3.414942e-02
  [SELF][Rank 0] Done moment 7/108 (task 6): force_integral=+3.414942e-02
  [SELF][Rank 0] Done moment 7/108 (task 6): force_integral=+3.414942e-02
  [SELF][Rank 0] Done moment 7/108 (task 6): force_integral=+3.414942e-02
  [SELF][Rank 0] Done moment 7/108 (task 6): force_integral=+3.414942e-02
  [SELF][Rank 0] Done moment 7/108 (task 6): force_integral=+3.414942e-02
  [SELF][Rank 0] Done moment 7/108 (task 6): force_integral=+3.414942e-02
  [SELF][Rank 0] Done moment 7/108 (task 6): force_integral=+3.414942e-02
  [SELF][Rank 0] Done moment 7/108 (task 6): force_integral=+3.414942e-02
  [SELF][Rank 0] Done moment 7/108 (task 6): force_integral=+3.414942e-02
  [SELF][Rank 0] Done moment 7/108 (task 6): force_integral=+3.414942e-02
  [SELF][Rank 0] Done moment 7/108 (task 6): force_integral=+3.414942e-02
  [SELF][Rank 0] Done moment 7/108 (task 6): force_integral=+3.414942e-02
  [SELF][Rank 0] Done moment 7/108 (task 6): force_integral=+3.414942e-02
  [SELF][Rank 0] Done moment 7/108 (task 6): force_integral=+3.414942e-02
  [SELF][Rank 0] Done moment 7/108 (task 6): force_integral=+3.414942e-02
  [SELF][Rank 0] Done moment 7/108 (task 6): force_integral=+3.414942e-02
  [SELF][Rank 0] Done moment 7/108 (task 6): force_integral=+3.414942e-02
  [SELF][Rank 0] Done moment 7/108 (task 6): force_integral=+3.414942e-02
  [SELF][Rank 0] Done moment 7/108 (task 6): force_integral=+3.414942e-02
  [SELF][Rank 0] Done moment 7/108 (task 6): force_integral=+3.414942e-02
  [SELF][Rank 0] Done moment 7/108 (task 6): force_integral=+3.414942e-02
  [SELF][Rank 0] Done moment 8/108 (task 7): force_integral=+3.414942e-02
  [SELF][Rank 0] Done moment 8/108 (task 7): force_integral=+3.414942e-02
  [SELF][Rank 0] Done moment 8/108 (task 7): force_integral=+3.414942e-02
  [SELF][Rank 0] Done moment 8/108 (task 7): force_integral=+3.414942e-02
  [SELF][Rank 0] Done moment 8/108 (task 7): force_integral=+3.414942e-02
  [SELF][Rank 0] Done moment 8/108 (task 7): force_integral=+3.414942e-02
  [SELF][Rank 0] Done moment 8/108 (task 7): force_integral=+3.414942e-02
  [SELF][Rank 0] Done moment 8/108 (task 7): force_integral=+3.414942e-02
  [SELF][Rank 0] Done moment 8/108 (task 7): force_integral=+3.414942e-02
  [SELF][Rank 0] Done moment 8/108 (task 7): force_integral=+3.414942e-02
  [SELF][Rank 0] Done moment 8/108 (task 7): force_integral=+3.414942e-02
  [SELF][Rank 0] Done moment 8/108 (task 7): force_integral=+3.414942e-02
  [SELF][Rank 0] Done moment 8/108 (task 7): force_integral=+3.414942e-02
  [SELF][Rank 0] Done moment 8/108 (task 7): force_integral=+3.414942e-02
  [SELF][Rank 0] Done moment 8/108 (task 7): force_integral=+3.414942e-02
  [SELF][Rank 0] Done moment 8/108 (task 7): force_integral=+3.414942e-02
  [SELF][Rank 0] Done moment 8/108 (task 7): force_integral=+3.414942e-02
  [SELF][Rank 0] Done moment 8/108 (task 7): force_integral=+3.414942e-02
  [SELF][Rank 0] Done moment 8/108 (task 7): force_integral=+3.414942e-02
  [SELF][Rank 0] Done moment 8/108 (task 7): force_integral=+3.414942e-02
  [SELF][Rank 0] Done moment 8/108 (task 7): force_integral=+3.414942e-02
  [SELF][Rank 0] Done moment 8/108 (task 7): force_integral=+3.414942e-02
  [SELF][Rank 0] Done moment 8/108 (task 7): force_integral=+3.414942e-02
  [SELF][Rank 0] Done moment 8/108 (task 7): force_integral=+3.414942e-02
  [SELF][Rank 0] Done moment 8/108 (task 7): force_integral=+3.414942e-02
  [SELF][Rank 0] Done moment 8/108 (task 7): force_integral=+3.414942e-02
  [SELF][Rank 0] Done moment 8/108 (task 7): force_integral=+3.414942e-02
  [SELF][Rank 0] Done moment 8/108 (task 7): force_integral=+3.414942e-02
  [SELF][Rank 0] Done moment 8/108 (task 7): force_integral=+3.414942e-02
  [SELF][Rank 0] Done moment 8/108 (task 7): force_integral=+3.414942e-02
  [SELF][Rank 0] Done moment 8/108 (task 7): force_integral=+3.414942e-02
  [SELF][Rank 0] Done moment 8/108 (task 7): force_integral=+3.414942e-02
  [SELF][Rank 0] Done moment 8/108 (task 7): force_integral=+3.414942e-02
  [SELF][Rank 0] Done moment 8/108 (task 7): force_integral=+3.414942e-02
  [SELF][Rank 0] Done moment 8/108 (task 7): force_integral=+3.414942e-02
  [SELF][Rank 0] Done moment 8/108 (task 7): force_integral=+3.414942e-02
  [SELF][Rank 0] Done moment 8/108 (task 7): force_integral=+3.414942e-02
  [SELF][Rank 0] Done moment 8/108 (task 7): force_integral=+3.414942e-02
  [SELF][Rank 0] Done moment 8/108 (task 7): force_integral=+3.414942e-02
  [SELF][Rank 0] Done moment 8/108 (task 7): force_integral=+3.414942e-02
  [SELF][Rank 0] Done moment 8/108 (task 7): force_integral=+3.414942e-02
  [SELF][Rank 0] Done moment 8/108 (task 7): force_integral=+3.414942e-02
  [SELF][Rank 0] Done moment 8/108 (task 7): force_integral=+3.414942e-02
  [SELF][Rank 0] Done moment 8/108 (task 7): force_integral=+3.414942e-02
  [SELF][Rank 0] Done moment 8/108 (task 7): force_integral=+3.414942e-02
  [SELF][Rank 0] Done moment 8/108 (task 7): force_integral=+3.414942e-02
  [SELF][Rank 0] Done moment 8/108 (task 7): force_integral=+3.414942e-02
  [SELF][Rank 0] Done moment 8/108 (task 7): force_integral=+3.414942e-02
  [SELF][Rank 0] Done moment 8/108 (task 7): force_integral=+3.414942e-02
  [SELF][Rank 0] Done moment 8/108 (task 7): force_integral=+3.414942e-02
  [SELF][Rank 0] Done moment 8/108 (task 7): force_integral=+3.414942e-02
  [SELF][Rank 0] Done moment 8/108 (task 7): force_integral=+3.414942e-02
  [SELF][Rank 0] Done moment 8/108 (task 7): force_integral=+3.414942e-02
  [SELF][Rank 0] Done moment 8/108 (task 7): force_integral=+3.414942e-02
  [SELF][Rank 0] Done moment 8/108 (task 7): force_integral=+3.414942e-02
  [SELF][Rank 0] Done moment 8/108 (task 7): force_integral=+3.414942e-02
  [SELF][Rank 0] Done moment 8/108 (task 7): force_integral=+3.414942e-02
  [SELF][Rank 0] Done moment 8/108 (task 7): force_integral=+3.414942e-02
  [SELF][Rank 0] Done moment 8/108 (task 7): force_integral=+3.414942e-02
  [SELF][Rank 0] Done moment 8/108 (task 7): force_integral=+3.414942e-02
  [SELF][Rank 0] Done moment 8/108 (task 7): force_integral=+3.414942e-02
  [SELF][Rank 0] Done moment 8/108 (task 7): force_integral=+3.414942e-02
  [SELF][Rank 0] Done moment 8/108 (task 7): force_integral=+3.414942e-02
  [SELF][Rank 0] Done moment 8/108 (task 7): force_integral=+3.414942e-02
  [SELF][Rank 0] Done moment 8/108 (task 7): force_integral=+3.414942e-02
  [SELF][Rank 0] Done moment 8/108 (task 7): force_integral=+3.414942e-02
  [SELF][Rank 0] Done moment 8/108 (task 7): force_integral=+3.414942e-02
  [SELF][Rank 0] Done moment 8/108 (task 7): force_integral=+3.414942e-02
  [SELF][Rank 0] Done moment 8/108 (task 7): force_integral=+3.414942e-02
  [SELF][Rank 0] Done moment 8/108 (task 7): force_integral=+3.414942e-02
  [SELF][Rank 0] Done moment 8/108 (task 7): force_integral=+3.414942e-02
  [SELF][Rank 0] Done moment 8/108 (task 7): force_integral=+3.414942e-02
  [SELF][Rank 0] Done moment 8/108 (task 7): force_integral=+3.414942e-02
  [SELF][Rank 0] Done moment 8/108 (task 7): force_integral=+3.414942e-02
  [SELF][Rank 0] Done moment 8/108 (task 7): force_integral=+3.414942e-02
  [SELF][Rank 0] Done moment 8/108 (task 7): force_integral=+3.414942e-02
  [SELF][Rank 0] Done moment 8/108 (task 7): force_integral=+3.414942e-02
  [SELF][Rank 0] Done moment 8/108 (task 7): force_integral=+3.414942e-02
  [SELF][Rank 0] Done moment 8/108 (task 7): force_integral=+3.414942e-02
  [SELF][Rank 0] Done moment 8/108 (task 7): force_integral=+3.414942e-02
  [SELF][Rank 0] Done moment 8/108 (task 7): force_integral=+3.414942e-02
  [SELF][Rank 0] Done moment 8/108 (task 7): force_integral=+3.414942e-02
  [SELF][Rank 0] Done moment 8/108 (task 7): force_integral=+3.414942e-02
  [SELF][Rank 0] Done moment 8/108 (task 7): force_integral=+3.414942e-02
  [SELF][Rank 0] Done moment 8/108 (task 7): force_integral=+3.414942e-02
  [SELF][Rank 0] Done moment 8/108 (task 7): force_integral=+3.414942e-02
  [SELF][Rank 0] Done moment 8/108 (task 7): force_integral=+3.414942e-02
  [SELF][Rank 0] Done moment 8/108 (task 7): force_integral=+3.414942e-02
  [SELF][Rank 0] Done moment 8/108 (task 7): force_integral=+3.414942e-02
  [SELF][Rank 0] Done moment 8/108 (task 7): force_integral=+3.414942e-02
  [SELF][Rank 0] Done moment 8/108 (task 7): force_integral=+3.414942e-02
  [SELF][Rank 0] Done moment 8/108 (task 7): force_integral=+3.414942e-02
  [SELF][Rank 0] Done moment 8/108 (task 7): force_integral=+3.414942e-02
  [SELF][Rank 0] Done moment 8/108 (task 7): force_integral=+3.414942e-02
  [SELF][Rank 0] Done moment 8/108 (task 7): force_integral=+3.414942e-02
  [SELF][Rank 0] Done moment 8/108 (task 7): force_integral=+3.414942e-02
  [SELF][Rank 0] Done moment 8/108 (task 7): force_integral=+3.414942e-02
  [SELF][Rank 0] Done moment 8/108 (task 7): force_integral=+3.414942e-02
  [SELF][Rank 0] Done moment 8/108 (task 7): force_integral=+3.414942e-02
  [SELF][Rank 0] Done moment 8/108 (task 7): force_integral=+3.414942e-02
  [SELF][Rank 0] Done moment 8/108 (task 7): force_integral=+3.414942e-02
  [SELF][Rank 0] Done moment 8/108 (task 7): force_integral=+3.414942e-02
  [SELF][Rank 0] Done moment 8/108 (task 7): force_integral=+3.414942e-02
  [SELF][Rank 0] Done moment 8/108 (task 7): force_integral=+3.414942e-02
  [SELF][Rank 0] Done moment 8/108 (task 7): force_integral=+3.414942e-02
  [SELF][Rank 0] Done moment 8/108 (task 7): force_integral=+3.414942e-02
  [SELF][Rank 0] Done moment 8/108 (task 7): force_integral=+3.414942e-02
  [SELF][Rank 0] Done moment 8/108 (task 7): force_integral=+3.414942e-02
  [SELF][Rank 0] Done moment 8/108 (task 7): force_integral=+3.414942e-02
  [SELF][Rank 0] Done moment 8/108 (task 7): force_integral=+3.414942e-02
  [SELF][Rank 0] Done moment 8/108 (task 7): force_integral=+3.414942e-02
  [SELF][Rank 0] Done moment 8/108 (task 7): force_integral=+3.414942e-02
  [SELF][Rank 0] Done moment 8/108 (task 7): force_integral=+3.414942e-02
  [SELF][Rank 0] Done moment 8/108 (task 7): force_integral=+3.414942e-02
  [SELF][Rank 0] Done moment 8/108 (task 7): force_integral=+3.414942e-02
  [SELF][Rank 0] Done moment 8/108 (task 7): force_integral=+3.414942e-02
  [SELF][Rank 0] Done moment 8/108 (task 7): force_integral=+3.414942e-02
  [SELF][Rank 0] Done moment 8/108 (task 7): force_integral=+3.414942e-02
  [SELF][Rank 0] Done moment 8/108 (task 7): force_integral=+3.414942e-02
  [SELF][Rank 0] Done moment 8/108 (task 7): force_integral=+3.414942e-02
  [SELF][Rank 0] Done moment 8/108 (task 7): force_integral=+3.414942e-02
  [SELF][Rank 0] Done moment 8/108 (task 7): force_integral=+3.414942e-02
  [SELF][Rank 0] Done moment 8/108 (task 7): force_integral=+3.414942e-02
  [SELF][Rank 0] Done moment 8/108 (task 7): force_integral=+3.414942e-02
  [SELF][Rank 0] Done moment 8/108 (task 7): force_integral=+3.414942e-02
  [SELF][Rank 0] Done moment 8/108 (task 7): force_integral=+3.414942e-02
  [SELF][Rank 0] Done moment 8/108 (task 7): force_integral=+3.414942e-02
  [SELF][Rank 0] Done moment 8/108 (task 7): force_integral=+3.414942e-02
  [SELF][Rank 0] Done moment 9/108 (task 8): force_integral=+0.000000e+00
  [SELF][Rank 0] Done moment 9/108 (task 8): force_integral=+0.000000e+00
  [SELF][Rank 0] Done moment 9/108 (task 8): force_integral=+0.000000e+00
  [SELF][Rank 0] Done moment 9/108 (task 8): force_integral=+0.000000e+00
  [SELF][Rank 0] Done moment 9/108 (task 8): force_integral=+0.000000e+00
  [SELF][Rank 0] Done moment 9/108 (task 8): force_integral=+0.000000e+00
  [SELF][Rank 0] Done moment 9/108 (task 8): force_integral=+0.000000e+00
  [SELF][Rank 0] Done moment 9/108 (task 8): force_integral=+0.000000e+00
  [SELF][Rank 0] Done moment 9/108 (task 8): force_integral=+0.000000e+00
  [SELF][Rank 0] Done moment 9/108 (task 8): force_integral=+0.000000e+00
  [SELF][Rank 0] Done moment 9/108 (task 8): force_integral=+0.000000e+00
  [SELF][Rank 0] Done moment 9/108 (task 8): force_integral=+0.000000e+00
  [SELF][Rank 0] Done moment 9/108 (task 8): force_integral=+0.000000e+00
  [SELF][Rank 0] Done moment 9/108 (task 8): force_integral=+0.000000e+00
  [SELF][Rank 0] Done moment 9/108 (task 8): force_integral=+0.000000e+00
  [SELF][Rank 0] Done moment 9/108 (task 8): force_integral=+0.000000e+00
  [SELF][Rank 0] Done moment 9/108 (task 8): force_integral=+0.000000e+00
  [SELF][Rank 0] Done moment 9/108 (task 8): force_integral=+0.000000e+00
  [SELF][Rank 0] Done moment 9/108 (task 8): force_integral=+0.000000e+00
  [SELF][Rank 0] Done moment 9/108 (task 8): force_integral=+0.000000e+00
  [SELF][Rank 0] Done moment 9/108 (task 8): force_integral=+0.000000e+00
  [SELF][Rank 0] Done moment 9/108 (task 8): force_integral=+0.000000e+00
  [SELF][Rank 0] Done moment 9/108 (task 8): force_integral=+0.000000e+00
  [SELF][Rank 0] Done moment 9/108 (task 8): force_integral=+0.000000e+00
  [SELF][Rank 0] Done moment 9/108 (task 8): force_integral=+0.000000e+00
  [SELF][Rank 0] Done moment 9/108 (task 8): force_integral=+0.000000e+00
  [SELF][Rank 0] Done moment 9/108 (task 8): force_integral=+0.000000e+00
  [SELF][Rank 0] Done moment 9/108 (task 8): force_integral=+0.000000e+00
  [SELF][Rank 0] Done moment 9/108 (task 8): force_integral=+0.000000e+00
  [SELF][Rank 0] Done moment 9/108 (task 8): force_integral=+0.000000e+00
  [SELF][Rank 0] Done moment 9/108 (task 8): force_integral=+0.000000e+00
  [SELF][Rank 0] Done moment 9/108 (task 8): force_integral=+0.000000e+00
  [SELF][Rank 0] Done moment 9/108 (task 8): force_integral=+0.000000e+00
  [SELF][Rank 0] Done moment 9/108 (task 8): force_integral=+0.000000e+00
  [SELF][Rank 0] Done moment 9/108 (task 8): force_integral=+0.000000e+00
  [SELF][Rank 0] Done moment 9/108 (task 8): force_integral=+0.000000e+00
  [SELF][Rank 0] Done moment 9/108 (task 8): force_integral=+0.000000e+00
  [SELF][Rank 0] Done moment 9/108 (task 8): force_integral=+0.000000e+00
  [SELF][Rank 0] Done moment 9/108 (task 8): force_integral=+0.000000e+00
  [SELF][Rank 0] Done moment 9/108 (task 8): force_integral=+0.000000e+00
  [SELF][Rank 0] Done moment 9/108 (task 8): force_integral=+0.000000e+00
  [SELF][Rank 0] Done moment 9/108 (task 8): force_integral=+0.000000e+00
  [SELF][Rank 0] Done moment 9/108 (task 8): force_integral=+0.000000e+00
  [SELF][Rank 0] Done moment 9/108 (task 8): force_integral=+0.000000e+00
  [SELF][Rank 0] Done moment 9/108 (task 8): force_integral=+0.000000e+00
  [SELF][Rank 0] Done moment 9/108 (task 8): force_integral=+0.000000e+00
  [SELF][Rank 0] Done moment 9/108 (task 8): force_integral=+0.000000e+00
  [SELF][Rank 0] Done moment 9/108 (task 8): force_integral=+0.000000e+00
  [SELF][Rank 0] Done moment 9/108 (task 8): force_integral=+0.000000e+00
  [SELF][Rank 0] Done moment 9/108 (task 8): force_integral=+0.000000e+00
  [SELF][Rank 0] Done moment 9/108 (task 8): force_integral=+0.000000e+00
  [SELF][Rank 0] Done moment 9/108 (task 8): force_integral=+0.000000e+00
  [SELF][Rank 0] Done moment 9/108 (task 8): force_integral=+0.000000e+00
  [SELF][Rank 0] Done moment 9/108 (task 8): force_integral=+0.000000e+00
  [SELF][Rank 0] Done moment 9/108 (task 8): force_integral=+0.000000e+00
  [SELF][Rank 0] Done moment 9/108 (task 8): force_integral=+0.000000e+00
  [SELF][Rank 0] Done moment 9/108 (task 8): force_integral=+0.000000e+00
  [SELF][Rank 0] Done moment 9/108 (task 8): force_integral=+0.000000e+00
  [SELF][Rank 0] Done moment 9/108 (task 8): force_integral=+0.000000e+00
  [SELF][Rank 0] Done moment 9/108 (task 8): force_integral=+0.000000e+00
  [SELF][Rank 0] Done moment 9/108 (task 8): force_integral=+0.000000e+00
  [SELF][Rank 0] Done moment 9/108 (task 8): force_integral=+0.000000e+00
  [SELF][Rank 0] Done moment 9/108 (task 8): force_integral=+0.000000e+00
  [SELF][Rank 0] Done moment 9/108 (task 8): force_integral=+0.000000e+00
  [SELF][Rank 0] Done moment 9/108 (task 8): force_integral=+0.000000e+00
  [SELF][Rank 0] Done moment 9/108 (task 8): force_integral=+0.000000e+00
  [SELF][Rank 0] Done moment 9/108 (task 8): force_integral=+0.000000e+00
  [SELF][Rank 0] Done moment 9/108 (task 8): force_integral=+0.000000e+00
  [SELF][Rank 0] Done moment 9/108 (task 8): force_integral=+0.000000e+00
  [SELF][Rank 0] Done moment 9/108 (task 8): force_integral=+0.000000e+00
  [SELF][Rank 0] Done moment 9/108 (task 8): force_integral=+0.000000e+00
  [SELF][Rank 0] Done moment 9/108 (task 8): force_integral=+0.000000e+00
  [SELF][Rank 0] Done moment 9/108 (task 8): force_integral=+0.000000e+00
  [SELF][Rank 0] Done moment 9/108 (task 8): force_integral=+0.000000e+00
  [SELF][Rank 0] Done moment 9/108 (task 8): force_integral=+0.000000e+00
  [SELF][Rank 0] Done moment 9/108 (task 8): force_integral=+0.000000e+00
  [SELF][Rank 0] Done moment 9/108 (task 8): force_integral=+0.000000e+00
  [SELF][Rank 0] Done moment 9/108 (task 8): force_integral=+0.000000e+00
  [SELF][Rank 0] Done moment 9/108 (task 8): force_integral=+0.000000e+00
  [SELF][Rank 0] Done moment 9/108 (task 8): force_integral=+0.000000e+00
  [SELF][Rank 0] Done moment 9/108 (task 8): force_integral=+0.000000e+00
  [SELF][Rank 0] Done moment 9/108 (task 8): force_integral=+0.000000e+00
  [SELF][Rank 0] Done moment 9/108 (task 8): force_integral=+0.000000e+00
  [SELF][Rank 0] Done moment 9/108 (task 8): force_integral=+0.000000e+00
  [SELF][Rank 0] Done moment 9/108 (task 8): force_integral=+0.000000e+00
  [SELF][Rank 0] Done moment 9/108 (task 8): force_integral=+0.000000e+00
  [SELF][Rank 0] Done moment 9/108 (task 8): force_integral=+0.000000e+00
  [SELF][Rank 0] Done moment 9/108 (task 8): force_integral=+0.000000e+00
  [SELF][Rank 0] Done moment 9/108 (task 8): force_integral=+0.000000e+00
  [SELF][Rank 0] Done moment 9/108 (task 8): force_integral=+0.000000e+00
  [SELF][Rank 0] Done moment 9/108 (task 8): force_integral=+0.000000e+00
  [SELF][Rank 0] Done moment 9/108 (task 8): force_integral=+0.000000e+00
  [SELF][Rank 0] Done moment 9/108 (task 8): force_integral=+0.000000e+00
  [SELF][Rank 0] Done moment 9/108 (task 8): force_integral=+0.000000e+00
  [SELF][Rank 0] Done moment 9/108 (task 8): force_integral=+0.000000e+00
  [SELF][Rank 0] Done moment 9/108 (task 8): force_integral=+0.000000e+00
  [SELF][Rank 0] Done moment 9/108 (task 8): force_integral=+0.000000e+00
  [SELF][Rank 0] Done moment 9/108 (task 8): force_integral=+0.000000e+00
  [SELF][Rank 0] Done moment 9/108 (task 8): force_integral=+0.000000e+00
  [SELF][Rank 0] Done moment 9/108 (task 8): force_integral=+0.000000e+00
  [SELF][Rank 0] Done moment 9/108 (task 8): force_integral=+0.000000e+00
  [SELF][Rank 0] Done moment 9/108 (task 8): force_integral=+0.000000e+00
  [SELF][Rank 0] Done moment 9/108 (task 8): force_integral=+0.000000e+00
  [SELF][Rank 0] Done moment 9/108 (task 8): force_integral=+0.000000e+00
  [SELF][Rank 0] Done moment 9/108 (task 8): force_integral=+0.000000e+00
  [SELF][Rank 0] Done moment 9/108 (task 8): force_integral=+0.000000e+00
  [SELF][Rank 0] Done moment 9/108 (task 8): force_integral=+0.000000e+00
  [SELF][Rank 0] Done moment 9/108 (task 8): force_integral=+0.000000e+00
  [SELF][Rank 0] Done moment 9/108 (task 8): force_integral=+0.000000e+00
  [SELF][Rank 0] Done moment 9/108 (task 8): force_integral=+0.000000e+00
  [SELF][Rank 0] Done moment 9/108 (task 8): force_integral=+0.000000e+00
  [SELF][Rank 0] Done moment 9/108 (task 8): force_integral=+0.000000e+00
  [SELF][Rank 0] Done moment 9/108 (task 8): force_integral=+0.000000e+00
  [SELF][Rank 0] Done moment 9/108 (task 8): force_integral=+0.000000e+00
  [SELF][Rank 0] Done moment 9/108 (task 8): force_integral=+0.000000e+00
  [SELF][Rank 0] Done moment 9/108 (task 8): force_integral=+0.000000e+00
  [SELF][Rank 0] Done moment 9/108 (task 8): force_integral=+0.000000e+00
  [SELF][Rank 0] Done moment 9/108 (task 8): force_integral=+0.000000e+00
  [SELF][Rank 0] Done moment 9/108 (task 8): force_integral=+0.000000e+00
  [SELF][Rank 0] Done moment 9/108 (task 8): force_integral=+0.000000e+00
  [SELF][Rank 0] Done moment 9/108 (task 8): force_integral=+0.000000e+00
  [SELF][Rank 0] Done moment 9/108 (task 8): force_integral=+0.000000e+00
  [SELF][Rank 0] Done moment 9/108 (task 8): force_integral=+0.000000e+00
  [SELF][Rank 0] Done moment 9/108 (task 8): force_integral=+0.000000e+00
  [SELF][Rank 0] Done moment 9/108 (task 8): force_integral=+0.000000e+00
  [SELF][Rank 0] Done moment 9/108 (task 8): force_integral=+0.000000e+00
  [SELF][Rank 0] Done moment 10/108 (task 9): force_integral=+0.000000e+00
  [SELF][Rank 0] Done moment 9/108 (task 8): force_integral=+0.000000e+00
  [SELF][Rank 0] Done moment 9/108 (task 8): force_integral=+0.000000e+00
  [SELF][Rank 0] Done moment 10/108 (task 9): force_integral=+0.000000e+00
  [SELF][Rank 0] Done moment 10/108 (task 9): force_integral=+0.000000e+00
  [SELF][Rank 0] Done moment 10/108 (task 9): force_integral=+0.000000e+00
  [SELF][Rank 0] Done moment 10/108 (task 9): force_integral=+0.000000e+00
  [SELF][Rank 0] Done moment 10/108 (task 9): force_integral=+0.000000e+00
  [SELF][Rank 0] Done moment 10/108 (task 9): force_integral=+0.000000e+00
  [SELF][Rank 0] Done moment 10/108 (task 9): force_integral=+0.000000e+00
  [SELF][Rank 0] Done moment 10/108 (task 9): force_integral=+0.000000e+00
  [SELF][Rank 0] Done moment 10/108 (task 9): force_integral=+0.000000e+00
  [SELF][Rank 0] Done moment 10/108 (task 9): force_integral=+0.000000e+00
  [SELF][Rank 0] Done moment 10/108 (task 9): force_integral=+0.000000e+00
  [SELF][Rank 0] Done moment 10/108 (task 9): force_integral=+0.000000e+00
  [SELF][Rank 0] Done moment 10/108 (task 9): force_integral=+0.000000e+00
  [SELF][Rank 0] Done moment 10/108 (task 9): force_integral=+0.000000e+00
  [SELF][Rank 0] Done moment 10/108 (task 9): force_integral=+0.000000e+00
  [SELF][Rank 0] Done moment 10/108 (task 9): force_integral=+0.000000e+00
  [SELF][Rank 0] Done moment 10/108 (task 9): force_integral=+0.000000e+00
  [SELF][Rank 0] Done moment 10/108 (task 9): force_integral=+0.000000e+00
  [SELF][Rank 0] Done moment 10/108 (task 9): force_integral=+0.000000e+00
  [SELF][Rank 0] Done moment 10/108 (task 9): force_integral=+0.000000e+00
  [SELF][Rank 0] Done moment 10/108 (task 9): force_integral=+0.000000e+00
  [SELF][Rank 0] Done moment 10/108 (task 9): force_integral=+0.000000e+00
  [SELF][Rank 0] Done moment 10/108 (task 9): force_integral=+0.000000e+00
  [SELF][Rank 0] Done moment 10/108 (task 9): force_integral=+0.000000e+00
  [SELF][Rank 0] Done moment 10/108 (task 9): force_integral=+0.000000e+00
  [SELF][Rank 0] Done moment 10/108 (task 9): force_integral=+0.000000e+00
  [SELF][Rank 0] Done moment 10/108 (task 9): force_integral=+0.000000e+00
  [SELF][Rank 0] Done moment 10/108 (task 9): force_integral=+0.000000e+00
  [SELF][Rank 0] Done moment 10/108 (task 9): force_integral=+0.000000e+00
  [SELF][Rank 0] Done moment 10/108 (task 9): force_integral=+0.000000e+00
  [SELF][Rank 0] Done moment 10/108 (task 9): force_integral=+0.000000e+00
  [SELF][Rank 0] Done moment 10/108 (task 9): force_integral=+0.000000e+00
  [SELF][Rank 0] Done moment 10/108 (task 9): force_integral=+0.000000e+00
  [SELF][Rank 0] Done moment 10/108 (task 9): force_integral=+0.000000e+00
  [SELF][Rank 0] Done moment 10/108 (task 9): force_integral=+0.000000e+00
  [SELF][Rank 0] Done moment 10/108 (task 9): force_integral=+0.000000e+00
  [SELF][Rank 0] Done moment 10/108 (task 9): force_integral=+0.000000e+00
  [SELF][Rank 0] Done moment 10/108 (task 9): force_integral=+0.000000e+00
  [SELF][Rank 0] Done moment 10/108 (task 9): force_integral=+0.000000e+00
  [SELF][Rank 0] Done moment 10/108 (task 9): force_integral=+0.000000e+00
  [SELF][Rank 0] Done moment 10/108 (task 9): force_integral=+0.000000e+00
  [SELF][Rank 0] Done moment 10/108 (task 9): force_integral=+0.000000e+00
  [SELF][Rank 0] Done moment 10/108 (task 9): force_integral=+0.000000e+00
  [SELF][Rank 0] Done moment 10/108 (task 9): force_integral=+0.000000e+00
  [SELF][Rank 0] Done moment 10/108 (task 9): force_integral=+0.000000e+00
  [SELF][Rank 0] Done moment 10/108 (task 9): force_integral=+0.000000e+00
  [SELF][Rank 0] Done moment 10/108 (task 9): force_integral=+0.000000e+00
  [SELF][Rank 0] Done moment 10/108 (task 9): force_integral=+0.000000e+00
  [SELF][Rank 0] Done moment 10/108 (task 9): force_integral=+0.000000e+00
  [SELF][Rank 0] Done moment 10/108 (task 9): force_integral=+0.000000e+00
  [SELF][Rank 0] Done moment 10/108 (task 9): force_integral=+0.000000e+00
  [SELF][Rank 0] Done moment 10/108 (task 9): force_integral=+0.000000e+00
  [SELF][Rank 0] Done moment 10/108 (task 9): force_integral=+0.000000e+00
  [SELF][Rank 0] Done moment 10/108 (task 9): force_integral=+0.000000e+00
  [SELF][Rank 0] Done moment 10/108 (task 9): force_integral=+0.000000e+00
  [SELF][Rank 0] Done moment 10/108 (task 9): force_integral=+0.000000e+00
  [SELF][Rank 0] Done moment 10/108 (task 9): force_integral=+0.000000e+00
  [SELF][Rank 0] Done moment 10/108 (task 9): force_integral=+0.000000e+00
  [SELF][Rank 0] Done moment 10/108 (task 9): force_integral=+0.000000e+00
  [SELF][Rank 0] Done moment 10/108 (task 9): force_integral=+0.000000e+00
  [SELF][Rank 0] Done moment 10/108 (task 9): force_integral=+0.000000e+00
  [SELF][Rank 0] Done moment 10/108 (task 9): force_integral=+0.000000e+00
  [SELF][Rank 0] Done moment 10/108 (task 9): force_integral=+0.000000e+00
  [SELF][Rank 0] Done moment 10/108 (task 9): force_integral=+0.000000e+00
  [SELF][Rank 0] Done moment 10/108 (task 9): force_integral=+0.000000e+00
  [SELF][Rank 0] Done moment 10/108 (task 9): force_integral=+0.000000e+00
  [SELF][Rank 0] Done moment 10/108 (task 9): force_integral=+0.000000e+00
  [SELF][Rank 0] Done moment 10/108 (task 9): force_integral=+0.000000e+00
  [SELF][Rank 0] Done moment 10/108 (task 9): force_integral=+0.000000e+00
  [SELF][Rank 0] Done moment 10/108 (task 9): force_integral=+0.000000e+00
  [SELF][Rank 0] Done moment 10/108 (task 9): force_integral=+0.000000e+00
  [SELF][Rank 0] Done moment 10/108 (task 9): force_integral=+0.000000e+00
  [SELF][Rank 0] Done moment 10/108 (task 9): force_integral=+0.000000e+00
  [SELF][Rank 0] Done moment 10/108 (task 9): force_integral=+0.000000e+00
  [SELF][Rank 0] Done moment 10/108 (task 9): force_integral=+0.000000e+00
  [SELF][Rank 0] Done moment 10/108 (task 9): force_integral=+0.000000e+00
  [SELF][Rank 0] Done moment 10/108 (task 9): force_integral=+0.000000e+00
  [SELF][Rank 0] Done moment 10/108 (task 9): force_integral=+0.000000e+00
  [SELF][Rank 0] Done moment 10/108 (task 9): force_integral=+0.000000e+00
  [SELF][Rank 0] Done moment 10/108 (task 9): force_integral=+0.000000e+00
  [SELF][Rank 0] Done moment 10/108 (task 9): force_integral=+0.000000e+00
  [SELF][Rank 0] Done moment 10/108 (task 9): force_integral=+0.000000e+00
  [SELF][Rank 0] Done moment 10/108 (task 9): force_integral=+0.000000e+00
  [SELF][Rank 0] Done moment 10/108 (task 9): force_integral=+0.000000e+00
  [SELF][Rank 0] Done moment 10/108 (task 9): force_integral=+0.000000e+00
  [SELF][Rank 0] Done moment 10/108 (task 9): force_integral=+0.000000e+00
  [SELF][Rank 0] Done moment 10/108 (task 9): force_integral=+0.000000e+00
  [SELF][Rank 0] Done moment 10/108 (task 9): force_integral=+0.000000e+00
  [SELF][Rank 0] Done moment 10/108 (task 9): force_integral=+0.000000e+00
  [SELF][Rank 0] Done moment 10/108 (task 9): force_integral=+0.000000e+00
  [SELF][Rank 0] Done moment 10/108 (task 9): force_integral=+0.000000e+00
  [SELF][Rank 0] Done moment 10/108 (task 9): force_integral=+0.000000e+00
  [SELF][Rank 0] Done moment 10/108 (task 9): force_integral=+0.000000e+00
  [SELF][Rank 0] Done moment 10/108 (task 9): force_integral=+0.000000e+00
  [SELF][Rank 0] Done moment 10/108 (task 9): force_integral=+0.000000e+00
  [SELF][Rank 0] Done moment 10/108 (task 9): force_integral=+0.000000e+00
  [SELF][Rank 0] Done moment 10/108 (task 9): force_integral=+0.000000e+00
  [SELF][Rank 0] Done moment 10/108 (task 9): force_integral=+0.000000e+00
  [SELF][Rank 0] Done moment 10/108 (task 9): force_integral=+0.000000e+00
  [SELF][Rank 0] Done moment 10/108 (task 9): force_integral=+0.000000e+00
  [SELF][Rank 0] Done moment 10/108 (task 9): force_integral=+0.000000e+00
  [SELF][Rank 0] Done moment 10/108 (task 9): force_integral=+0.000000e+00
  [SELF][Rank 0] Done moment 10/108 (task 9): force_integral=+0.000000e+00
  [SELF][Rank 0] Done moment 10/108 (task 9): force_integral=+0.000000e+00
  [SELF][Rank 0] Done moment 10/108 (task 9): force_integral=+0.000000e+00
  [SELF][Rank 0] Done moment 10/108 (task 9): force_integral=+0.000000e+00
  [SELF][Rank 0] Done moment 10/108 (task 9): force_integral=+0.000000e+00
  [SELF][Rank 0] Done moment 10/108 (task 9): force_integral=+0.000000e+00
  [SELF][Rank 0] Done moment 10/108 (task 9): force_integral=+0.000000e+00
  [SELF][Rank 0] Done moment 10/108 (task 9): force_integral=+0.000000e+00
  [SELF][Rank 0] Done moment 10/108 (task 9): force_integral=+0.000000e+00
  [SELF][Rank 0] Done moment 10/108 (task 9): force_integral=+0.000000e+00
  [SELF][Rank 0] Done moment 10/108 (task 9): force_integral=+0.000000e+00
  [SELF][Rank 0] Done moment 10/108 (task 9): force_integral=+0.000000e+00
  [SELF][Rank 0] Done moment 10/108 (task 9): force_integral=+0.000000e+00
  [SELF][Rank 0] Done moment 10/108 (task 9): force_integral=+0.000000e+00
  [SELF][Rank 0] Done moment 10/108 (task 9): force_integral=+0.000000e+00
  [SELF][Rank 0] Done moment 10/108 (task 9): force_integral=+0.000000e+00
  [SELF][Rank 0] Done moment 10/108 (task 9): force_integral=+0.000000e+00
  [SELF][Rank 0] Done moment 10/108 (task 9): force_integral=+0.000000e+00
  [SELF][Rank 0] Done moment 10/108 (task 9): force_integral=+0.000000e+00
  [SELF][Rank 0] Done moment 11/108 (task 10): force_integral=-3.534572e+02
  [SELF][Rank 0] Done moment 10/108 (task 9): force_integral=+0.000000e+00
  [SELF][Rank 0] Done moment 10/108 (task 9): force_integral=+0.000000e+00
  [SELF][Rank 0] Done moment 10/108 (task 9): force_integral=+0.000000e+00
  [SELF][Rank 0] Done moment 10/108 (task 9): force_integral=+0.000000e+00
  [SELF][Rank 0] Done moment 10/108 (task 9): force_integral=+0.000000e+00
  [SELF][Rank 0] Done moment 10/108 (task 9): force_integral=+0.000000e+00
  [SELF][Rank 0] Done moment 11/108 (task 10): force_integral=-3.534572e+02
  [SELF][Rank 0] Done moment 11/108 (task 10): force_integral=-3.534572e+02
  [SELF][Rank 0] Done moment 11/108 (task 10): force_integral=-3.534572e+02
  [SELF][Rank 0] Done moment 11/108 (task 10): force_integral=-3.534572e+02
  [SELF][Rank 0] Done moment 11/108 (task 10): force_integral=-3.534572e+02
  [SELF][Rank 0] Done moment 11/108 (task 10): force_integral=-3.534572e+02
  [SELF][Rank 0] Done moment 11/108 (task 10): force_integral=-3.534572e+02
  [SELF][Rank 0] Done moment 11/108 (task 10): force_integral=-3.534572e+02
  [SELF][Rank 0] Done moment 11/108 (task 10): force_integral=-3.534572e+02
  [SELF][Rank 0] Done moment 11/108 (task 10): force_integral=-3.534572e+02
  [SELF][Rank 0] Done moment 11/108 (task 10): force_integral=-3.534572e+02
  [SELF][Rank 0] Done moment 11/108 (task 10): force_integral=-3.534572e+02
  [SELF][Rank 0] Done moment 11/108 (task 10): force_integral=-3.534572e+02
  [SELF][Rank 0] Done moment 11/108 (task 10): force_integral=-3.534572e+02
  [SELF][Rank 0] Done moment 11/108 (task 10): force_integral=-3.534572e+02
  [SELF][Rank 0] Done moment 11/108 (task 10): force_integral=-3.534572e+02
  [SELF][Rank 0] Done moment 11/108 (task 10): force_integral=-3.534572e+02
  [SELF][Rank 0] Done moment 11/108 (task 10): force_integral=-3.534572e+02
  [SELF][Rank 0] Done moment 11/108 (task 10): force_integral=-3.534572e+02
  [SELF][Rank 0] Done moment 11/108 (task 10): force_integral=-3.534572e+02
  [SELF][Rank 0] Done moment 11/108 (task 10): force_integral=-3.534572e+02
  [SELF][Rank 0] Done moment 11/108 (task 10): force_integral=-3.534572e+02
  [SELF][Rank 0] Done moment 11/108 (task 10): force_integral=-3.534572e+02
  [SELF][Rank 0] Done moment 11/108 (task 10): force_integral=-3.534572e+02
  [SELF][Rank 0] Done moment 11/108 (task 10): force_integral=-3.534572e+02
  [SELF][Rank 0] Done moment 11/108 (task 10): force_integral=-3.534572e+02
  [SELF][Rank 0] Done moment 11/108 (task 10): force_integral=-3.534572e+02
  [SELF][Rank 0] Done moment 11/108 (task 10): force_integral=-3.534572e+02
  [SELF][Rank 0] Done moment 11/108 (task 10): force_integral=-3.534572e+02
  [SELF][Rank 0] Done moment 11/108 (task 10): force_integral=-3.534572e+02
  [SELF][Rank 0] Done moment 11/108 (task 10): force_integral=-3.534572e+02
  [SELF][Rank 0] Done moment 11/108 (task 10): force_integral=-3.534572e+02
  [SELF][Rank 0] Done moment 11/108 (task 10): force_integral=-3.534572e+02
  [SELF][Rank 0] Done moment 11/108 (task 10): force_integral=-3.534572e+02
  [SELF][Rank 0] Done moment 11/108 (task 10): force_integral=-3.534572e+02
  [SELF][Rank 0] Done moment 11/108 (task 10): force_integral=-3.534572e+02
  [SELF][Rank 0] Done moment 11/108 (task 10): force_integral=-3.534572e+02
  [SELF][Rank 0] Done moment 11/108 (task 10): force_integral=-3.534572e+02
  [SELF][Rank 0] Done moment 11/108 (task 10): force_integral=-3.534572e+02
  [SELF][Rank 0] Done moment 11/108 (task 10): force_integral=-3.534572e+02
  [SELF][Rank 0] Done moment 11/108 (task 10): force_integral=-3.534572e+02
  [SELF][Rank 0] Done moment 11/108 (task 10): force_integral=-3.534572e+02
  [SELF][Rank 0] Done moment 11/108 (task 10): force_integral=-3.534572e+02
  [SELF][Rank 0] Done moment 11/108 (task 10): force_integral=-3.534572e+02
  [SELF][Rank 0] Done moment 11/108 (task 10): force_integral=-3.534572e+02
  [SELF][Rank 0] Done moment 11/108 (task 10): force_integral=-3.534572e+02
  [SELF][Rank 0] Done moment 11/108 (task 10): force_integral=-3.534572e+02
  [SELF][Rank 0] Done moment 11/108 (task 10): force_integral=-3.534572e+02
  [SELF][Rank 0] Done moment 11/108 (task 10): force_integral=-3.534572e+02
  [SELF][Rank 0] Done moment 11/108 (task 10): force_integral=-3.534572e+02
  [SELF][Rank 0] Done moment 11/108 (task 10): force_integral=-3.534572e+02
  [SELF][Rank 0] Done moment 11/108 (task 10): force_integral=-3.534572e+02
  [SELF][Rank 0] Done moment 11/108 (task 10): force_integral=-3.534572e+02
  [SELF][Rank 0] Done moment 11/108 (task 10): force_integral=-3.534572e+02
  [SELF][Rank 0] Done moment 11/108 (task 10): force_integral=-3.534572e+02
  [SELF][Rank 0] Done moment 11/108 (task 10): force_integral=-3.534572e+02
  [SELF][Rank 0] Done moment 11/108 (task 10): force_integral=-3.534572e+02
  [SELF][Rank 0] Done moment 11/108 (task 10): force_integral=-3.534572e+02
  [SELF][Rank 0] Done moment 11/108 (task 10): force_integral=-3.534572e+02
  [SELF][Rank 0] Done moment 11/108 (task 10): force_integral=-3.534572e+02
  [SELF][Rank 0] Done moment 11/108 (task 10): force_integral=-3.534572e+02
  [SELF][Rank 0] Done moment 11/108 (task 10): force_integral=-3.534572e+02
  [SELF][Rank 0] Done moment 11/108 (task 10): force_integral=-3.534572e+02
  [SELF][Rank 0] Done moment 11/108 (task 10): force_integral=-3.534572e+02
  [SELF][Rank 0] Done moment 11/108 (task 10): force_integral=-3.534572e+02
  [SELF][Rank 0] Done moment 11/108 (task 10): force_integral=-3.534572e+02
  [SELF][Rank 0] Done moment 11/108 (task 10): force_integral=-3.534572e+02
  [SELF][Rank 0] Done moment 11/108 (task 10): force_integral=-3.534572e+02
  [SELF][Rank 0] Done moment 11/108 (task 10): force_integral=-3.534572e+02
  [SELF][Rank 0] Done moment 11/108 (task 10): force_integral=-3.534572e+02
  [SELF][Rank 0] Done moment 11/108 (task 10): force_integral=-3.534572e+02
  [SELF][Rank 0] Done moment 11/108 (task 10): force_integral=-3.534572e+02
  [SELF][Rank 0] Done moment 11/108 (task 10): force_integral=-3.534572e+02
  [SELF][Rank 0] Done moment 11/108 (task 10): force_integral=-3.534572e+02
  [SELF][Rank 0] Done moment 11/108 (task 10): force_integral=-3.534572e+02
  [SELF][Rank 0] Done moment 11/108 (task 10): force_integral=-3.534572e+02
  [SELF][Rank 0] Done moment 11/108 (task 10): force_integral=-3.534572e+02
  [SELF][Rank 0] Done moment 11/108 (task 10): force_integral=-3.534572e+02
  [SELF][Rank 0] Done moment 11/108 (task 10): force_integral=-3.534572e+02
  [SELF][Rank 0] Done moment 11/108 (task 10): force_integral=-3.534572e+02
  [SELF][Rank 0] Done moment 11/108 (task 10): force_integral=-3.534572e+02
  [SELF][Rank 0] Done moment 11/108 (task 10): force_integral=-3.534572e+02
  [SELF][Rank 0] Done moment 11/108 (task 10): force_integral=-3.534572e+02
  [SELF][Rank 0] Done moment 11/108 (task 10): force_integral=-3.534572e+02
  [SELF][Rank 0] Done moment 11/108 (task 10): force_integral=-3.534572e+02
  [SELF][Rank 0] Done moment 11/108 (task 10): force_integral=-3.534572e+02
  [SELF][Rank 0] Done moment 11/108 (task 10): force_integral=-3.534572e+02
  [SELF][Rank 0] Done moment 11/108 (task 10): force_integral=-3.534572e+02
  [SELF][Rank 0] Done moment 11/108 (task 10): force_integral=-3.534572e+02
  [SELF][Rank 0] Done moment 11/108 (task 10): force_integral=-3.534572e+02
  [SELF][Rank 0] Done moment 11/108 (task 10): force_integral=-3.534572e+02

Elapsed run time = 39600.3741 s
  [SELF][Rank 0] Done moment 11/108 (task 10): force_integral=-3.534572e+02

Elapsed run time = 39621.0326 s
  [SELF][Rank 0] Done moment 11/108 (task 10): force_integral=-3.534572e+02

Elapsed run time = 39621.5005 s
  [SELF][Rank 0] Done moment 11/108 (task 10): force_integral=-3.534572e+02

Elapsed run time = 39629.1798 s
  [SELF][Rank 0] Done moment 11/108 (task 10): force_integral=-3.534572e+02

Elapsed run time = 39674.5726 s
  [SELF][Rank 0] Done moment 11/108 (task 10): force_integral=-3.534572e+02

Elapsed run time = 39684.2183 s
  [SELF][Rank 0] Done moment 11/108 (task 10): force_integral=-3.534572e+02

Elapsed run time = 39700.3640 s
  [SELF][Rank 0] Done moment 11/108 (task 10): force_integral=-3.534572e+02

Elapsed run time = 39712.2257 s
  [SELF][Rank 0] Done moment 11/108 (task 10): force_integral=-3.534572e+02

Elapsed run time = 39718.2603 s
  [SELF][Rank 0] Done moment 11/108 (task 10): force_integral=-3.534572e+02

Elapsed run time = 39720.6065 s
  [SELF][Rank 0] Done moment 11/108 (task 10): force_integral=-3.534572e+02

Elapsed run time = 39733.9839 s
  [SELF][Rank 0] Done moment 11/108 (task 10): force_integral=-3.534572e+02

Elapsed run time = 39735.1416 s
  [SELF][Rank 0] Done moment 11/108 (task 10): force_integral=-3.534572e+02

Elapsed run time = 39736.7378 s
  [SELF][Rank 0] Done moment 11/108 (task 10): force_integral=-3.534572e+02

Elapsed run time = 39744.7382 s
  [SELF][Rank 0] Done moment 11/108 (task 10): force_integral=-3.534572e+02

Elapsed run time = 39752.6868 s
  [SELF][Rank 0] Done moment 11/108 (task 10): force_integral=-3.534572e+02

Elapsed run time = 39756.5883 s
  [SELF][Rank 0] Done moment 11/108 (task 10): force_integral=-3.534572e+02

Elapsed run time = 39775.2302 s
  [SELF][Rank 0] Done moment 11/108 (task 10): force_integral=-3.534572e+02

Elapsed run time = 39786.0976 s
  [SELF][Rank 0] Done moment 11/108 (task 10): force_integral=-3.534572e+02

Elapsed run time = 39787.1411 s
  [SELF][Rank 0] Done moment 11/108 (task 10): force_integral=-3.534572e+02

Elapsed run time = 39787.5525 s
  [SELF][Rank 0] Done moment 11/108 (task 10): force_integral=-3.534572e+02

Elapsed run time = 39811.4276 s
  [SELF][Rank 0] Done moment 11/108 (task 10): force_integral=-3.534572e+02

Elapsed run time = 39817.6161 s
  [SELF][Rank 0] Done moment 11/108 (task 10): force_integral=-3.534572e+02

Elapsed run time = 39822.3431 s
  [SELF][Rank 0] Done moment 11/108 (task 10): force_integral=-3.534572e+02

Elapsed run time = 39823.2170 s
  [SELF][Rank 0] Done moment 11/108 (task 10): force_integral=-3.534572e+02

Elapsed run time = 39825.0167 s
  [SELF][Rank 0] Done moment 11/108 (task 10): force_integral=-3.534572e+02

Elapsed run time = 39834.2327 s
  [SELF][Rank 0] Done moment 11/108 (task 10): force_integral=-3.534572e+02

Elapsed run time = 39835.8182 s
  [SELF][Rank 0] Done moment 11/108 (task 10): force_integral=-3.534572e+02

Elapsed run time = 39847.7077 s
  [SELF][Rank 0] Done moment 12/108 (task 11): force_integral=+3.884230e+02

Elapsed run time = 39875.4650 s
  [SELF][Rank 0] Done moment 11/108 (task 10): force_integral=-3.534572e+02

Elapsed run time = 39885.2671 s
  [SELF][Rank 0] Done moment 11/108 (task 10): force_integral=-3.534572e+02

Elapsed run time = 39906.2270 s
  [SELF][Rank 0] Done moment 11/108 (task 10): force_integral=-3.534572e+02

Elapsed run time = 39910.2007 s
  [SELF][Rank 0] Done moment 12/108 (task 11): force_integral=+3.884230e+02

Elapsed run time = 39918.4765 s
  [SELF][Rank 0] Done moment 11/108 (task 10): force_integral=-3.534572e+02

Elapsed run time = 39931.7276 s
  [SELF][Rank 0] Done moment 11/108 (task 10): force_integral=-3.534572e+02

Elapsed run time = 39948.9033 s
  [SELF][Rank 0] Done moment 11/108 (task 10): force_integral=-3.534572e+02

Elapsed run time = 39995.2994 s
  [SELF][Rank 0] Done moment 11/108 (task 10): force_integral=-3.534572e+02

Elapsed run time = 39995.4926 s
  [SELF][Rank 0] Done moment 11/108 (task 10): force_integral=-3.534572e+02

Elapsed run time = 39996.6367 s
  [SELF][Rank 0] Done moment 11/108 (task 10): force_integral=-3.534572e+02

Elapsed run time = 39996.9304 s
  [SELF][Rank 0] Done moment 12/108 (task 11): force_integral=+3.884230e+02

Elapsed run time = 40029.8325 s
  [SELF][Rank 0] Done moment 12/108 (task 11): force_integral=+3.884230e+02

Elapsed run time = 40066.0567 s
  [SELF][Rank 0] Done moment 12/108 (task 11): force_integral=+3.884230e+02

Elapsed run time = 40100.7790 s
  [SELF][Rank 0] Done moment 12/108 (task 11): force_integral=+3.884230e+02

Elapsed run time = 40147.6962 s
  [SELF][Rank 0] Done moment 12/108 (task 11): force_integral=+3.884230e+02

Elapsed run time = 40164.7967 s
  [SELF][Rank 0] Done moment 12/108 (task 11): force_integral=+3.884230e+02

Elapsed run time = 40181.7920 s
  [SELF][Rank 0] Done moment 12/108 (task 11): force_integral=+3.884230e+02

Elapsed run time = 40188.3891 s
  [SELF][Rank 0] Done moment 12/108 (task 11): force_integral=+3.884230e+02

Elapsed run time = 40192.0833 s
  [SELF][Rank 0] Done moment 12/108 (task 11): force_integral=+3.884230e+02

Elapsed run time = 40225.6956 s
  [SELF][Rank 0] Done moment 12/108 (task 11): force_integral=+3.884230e+02

Elapsed run time = 40234.5337 s
  [SELF][Rank 0] Done moment 12/108 (task 11): force_integral=+3.884230e+02

Elapsed run time = 40248.4138 s
  [SELF][Rank 0] Done moment 12/108 (task 11): force_integral=+3.884230e+02

Elapsed run time = 40258.5857 s
  [SELF][Rank 0] Done moment 12/108 (task 11): force_integral=+3.884230e+02

Elapsed run time = 40275.1371 s
  [SELF][Rank 0] Done moment 12/108 (task 11): force_integral=+3.884230e+02

Elapsed run time = 40298.7698 s
  [SELF][Rank 0] Done moment 12/108 (task 11): force_integral=+3.884230e+02

Elapsed run time = 40308.6227 s
  [SELF][Rank 0] Done moment 12/108 (task 11): force_integral=+3.884230e+02

Elapsed run time = 40314.6981 s
  [SELF][Rank 0] Done moment 12/108 (task 11): force_integral=+3.884230e+02

Elapsed run time = 40325.4927 s
  [SELF][Rank 0] Done moment 12/108 (task 11): force_integral=+3.884230e+02

Elapsed run time = 40326.8267 s
  [SELF][Rank 0] Done moment 12/108 (task 11): force_integral=+3.884230e+02

Elapsed run time = 40335.7958 s
  [SELF][Rank 0] Done moment 12/108 (task 11): force_integral=+3.884230e+02

Elapsed run time = 40347.2593 s
  [SELF][Rank 0] Done moment 12/108 (task 11): force_integral=+3.884230e+02

Elapsed run time = 40352.6383 s
  [SELF][Rank 0] Done moment 12/108 (task 11): force_integral=+3.884230e+02

Elapsed run time = 40370.5386 s
  [SELF][Rank 0] Done moment 12/108 (task 11): force_integral=+3.884230e+02

Elapsed run time = 40371.9148 s
  [SELF][Rank 0] Done moment 12/108 (task 11): force_integral=+3.884230e+02

Elapsed run time = 40390.1689 s
  [SELF][Rank 0] Done moment 12/108 (task 11): force_integral=+3.884230e+02

Elapsed run time = 40390.9202 s
  [SELF][Rank 0] Done moment 12/108 (task 11): force_integral=+3.884230e+02

Elapsed run time = 40392.2241 s
  [SELF][Rank 0] Done moment 12/108 (task 11): force_integral=+3.884230e+02

Elapsed run time = 40407.9814 s
  [SELF][Rank 0] Done moment 12/108 (task 11): force_integral=+3.884230e+02

Elapsed run time = 40413.4922 s
  [SELF][Rank 0] Done moment 12/108 (task 11): force_integral=+3.884230e+02

Elapsed run time = 40430.9921 s
  [SELF][Rank 0] Done moment 12/108 (task 11): force_integral=+3.884230e+02

Elapsed run time = 40431.4853 s
  [SELF][Rank 0] Done moment 12/108 (task 11): force_integral=+3.884230e+02

Elapsed run time = 40431.8224 s
  [SELF][Rank 0] Done moment 12/108 (task 11): force_integral=+3.884230e+02

Elapsed run time = 40432.6858 s
  [SELF][Rank 0] Done moment 12/108 (task 11): force_integral=+3.884230e+02

Elapsed run time = 40446.1762 s
  [SELF][Rank 0] Done moment 12/108 (task 11): force_integral=+3.884230e+02

Elapsed run time = 40475.3859 s
  [SELF][Rank 0] Done moment 12/108 (task 11): force_integral=+3.884230e+02

Elapsed run time = 40482.9485 s
  [SELF][Rank 0] Done moment 12/108 (task 11): force_integral=+3.884230e+02

Elapsed run time = 40519.9648 s
  [SELF][Rank 0] Done moment 12/108 (task 11): force_integral=+3.884230e+02

Elapsed run time = 40535.5773 s
  [SELF][Rank 0] Done moment 12/108 (task 11): force_integral=+3.884230e+02

Elapsed run time = 40542.9530 s
  [SELF][Rank 0] Done moment 12/108 (task 11): force_integral=+3.884230e+02

Elapsed run time = 40546.5502 s
  [SELF][Rank 0] Done moment 12/108 (task 11): force_integral=+3.884230e+02

Elapsed run time = 40551.6202 s
  [SELF][Rank 0] Done moment 12/108 (task 11): force_integral=+3.884230e+02

Elapsed run time = 40552.9451 s
  [SELF][Rank 0] Done moment 12/108 (task 11): force_integral=+3.884230e+02

Elapsed run time = 40554.1910 s
  [SELF][Rank 0] Done moment 12/108 (task 11): force_integral=+3.884230e+02

Elapsed run time = 40557.9268 s
  [SELF][Rank 0] Done moment 12/108 (task 11): force_integral=+3.884230e+02

Elapsed run time = 40559.0155 s
  [SELF][Rank 0] Done moment 12/108 (task 11): force_integral=+3.884230e+02

Elapsed run time = 40567.0474 s
  [SELF][Rank 0] Done moment 12/108 (task 11): force_integral=+3.884230e+02

Elapsed run time = 40571.4519 s
  [SELF][Rank 0] Done moment 12/108 (task 11): force_integral=+3.884230e+02

Elapsed run time = 40575.5410 s
  [SELF][Rank 0] Done moment 12/108 (task 11): force_integral=+3.884230e+02

Elapsed run time = 40580.8327 s
  [SELF][Rank 0] Done moment 12/108 (task 11): force_integral=+3.884230e+02

Elapsed run time = 40585.0260 s
  [SELF][Rank 0] Done moment 12/108 (task 11): force_integral=+3.884230e+02

Elapsed run time = 40599.8272 s
  [SELF][Rank 0] Done moment 12/108 (task 11): force_integral=+3.884230e+02

Elapsed run time = 40610.8005 s
  [SELF][Rank 0] Done moment 12/108 (task 11): force_integral=+3.884230e+02

Elapsed run time = 40610.8521 s
  [SELF][Rank 0] Done moment 12/108 (task 11): force_integral=+3.884230e+02

Elapsed run time = 40615.7228 s
  [SELF][Rank 0] Done moment 12/108 (task 11): force_integral=+3.884230e+02

Elapsed run time = 40617.0948 s
  [SELF][Rank 0] Done moment 12/108 (task 11): force_integral=+3.884230e+02

Elapsed run time = 40620.2663 s
  [SELF][Rank 0] Done moment 12/108 (task 11): force_integral=+3.884230e+02

Elapsed run time = 40627.7571 s
  [SELF][Rank 0] Done moment 12/108 (task 11): force_integral=+3.884230e+02

Elapsed run time = 40627.8528 s
  [SELF][Rank 0] Done moment 12/108 (task 11): force_integral=+3.884230e+02

Elapsed run time = 40637.3421 s
  [SELF][Rank 0] Done moment 12/108 (task 11): force_integral=+3.884230e+02

Elapsed run time = 40650.4159 s
  [SELF][Rank 0] Done moment 12/108 (task 11): force_integral=+3.884230e+02

Elapsed run time = 40652.1036 s
  [SELF][Rank 0] Done moment 12/108 (task 11): force_integral=+3.884230e+02

Elapsed run time = 40659.3120 s
  [SELF][Rank 0] Done moment 12/108 (task 11): force_integral=+3.884230e+02

Elapsed run time = 40659.7559 s
  [SELF][Rank 0] Done moment 12/108 (task 11): force_integral=+3.884230e+02

Elapsed run time = 40663.1219 s
  [SELF][Rank 0] Done moment 12/108 (task 11): force_integral=+3.884230e+02

Elapsed run time = 40667.6792 s
  [SELF][Rank 0] Done moment 12/108 (task 11): force_integral=+3.884230e+02

Elapsed run time = 40668.4691 s
  [SELF][Rank 0] Done moment 12/108 (task 11): force_integral=+3.884230e+02

Elapsed run time = 40669.1714 s
  [SELF][Rank 0] Done moment 12/108 (task 11): force_integral=+3.884230e+02

Elapsed run time = 40669.9195 s
  [SELF][Rank 0] Done moment 12/108 (task 11): force_integral=+3.884230e+02

Elapsed run time = 40699.2969 s
  [SELF][Rank 0] Done moment 12/108 (task 11): force_integral=+3.884230e+02

Elapsed run time = 40723.0641 s
  [SELF][Rank 0] Done moment 12/108 (task 11): force_integral=+3.884230e+02

Elapsed run time = 40723.5509 s
  [SELF][Rank 0] Done moment 12/108 (task 11): force_integral=+3.884230e+02

Elapsed run time = 40723.6528 s
  [SELF][Rank 0] Done moment 12/108 (task 11): force_integral=+3.884230e+02

Elapsed run time = 40739.6437 s
  [SELF][Rank 0] Done moment 12/108 (task 11): force_integral=+3.884230e+02

Elapsed run time = 40758.0381 s
  [SELF][Rank 0] Done moment 12/108 (task 11): force_integral=+3.884230e+02

Elapsed run time = 40770.4234 s
  [SELF][Rank 0] Done moment 12/108 (task 11): force_integral=+3.884230e+02

Elapsed run time = 40773.2982 s
  [SELF][Rank 0] Done moment 12/108 (task 11): force_integral=+3.884230e+02

Elapsed run time = 40777.1641 s
  [SELF][Rank 0] Done moment 12/108 (task 11): force_integral=+3.884230e+02

Elapsed run time = 40777.7432 s
  [SELF][Rank 0] Done moment 12/108 (task 11): force_integral=+3.884230e+02

Elapsed run time = 40778.9193 s
  [SELF][Rank 0] Done moment 12/108 (task 11): force_integral=+3.884230e+02

Elapsed run time = 40780.4520 s
  [SELF][Rank 0] Done moment 12/108 (task 11): force_integral=+3.884230e+02

Elapsed run time = 40781.8122 s
  [SELF][Rank 0] Done moment 12/108 (task 11): force_integral=+3.884230e+02

Elapsed run time = 40789.1161 s
  [SELF][Rank 0] Done moment 12/108 (task 11): force_integral=+3.884230e+02

[WALLTIME GUARD] Elapsed 11.33h >= budget limit (11.00h).
[WALLTIME GUARD] Safely pausing simulation before moment 13/108 (task 12).

[STATUS: PENDING] Task 999 reached walltime budget limit (11.0h).
[STATUS: PENDING] Checkpointed progress safely recorded on disk. Ready for continuation job.

Elapsed run time = 40794.9878 s
  [SELF][Rank 0] Done moment 12/108 (task 11): force_integral=+3.884230e+02

Elapsed run time = 40854.5461 s
  [SELF][Rank 0] Done moment 12/108 (task 11): force_integral=+3.884230e+02
  [SELF][Rank 0] Done moment 12/108 (task 11): force_integral=+3.884230e+02

Elapsed run time = 40854.7368 s

Elapsed run time = 40854.7369 s
  [SELF][Rank 0] Done moment 12/108 (task 11): force_integral=+3.884230e+02

Elapsed run time = 40855.2701 s
  [SELF][Rank 0] Done moment 12/108 (task 11): force_integral=+3.884230e+02

Elapsed run time = 40860.3158 s
  [SELF][Rank 0] Done moment 12/108 (task 11): force_integral=+3.884230e+02

Elapsed run time = 40872.1420 s
  [SELF][Rank 0] Done moment 12/108 (task 11): force_integral=+3.884230e+02

Elapsed run time = 40874.6990 s
Command succeeded cleanly.
Convergence test finished with exit code 0 at Fri Sep 25 03:27:04 PM EDT 2026.
================================================================================
[AUTO-RESUBMIT] Convergence run reached 12-hour limit with pending moments.
Checkpoints safely preserved. Launching continuation job for n_max=3 test...
================================================================================
  Continuity Job Queued: Submitted batch job 8341100
Synchronizing progress and pushing reports for Convergence Task 999 (exit code 0)...
