================================================================================
QUANTUM CLUTCH: MOMENT MULTIPOLE CONVERGENCE VERIFICATION (n_max = 3)
Target: Task 1 (d = 40 nm, theta = 0.0 deg, R = 60, N = 3, Gold, L = 2.0 um)
Host: x1000c5s4b0n0
Started: Wed Sep 23 05:45:16 PM EDT 2026
================================================================================
Executing Quantum Clutch n_max=3 Convergence Simulation (216 FDTD moments)...
==================================================
RUNNING CRASH-PROOF MEEP SIMULATION WRAPPER
==================================================
Executing: srun -n 128 /N/u/gogordon/BigRed200/.conda/envs/meep/bin/python execution/run_meep_simulation.py --L 2.0 --d 0.04 --N 3 --N-bottom 3 --theta 0.0 --material Gold --res 60 --nmax 3 --eps-bg 1.0 --config all --no-subgroups --T-run 12.0 --max-walltime-hours 11.0 --campaign-task-id 999 --clutch --corrugation-angle 75.0 --r-tip 5.0
Starting simulation: d=0.04 um, N_top=3, N_bottom=3, material=Gold, resolution=60, nmax=3, theta=0.0, eps_bg=1.0, config=all, clutch=True, stepped_sieve=False, corrugated=False
Parallel configuration: 128 processes running 1 parallel moment partitions.
[BOTH] Loaded 60 cached moments from .tmp/chk_moments_v4_d_0.0400_Ntop_3_Nbot_3_mat_Gold_res_60_th_0.0_clutch_al_75.0_rtip_5.0_L_2.00_nmax_3_both.json
  [BOTH][Rank 0] Skipped moment 1/108 (task 0) [CACHED]: force_integral=-2.747318e-02
  [BOTH][Rank 0] Skipped moment 2/108 (task 1) [CACHED]: force_integral=-2.747318e-02
  [BOTH][Rank 0] Skipped moment 3/108 (task 2) [CACHED]: force_integral=+0.000000e+00
  [BOTH][Rank 0] Skipped moment 4/108 (task 3) [CACHED]: force_integral=+0.000000e+00
  [BOTH][Rank 0] Skipped moment 5/108 (task 4) [CACHED]: force_integral=-3.474008e+02
  [BOTH][Rank 0] Skipped moment 6/108 (task 5) [CACHED]: force_integral=+3.876452e+02
  [BOTH][Rank 0] Skipped moment 7/108 (task 6) [CACHED]: force_integral=-6.295471e-02
  [BOTH][Rank 0] Skipped moment 8/108 (task 7) [CACHED]: force_integral=-6.295471e-02
  [BOTH][Rank 0] Skipped moment 9/108 (task 8) [CACHED]: force_integral=+0.000000e+00
  [BOTH][Rank 0] Skipped moment 10/108 (task 9) [CACHED]: force_integral=+0.000000e+00
  [BOTH][Rank 0] Skipped moment 11/108 (task 10) [CACHED]: force_integral=-3.487426e+02
  [BOTH][Rank 0] Skipped moment 12/108 (task 11) [CACHED]: force_integral=+3.884225e+02
  [BOTH][Rank 0] Skipped moment 13/108 (task 12) [CACHED]: force_integral=-9.586916e-01
  [BOTH][Rank 0] Skipped moment 14/108 (task 13) [CACHED]: force_integral=-9.586916e-01
  [BOTH][Rank 0] Skipped moment 15/108 (task 14) [CACHED]: force_integral=+0.000000e+00
  [BOTH][Rank 0] Skipped moment 16/108 (task 15) [CACHED]: force_integral=+0.000000e+00
  [BOTH][Rank 0] Skipped moment 17/108 (task 16) [CACHED]: force_integral=-3.406467e+02
  [BOTH][Rank 0] Skipped moment 18/108 (task 17) [CACHED]: force_integral=+3.834025e+02
  [BOTH][Rank 0] Skipped moment 19/108 (task 18) [CACHED]: force_integral=+0.000000e+00
  [BOTH][Rank 0] Skipped moment 20/108 (task 19) [CACHED]: force_integral=+0.000000e+00
  [BOTH][Rank 0] Skipped moment 21/108 (task 20) [CACHED]: force_integral=-3.704524e-01
  [BOTH][Rank 0] Skipped moment 22/108 (task 21) [CACHED]: force_integral=-3.704524e-01
  [BOTH][Rank 0] Skipped moment 23/108 (task 22) [CACHED]: force_integral=-1.696246e+03
  [BOTH][Rank 0] Skipped moment 24/108 (task 23) [CACHED]: force_integral=+1.525383e+03
  [BOTH][Rank 0] Skipped moment 25/108 (task 24) [CACHED]: force_integral=+0.000000e+00
  [BOTH][Rank 0] Skipped moment 26/108 (task 25) [CACHED]: force_integral=+0.000000e+00
  [BOTH][Rank 0] Skipped moment 27/108 (task 26) [CACHED]: force_integral=-4.274883e-01
  [BOTH][Rank 0] Skipped moment 28/108 (task 27) [CACHED]: force_integral=-4.274883e-01
  [BOTH][Rank 0] Skipped moment 29/108 (task 28) [CACHED]: force_integral=-1.675998e+03
  [BOTH][Rank 0] Skipped moment 30/108 (task 29) [CACHED]: force_integral=+1.512119e+03
  [BOTH][Rank 0] Skipped moment 31/108 (task 30) [CACHED]: force_integral=+0.000000e+00
  [BOTH][Rank 0] Skipped moment 32/108 (task 31) [CACHED]: force_integral=+0.000000e+00
  [BOTH][Rank 0] Skipped moment 33/108 (task 32) [CACHED]: force_integral=-1.891861e+00
  [BOTH][Rank 0] Skipped moment 34/108 (task 33) [CACHED]: force_integral=-1.891861e+00
  [BOTH][Rank 0] Skipped moment 35/108 (task 34) [CACHED]: force_integral=-1.692923e+03
  [BOTH][Rank 0] Skipped moment 36/108 (task 35) [CACHED]: force_integral=+1.522347e+03
  [BOTH][Rank 0] Skipped moment 37/108 (task 36) [CACHED]: force_integral=+0.000000e+00
  [BOTH][Rank 0] Skipped moment 38/108 (task 37) [CACHED]: force_integral=+0.000000e+00
  [BOTH][Rank 0] Skipped moment 39/108 (task 38) [CACHED]: force_integral=+0.000000e+00
  [BOTH][Rank 0] Skipped moment 40/108 (task 39) [CACHED]: force_integral=+0.000000e+00
  [BOTH][Rank 0] Skipped moment 41/108 (task 40) [CACHED]: force_integral=+2.482762e+03
  [BOTH][Rank 0] Skipped moment 42/108 (task 41) [CACHED]: force_integral=-4.075096e+03
  [BOTH][Rank 0] Skipped moment 43/108 (task 42) [CACHED]: force_integral=+0.000000e+00
  [BOTH][Rank 0] Skipped moment 44/108 (task 43) [CACHED]: force_integral=+0.000000e+00
  [BOTH][Rank 0] Skipped moment 45/108 (task 44) [CACHED]: force_integral=+0.000000e+00
  [BOTH][Rank 0] Skipped moment 46/108 (task 45) [CACHED]: force_integral=+0.000000e+00
  [BOTH][Rank 0] Skipped moment 47/108 (task 46) [CACHED]: force_integral=+2.462408e+03
  [BOTH][Rank 0] Skipped moment 48/108 (task 47) [CACHED]: force_integral=-4.044347e+03
  [BOTH][Rank 0] Skipped moment 49/108 (task 48) [CACHED]: force_integral=+0.000000e+00
  [BOTH][Rank 0] Skipped moment 50/108 (task 49) [CACHED]: force_integral=+0.000000e+00
  [BOTH][Rank 0] Skipped moment 51/108 (task 50) [CACHED]: force_integral=+0.000000e+00
  [BOTH][Rank 0] Skipped moment 52/108 (task 51) [CACHED]: force_integral=+0.000000e+00
  [BOTH][Rank 0] Skipped moment 53/108 (task 52) [CACHED]: force_integral=+2.462622e+03
  [BOTH][Rank 0] Skipped moment 54/108 (task 53) [CACHED]: force_integral=-4.044349e+03
  [BOTH][Rank 0] Skipped moment 55/108 (task 54) [CACHED]: force_integral=-2.402524e+00
  [BOTH][Rank 0] Skipped moment 56/108 (task 55) [CACHED]: force_integral=-2.402524e+00
  [BOTH][Rank 0] Skipped moment 57/108 (task 56) [CACHED]: force_integral=+0.000000e+00
  [BOTH][Rank 0] Skipped moment 58/108 (task 57) [CACHED]: force_integral=+0.000000e+00
  [BOTH][Rank 0] Skipped moment 59/108 (task 58) [CACHED]: force_integral=-1.550355e+03
  [BOTH][Rank 0] Skipped moment 60/108 (task 59) [CACHED]: force_integral=+1.674425e+03
  [BOTH][Rank 0] Done moment 61/108 (task 60): force_integral=-2.099623e+00
  [BOTH][Rank 0] Done moment 61/108 (task 60): force_integral=-2.099623e+00
  [BOTH][Rank 0] Done moment 61/108 (task 60): force_integral=-2.099623e+00
  [BOTH][Rank 0] Done moment 61/108 (task 60): force_integral=-2.099623e+00
  [BOTH][Rank 0] Done moment 61/108 (task 60): force_integral=-2.099623e+00
  [BOTH][Rank 0] Done moment 61/108 (task 60): force_integral=-2.099623e+00
  [BOTH][Rank 0] Done moment 61/108 (task 60): force_integral=-2.099623e+00
  [BOTH][Rank 0] Done moment 61/108 (task 60): force_integral=-2.099623e+00
  [BOTH][Rank 0] Done moment 61/108 (task 60): force_integral=-2.099623e+00
  [BOTH][Rank 0] Done moment 61/108 (task 60): force_integral=-2.099623e+00
  [BOTH][Rank 0] Done moment 61/108 (task 60): force_integral=-2.099623e+00
  [BOTH][Rank 0] Done moment 61/108 (task 60): force_integral=-2.099623e+00
  [BOTH][Rank 0] Done moment 61/108 (task 60): force_integral=-2.099623e+00
  [BOTH][Rank 0] Done moment 61/108 (task 60): force_integral=-2.099623e+00
  [BOTH][Rank 0] Done moment 61/108 (task 60): force_integral=-2.099623e+00
  [BOTH][Rank 0] Done moment 61/108 (task 60): force_integral=-2.099623e+00
  [BOTH][Rank 0] Done moment 61/108 (task 60): force_integral=-2.099623e+00
  [BOTH][Rank 0] Done moment 61/108 (task 60): force_integral=-2.099623e+00
  [BOTH][Rank 0] Done moment 61/108 (task 60): force_integral=-2.099623e+00
  [BOTH][Rank 0] Done moment 61/108 (task 60): force_integral=-2.099623e+00
  [BOTH][Rank 0] Done moment 61/108 (task 60): force_integral=-2.099623e+00
  [BOTH][Rank 0] Done moment 61/108 (task 60): force_integral=-2.099623e+00
  [BOTH][Rank 0] Done moment 61/108 (task 60): force_integral=-2.099623e+00
  [BOTH][Rank 0] Done moment 61/108 (task 60): force_integral=-2.099623e+00
  [BOTH][Rank 0] Done moment 61/108 (task 60): force_integral=-2.099623e+00
  [BOTH][Rank 0] Done moment 61/108 (task 60): force_integral=-2.099623e+00
  [BOTH][Rank 0] Done moment 61/108 (task 60): force_integral=-2.099623e+00
  [BOTH][Rank 0] Done moment 61/108 (task 60): force_integral=-2.099623e+00
  [BOTH][Rank 0] Done moment 61/108 (task 60): force_integral=-2.099623e+00
  [BOTH][Rank 0] Done moment 61/108 (task 60): force_integral=-2.099623e+00
  [BOTH][Rank 0] Done moment 61/108 (task 60): force_integral=-2.099623e+00
  [BOTH][Rank 0] Done moment 61/108 (task 60): force_integral=-2.099623e+00
  [BOTH][Rank 0] Done moment 61/108 (task 60): force_integral=-2.099623e+00
  [BOTH][Rank 0] Done moment 61/108 (task 60): force_integral=-2.099623e+00
  [BOTH][Rank 0] Done moment 61/108 (task 60): force_integral=-2.099623e+00
  [BOTH][Rank 0] Done moment 61/108 (task 60): force_integral=-2.099623e+00
  [BOTH][Rank 0] Done moment 61/108 (task 60): force_integral=-2.099623e+00
  [BOTH][Rank 0] Done moment 61/108 (task 60): force_integral=-2.099623e+00
  [BOTH][Rank 0] Done moment 61/108 (task 60): force_integral=-2.099623e+00
  [BOTH][Rank 0] Done moment 61/108 (task 60): force_integral=-2.099623e+00
  [BOTH][Rank 0] Done moment 61/108 (task 60): force_integral=-2.099623e+00
  [BOTH][Rank 0] Done moment 61/108 (task 60): force_integral=-2.099623e+00
  [BOTH][Rank 0] Done moment 61/108 (task 60): force_integral=-2.099623e+00
  [BOTH][Rank 0] Done moment 61/108 (task 60): force_integral=-2.099623e+00
  [BOTH][Rank 0] Done moment 61/108 (task 60): force_integral=-2.099623e+00
  [BOTH][Rank 0] Done moment 61/108 (task 60): force_integral=-2.099623e+00
  [BOTH][Rank 0] Done moment 61/108 (task 60): force_integral=-2.099623e+00
  [BOTH][Rank 0] Done moment 61/108 (task 60): force_integral=-2.099623e+00
  [BOTH][Rank 0] Done moment 61/108 (task 60): force_integral=-2.099623e+00
  [BOTH][Rank 0] Done moment 61/108 (task 60): force_integral=-2.099623e+00
  [BOTH][Rank 0] Done moment 61/108 (task 60): force_integral=-2.099623e+00
  [BOTH][Rank 0] Done moment 61/108 (task 60): force_integral=-2.099623e+00
  [BOTH][Rank 0] Done moment 61/108 (task 60): force_integral=-2.099623e+00
  [BOTH][Rank 0] Done moment 61/108 (task 60): force_integral=-2.099623e+00
  [BOTH][Rank 0] Done moment 61/108 (task 60): force_integral=-2.099623e+00
  [BOTH][Rank 0] Done moment 61/108 (task 60): force_integral=-2.099623e+00
  [BOTH][Rank 0] Done moment 61/108 (task 60): force_integral=-2.099623e+00
  [BOTH][Rank 0] Done moment 61/108 (task 60): force_integral=-2.099623e+00
  [BOTH][Rank 0] Done moment 61/108 (task 60): force_integral=-2.099623e+00
  [BOTH][Rank 0] Done moment 61/108 (task 60): force_integral=-2.099623e+00
  [BOTH][Rank 0] Done moment 61/108 (task 60): force_integral=-2.099623e+00
  [BOTH][Rank 0] Done moment 61/108 (task 60): force_integral=-2.099623e+00
  [BOTH][Rank 0] Done moment 61/108 (task 60): force_integral=-2.099623e+00
  [BOTH][Rank 0] Done moment 61/108 (task 60): force_integral=-2.099623e+00
  [BOTH][Rank 0] Done moment 61/108 (task 60): force_integral=-2.099623e+00
  [BOTH][Rank 0] Done moment 61/108 (task 60): force_integral=-2.099623e+00
  [BOTH][Rank 0] Done moment 61/108 (task 60): force_integral=-2.099623e+00
  [BOTH][Rank 0] Done moment 61/108 (task 60): force_integral=-2.099623e+00
  [BOTH][Rank 0] Done moment 61/108 (task 60): force_integral=-2.099623e+00
  [BOTH][Rank 0] Done moment 61/108 (task 60): force_integral=-2.099623e+00
  [BOTH][Rank 0] Done moment 61/108 (task 60): force_integral=-2.099623e+00
  [BOTH][Rank 0] Done moment 61/108 (task 60): force_integral=-2.099623e+00
  [BOTH][Rank 0] Done moment 61/108 (task 60): force_integral=-2.099623e+00
  [BOTH][Rank 0] Done moment 61/108 (task 60): force_integral=-2.099623e+00
  [BOTH][Rank 0] Done moment 61/108 (task 60): force_integral=-2.099623e+00
  [BOTH][Rank 0] Done moment 61/108 (task 60): force_integral=-2.099623e+00
  [BOTH][Rank 0] Done moment 61/108 (task 60): force_integral=-2.099623e+00
  [BOTH][Rank 0] Done moment 61/108 (task 60): force_integral=-2.099623e+00
  [BOTH][Rank 0] Done moment 61/108 (task 60): force_integral=-2.099623e+00
  [BOTH][Rank 0] Done moment 61/108 (task 60): force_integral=-2.099623e+00
  [BOTH][Rank 0] Done moment 61/108 (task 60): force_integral=-2.099623e+00
  [BOTH][Rank 0] Done moment 61/108 (task 60): force_integral=-2.099623e+00
  [BOTH][Rank 0] Done moment 61/108 (task 60): force_integral=-2.099623e+00
  [BOTH][Rank 0] Done moment 61/108 (task 60): force_integral=-2.099623e+00
  [BOTH][Rank 0] Done moment 61/108 (task 60): force_integral=-2.099623e+00
  [BOTH][Rank 0] Done moment 61/108 (task 60): force_integral=-2.099623e+00
  [BOTH][Rank 0] Done moment 61/108 (task 60): force_integral=-2.099623e+00
  [BOTH][Rank 0] Done moment 61/108 (task 60): force_integral=-2.099623e+00
  [BOTH][Rank 0] Done moment 61/108 (task 60): force_integral=-2.099623e+00
  [BOTH][Rank 0] Done moment 61/108 (task 60): force_integral=-2.099623e+00
  [BOTH][Rank 0] Done moment 61/108 (task 60): force_integral=-2.099623e+00
  [BOTH][Rank 0] Done moment 61/108 (task 60): force_integral=-2.099623e+00
  [BOTH][Rank 0] Done moment 61/108 (task 60): force_integral=-2.099623e+00
  [BOTH][Rank 0] Done moment 61/108 (task 60): force_integral=-2.099623e+00
  [BOTH][Rank 0] Done moment 61/108 (task 60): force_integral=-2.099623e+00
  [BOTH][Rank 0] Done moment 61/108 (task 60): force_integral=-2.099623e+00
  [BOTH][Rank 0] Done moment 61/108 (task 60): force_integral=-2.099623e+00
  [BOTH][Rank 0] Done moment 61/108 (task 60): force_integral=-2.099623e+00
  [BOTH][Rank 0] Done moment 61/108 (task 60): force_integral=-2.099623e+00
  [BOTH][Rank 0] Done moment 61/108 (task 60): force_integral=-2.099623e+00
  [BOTH][Rank 0] Done moment 61/108 (task 60): force_integral=-2.099623e+00
  [BOTH][Rank 0] Done moment 61/108 (task 60): force_integral=-2.099623e+00
  [BOTH][Rank 0] Done moment 61/108 (task 60): force_integral=-2.099623e+00
  [BOTH][Rank 0] Done moment 61/108 (task 60): force_integral=-2.099623e+00
  [BOTH][Rank 0] Done moment 61/108 (task 60): force_integral=-2.099623e+00
  [BOTH][Rank 0] Done moment 61/108 (task 60): force_integral=-2.099623e+00
  [BOTH][Rank 0] Done moment 61/108 (task 60): force_integral=-2.099623e+00
  [BOTH][Rank 0] Done moment 61/108 (task 60): force_integral=-2.099623e+00
  [BOTH][Rank 0] Done moment 61/108 (task 60): force_integral=-2.099623e+00
  [BOTH][Rank 0] Done moment 61/108 (task 60): force_integral=-2.099623e+00
  [BOTH][Rank 0] Done moment 61/108 (task 60): force_integral=-2.099623e+00
  [BOTH][Rank 0] Done moment 61/108 (task 60): force_integral=-2.099623e+00
  [BOTH][Rank 0] Done moment 61/108 (task 60): force_integral=-2.099623e+00
  [BOTH][Rank 0] Done moment 61/108 (task 60): force_integral=-2.099623e+00
  [BOTH][Rank 0] Done moment 61/108 (task 60): force_integral=-2.099623e+00
  [BOTH][Rank 0] Done moment 61/108 (task 60): force_integral=-2.099623e+00
  [BOTH][Rank 0] Done moment 61/108 (task 60): force_integral=-2.099623e+00
  [BOTH][Rank 0] Done moment 61/108 (task 60): force_integral=-2.099623e+00
  [BOTH][Rank 0] Done moment 61/108 (task 60): force_integral=-2.099623e+00
  [BOTH][Rank 0] Done moment 61/108 (task 60): force_integral=-2.099623e+00
  [BOTH][Rank 0] Done moment 61/108 (task 60): force_integral=-2.099623e+00
  [BOTH][Rank 0] Done moment 61/108 (task 60): force_integral=-2.099623e+00
  [BOTH][Rank 0] Done moment 61/108 (task 60): force_integral=-2.099623e+00
  [BOTH][Rank 0] Done moment 61/108 (task 60): force_integral=-2.099623e+00
  [BOTH][Rank 0] Done moment 61/108 (task 60): force_integral=-2.099623e+00
  [BOTH][Rank 0] Done moment 61/108 (task 60): force_integral=-2.099623e+00
  [BOTH][Rank 0] Done moment 61/108 (task 60): force_integral=-2.099623e+00
  [BOTH][Rank 0] Done moment 61/108 (task 60): force_integral=-2.099623e+00
  [BOTH][Rank 0] Done moment 62/108 (task 61): force_integral=-2.099623e+00
  [BOTH][Rank 0] Done moment 62/108 (task 61): force_integral=-2.099623e+00
  [BOTH][Rank 0] Done moment 62/108 (task 61): force_integral=-2.099623e+00
  [BOTH][Rank 0] Done moment 62/108 (task 61): force_integral=-2.099623e+00
  [BOTH][Rank 0] Done moment 62/108 (task 61): force_integral=-2.099623e+00
  [BOTH][Rank 0] Done moment 62/108 (task 61): force_integral=-2.099623e+00
  [BOTH][Rank 0] Done moment 62/108 (task 61): force_integral=-2.099623e+00
  [BOTH][Rank 0] Done moment 62/108 (task 61): force_integral=-2.099623e+00
  [BOTH][Rank 0] Done moment 62/108 (task 61): force_integral=-2.099623e+00
  [BOTH][Rank 0] Done moment 62/108 (task 61): force_integral=-2.099623e+00
  [BOTH][Rank 0] Done moment 62/108 (task 61): force_integral=-2.099623e+00
  [BOTH][Rank 0] Done moment 62/108 (task 61): force_integral=-2.099623e+00
  [BOTH][Rank 0] Done moment 62/108 (task 61): force_integral=-2.099623e+00
  [BOTH][Rank 0] Done moment 62/108 (task 61): force_integral=-2.099623e+00
  [BOTH][Rank 0] Done moment 62/108 (task 61): force_integral=-2.099623e+00
  [BOTH][Rank 0] Done moment 62/108 (task 61): force_integral=-2.099623e+00
  [BOTH][Rank 0] Done moment 62/108 (task 61): force_integral=-2.099623e+00
  [BOTH][Rank 0] Done moment 62/108 (task 61): force_integral=-2.099623e+00
  [BOTH][Rank 0] Done moment 62/108 (task 61): force_integral=-2.099623e+00
  [BOTH][Rank 0] Done moment 62/108 (task 61): force_integral=-2.099623e+00
  [BOTH][Rank 0] Done moment 62/108 (task 61): force_integral=-2.099623e+00
  [BOTH][Rank 0] Done moment 62/108 (task 61): force_integral=-2.099623e+00
  [BOTH][Rank 0] Done moment 62/108 (task 61): force_integral=-2.099623e+00
  [BOTH][Rank 0] Done moment 62/108 (task 61): force_integral=-2.099623e+00
  [BOTH][Rank 0] Done moment 62/108 (task 61): force_integral=-2.099623e+00
  [BOTH][Rank 0] Done moment 62/108 (task 61): force_integral=-2.099623e+00
  [BOTH][Rank 0] Done moment 62/108 (task 61): force_integral=-2.099623e+00
  [BOTH][Rank 0] Done moment 62/108 (task 61): force_integral=-2.099623e+00
  [BOTH][Rank 0] Done moment 62/108 (task 61): force_integral=-2.099623e+00
  [BOTH][Rank 0] Done moment 62/108 (task 61): force_integral=-2.099623e+00
  [BOTH][Rank 0] Done moment 62/108 (task 61): force_integral=-2.099623e+00
  [BOTH][Rank 0] Done moment 62/108 (task 61): force_integral=-2.099623e+00
  [BOTH][Rank 0] Done moment 62/108 (task 61): force_integral=-2.099623e+00
  [BOTH][Rank 0] Done moment 62/108 (task 61): force_integral=-2.099623e+00
  [BOTH][Rank 0] Done moment 62/108 (task 61): force_integral=-2.099623e+00
  [BOTH][Rank 0] Done moment 62/108 (task 61): force_integral=-2.099623e+00
  [BOTH][Rank 0] Done moment 62/108 (task 61): force_integral=-2.099623e+00
  [BOTH][Rank 0] Done moment 62/108 (task 61): force_integral=-2.099623e+00
  [BOTH][Rank 0] Done moment 62/108 (task 61): force_integral=-2.099623e+00
  [BOTH][Rank 0] Done moment 62/108 (task 61): force_integral=-2.099623e+00
  [BOTH][Rank 0] Done moment 62/108 (task 61): force_integral=-2.099623e+00
  [BOTH][Rank 0] Done moment 62/108 (task 61): force_integral=-2.099623e+00
  [BOTH][Rank 0] Done moment 62/108 (task 61): force_integral=-2.099623e+00
  [BOTH][Rank 0] Done moment 62/108 (task 61): force_integral=-2.099623e+00
  [BOTH][Rank 0] Done moment 62/108 (task 61): force_integral=-2.099623e+00
  [BOTH][Rank 0] Done moment 62/108 (task 61): force_integral=-2.099623e+00
  [BOTH][Rank 0] Done moment 62/108 (task 61): force_integral=-2.099623e+00
  [BOTH][Rank 0] Done moment 62/108 (task 61): force_integral=-2.099623e+00
  [BOTH][Rank 0] Done moment 62/108 (task 61): force_integral=-2.099623e+00
  [BOTH][Rank 0] Done moment 62/108 (task 61): force_integral=-2.099623e+00
  [BOTH][Rank 0] Done moment 62/108 (task 61): force_integral=-2.099623e+00
  [BOTH][Rank 0] Done moment 62/108 (task 61): force_integral=-2.099623e+00
  [BOTH][Rank 0] Done moment 62/108 (task 61): force_integral=-2.099623e+00
  [BOTH][Rank 0] Done moment 62/108 (task 61): force_integral=-2.099623e+00
  [BOTH][Rank 0] Done moment 62/108 (task 61): force_integral=-2.099623e+00
  [BOTH][Rank 0] Done moment 62/108 (task 61): force_integral=-2.099623e+00
  [BOTH][Rank 0] Done moment 62/108 (task 61): force_integral=-2.099623e+00
  [BOTH][Rank 0] Done moment 62/108 (task 61): force_integral=-2.099623e+00
  [BOTH][Rank 0] Done moment 62/108 (task 61): force_integral=-2.099623e+00
  [BOTH][Rank 0] Done moment 62/108 (task 61): force_integral=-2.099623e+00
  [BOTH][Rank 0] Done moment 62/108 (task 61): force_integral=-2.099623e+00
  [BOTH][Rank 0] Done moment 62/108 (task 61): force_integral=-2.099623e+00
  [BOTH][Rank 0] Done moment 62/108 (task 61): force_integral=-2.099623e+00
  [BOTH][Rank 0] Done moment 62/108 (task 61): force_integral=-2.099623e+00
  [BOTH][Rank 0] Done moment 62/108 (task 61): force_integral=-2.099623e+00
  [BOTH][Rank 0] Done moment 62/108 (task 61): force_integral=-2.099623e+00
  [BOTH][Rank 0] Done moment 62/108 (task 61): force_integral=-2.099623e+00
  [BOTH][Rank 0] Done moment 62/108 (task 61): force_integral=-2.099623e+00
  [BOTH][Rank 0] Done moment 62/108 (task 61): force_integral=-2.099623e+00
  [BOTH][Rank 0] Done moment 62/108 (task 61): force_integral=-2.099623e+00
  [BOTH][Rank 0] Done moment 62/108 (task 61): force_integral=-2.099623e+00
  [BOTH][Rank 0] Done moment 62/108 (task 61): force_integral=-2.099623e+00
  [BOTH][Rank 0] Done moment 62/108 (task 61): force_integral=-2.099623e+00
  [BOTH][Rank 0] Done moment 62/108 (task 61): force_integral=-2.099623e+00
  [BOTH][Rank 0] Done moment 62/108 (task 61): force_integral=-2.099623e+00
  [BOTH][Rank 0] Done moment 62/108 (task 61): force_integral=-2.099623e+00
  [BOTH][Rank 0] Done moment 62/108 (task 61): force_integral=-2.099623e+00
  [BOTH][Rank 0] Done moment 62/108 (task 61): force_integral=-2.099623e+00
  [BOTH][Rank 0] Done moment 62/108 (task 61): force_integral=-2.099623e+00
  [BOTH][Rank 0] Done moment 62/108 (task 61): force_integral=-2.099623e+00
  [BOTH][Rank 0] Done moment 62/108 (task 61): force_integral=-2.099623e+00
  [BOTH][Rank 0] Done moment 62/108 (task 61): force_integral=-2.099623e+00
  [BOTH][Rank 0] Done moment 62/108 (task 61): force_integral=-2.099623e+00
  [BOTH][Rank 0] Done moment 62/108 (task 61): force_integral=-2.099623e+00
  [BOTH][Rank 0] Done moment 62/108 (task 61): force_integral=-2.099623e+00
  [BOTH][Rank 0] Done moment 62/108 (task 61): force_integral=-2.099623e+00
  [BOTH][Rank 0] Done moment 62/108 (task 61): force_integral=-2.099623e+00
  [BOTH][Rank 0] Done moment 62/108 (task 61): force_integral=-2.099623e+00
  [BOTH][Rank 0] Done moment 62/108 (task 61): force_integral=-2.099623e+00
  [BOTH][Rank 0] Done moment 62/108 (task 61): force_integral=-2.099623e+00
  [BOTH][Rank 0] Done moment 62/108 (task 61): force_integral=-2.099623e+00
  [BOTH][Rank 0] Done moment 62/108 (task 61): force_integral=-2.099623e+00
  [BOTH][Rank 0] Done moment 62/108 (task 61): force_integral=-2.099623e+00
  [BOTH][Rank 0] Done moment 62/108 (task 61): force_integral=-2.099623e+00
  [BOTH][Rank 0] Done moment 62/108 (task 61): force_integral=-2.099623e+00
  [BOTH][Rank 0] Done moment 62/108 (task 61): force_integral=-2.099623e+00
  [BOTH][Rank 0] Done moment 62/108 (task 61): force_integral=-2.099623e+00
  [BOTH][Rank 0] Done moment 62/108 (task 61): force_integral=-2.099623e+00
  [BOTH][Rank 0] Done moment 62/108 (task 61): force_integral=-2.099623e+00
  [BOTH][Rank 0] Done moment 62/108 (task 61): force_integral=-2.099623e+00
  [BOTH][Rank 0] Done moment 62/108 (task 61): force_integral=-2.099623e+00
  [BOTH][Rank 0] Done moment 62/108 (task 61): force_integral=-2.099623e+00
  [BOTH][Rank 0] Done moment 62/108 (task 61): force_integral=-2.099623e+00
  [BOTH][Rank 0] Done moment 62/108 (task 61): force_integral=-2.099623e+00
  [BOTH][Rank 0] Done moment 62/108 (task 61): force_integral=-2.099623e+00
  [BOTH][Rank 0] Done moment 62/108 (task 61): force_integral=-2.099623e+00
  [BOTH][Rank 0] Done moment 62/108 (task 61): force_integral=-2.099623e+00
  [BOTH][Rank 0] Done moment 62/108 (task 61): force_integral=-2.099623e+00
  [BOTH][Rank 0] Done moment 62/108 (task 61): force_integral=-2.099623e+00
  [BOTH][Rank 0] Done moment 62/108 (task 61): force_integral=-2.099623e+00
  [BOTH][Rank 0] Done moment 62/108 (task 61): force_integral=-2.099623e+00
  [BOTH][Rank 0] Done moment 62/108 (task 61): force_integral=-2.099623e+00
  [BOTH][Rank 0] Done moment 62/108 (task 61): force_integral=-2.099623e+00
  [BOTH][Rank 0] Done moment 62/108 (task 61): force_integral=-2.099623e+00
  [BOTH][Rank 0] Done moment 62/108 (task 61): force_integral=-2.099623e+00
  [BOTH][Rank 0] Done moment 62/108 (task 61): force_integral=-2.099623e+00
  [BOTH][Rank 0] Done moment 62/108 (task 61): force_integral=-2.099623e+00
  [BOTH][Rank 0] Done moment 62/108 (task 61): force_integral=-2.099623e+00
  [BOTH][Rank 0] Done moment 62/108 (task 61): force_integral=-2.099623e+00
  [BOTH][Rank 0] Done moment 62/108 (task 61): force_integral=-2.099623e+00
  [BOTH][Rank 0] Done moment 62/108 (task 61): force_integral=-2.099623e+00
  [BOTH][Rank 0] Done moment 62/108 (task 61): force_integral=-2.099623e+00
  [BOTH][Rank 0] Done moment 62/108 (task 61): force_integral=-2.099623e+00
  [BOTH][Rank 0] Done moment 62/108 (task 61): force_integral=-2.099623e+00
  [BOTH][Rank 0] Done moment 62/108 (task 61): force_integral=-2.099623e+00
  [BOTH][Rank 0] Done moment 62/108 (task 61): force_integral=-2.099623e+00
  [BOTH][Rank 0] Done moment 62/108 (task 61): force_integral=-2.099623e+00
  [BOTH][Rank 0] Done moment 62/108 (task 61): force_integral=-2.099623e+00
  [BOTH][Rank 0] Done moment 63/108 (task 62): force_integral=+0.000000e+00
  [BOTH][Rank 0] Done moment 63/108 (task 62): force_integral=+0.000000e+00
  [BOTH][Rank 0] Done moment 63/108 (task 62): force_integral=+0.000000e+00
  [BOTH][Rank 0] Done moment 63/108 (task 62): force_integral=+0.000000e+00
  [BOTH][Rank 0] Done moment 63/108 (task 62): force_integral=+0.000000e+00
  [BOTH][Rank 0] Done moment 63/108 (task 62): force_integral=+0.000000e+00
  [BOTH][Rank 0] Done moment 63/108 (task 62): force_integral=+0.000000e+00
  [BOTH][Rank 0] Done moment 63/108 (task 62): force_integral=+0.000000e+00
  [BOTH][Rank 0] Done moment 63/108 (task 62): force_integral=+0.000000e+00
  [BOTH][Rank 0] Done moment 63/108 (task 62): force_integral=+0.000000e+00
  [BOTH][Rank 0] Done moment 63/108 (task 62): force_integral=+0.000000e+00
  [BOTH][Rank 0] Done moment 63/108 (task 62): force_integral=+0.000000e+00
  [BOTH][Rank 0] Done moment 63/108 (task 62): force_integral=+0.000000e+00
  [BOTH][Rank 0] Done moment 63/108 (task 62): force_integral=+0.000000e+00
  [BOTH][Rank 0] Done moment 63/108 (task 62): force_integral=+0.000000e+00
  [BOTH][Rank 0] Done moment 63/108 (task 62): force_integral=+0.000000e+00
  [BOTH][Rank 0] Done moment 63/108 (task 62): force_integral=+0.000000e+00
  [BOTH][Rank 0] Done moment 63/108 (task 62): force_integral=+0.000000e+00
  [BOTH][Rank 0] Done moment 63/108 (task 62): force_integral=+0.000000e+00
  [BOTH][Rank 0] Done moment 63/108 (task 62): force_integral=+0.000000e+00
  [BOTH][Rank 0] Done moment 63/108 (task 62): force_integral=+0.000000e+00
  [BOTH][Rank 0] Done moment 63/108 (task 62): force_integral=+0.000000e+00
  [BOTH][Rank 0] Done moment 63/108 (task 62): force_integral=+0.000000e+00
  [BOTH][Rank 0] Done moment 63/108 (task 62): force_integral=+0.000000e+00
  [BOTH][Rank 0] Done moment 63/108 (task 62): force_integral=+0.000000e+00
  [BOTH][Rank 0] Done moment 63/108 (task 62): force_integral=+0.000000e+00
  [BOTH][Rank 0] Done moment 63/108 (task 62): force_integral=+0.000000e+00
  [BOTH][Rank 0] Done moment 63/108 (task 62): force_integral=+0.000000e+00
  [BOTH][Rank 0] Done moment 63/108 (task 62): force_integral=+0.000000e+00
  [BOTH][Rank 0] Done moment 63/108 (task 62): force_integral=+0.000000e+00
  [BOTH][Rank 0] Done moment 63/108 (task 62): force_integral=+0.000000e+00
  [BOTH][Rank 0] Done moment 63/108 (task 62): force_integral=+0.000000e+00
  [BOTH][Rank 0] Done moment 63/108 (task 62): force_integral=+0.000000e+00
  [BOTH][Rank 0] Done moment 63/108 (task 62): force_integral=+0.000000e+00
  [BOTH][Rank 0] Done moment 63/108 (task 62): force_integral=+0.000000e+00
  [BOTH][Rank 0] Done moment 63/108 (task 62): force_integral=+0.000000e+00
  [BOTH][Rank 0] Done moment 63/108 (task 62): force_integral=+0.000000e+00
  [BOTH][Rank 0] Done moment 63/108 (task 62): force_integral=+0.000000e+00
  [BOTH][Rank 0] Done moment 63/108 (task 62): force_integral=+0.000000e+00
  [BOTH][Rank 0] Done moment 63/108 (task 62): force_integral=+0.000000e+00
  [BOTH][Rank 0] Done moment 63/108 (task 62): force_integral=+0.000000e+00
  [BOTH][Rank 0] Done moment 63/108 (task 62): force_integral=+0.000000e+00
  [BOTH][Rank 0] Done moment 63/108 (task 62): force_integral=+0.000000e+00
  [BOTH][Rank 0] Done moment 63/108 (task 62): force_integral=+0.000000e+00
  [BOTH][Rank 0] Done moment 63/108 (task 62): force_integral=+0.000000e+00
  [BOTH][Rank 0] Done moment 63/108 (task 62): force_integral=+0.000000e+00
  [BOTH][Rank 0] Done moment 63/108 (task 62): force_integral=+0.000000e+00
  [BOTH][Rank 0] Done moment 63/108 (task 62): force_integral=+0.000000e+00
  [BOTH][Rank 0] Done moment 63/108 (task 62): force_integral=+0.000000e+00
  [BOTH][Rank 0] Done moment 63/108 (task 62): force_integral=+0.000000e+00
  [BOTH][Rank 0] Done moment 63/108 (task 62): force_integral=+0.000000e+00
  [BOTH][Rank 0] Done moment 63/108 (task 62): force_integral=+0.000000e+00
  [BOTH][Rank 0] Done moment 63/108 (task 62): force_integral=+0.000000e+00
  [BOTH][Rank 0] Done moment 63/108 (task 62): force_integral=+0.000000e+00
  [BOTH][Rank 0] Done moment 63/108 (task 62): force_integral=+0.000000e+00
  [BOTH][Rank 0] Done moment 63/108 (task 62): force_integral=+0.000000e+00
  [BOTH][Rank 0] Done moment 63/108 (task 62): force_integral=+0.000000e+00
  [BOTH][Rank 0] Done moment 63/108 (task 62): force_integral=+0.000000e+00
  [BOTH][Rank 0] Done moment 63/108 (task 62): force_integral=+0.000000e+00
  [BOTH][Rank 0] Done moment 63/108 (task 62): force_integral=+0.000000e+00
  [BOTH][Rank 0] Done moment 63/108 (task 62): force_integral=+0.000000e+00
  [BOTH][Rank 0] Done moment 63/108 (task 62): force_integral=+0.000000e+00
  [BOTH][Rank 0] Done moment 63/108 (task 62): force_integral=+0.000000e+00
  [BOTH][Rank 0] Done moment 63/108 (task 62): force_integral=+0.000000e+00
  [BOTH][Rank 0] Done moment 63/108 (task 62): force_integral=+0.000000e+00
  [BOTH][Rank 0] Done moment 63/108 (task 62): force_integral=+0.000000e+00
  [BOTH][Rank 0] Done moment 63/108 (task 62): force_integral=+0.000000e+00
  [BOTH][Rank 0] Done moment 63/108 (task 62): force_integral=+0.000000e+00
  [BOTH][Rank 0] Done moment 63/108 (task 62): force_integral=+0.000000e+00
  [BOTH][Rank 0] Done moment 63/108 (task 62): force_integral=+0.000000e+00
  [BOTH][Rank 0] Done moment 63/108 (task 62): force_integral=+0.000000e+00
  [BOTH][Rank 0] Done moment 63/108 (task 62): force_integral=+0.000000e+00
  [BOTH][Rank 0] Done moment 63/108 (task 62): force_integral=+0.000000e+00
  [BOTH][Rank 0] Done moment 63/108 (task 62): force_integral=+0.000000e+00
  [BOTH][Rank 0] Done moment 63/108 (task 62): force_integral=+0.000000e+00
  [BOTH][Rank 0] Done moment 63/108 (task 62): force_integral=+0.000000e+00
  [BOTH][Rank 0] Done moment 63/108 (task 62): force_integral=+0.000000e+00
  [BOTH][Rank 0] Done moment 63/108 (task 62): force_integral=+0.000000e+00
  [BOTH][Rank 0] Done moment 63/108 (task 62): force_integral=+0.000000e+00
  [BOTH][Rank 0] Done moment 63/108 (task 62): force_integral=+0.000000e+00
  [BOTH][Rank 0] Done moment 63/108 (task 62): force_integral=+0.000000e+00
  [BOTH][Rank 0] Done moment 63/108 (task 62): force_integral=+0.000000e+00
  [BOTH][Rank 0] Done moment 63/108 (task 62): force_integral=+0.000000e+00
  [BOTH][Rank 0] Done moment 63/108 (task 62): force_integral=+0.000000e+00
  [BOTH][Rank 0] Done moment 63/108 (task 62): force_integral=+0.000000e+00
  [BOTH][Rank 0] Done moment 63/108 (task 62): force_integral=+0.000000e+00
  [BOTH][Rank 0] Done moment 63/108 (task 62): force_integral=+0.000000e+00
  [BOTH][Rank 0] Done moment 63/108 (task 62): force_integral=+0.000000e+00
  [BOTH][Rank 0] Done moment 63/108 (task 62): force_integral=+0.000000e+00
  [BOTH][Rank 0] Done moment 63/108 (task 62): force_integral=+0.000000e+00
  [BOTH][Rank 0] Done moment 63/108 (task 62): force_integral=+0.000000e+00
  [BOTH][Rank 0] Done moment 63/108 (task 62): force_integral=+0.000000e+00
  [BOTH][Rank 0] Done moment 63/108 (task 62): force_integral=+0.000000e+00
  [BOTH][Rank 0] Done moment 63/108 (task 62): force_integral=+0.000000e+00
  [BOTH][Rank 0] Done moment 63/108 (task 62): force_integral=+0.000000e+00
  [BOTH][Rank 0] Done moment 63/108 (task 62): force_integral=+0.000000e+00
  [BOTH][Rank 0] Done moment 63/108 (task 62): force_integral=+0.000000e+00
  [BOTH][Rank 0] Done moment 63/108 (task 62): force_integral=+0.000000e+00
  [BOTH][Rank 0] Done moment 63/108 (task 62): force_integral=+0.000000e+00
  [BOTH][Rank 0] Done moment 63/108 (task 62): force_integral=+0.000000e+00
  [BOTH][Rank 0] Done moment 63/108 (task 62): force_integral=+0.000000e+00
  [BOTH][Rank 0] Done moment 63/108 (task 62): force_integral=+0.000000e+00
  [BOTH][Rank 0] Done moment 63/108 (task 62): force_integral=+0.000000e+00
  [BOTH][Rank 0] Done moment 63/108 (task 62): force_integral=+0.000000e+00
  [BOTH][Rank 0] Done moment 63/108 (task 62): force_integral=+0.000000e+00
  [BOTH][Rank 0] Done moment 63/108 (task 62): force_integral=+0.000000e+00
  [BOTH][Rank 0] Done moment 63/108 (task 62): force_integral=+0.000000e+00
  [BOTH][Rank 0] Done moment 63/108 (task 62): force_integral=+0.000000e+00
  [BOTH][Rank 0] Done moment 63/108 (task 62): force_integral=+0.000000e+00
  [BOTH][Rank 0] Done moment 63/108 (task 62): force_integral=+0.000000e+00
  [BOTH][Rank 0] Done moment 63/108 (task 62): force_integral=+0.000000e+00
  [BOTH][Rank 0] Done moment 63/108 (task 62): force_integral=+0.000000e+00
  [BOTH][Rank 0] Done moment 63/108 (task 62): force_integral=+0.000000e+00
  [BOTH][Rank 0] Done moment 63/108 (task 62): force_integral=+0.000000e+00
  [BOTH][Rank 0] Done moment 63/108 (task 62): force_integral=+0.000000e+00
  [BOTH][Rank 0] Done moment 63/108 (task 62): force_integral=+0.000000e+00
  [BOTH][Rank 0] Done moment 63/108 (task 62): force_integral=+0.000000e+00
  [BOTH][Rank 0] Done moment 63/108 (task 62): force_integral=+0.000000e+00
  [BOTH][Rank 0] Done moment 63/108 (task 62): force_integral=+0.000000e+00
  [BOTH][Rank 0] Done moment 63/108 (task 62): force_integral=+0.000000e+00
  [BOTH][Rank 0] Done moment 63/108 (task 62): force_integral=+0.000000e+00
  [BOTH][Rank 0] Done moment 63/108 (task 62): force_integral=+0.000000e+00
  [BOTH][Rank 0] Done moment 63/108 (task 62): force_integral=+0.000000e+00
  [BOTH][Rank 0] Done moment 63/108 (task 62): force_integral=+0.000000e+00
  [BOTH][Rank 0] Done moment 63/108 (task 62): force_integral=+0.000000e+00
  [BOTH][Rank 0] Done moment 63/108 (task 62): force_integral=+0.000000e+00
  [BOTH][Rank 0] Done moment 63/108 (task 62): force_integral=+0.000000e+00
  [BOTH][Rank 0] Done moment 63/108 (task 62): force_integral=+0.000000e+00
  [BOTH][Rank 0] Done moment 64/108 (task 63): force_integral=+0.000000e+00
  [BOTH][Rank 0] Done moment 64/108 (task 63): force_integral=+0.000000e+00
  [BOTH][Rank 0] Done moment 64/108 (task 63): force_integral=+0.000000e+00
  [BOTH][Rank 0] Done moment 64/108 (task 63): force_integral=+0.000000e+00
  [BOTH][Rank 0] Done moment 64/108 (task 63): force_integral=+0.000000e+00
  [BOTH][Rank 0] Done moment 64/108 (task 63): force_integral=+0.000000e+00
  [BOTH][Rank 0] Done moment 64/108 (task 63): force_integral=+0.000000e+00
  [BOTH][Rank 0] Done moment 64/108 (task 63): force_integral=+0.000000e+00
  [BOTH][Rank 0] Done moment 64/108 (task 63): force_integral=+0.000000e+00
  [BOTH][Rank 0] Done moment 64/108 (task 63): force_integral=+0.000000e+00
  [BOTH][Rank 0] Done moment 64/108 (task 63): force_integral=+0.000000e+00
  [BOTH][Rank 0] Done moment 64/108 (task 63): force_integral=+0.000000e+00
  [BOTH][Rank 0] Done moment 64/108 (task 63): force_integral=+0.000000e+00
  [BOTH][Rank 0] Done moment 64/108 (task 63): force_integral=+0.000000e+00
  [BOTH][Rank 0] Done moment 64/108 (task 63): force_integral=+0.000000e+00
  [BOTH][Rank 0] Done moment 64/108 (task 63): force_integral=+0.000000e+00
  [BOTH][Rank 0] Done moment 64/108 (task 63): force_integral=+0.000000e+00
  [BOTH][Rank 0] Done moment 64/108 (task 63): force_integral=+0.000000e+00
  [BOTH][Rank 0] Done moment 64/108 (task 63): force_integral=+0.000000e+00
  [BOTH][Rank 0] Done moment 64/108 (task 63): force_integral=+0.000000e+00
  [BOTH][Rank 0] Done moment 64/108 (task 63): force_integral=+0.000000e+00
  [BOTH][Rank 0] Done moment 64/108 (task 63): force_integral=+0.000000e+00
  [BOTH][Rank 0] Done moment 64/108 (task 63): force_integral=+0.000000e+00
  [BOTH][Rank 0] Done moment 64/108 (task 63): force_integral=+0.000000e+00
  [BOTH][Rank 0] Done moment 64/108 (task 63): force_integral=+0.000000e+00
  [BOTH][Rank 0] Done moment 64/108 (task 63): force_integral=+0.000000e+00
  [BOTH][Rank 0] Done moment 64/108 (task 63): force_integral=+0.000000e+00
  [BOTH][Rank 0] Done moment 64/108 (task 63): force_integral=+0.000000e+00
  [BOTH][Rank 0] Done moment 64/108 (task 63): force_integral=+0.000000e+00
  [BOTH][Rank 0] Done moment 64/108 (task 63): force_integral=+0.000000e+00
  [BOTH][Rank 0] Done moment 64/108 (task 63): force_integral=+0.000000e+00
  [BOTH][Rank 0] Done moment 64/108 (task 63): force_integral=+0.000000e+00
  [BOTH][Rank 0] Done moment 64/108 (task 63): force_integral=+0.000000e+00
  [BOTH][Rank 0] Done moment 64/108 (task 63): force_integral=+0.000000e+00
  [BOTH][Rank 0] Done moment 64/108 (task 63): force_integral=+0.000000e+00
  [BOTH][Rank 0] Done moment 64/108 (task 63): force_integral=+0.000000e+00
  [BOTH][Rank 0] Done moment 64/108 (task 63): force_integral=+0.000000e+00
  [BOTH][Rank 0] Done moment 64/108 (task 63): force_integral=+0.000000e+00
  [BOTH][Rank 0] Done moment 64/108 (task 63): force_integral=+0.000000e+00
  [BOTH][Rank 0] Done moment 64/108 (task 63): force_integral=+0.000000e+00
  [BOTH][Rank 0] Done moment 64/108 (task 63): force_integral=+0.000000e+00
  [BOTH][Rank 0] Done moment 64/108 (task 63): force_integral=+0.000000e+00
  [BOTH][Rank 0] Done moment 64/108 (task 63): force_integral=+0.000000e+00
  [BOTH][Rank 0] Done moment 64/108 (task 63): force_integral=+0.000000e+00
  [BOTH][Rank 0] Done moment 64/108 (task 63): force_integral=+0.000000e+00
  [BOTH][Rank 0] Done moment 64/108 (task 63): force_integral=+0.000000e+00
  [BOTH][Rank 0] Done moment 64/108 (task 63): force_integral=+0.000000e+00
  [BOTH][Rank 0] Done moment 64/108 (task 63): force_integral=+0.000000e+00
  [BOTH][Rank 0] Done moment 64/108 (task 63): force_integral=+0.000000e+00
  [BOTH][Rank 0] Done moment 64/108 (task 63): force_integral=+0.000000e+00
  [BOTH][Rank 0] Done moment 64/108 (task 63): force_integral=+0.000000e+00
  [BOTH][Rank 0] Done moment 64/108 (task 63): force_integral=+0.000000e+00
  [BOTH][Rank 0] Done moment 64/108 (task 63): force_integral=+0.000000e+00
  [BOTH][Rank 0] Done moment 64/108 (task 63): force_integral=+0.000000e+00
  [BOTH][Rank 0] Done moment 64/108 (task 63): force_integral=+0.000000e+00
  [BOTH][Rank 0] Done moment 64/108 (task 63): force_integral=+0.000000e+00
  [BOTH][Rank 0] Done moment 64/108 (task 63): force_integral=+0.000000e+00
  [BOTH][Rank 0] Done moment 64/108 (task 63): force_integral=+0.000000e+00
  [BOTH][Rank 0] Done moment 64/108 (task 63): force_integral=+0.000000e+00
  [BOTH][Rank 0] Done moment 64/108 (task 63): force_integral=+0.000000e+00
  [BOTH][Rank 0] Done moment 64/108 (task 63): force_integral=+0.000000e+00
  [BOTH][Rank 0] Done moment 64/108 (task 63): force_integral=+0.000000e+00
  [BOTH][Rank 0] Done moment 64/108 (task 63): force_integral=+0.000000e+00
  [BOTH][Rank 0] Done moment 64/108 (task 63): force_integral=+0.000000e+00
  [BOTH][Rank 0] Done moment 64/108 (task 63): force_integral=+0.000000e+00
  [BOTH][Rank 0] Done moment 64/108 (task 63): force_integral=+0.000000e+00
  [BOTH][Rank 0] Done moment 64/108 (task 63): force_integral=+0.000000e+00
  [BOTH][Rank 0] Done moment 64/108 (task 63): force_integral=+0.000000e+00
  [BOTH][Rank 0] Done moment 64/108 (task 63): force_integral=+0.000000e+00
  [BOTH][Rank 0] Done moment 64/108 (task 63): force_integral=+0.000000e+00
  [BOTH][Rank 0] Done moment 64/108 (task 63): force_integral=+0.000000e+00
  [BOTH][Rank 0] Done moment 64/108 (task 63): force_integral=+0.000000e+00
  [BOTH][Rank 0] Done moment 64/108 (task 63): force_integral=+0.000000e+00
  [BOTH][Rank 0] Done moment 64/108 (task 63): force_integral=+0.000000e+00
  [BOTH][Rank 0] Done moment 64/108 (task 63): force_integral=+0.000000e+00
  [BOTH][Rank 0] Done moment 64/108 (task 63): force_integral=+0.000000e+00
  [BOTH][Rank 0] Done moment 64/108 (task 63): force_integral=+0.000000e+00
  [BOTH][Rank 0] Done moment 64/108 (task 63): force_integral=+0.000000e+00
  [BOTH][Rank 0] Done moment 64/108 (task 63): force_integral=+0.000000e+00
  [BOTH][Rank 0] Done moment 64/108 (task 63): force_integral=+0.000000e+00
  [BOTH][Rank 0] Done moment 64/108 (task 63): force_integral=+0.000000e+00
  [BOTH][Rank 0] Done moment 64/108 (task 63): force_integral=+0.000000e+00
  [BOTH][Rank 0] Done moment 64/108 (task 63): force_integral=+0.000000e+00
  [BOTH][Rank 0] Done moment 64/108 (task 63): force_integral=+0.000000e+00
  [BOTH][Rank 0] Done moment 64/108 (task 63): force_integral=+0.000000e+00
  [BOTH][Rank 0] Done moment 64/108 (task 63): force_integral=+0.000000e+00
  [BOTH][Rank 0] Done moment 64/108 (task 63): force_integral=+0.000000e+00
  [BOTH][Rank 0] Done moment 64/108 (task 63): force_integral=+0.000000e+00
  [BOTH][Rank 0] Done moment 64/108 (task 63): force_integral=+0.000000e+00
  [BOTH][Rank 0] Done moment 64/108 (task 63): force_integral=+0.000000e+00
  [BOTH][Rank 0] Done moment 64/108 (task 63): force_integral=+0.000000e+00
  [BOTH][Rank 0] Done moment 64/108 (task 63): force_integral=+0.000000e+00
  [BOTH][Rank 0] Done moment 64/108 (task 63): force_integral=+0.000000e+00
  [BOTH][Rank 0] Done moment 64/108 (task 63): force_integral=+0.000000e+00
  [BOTH][Rank 0] Done moment 64/108 (task 63): force_integral=+0.000000e+00
  [BOTH][Rank 0] Done moment 64/108 (task 63): force_integral=+0.000000e+00
  [BOTH][Rank 0] Done moment 64/108 (task 63): force_integral=+0.000000e+00
  [BOTH][Rank 0] Done moment 64/108 (task 63): force_integral=+0.000000e+00
  [BOTH][Rank 0] Done moment 64/108 (task 63): force_integral=+0.000000e+00
  [BOTH][Rank 0] Done moment 64/108 (task 63): force_integral=+0.000000e+00
  [BOTH][Rank 0] Done moment 64/108 (task 63): force_integral=+0.000000e+00
  [BOTH][Rank 0] Done moment 64/108 (task 63): force_integral=+0.000000e+00
  [BOTH][Rank 0] Done moment 64/108 (task 63): force_integral=+0.000000e+00
  [BOTH][Rank 0] Done moment 64/108 (task 63): force_integral=+0.000000e+00
  [BOTH][Rank 0] Done moment 64/108 (task 63): force_integral=+0.000000e+00
  [BOTH][Rank 0] Done moment 64/108 (task 63): force_integral=+0.000000e+00
  [BOTH][Rank 0] Done moment 64/108 (task 63): force_integral=+0.000000e+00
  [BOTH][Rank 0] Done moment 64/108 (task 63): force_integral=+0.000000e+00
  [BOTH][Rank 0] Done moment 64/108 (task 63): force_integral=+0.000000e+00
  [BOTH][Rank 0] Done moment 64/108 (task 63): force_integral=+0.000000e+00
  [BOTH][Rank 0] Done moment 64/108 (task 63): force_integral=+0.000000e+00
  [BOTH][Rank 0] Done moment 64/108 (task 63): force_integral=+0.000000e+00
  [BOTH][Rank 0] Done moment 64/108 (task 63): force_integral=+0.000000e+00
  [BOTH][Rank 0] Done moment 64/108 (task 63): force_integral=+0.000000e+00
  [BOTH][Rank 0] Done moment 64/108 (task 63): force_integral=+0.000000e+00
  [BOTH][Rank 0] Done moment 64/108 (task 63): force_integral=+0.000000e+00
  [BOTH][Rank 0] Done moment 64/108 (task 63): force_integral=+0.000000e+00
  [BOTH][Rank 0] Done moment 64/108 (task 63): force_integral=+0.000000e+00
  [BOTH][Rank 0] Done moment 64/108 (task 63): force_integral=+0.000000e+00
  [BOTH][Rank 0] Done moment 64/108 (task 63): force_integral=+0.000000e+00
  [BOTH][Rank 0] Done moment 64/108 (task 63): force_integral=+0.000000e+00
  [BOTH][Rank 0] Done moment 64/108 (task 63): force_integral=+0.000000e+00
  [BOTH][Rank 0] Done moment 64/108 (task 63): force_integral=+0.000000e+00
  [BOTH][Rank 0] Done moment 64/108 (task 63): force_integral=+0.000000e+00
  [BOTH][Rank 0] Done moment 64/108 (task 63): force_integral=+0.000000e+00
  [BOTH][Rank 0] Done moment 64/108 (task 63): force_integral=+0.000000e+00
  [BOTH][Rank 0] Done moment 64/108 (task 63): force_integral=+0.000000e+00
  [BOTH][Rank 0] Done moment 64/108 (task 63): force_integral=+0.000000e+00
  [BOTH][Rank 0] Done moment 65/108 (task 64): force_integral=-1.547540e+03
  [BOTH][Rank 0] Done moment 65/108 (task 64): force_integral=-1.547540e+03
  [BOTH][Rank 0] Done moment 65/108 (task 64): force_integral=-1.547540e+03
  [BOTH][Rank 0] Done moment 65/108 (task 64): force_integral=-1.547540e+03
  [BOTH][Rank 0] Done moment 65/108 (task 64): force_integral=-1.547540e+03
  [BOTH][Rank 0] Done moment 65/108 (task 64): force_integral=-1.547540e+03
  [BOTH][Rank 0] Done moment 65/108 (task 64): force_integral=-1.547540e+03
  [BOTH][Rank 0] Done moment 65/108 (task 64): force_integral=-1.547540e+03
  [BOTH][Rank 0] Done moment 65/108 (task 64): force_integral=-1.547540e+03
  [BOTH][Rank 0] Done moment 65/108 (task 64): force_integral=-1.547540e+03
  [BOTH][Rank 0] Done moment 65/108 (task 64): force_integral=-1.547540e+03
  [BOTH][Rank 0] Done moment 65/108 (task 64): force_integral=-1.547540e+03
  [BOTH][Rank 0] Done moment 65/108 (task 64): force_integral=-1.547540e+03
  [BOTH][Rank 0] Done moment 65/108 (task 64): force_integral=-1.547540e+03
  [BOTH][Rank 0] Done moment 65/108 (task 64): force_integral=-1.547540e+03
  [BOTH][Rank 0] Done moment 65/108 (task 64): force_integral=-1.547540e+03
  [BOTH][Rank 0] Done moment 65/108 (task 64): force_integral=-1.547540e+03
  [BOTH][Rank 0] Done moment 65/108 (task 64): force_integral=-1.547540e+03
  [BOTH][Rank 0] Done moment 65/108 (task 64): force_integral=-1.547540e+03
  [BOTH][Rank 0] Done moment 65/108 (task 64): force_integral=-1.547540e+03
  [BOTH][Rank 0] Done moment 65/108 (task 64): force_integral=-1.547540e+03
  [BOTH][Rank 0] Done moment 65/108 (task 64): force_integral=-1.547540e+03
  [BOTH][Rank 0] Done moment 65/108 (task 64): force_integral=-1.547540e+03
  [BOTH][Rank 0] Done moment 65/108 (task 64): force_integral=-1.547540e+03
  [BOTH][Rank 0] Done moment 65/108 (task 64): force_integral=-1.547540e+03
  [BOTH][Rank 0] Done moment 65/108 (task 64): force_integral=-1.547540e+03
  [BOTH][Rank 0] Done moment 65/108 (task 64): force_integral=-1.547540e+03
  [BOTH][Rank 0] Done moment 65/108 (task 64): force_integral=-1.547540e+03
  [BOTH][Rank 0] Done moment 65/108 (task 64): force_integral=-1.547540e+03
  [BOTH][Rank 0] Done moment 65/108 (task 64): force_integral=-1.547540e+03
  [BOTH][Rank 0] Done moment 65/108 (task 64): force_integral=-1.547540e+03
  [BOTH][Rank 0] Done moment 65/108 (task 64): force_integral=-1.547540e+03
  [BOTH][Rank 0] Done moment 65/108 (task 64): force_integral=-1.547540e+03
  [BOTH][Rank 0] Done moment 65/108 (task 64): force_integral=-1.547540e+03
  [BOTH][Rank 0] Done moment 65/108 (task 64): force_integral=-1.547540e+03
  [BOTH][Rank 0] Done moment 65/108 (task 64): force_integral=-1.547540e+03
  [BOTH][Rank 0] Done moment 65/108 (task 64): force_integral=-1.547540e+03
  [BOTH][Rank 0] Done moment 65/108 (task 64): force_integral=-1.547540e+03
  [BOTH][Rank 0] Done moment 65/108 (task 64): force_integral=-1.547540e+03
  [BOTH][Rank 0] Done moment 65/108 (task 64): force_integral=-1.547540e+03
  [BOTH][Rank 0] Done moment 65/108 (task 64): force_integral=-1.547540e+03
  [BOTH][Rank 0] Done moment 65/108 (task 64): force_integral=-1.547540e+03
  [BOTH][Rank 0] Done moment 65/108 (task 64): force_integral=-1.547540e+03
  [BOTH][Rank 0] Done moment 65/108 (task 64): force_integral=-1.547540e+03
  [BOTH][Rank 0] Done moment 65/108 (task 64): force_integral=-1.547540e+03
  [BOTH][Rank 0] Done moment 65/108 (task 64): force_integral=-1.547540e+03
  [BOTH][Rank 0] Done moment 65/108 (task 64): force_integral=-1.547540e+03
  [BOTH][Rank 0] Done moment 65/108 (task 64): force_integral=-1.547540e+03
  [BOTH][Rank 0] Done moment 65/108 (task 64): force_integral=-1.547540e+03
  [BOTH][Rank 0] Done moment 65/108 (task 64): force_integral=-1.547540e+03
  [BOTH][Rank 0] Done moment 65/108 (task 64): force_integral=-1.547540e+03
  [BOTH][Rank 0] Done moment 65/108 (task 64): force_integral=-1.547540e+03
  [BOTH][Rank 0] Done moment 65/108 (task 64): force_integral=-1.547540e+03
  [BOTH][Rank 0] Done moment 65/108 (task 64): force_integral=-1.547540e+03
  [BOTH][Rank 0] Done moment 65/108 (task 64): force_integral=-1.547540e+03
  [BOTH][Rank 0] Done moment 65/108 (task 64): force_integral=-1.547540e+03
  [BOTH][Rank 0] Done moment 65/108 (task 64): force_integral=-1.547540e+03
  [BOTH][Rank 0] Done moment 65/108 (task 64): force_integral=-1.547540e+03
  [BOTH][Rank 0] Done moment 65/108 (task 64): force_integral=-1.547540e+03
  [BOTH][Rank 0] Done moment 65/108 (task 64): force_integral=-1.547540e+03
  [BOTH][Rank 0] Done moment 65/108 (task 64): force_integral=-1.547540e+03
  [BOTH][Rank 0] Done moment 65/108 (task 64): force_integral=-1.547540e+03
  [BOTH][Rank 0] Done moment 65/108 (task 64): force_integral=-1.547540e+03
  [BOTH][Rank 0] Done moment 65/108 (task 64): force_integral=-1.547540e+03
  [BOTH][Rank 0] Done moment 65/108 (task 64): force_integral=-1.547540e+03
  [BOTH][Rank 0] Done moment 65/108 (task 64): force_integral=-1.547540e+03
  [BOTH][Rank 0] Done moment 65/108 (task 64): force_integral=-1.547540e+03
  [BOTH][Rank 0] Done moment 65/108 (task 64): force_integral=-1.547540e+03
  [BOTH][Rank 0] Done moment 65/108 (task 64): force_integral=-1.547540e+03
  [BOTH][Rank 0] Done moment 65/108 (task 64): force_integral=-1.547540e+03
  [BOTH][Rank 0] Done moment 65/108 (task 64): force_integral=-1.547540e+03
  [BOTH][Rank 0] Done moment 65/108 (task 64): force_integral=-1.547540e+03
  [BOTH][Rank 0] Done moment 65/108 (task 64): force_integral=-1.547540e+03
  [BOTH][Rank 0] Done moment 65/108 (task 64): force_integral=-1.547540e+03
  [BOTH][Rank 0] Done moment 65/108 (task 64): force_integral=-1.547540e+03
  [BOTH][Rank 0] Done moment 65/108 (task 64): force_integral=-1.547540e+03
  [BOTH][Rank 0] Done moment 65/108 (task 64): force_integral=-1.547540e+03
  [BOTH][Rank 0] Done moment 65/108 (task 64): force_integral=-1.547540e+03
  [BOTH][Rank 0] Done moment 65/108 (task 64): force_integral=-1.547540e+03
  [BOTH][Rank 0] Done moment 65/108 (task 64): force_integral=-1.547540e+03
  [BOTH][Rank 0] Done moment 65/108 (task 64): force_integral=-1.547540e+03
  [BOTH][Rank 0] Done moment 65/108 (task 64): force_integral=-1.547540e+03
  [BOTH][Rank 0] Done moment 65/108 (task 64): force_integral=-1.547540e+03
  [BOTH][Rank 0] Done moment 65/108 (task 64): force_integral=-1.547540e+03
  [BOTH][Rank 0] Done moment 65/108 (task 64): force_integral=-1.547540e+03
  [BOTH][Rank 0] Done moment 65/108 (task 64): force_integral=-1.547540e+03
  [BOTH][Rank 0] Done moment 65/108 (task 64): force_integral=-1.547540e+03
  [BOTH][Rank 0] Done moment 65/108 (task 64): force_integral=-1.547540e+03
  [BOTH][Rank 0] Done moment 65/108 (task 64): force_integral=-1.547540e+03
  [BOTH][Rank 0] Done moment 65/108 (task 64): force_integral=-1.547540e+03
  [BOTH][Rank 0] Done moment 65/108 (task 64): force_integral=-1.547540e+03
  [BOTH][Rank 0] Done moment 65/108 (task 64): force_integral=-1.547540e+03
  [BOTH][Rank 0] Done moment 65/108 (task 64): force_integral=-1.547540e+03
  [BOTH][Rank 0] Done moment 65/108 (task 64): force_integral=-1.547540e+03
  [BOTH][Rank 0] Done moment 65/108 (task 64): force_integral=-1.547540e+03
  [BOTH][Rank 0] Done moment 65/108 (task 64): force_integral=-1.547540e+03
  [BOTH][Rank 0] Done moment 65/108 (task 64): force_integral=-1.547540e+03
  [BOTH][Rank 0] Done moment 65/108 (task 64): force_integral=-1.547540e+03
  [BOTH][Rank 0] Done moment 65/108 (task 64): force_integral=-1.547540e+03
  [BOTH][Rank 0] Done moment 65/108 (task 64): force_integral=-1.547540e+03
  [BOTH][Rank 0] Done moment 65/108 (task 64): force_integral=-1.547540e+03
  [BOTH][Rank 0] Done moment 65/108 (task 64): force_integral=-1.547540e+03
  [BOTH][Rank 0] Done moment 65/108 (task 64): force_integral=-1.547540e+03
  [BOTH][Rank 0] Done moment 65/108 (task 64): force_integral=-1.547540e+03
  [BOTH][Rank 0] Done moment 65/108 (task 64): force_integral=-1.547540e+03
  [BOTH][Rank 0] Done moment 65/108 (task 64): force_integral=-1.547540e+03
  [BOTH][Rank 0] Done moment 65/108 (task 64): force_integral=-1.547540e+03
  [BOTH][Rank 0] Done moment 65/108 (task 64): force_integral=-1.547540e+03
  [BOTH][Rank 0] Done moment 65/108 (task 64): force_integral=-1.547540e+03
  [BOTH][Rank 0] Done moment 65/108 (task 64): force_integral=-1.547540e+03
  [BOTH][Rank 0] Done moment 65/108 (task 64): force_integral=-1.547540e+03
  [BOTH][Rank 0] Done moment 65/108 (task 64): force_integral=-1.547540e+03
  [BOTH][Rank 0] Done moment 65/108 (task 64): force_integral=-1.547540e+03
  [BOTH][Rank 0] Done moment 65/108 (task 64): force_integral=-1.547540e+03
  [BOTH][Rank 0] Done moment 65/108 (task 64): force_integral=-1.547540e+03
  [BOTH][Rank 0] Done moment 65/108 (task 64): force_integral=-1.547540e+03
  [BOTH][Rank 0] Done moment 65/108 (task 64): force_integral=-1.547540e+03
  [BOTH][Rank 0] Done moment 65/108 (task 64): force_integral=-1.547540e+03
  [BOTH][Rank 0] Done moment 65/108 (task 64): force_integral=-1.547540e+03
  [BOTH][Rank 0] Done moment 65/108 (task 64): force_integral=-1.547540e+03
  [BOTH][Rank 0] Done moment 65/108 (task 64): force_integral=-1.547540e+03
  [BOTH][Rank 0] Done moment 65/108 (task 64): force_integral=-1.547540e+03
  [BOTH][Rank 0] Done moment 65/108 (task 64): force_integral=-1.547540e+03
  [BOTH][Rank 0] Done moment 65/108 (task 64): force_integral=-1.547540e+03
  [BOTH][Rank 0] Done moment 65/108 (task 64): force_integral=-1.547540e+03
  [BOTH][Rank 0] Done moment 65/108 (task 64): force_integral=-1.547540e+03
  [BOTH][Rank 0] Done moment 65/108 (task 64): force_integral=-1.547540e+03
  [BOTH][Rank 0] Done moment 65/108 (task 64): force_integral=-1.547540e+03
  [BOTH][Rank 0] Done moment 66/108 (task 65): force_integral=+1.670913e+03
  [BOTH][Rank 0] Done moment 66/108 (task 65): force_integral=+1.670913e+03
  [BOTH][Rank 0] Done moment 66/108 (task 65): force_integral=+1.670913e+03
  [BOTH][Rank 0] Done moment 66/108 (task 65): force_integral=+1.670913e+03
  [BOTH][Rank 0] Done moment 66/108 (task 65): force_integral=+1.670913e+03
  [BOTH][Rank 0] Done moment 66/108 (task 65): force_integral=+1.670913e+03
  [BOTH][Rank 0] Done moment 66/108 (task 65): force_integral=+1.670913e+03
  [BOTH][Rank 0] Done moment 66/108 (task 65): force_integral=+1.670913e+03
  [BOTH][Rank 0] Done moment 66/108 (task 65): force_integral=+1.670913e+03
  [BOTH][Rank 0] Done moment 66/108 (task 65): force_integral=+1.670913e+03
  [BOTH][Rank 0] Done moment 66/108 (task 65): force_integral=+1.670913e+03
  [BOTH][Rank 0] Done moment 66/108 (task 65): force_integral=+1.670913e+03
  [BOTH][Rank 0] Done moment 66/108 (task 65): force_integral=+1.670913e+03
  [BOTH][Rank 0] Done moment 66/108 (task 65): force_integral=+1.670913e+03
  [BOTH][Rank 0] Done moment 66/108 (task 65): force_integral=+1.670913e+03
  [BOTH][Rank 0] Done moment 66/108 (task 65): force_integral=+1.670913e+03
  [BOTH][Rank 0] Done moment 66/108 (task 65): force_integral=+1.670913e+03
  [BOTH][Rank 0] Done moment 66/108 (task 65): force_integral=+1.670913e+03
  [BOTH][Rank 0] Done moment 66/108 (task 65): force_integral=+1.670913e+03
  [BOTH][Rank 0] Done moment 66/108 (task 65): force_integral=+1.670913e+03
  [BOTH][Rank 0] Done moment 66/108 (task 65): force_integral=+1.670913e+03
  [BOTH][Rank 0] Done moment 66/108 (task 65): force_integral=+1.670913e+03
  [BOTH][Rank 0] Done moment 66/108 (task 65): force_integral=+1.670913e+03
  [BOTH][Rank 0] Done moment 66/108 (task 65): force_integral=+1.670913e+03
  [BOTH][Rank 0] Done moment 66/108 (task 65): force_integral=+1.670913e+03
  [BOTH][Rank 0] Done moment 66/108 (task 65): force_integral=+1.670913e+03
  [BOTH][Rank 0] Done moment 66/108 (task 65): force_integral=+1.670913e+03
  [BOTH][Rank 0] Done moment 66/108 (task 65): force_integral=+1.670913e+03
  [BOTH][Rank 0] Done moment 66/108 (task 65): force_integral=+1.670913e+03
  [BOTH][Rank 0] Done moment 66/108 (task 65): force_integral=+1.670913e+03
  [BOTH][Rank 0] Done moment 66/108 (task 65): force_integral=+1.670913e+03
  [BOTH][Rank 0] Done moment 66/108 (task 65): force_integral=+1.670913e+03
  [BOTH][Rank 0] Done moment 66/108 (task 65): force_integral=+1.670913e+03
  [BOTH][Rank 0] Done moment 66/108 (task 65): force_integral=+1.670913e+03
  [BOTH][Rank 0] Done moment 66/108 (task 65): force_integral=+1.670913e+03
  [BOTH][Rank 0] Done moment 66/108 (task 65): force_integral=+1.670913e+03
  [BOTH][Rank 0] Done moment 66/108 (task 65): force_integral=+1.670913e+03
  [BOTH][Rank 0] Done moment 66/108 (task 65): force_integral=+1.670913e+03
  [BOTH][Rank 0] Done moment 66/108 (task 65): force_integral=+1.670913e+03
  [BOTH][Rank 0] Done moment 66/108 (task 65): force_integral=+1.670913e+03
  [BOTH][Rank 0] Done moment 66/108 (task 65): force_integral=+1.670913e+03
  [BOTH][Rank 0] Done moment 66/108 (task 65): force_integral=+1.670913e+03
  [BOTH][Rank 0] Done moment 66/108 (task 65): force_integral=+1.670913e+03
  [BOTH][Rank 0] Done moment 66/108 (task 65): force_integral=+1.670913e+03
  [BOTH][Rank 0] Done moment 66/108 (task 65): force_integral=+1.670913e+03
  [BOTH][Rank 0] Done moment 66/108 (task 65): force_integral=+1.670913e+03
  [BOTH][Rank 0] Done moment 66/108 (task 65): force_integral=+1.670913e+03
  [BOTH][Rank 0] Done moment 66/108 (task 65): force_integral=+1.670913e+03
  [BOTH][Rank 0] Done moment 66/108 (task 65): force_integral=+1.670913e+03
  [BOTH][Rank 0] Done moment 66/108 (task 65): force_integral=+1.670913e+03
  [BOTH][Rank 0] Done moment 66/108 (task 65): force_integral=+1.670913e+03
  [BOTH][Rank 0] Done moment 66/108 (task 65): force_integral=+1.670913e+03
  [BOTH][Rank 0] Done moment 66/108 (task 65): force_integral=+1.670913e+03
  [BOTH][Rank 0] Done moment 66/108 (task 65): force_integral=+1.670913e+03
  [BOTH][Rank 0] Done moment 66/108 (task 65): force_integral=+1.670913e+03
  [BOTH][Rank 0] Done moment 66/108 (task 65): force_integral=+1.670913e+03
  [BOTH][Rank 0] Done moment 66/108 (task 65): force_integral=+1.670913e+03
  [BOTH][Rank 0] Done moment 66/108 (task 65): force_integral=+1.670913e+03
  [BOTH][Rank 0] Done moment 66/108 (task 65): force_integral=+1.670913e+03
  [BOTH][Rank 0] Done moment 66/108 (task 65): force_integral=+1.670913e+03
  [BOTH][Rank 0] Done moment 66/108 (task 65): force_integral=+1.670913e+03
  [BOTH][Rank 0] Done moment 66/108 (task 65): force_integral=+1.670913e+03
  [BOTH][Rank 0] Done moment 66/108 (task 65): force_integral=+1.670913e+03
  [BOTH][Rank 0] Done moment 66/108 (task 65): force_integral=+1.670913e+03
  [BOTH][Rank 0] Done moment 66/108 (task 65): force_integral=+1.670913e+03
  [BOTH][Rank 0] Done moment 66/108 (task 65): force_integral=+1.670913e+03
  [BOTH][Rank 0] Done moment 66/108 (task 65): force_integral=+1.670913e+03
  [BOTH][Rank 0] Done moment 66/108 (task 65): force_integral=+1.670913e+03
  [BOTH][Rank 0] Done moment 66/108 (task 65): force_integral=+1.670913e+03
  [BOTH][Rank 0] Done moment 66/108 (task 65): force_integral=+1.670913e+03
  [BOTH][Rank 0] Done moment 66/108 (task 65): force_integral=+1.670913e+03
  [BOTH][Rank 0] Done moment 66/108 (task 65): force_integral=+1.670913e+03
  [BOTH][Rank 0] Done moment 66/108 (task 65): force_integral=+1.670913e+03
  [BOTH][Rank 0] Done moment 66/108 (task 65): force_integral=+1.670913e+03
  [BOTH][Rank 0] Done moment 66/108 (task 65): force_integral=+1.670913e+03
  [BOTH][Rank 0] Done moment 66/108 (task 65): force_integral=+1.670913e+03
  [BOTH][Rank 0] Done moment 66/108 (task 65): force_integral=+1.670913e+03
  [BOTH][Rank 0] Done moment 66/108 (task 65): force_integral=+1.670913e+03
  [BOTH][Rank 0] Done moment 66/108 (task 65): force_integral=+1.670913e+03
  [BOTH][Rank 0] Done moment 66/108 (task 65): force_integral=+1.670913e+03
  [BOTH][Rank 0] Done moment 66/108 (task 65): force_integral=+1.670913e+03
  [BOTH][Rank 0] Done moment 66/108 (task 65): force_integral=+1.670913e+03
  [BOTH][Rank 0] Done moment 66/108 (task 65): force_integral=+1.670913e+03
  [BOTH][Rank 0] Done moment 66/108 (task 65): force_integral=+1.670913e+03
  [BOTH][Rank 0] Done moment 66/108 (task 65): force_integral=+1.670913e+03
  [BOTH][Rank 0] Done moment 66/108 (task 65): force_integral=+1.670913e+03
  [BOTH][Rank 0] Done moment 66/108 (task 65): force_integral=+1.670913e+03
  [BOTH][Rank 0] Done moment 66/108 (task 65): force_integral=+1.670913e+03
  [BOTH][Rank 0] Done moment 66/108 (task 65): force_integral=+1.670913e+03
  [BOTH][Rank 0] Done moment 66/108 (task 65): force_integral=+1.670913e+03
  [BOTH][Rank 0] Done moment 66/108 (task 65): force_integral=+1.670913e+03
  [BOTH][Rank 0] Done moment 66/108 (task 65): force_integral=+1.670913e+03
  [BOTH][Rank 0] Done moment 66/108 (task 65): force_integral=+1.670913e+03
  [BOTH][Rank 0] Done moment 66/108 (task 65): force_integral=+1.670913e+03
  [BOTH][Rank 0] Done moment 66/108 (task 65): force_integral=+1.670913e+03
  [BOTH][Rank 0] Done moment 66/108 (task 65): force_integral=+1.670913e+03
  [BOTH][Rank 0] Done moment 66/108 (task 65): force_integral=+1.670913e+03
  [BOTH][Rank 0] Done moment 66/108 (task 65): force_integral=+1.670913e+03
  [BOTH][Rank 0] Done moment 66/108 (task 65): force_integral=+1.670913e+03
  [BOTH][Rank 0] Done moment 66/108 (task 65): force_integral=+1.670913e+03
  [BOTH][Rank 0] Done moment 66/108 (task 65): force_integral=+1.670913e+03
  [BOTH][Rank 0] Done moment 66/108 (task 65): force_integral=+1.670913e+03
  [BOTH][Rank 0] Done moment 66/108 (task 65): force_integral=+1.670913e+03
  [BOTH][Rank 0] Done moment 66/108 (task 65): force_integral=+1.670913e+03
  [BOTH][Rank 0] Done moment 66/108 (task 65): force_integral=+1.670913e+03
  [BOTH][Rank 0] Done moment 66/108 (task 65): force_integral=+1.670913e+03
  [BOTH][Rank 0] Done moment 66/108 (task 65): force_integral=+1.670913e+03
  [BOTH][Rank 0] Done moment 66/108 (task 65): force_integral=+1.670913e+03
  [BOTH][Rank 0] Done moment 66/108 (task 65): force_integral=+1.670913e+03
  [BOTH][Rank 0] Done moment 66/108 (task 65): force_integral=+1.670913e+03
  [BOTH][Rank 0] Done moment 66/108 (task 65): force_integral=+1.670913e+03
  [BOTH][Rank 0] Done moment 66/108 (task 65): force_integral=+1.670913e+03
  [BOTH][Rank 0] Done moment 66/108 (task 65): force_integral=+1.670913e+03
  [BOTH][Rank 0] Done moment 66/108 (task 65): force_integral=+1.670913e+03
  [BOTH][Rank 0] Done moment 66/108 (task 65): force_integral=+1.670913e+03
  [BOTH][Rank 0] Done moment 66/108 (task 65): force_integral=+1.670913e+03
  [BOTH][Rank 0] Done moment 66/108 (task 65): force_integral=+1.670913e+03
  [BOTH][Rank 0] Done moment 66/108 (task 65): force_integral=+1.670913e+03
  [BOTH][Rank 0] Done moment 66/108 (task 65): force_integral=+1.670913e+03
  [BOTH][Rank 0] Done moment 66/108 (task 65): force_integral=+1.670913e+03
  [BOTH][Rank 0] Done moment 66/108 (task 65): force_integral=+1.670913e+03
  [BOTH][Rank 0] Done moment 66/108 (task 65): force_integral=+1.670913e+03
  [BOTH][Rank 0] Done moment 66/108 (task 65): force_integral=+1.670913e+03
  [BOTH][Rank 0] Done moment 66/108 (task 65): force_integral=+1.670913e+03
  [BOTH][Rank 0] Done moment 66/108 (task 65): force_integral=+1.670913e+03
  [BOTH][Rank 0] Done moment 66/108 (task 65): force_integral=+1.670913e+03
  [BOTH][Rank 0] Done moment 66/108 (task 65): force_integral=+1.670913e+03
  [BOTH][Rank 0] Done moment 66/108 (task 65): force_integral=+1.670913e+03
  [BOTH][Rank 0] Done moment 67/108 (task 66): force_integral=+1.863494e-01
  [BOTH][Rank 0] Done moment 67/108 (task 66): force_integral=+1.863494e-01
  [BOTH][Rank 0] Done moment 67/108 (task 66): force_integral=+1.863494e-01
  [BOTH][Rank 0] Done moment 67/108 (task 66): force_integral=+1.863494e-01
  [BOTH][Rank 0] Done moment 67/108 (task 66): force_integral=+1.863494e-01
  [BOTH][Rank 0] Done moment 67/108 (task 66): force_integral=+1.863494e-01
  [BOTH][Rank 0] Done moment 67/108 (task 66): force_integral=+1.863494e-01
  [BOTH][Rank 0] Done moment 67/108 (task 66): force_integral=+1.863494e-01
  [BOTH][Rank 0] Done moment 67/108 (task 66): force_integral=+1.863494e-01
  [BOTH][Rank 0] Done moment 67/108 (task 66): force_integral=+1.863494e-01
  [BOTH][Rank 0] Done moment 67/108 (task 66): force_integral=+1.863494e-01
  [BOTH][Rank 0] Done moment 67/108 (task 66): force_integral=+1.863494e-01
  [BOTH][Rank 0] Done moment 67/108 (task 66): force_integral=+1.863494e-01
  [BOTH][Rank 0] Done moment 67/108 (task 66): force_integral=+1.863494e-01
  [BOTH][Rank 0] Done moment 67/108 (task 66): force_integral=+1.863494e-01
  [BOTH][Rank 0] Done moment 67/108 (task 66): force_integral=+1.863494e-01
  [BOTH][Rank 0] Done moment 67/108 (task 66): force_integral=+1.863494e-01
  [BOTH][Rank 0] Done moment 67/108 (task 66): force_integral=+1.863494e-01
  [BOTH][Rank 0] Done moment 67/108 (task 66): force_integral=+1.863494e-01
  [BOTH][Rank 0] Done moment 67/108 (task 66): force_integral=+1.863494e-01
  [BOTH][Rank 0] Done moment 67/108 (task 66): force_integral=+1.863494e-01
  [BOTH][Rank 0] Done moment 67/108 (task 66): force_integral=+1.863494e-01
  [BOTH][Rank 0] Done moment 67/108 (task 66): force_integral=+1.863494e-01
  [BOTH][Rank 0] Done moment 67/108 (task 66): force_integral=+1.863494e-01
  [BOTH][Rank 0] Done moment 67/108 (task 66): force_integral=+1.863494e-01
  [BOTH][Rank 0] Done moment 67/108 (task 66): force_integral=+1.863494e-01
  [BOTH][Rank 0] Done moment 67/108 (task 66): force_integral=+1.863494e-01
  [BOTH][Rank 0] Done moment 67/108 (task 66): force_integral=+1.863494e-01
  [BOTH][Rank 0] Done moment 67/108 (task 66): force_integral=+1.863494e-01
  [BOTH][Rank 0] Done moment 67/108 (task 66): force_integral=+1.863494e-01
  [BOTH][Rank 0] Done moment 67/108 (task 66): force_integral=+1.863494e-01
  [BOTH][Rank 0] Done moment 67/108 (task 66): force_integral=+1.863494e-01
  [BOTH][Rank 0] Done moment 67/108 (task 66): force_integral=+1.863494e-01
  [BOTH][Rank 0] Done moment 67/108 (task 66): force_integral=+1.863494e-01
  [BOTH][Rank 0] Done moment 67/108 (task 66): force_integral=+1.863494e-01
  [BOTH][Rank 0] Done moment 67/108 (task 66): force_integral=+1.863494e-01
  [BOTH][Rank 0] Done moment 67/108 (task 66): force_integral=+1.863494e-01
  [BOTH][Rank 0] Done moment 67/108 (task 66): force_integral=+1.863494e-01
  [BOTH][Rank 0] Done moment 67/108 (task 66): force_integral=+1.863494e-01
  [BOTH][Rank 0] Done moment 67/108 (task 66): force_integral=+1.863494e-01
  [BOTH][Rank 0] Done moment 67/108 (task 66): force_integral=+1.863494e-01
  [BOTH][Rank 0] Done moment 67/108 (task 66): force_integral=+1.863494e-01
  [BOTH][Rank 0] Done moment 67/108 (task 66): force_integral=+1.863494e-01
  [BOTH][Rank 0] Done moment 67/108 (task 66): force_integral=+1.863494e-01
  [BOTH][Rank 0] Done moment 67/108 (task 66): force_integral=+1.863494e-01
  [BOTH][Rank 0] Done moment 67/108 (task 66): force_integral=+1.863494e-01
  [BOTH][Rank 0] Done moment 67/108 (task 66): force_integral=+1.863494e-01
  [BOTH][Rank 0] Done moment 67/108 (task 66): force_integral=+1.863494e-01
  [BOTH][Rank 0] Done moment 67/108 (task 66): force_integral=+1.863494e-01
  [BOTH][Rank 0] Done moment 67/108 (task 66): force_integral=+1.863494e-01
  [BOTH][Rank 0] Done moment 67/108 (task 66): force_integral=+1.863494e-01
  [BOTH][Rank 0] Done moment 67/108 (task 66): force_integral=+1.863494e-01
  [BOTH][Rank 0] Done moment 67/108 (task 66): force_integral=+1.863494e-01
  [BOTH][Rank 0] Done moment 67/108 (task 66): force_integral=+1.863494e-01
  [BOTH][Rank 0] Done moment 67/108 (task 66): force_integral=+1.863494e-01
  [BOTH][Rank 0] Done moment 67/108 (task 66): force_integral=+1.863494e-01
  [BOTH][Rank 0] Done moment 67/108 (task 66): force_integral=+1.863494e-01
  [BOTH][Rank 0] Done moment 67/108 (task 66): force_integral=+1.863494e-01
  [BOTH][Rank 0] Done moment 67/108 (task 66): force_integral=+1.863494e-01
  [BOTH][Rank 0] Done moment 67/108 (task 66): force_integral=+1.863494e-01
  [BOTH][Rank 0] Done moment 67/108 (task 66): force_integral=+1.863494e-01
  [BOTH][Rank 0] Done moment 67/108 (task 66): force_integral=+1.863494e-01
  [BOTH][Rank 0] Done moment 67/108 (task 66): force_integral=+1.863494e-01
  [BOTH][Rank 0] Done moment 67/108 (task 66): force_integral=+1.863494e-01
  [BOTH][Rank 0] Done moment 67/108 (task 66): force_integral=+1.863494e-01
  [BOTH][Rank 0] Done moment 67/108 (task 66): force_integral=+1.863494e-01
  [BOTH][Rank 0] Done moment 67/108 (task 66): force_integral=+1.863494e-01
  [BOTH][Rank 0] Done moment 67/108 (task 66): force_integral=+1.863494e-01
  [BOTH][Rank 0] Done moment 67/108 (task 66): force_integral=+1.863494e-01
  [BOTH][Rank 0] Done moment 67/108 (task 66): force_integral=+1.863494e-01
  [BOTH][Rank 0] Done moment 67/108 (task 66): force_integral=+1.863494e-01
  [BOTH][Rank 0] Done moment 67/108 (task 66): force_integral=+1.863494e-01
  [BOTH][Rank 0] Done moment 67/108 (task 66): force_integral=+1.863494e-01
  [BOTH][Rank 0] Done moment 67/108 (task 66): force_integral=+1.863494e-01
  [BOTH][Rank 0] Done moment 67/108 (task 66): force_integral=+1.863494e-01
  [BOTH][Rank 0] Done moment 67/108 (task 66): force_integral=+1.863494e-01
  [BOTH][Rank 0] Done moment 67/108 (task 66): force_integral=+1.863494e-01
  [BOTH][Rank 0] Done moment 67/108 (task 66): force_integral=+1.863494e-01
  [BOTH][Rank 0] Done moment 67/108 (task 66): force_integral=+1.863494e-01
  [BOTH][Rank 0] Done moment 67/108 (task 66): force_integral=+1.863494e-01
  [BOTH][Rank 0] Done moment 67/108 (task 66): force_integral=+1.863494e-01
  [BOTH][Rank 0] Done moment 67/108 (task 66): force_integral=+1.863494e-01
  [BOTH][Rank 0] Done moment 67/108 (task 66): force_integral=+1.863494e-01
  [BOTH][Rank 0] Done moment 67/108 (task 66): force_integral=+1.863494e-01
  [BOTH][Rank 0] Done moment 67/108 (task 66): force_integral=+1.863494e-01
  [BOTH][Rank 0] Done moment 67/108 (task 66): force_integral=+1.863494e-01
  [BOTH][Rank 0] Done moment 67/108 (task 66): force_integral=+1.863494e-01
  [BOTH][Rank 0] Done moment 67/108 (task 66): force_integral=+1.863494e-01
  [BOTH][Rank 0] Done moment 67/108 (task 66): force_integral=+1.863494e-01
  [BOTH][Rank 0] Done moment 67/108 (task 66): force_integral=+1.863494e-01
  [BOTH][Rank 0] Done moment 67/108 (task 66): force_integral=+1.863494e-01
  [BOTH][Rank 0] Done moment 67/108 (task 66): force_integral=+1.863494e-01
  [BOTH][Rank 0] Done moment 67/108 (task 66): force_integral=+1.863494e-01
  [BOTH][Rank 0] Done moment 67/108 (task 66): force_integral=+1.863494e-01
  [BOTH][Rank 0] Done moment 67/108 (task 66): force_integral=+1.863494e-01
  [BOTH][Rank 0] Done moment 67/108 (task 66): force_integral=+1.863494e-01
  [BOTH][Rank 0] Done moment 67/108 (task 66): force_integral=+1.863494e-01
  [BOTH][Rank 0] Done moment 67/108 (task 66): force_integral=+1.863494e-01
  [BOTH][Rank 0] Done moment 67/108 (task 66): force_integral=+1.863494e-01
  [BOTH][Rank 0] Done moment 67/108 (task 66): force_integral=+1.863494e-01
  [BOTH][Rank 0] Done moment 67/108 (task 66): force_integral=+1.863494e-01
  [BOTH][Rank 0] Done moment 67/108 (task 66): force_integral=+1.863494e-01
  [BOTH][Rank 0] Done moment 67/108 (task 66): force_integral=+1.863494e-01
  [BOTH][Rank 0] Done moment 67/108 (task 66): force_integral=+1.863494e-01
  [BOTH][Rank 0] Done moment 67/108 (task 66): force_integral=+1.863494e-01
  [BOTH][Rank 0] Done moment 67/108 (task 66): force_integral=+1.863494e-01
  [BOTH][Rank 0] Done moment 67/108 (task 66): force_integral=+1.863494e-01
  [BOTH][Rank 0] Done moment 67/108 (task 66): force_integral=+1.863494e-01
  [BOTH][Rank 0] Done moment 67/108 (task 66): force_integral=+1.863494e-01
  [BOTH][Rank 0] Done moment 67/108 (task 66): force_integral=+1.863494e-01
  [BOTH][Rank 0] Done moment 67/108 (task 66): force_integral=+1.863494e-01
  [BOTH][Rank 0] Done moment 67/108 (task 66): force_integral=+1.863494e-01
  [BOTH][Rank 0] Done moment 67/108 (task 66): force_integral=+1.863494e-01
  [BOTH][Rank 0] Done moment 67/108 (task 66): force_integral=+1.863494e-01
  [BOTH][Rank 0] Done moment 67/108 (task 66): force_integral=+1.863494e-01
  [BOTH][Rank 0] Done moment 67/108 (task 66): force_integral=+1.863494e-01
  [BOTH][Rank 0] Done moment 67/108 (task 66): force_integral=+1.863494e-01
  [BOTH][Rank 0] Done moment 67/108 (task 66): force_integral=+1.863494e-01
  [BOTH][Rank 0] Done moment 67/108 (task 66): force_integral=+1.863494e-01
  [BOTH][Rank 0] Done moment 67/108 (task 66): force_integral=+1.863494e-01
  [BOTH][Rank 0] Done moment 67/108 (task 66): force_integral=+1.863494e-01
  [BOTH][Rank 0] Done moment 67/108 (task 66): force_integral=+1.863494e-01
  [BOTH][Rank 0] Done moment 67/108 (task 66): force_integral=+1.863494e-01
  [BOTH][Rank 0] Done moment 67/108 (task 66): force_integral=+1.863494e-01
  [BOTH][Rank 0] Done moment 67/108 (task 66): force_integral=+1.863494e-01
  [BOTH][Rank 0] Done moment 67/108 (task 66): force_integral=+1.863494e-01
  [BOTH][Rank 0] Done moment 67/108 (task 66): force_integral=+1.863494e-01
  [BOTH][Rank 0] Done moment 67/108 (task 66): force_integral=+1.863494e-01
  [BOTH][Rank 0] Done moment 68/108 (task 67): force_integral=+1.863494e-01
  [BOTH][Rank 0] Done moment 68/108 (task 67): force_integral=+1.863494e-01
  [BOTH][Rank 0] Done moment 68/108 (task 67): force_integral=+1.863494e-01
  [BOTH][Rank 0] Done moment 68/108 (task 67): force_integral=+1.863494e-01
  [BOTH][Rank 0] Done moment 68/108 (task 67): force_integral=+1.863494e-01
  [BOTH][Rank 0] Done moment 68/108 (task 67): force_integral=+1.863494e-01
  [BOTH][Rank 0] Done moment 68/108 (task 67): force_integral=+1.863494e-01
  [BOTH][Rank 0] Done moment 68/108 (task 67): force_integral=+1.863494e-01
  [BOTH][Rank 0] Done moment 68/108 (task 67): force_integral=+1.863494e-01
  [BOTH][Rank 0] Done moment 68/108 (task 67): force_integral=+1.863494e-01
  [BOTH][Rank 0] Done moment 68/108 (task 67): force_integral=+1.863494e-01
  [BOTH][Rank 0] Done moment 68/108 (task 67): force_integral=+1.863494e-01
  [BOTH][Rank 0] Done moment 68/108 (task 67): force_integral=+1.863494e-01
  [BOTH][Rank 0] Done moment 68/108 (task 67): force_integral=+1.863494e-01
  [BOTH][Rank 0] Done moment 68/108 (task 67): force_integral=+1.863494e-01
  [BOTH][Rank 0] Done moment 68/108 (task 67): force_integral=+1.863494e-01
  [BOTH][Rank 0] Done moment 68/108 (task 67): force_integral=+1.863494e-01
  [BOTH][Rank 0] Done moment 68/108 (task 67): force_integral=+1.863494e-01
  [BOTH][Rank 0] Done moment 68/108 (task 67): force_integral=+1.863494e-01
  [BOTH][Rank 0] Done moment 68/108 (task 67): force_integral=+1.863494e-01
  [BOTH][Rank 0] Done moment 68/108 (task 67): force_integral=+1.863494e-01
  [BOTH][Rank 0] Done moment 68/108 (task 67): force_integral=+1.863494e-01
  [BOTH][Rank 0] Done moment 68/108 (task 67): force_integral=+1.863494e-01
  [BOTH][Rank 0] Done moment 68/108 (task 67): force_integral=+1.863494e-01
  [BOTH][Rank 0] Done moment 68/108 (task 67): force_integral=+1.863494e-01
  [BOTH][Rank 0] Done moment 68/108 (task 67): force_integral=+1.863494e-01
  [BOTH][Rank 0] Done moment 68/108 (task 67): force_integral=+1.863494e-01
  [BOTH][Rank 0] Done moment 68/108 (task 67): force_integral=+1.863494e-01
  [BOTH][Rank 0] Done moment 68/108 (task 67): force_integral=+1.863494e-01
  [BOTH][Rank 0] Done moment 68/108 (task 67): force_integral=+1.863494e-01
  [BOTH][Rank 0] Done moment 68/108 (task 67): force_integral=+1.863494e-01
  [BOTH][Rank 0] Done moment 68/108 (task 67): force_integral=+1.863494e-01
  [BOTH][Rank 0] Done moment 68/108 (task 67): force_integral=+1.863494e-01
  [BOTH][Rank 0] Done moment 68/108 (task 67): force_integral=+1.863494e-01
  [BOTH][Rank 0] Done moment 68/108 (task 67): force_integral=+1.863494e-01
  [BOTH][Rank 0] Done moment 68/108 (task 67): force_integral=+1.863494e-01
  [BOTH][Rank 0] Done moment 68/108 (task 67): force_integral=+1.863494e-01
  [BOTH][Rank 0] Done moment 68/108 (task 67): force_integral=+1.863494e-01
  [BOTH][Rank 0] Done moment 68/108 (task 67): force_integral=+1.863494e-01
  [BOTH][Rank 0] Done moment 68/108 (task 67): force_integral=+1.863494e-01
  [BOTH][Rank 0] Done moment 68/108 (task 67): force_integral=+1.863494e-01
  [BOTH][Rank 0] Done moment 68/108 (task 67): force_integral=+1.863494e-01
  [BOTH][Rank 0] Done moment 68/108 (task 67): force_integral=+1.863494e-01
  [BOTH][Rank 0] Done moment 68/108 (task 67): force_integral=+1.863494e-01
  [BOTH][Rank 0] Done moment 68/108 (task 67): force_integral=+1.863494e-01
  [BOTH][Rank 0] Done moment 68/108 (task 67): force_integral=+1.863494e-01
  [BOTH][Rank 0] Done moment 68/108 (task 67): force_integral=+1.863494e-01
  [BOTH][Rank 0] Done moment 68/108 (task 67): force_integral=+1.863494e-01
  [BOTH][Rank 0] Done moment 68/108 (task 67): force_integral=+1.863494e-01
  [BOTH][Rank 0] Done moment 68/108 (task 67): force_integral=+1.863494e-01
  [BOTH][Rank 0] Done moment 68/108 (task 67): force_integral=+1.863494e-01
  [BOTH][Rank 0] Done moment 68/108 (task 67): force_integral=+1.863494e-01
  [BOTH][Rank 0] Done moment 68/108 (task 67): force_integral=+1.863494e-01
  [BOTH][Rank 0] Done moment 68/108 (task 67): force_integral=+1.863494e-01
  [BOTH][Rank 0] Done moment 68/108 (task 67): force_integral=+1.863494e-01
  [BOTH][Rank 0] Done moment 68/108 (task 67): force_integral=+1.863494e-01
  [BOTH][Rank 0] Done moment 68/108 (task 67): force_integral=+1.863494e-01
  [BOTH][Rank 0] Done moment 68/108 (task 67): force_integral=+1.863494e-01
  [BOTH][Rank 0] Done moment 68/108 (task 67): force_integral=+1.863494e-01
  [BOTH][Rank 0] Done moment 68/108 (task 67): force_integral=+1.863494e-01
  [BOTH][Rank 0] Done moment 68/108 (task 67): force_integral=+1.863494e-01
  [BOTH][Rank 0] Done moment 68/108 (task 67): force_integral=+1.863494e-01
  [BOTH][Rank 0] Done moment 68/108 (task 67): force_integral=+1.863494e-01
  [BOTH][Rank 0] Done moment 68/108 (task 67): force_integral=+1.863494e-01
  [BOTH][Rank 0] Done moment 68/108 (task 67): force_integral=+1.863494e-01
  [BOTH][Rank 0] Done moment 68/108 (task 67): force_integral=+1.863494e-01
  [BOTH][Rank 0] Done moment 68/108 (task 67): force_integral=+1.863494e-01
  [BOTH][Rank 0] Done moment 68/108 (task 67): force_integral=+1.863494e-01
  [BOTH][Rank 0] Done moment 68/108 (task 67): force_integral=+1.863494e-01
  [BOTH][Rank 0] Done moment 68/108 (task 67): force_integral=+1.863494e-01
  [BOTH][Rank 0] Done moment 68/108 (task 67): force_integral=+1.863494e-01
  [BOTH][Rank 0] Done moment 68/108 (task 67): force_integral=+1.863494e-01
  [BOTH][Rank 0] Done moment 68/108 (task 67): force_integral=+1.863494e-01
  [BOTH][Rank 0] Done moment 68/108 (task 67): force_integral=+1.863494e-01
  [BOTH][Rank 0] Done moment 68/108 (task 67): force_integral=+1.863494e-01
  [BOTH][Rank 0] Done moment 68/108 (task 67): force_integral=+1.863494e-01
  [BOTH][Rank 0] Done moment 68/108 (task 67): force_integral=+1.863494e-01
  [BOTH][Rank 0] Done moment 68/108 (task 67): force_integral=+1.863494e-01
  [BOTH][Rank 0] Done moment 68/108 (task 67): force_integral=+1.863494e-01
  [BOTH][Rank 0] Done moment 68/108 (task 67): force_integral=+1.863494e-01
  [BOTH][Rank 0] Done moment 68/108 (task 67): force_integral=+1.863494e-01
  [BOTH][Rank 0] Done moment 68/108 (task 67): force_integral=+1.863494e-01
  [BOTH][Rank 0] Done moment 68/108 (task 67): force_integral=+1.863494e-01
  [BOTH][Rank 0] Done moment 68/108 (task 67): force_integral=+1.863494e-01
  [BOTH][Rank 0] Done moment 68/108 (task 67): force_integral=+1.863494e-01
  [BOTH][Rank 0] Done moment 68/108 (task 67): force_integral=+1.863494e-01
  [BOTH][Rank 0] Done moment 68/108 (task 67): force_integral=+1.863494e-01
  [BOTH][Rank 0] Done moment 68/108 (task 67): force_integral=+1.863494e-01
  [BOTH][Rank 0] Done moment 68/108 (task 67): force_integral=+1.863494e-01
  [BOTH][Rank 0] Done moment 68/108 (task 67): force_integral=+1.863494e-01
  [BOTH][Rank 0] Done moment 68/108 (task 67): force_integral=+1.863494e-01
  [BOTH][Rank 0] Done moment 68/108 (task 67): force_integral=+1.863494e-01
  [BOTH][Rank 0] Done moment 68/108 (task 67): force_integral=+1.863494e-01
  [BOTH][Rank 0] Done moment 68/108 (task 67): force_integral=+1.863494e-01
  [BOTH][Rank 0] Done moment 68/108 (task 67): force_integral=+1.863494e-01
  [BOTH][Rank 0] Done moment 68/108 (task 67): force_integral=+1.863494e-01
  [BOTH][Rank 0] Done moment 68/108 (task 67): force_integral=+1.863494e-01
  [BOTH][Rank 0] Done moment 68/108 (task 67): force_integral=+1.863494e-01
  [BOTH][Rank 0] Done moment 68/108 (task 67): force_integral=+1.863494e-01
  [BOTH][Rank 0] Done moment 68/108 (task 67): force_integral=+1.863494e-01
  [BOTH][Rank 0] Done moment 68/108 (task 67): force_integral=+1.863494e-01
  [BOTH][Rank 0] Done moment 68/108 (task 67): force_integral=+1.863494e-01
  [BOTH][Rank 0] Done moment 68/108 (task 67): force_integral=+1.863494e-01
  [BOTH][Rank 0] Done moment 68/108 (task 67): force_integral=+1.863494e-01
  [BOTH][Rank 0] Done moment 68/108 (task 67): force_integral=+1.863494e-01
  [BOTH][Rank 0] Done moment 68/108 (task 67): force_integral=+1.863494e-01
  [BOTH][Rank 0] Done moment 68/108 (task 67): force_integral=+1.863494e-01
  [BOTH][Rank 0] Done moment 68/108 (task 67): force_integral=+1.863494e-01
  [BOTH][Rank 0] Done moment 68/108 (task 67): force_integral=+1.863494e-01
  [BOTH][Rank 0] Done moment 68/108 (task 67): force_integral=+1.863494e-01
  [BOTH][Rank 0] Done moment 68/108 (task 67): force_integral=+1.863494e-01
  [BOTH][Rank 0] Done moment 68/108 (task 67): force_integral=+1.863494e-01
  [BOTH][Rank 0] Done moment 68/108 (task 67): force_integral=+1.863494e-01
  [BOTH][Rank 0] Done moment 68/108 (task 67): force_integral=+1.863494e-01
  [BOTH][Rank 0] Done moment 68/108 (task 67): force_integral=+1.863494e-01
  [BOTH][Rank 0] Done moment 68/108 (task 67): force_integral=+1.863494e-01
  [BOTH][Rank 0] Done moment 68/108 (task 67): force_integral=+1.863494e-01
  [BOTH][Rank 0] Done moment 68/108 (task 67): force_integral=+1.863494e-01
  [BOTH][Rank 0] Done moment 68/108 (task 67): force_integral=+1.863494e-01
  [BOTH][Rank 0] Done moment 68/108 (task 67): force_integral=+1.863494e-01
  [BOTH][Rank 0] Done moment 68/108 (task 67): force_integral=+1.863494e-01
  [BOTH][Rank 0] Done moment 68/108 (task 67): force_integral=+1.863494e-01
  [BOTH][Rank 0] Done moment 68/108 (task 67): force_integral=+1.863494e-01
  [BOTH][Rank 0] Done moment 68/108 (task 67): force_integral=+1.863494e-01
  [BOTH][Rank 0] Done moment 68/108 (task 67): force_integral=+1.863494e-01
  [BOTH][Rank 0] Done moment 68/108 (task 67): force_integral=+1.863494e-01
  [BOTH][Rank 0] Done moment 68/108 (task 67): force_integral=+1.863494e-01
  [BOTH][Rank 0] Done moment 68/108 (task 67): force_integral=+1.863494e-01
  [BOTH][Rank 0] Done moment 69/108 (task 68): force_integral=+0.000000e+00
  [BOTH][Rank 0] Done moment 69/108 (task 68): force_integral=+0.000000e+00
  [BOTH][Rank 0] Done moment 69/108 (task 68): force_integral=+0.000000e+00
  [BOTH][Rank 0] Done moment 69/108 (task 68): force_integral=+0.000000e+00
  [BOTH][Rank 0] Done moment 69/108 (task 68): force_integral=+0.000000e+00
  [BOTH][Rank 0] Done moment 69/108 (task 68): force_integral=+0.000000e+00
  [BOTH][Rank 0] Done moment 69/108 (task 68): force_integral=+0.000000e+00
  [BOTH][Rank 0] Done moment 69/108 (task 68): force_integral=+0.000000e+00
  [BOTH][Rank 0] Done moment 69/108 (task 68): force_integral=+0.000000e+00
  [BOTH][Rank 0] Done moment 69/108 (task 68): force_integral=+0.000000e+00
  [BOTH][Rank 0] Done moment 69/108 (task 68): force_integral=+0.000000e+00
  [BOTH][Rank 0] Done moment 69/108 (task 68): force_integral=+0.000000e+00
  [BOTH][Rank 0] Done moment 69/108 (task 68): force_integral=+0.000000e+00
  [BOTH][Rank 0] Done moment 69/108 (task 68): force_integral=+0.000000e+00
  [BOTH][Rank 0] Done moment 69/108 (task 68): force_integral=+0.000000e+00
  [BOTH][Rank 0] Done moment 69/108 (task 68): force_integral=+0.000000e+00
  [BOTH][Rank 0] Done moment 69/108 (task 68): force_integral=+0.000000e+00
  [BOTH][Rank 0] Done moment 69/108 (task 68): force_integral=+0.000000e+00
  [BOTH][Rank 0] Done moment 69/108 (task 68): force_integral=+0.000000e+00
  [BOTH][Rank 0] Done moment 69/108 (task 68): force_integral=+0.000000e+00
  [BOTH][Rank 0] Done moment 69/108 (task 68): force_integral=+0.000000e+00
  [BOTH][Rank 0] Done moment 69/108 (task 68): force_integral=+0.000000e+00
  [BOTH][Rank 0] Done moment 69/108 (task 68): force_integral=+0.000000e+00
  [BOTH][Rank 0] Done moment 69/108 (task 68): force_integral=+0.000000e+00
  [BOTH][Rank 0] Done moment 69/108 (task 68): force_integral=+0.000000e+00
  [BOTH][Rank 0] Done moment 69/108 (task 68): force_integral=+0.000000e+00
  [BOTH][Rank 0] Done moment 69/108 (task 68): force_integral=+0.000000e+00
  [BOTH][Rank 0] Done moment 69/108 (task 68): force_integral=+0.000000e+00
  [BOTH][Rank 0] Done moment 69/108 (task 68): force_integral=+0.000000e+00
  [BOTH][Rank 0] Done moment 69/108 (task 68): force_integral=+0.000000e+00
  [BOTH][Rank 0] Done moment 69/108 (task 68): force_integral=+0.000000e+00
  [BOTH][Rank 0] Done moment 69/108 (task 68): force_integral=+0.000000e+00
  [BOTH][Rank 0] Done moment 69/108 (task 68): force_integral=+0.000000e+00
  [BOTH][Rank 0] Done moment 69/108 (task 68): force_integral=+0.000000e+00
  [BOTH][Rank 0] Done moment 69/108 (task 68): force_integral=+0.000000e+00
  [BOTH][Rank 0] Done moment 69/108 (task 68): force_integral=+0.000000e+00
  [BOTH][Rank 0] Done moment 69/108 (task 68): force_integral=+0.000000e+00
  [BOTH][Rank 0] Done moment 69/108 (task 68): force_integral=+0.000000e+00
  [BOTH][Rank 0] Done moment 69/108 (task 68): force_integral=+0.000000e+00
  [BOTH][Rank 0] Done moment 69/108 (task 68): force_integral=+0.000000e+00
  [BOTH][Rank 0] Done moment 69/108 (task 68): force_integral=+0.000000e+00
  [BOTH][Rank 0] Done moment 69/108 (task 68): force_integral=+0.000000e+00
  [BOTH][Rank 0] Done moment 69/108 (task 68): force_integral=+0.000000e+00
  [BOTH][Rank 0] Done moment 69/108 (task 68): force_integral=+0.000000e+00
  [BOTH][Rank 0] Done moment 69/108 (task 68): force_integral=+0.000000e+00
  [BOTH][Rank 0] Done moment 69/108 (task 68): force_integral=+0.000000e+00
  [BOTH][Rank 0] Done moment 69/108 (task 68): force_integral=+0.000000e+00
  [BOTH][Rank 0] Done moment 69/108 (task 68): force_integral=+0.000000e+00
  [BOTH][Rank 0] Done moment 69/108 (task 68): force_integral=+0.000000e+00
  [BOTH][Rank 0] Done moment 69/108 (task 68): force_integral=+0.000000e+00
  [BOTH][Rank 0] Done moment 69/108 (task 68): force_integral=+0.000000e+00
  [BOTH][Rank 0] Done moment 69/108 (task 68): force_integral=+0.000000e+00
  [BOTH][Rank 0] Done moment 69/108 (task 68): force_integral=+0.000000e+00
  [BOTH][Rank 0] Done moment 69/108 (task 68): force_integral=+0.000000e+00
  [BOTH][Rank 0] Done moment 69/108 (task 68): force_integral=+0.000000e+00
  [BOTH][Rank 0] Done moment 69/108 (task 68): force_integral=+0.000000e+00
  [BOTH][Rank 0] Done moment 69/108 (task 68): force_integral=+0.000000e+00
  [BOTH][Rank 0] Done moment 69/108 (task 68): force_integral=+0.000000e+00
  [BOTH][Rank 0] Done moment 69/108 (task 68): force_integral=+0.000000e+00
  [BOTH][Rank 0] Done moment 69/108 (task 68): force_integral=+0.000000e+00
  [BOTH][Rank 0] Done moment 69/108 (task 68): force_integral=+0.000000e+00
  [BOTH][Rank 0] Done moment 69/108 (task 68): force_integral=+0.000000e+00
  [BOTH][Rank 0] Done moment 69/108 (task 68): force_integral=+0.000000e+00
  [BOTH][Rank 0] Done moment 69/108 (task 68): force_integral=+0.000000e+00
  [BOTH][Rank 0] Done moment 69/108 (task 68): force_integral=+0.000000e+00
  [BOTH][Rank 0] Done moment 69/108 (task 68): force_integral=+0.000000e+00
  [BOTH][Rank 0] Done moment 69/108 (task 68): force_integral=+0.000000e+00
  [BOTH][Rank 0] Done moment 69/108 (task 68): force_integral=+0.000000e+00
  [BOTH][Rank 0] Done moment 69/108 (task 68): force_integral=+0.000000e+00
  [BOTH][Rank 0] Done moment 69/108 (task 68): force_integral=+0.000000e+00
  [BOTH][Rank 0] Done moment 69/108 (task 68): force_integral=+0.000000e+00
  [BOTH][Rank 0] Done moment 69/108 (task 68): force_integral=+0.000000e+00
  [BOTH][Rank 0] Done moment 69/108 (task 68): force_integral=+0.000000e+00
  [BOTH][Rank 0] Done moment 69/108 (task 68): force_integral=+0.000000e+00
  [BOTH][Rank 0] Done moment 69/108 (task 68): force_integral=+0.000000e+00
  [BOTH][Rank 0] Done moment 69/108 (task 68): force_integral=+0.000000e+00
  [BOTH][Rank 0] Done moment 69/108 (task 68): force_integral=+0.000000e+00
  [BOTH][Rank 0] Done moment 69/108 (task 68): force_integral=+0.000000e+00
  [BOTH][Rank 0] Done moment 69/108 (task 68): force_integral=+0.000000e+00
  [BOTH][Rank 0] Done moment 69/108 (task 68): force_integral=+0.000000e+00
  [BOTH][Rank 0] Done moment 69/108 (task 68): force_integral=+0.000000e+00
  [BOTH][Rank 0] Done moment 69/108 (task 68): force_integral=+0.000000e+00
  [BOTH][Rank 0] Done moment 69/108 (task 68): force_integral=+0.000000e+00
  [BOTH][Rank 0] Done moment 69/108 (task 68): force_integral=+0.000000e+00
  [BOTH][Rank 0] Done moment 69/108 (task 68): force_integral=+0.000000e+00
  [BOTH][Rank 0] Done moment 69/108 (task 68): force_integral=+0.000000e+00
  [BOTH][Rank 0] Done moment 69/108 (task 68): force_integral=+0.000000e+00
  [BOTH][Rank 0] Done moment 69/108 (task 68): force_integral=+0.000000e+00
  [BOTH][Rank 0] Done moment 69/108 (task 68): force_integral=+0.000000e+00
  [BOTH][Rank 0] Done moment 69/108 (task 68): force_integral=+0.000000e+00
  [BOTH][Rank 0] Done moment 69/108 (task 68): force_integral=+0.000000e+00
  [BOTH][Rank 0] Done moment 69/108 (task 68): force_integral=+0.000000e+00
  [BOTH][Rank 0] Done moment 69/108 (task 68): force_integral=+0.000000e+00
  [BOTH][Rank 0] Done moment 69/108 (task 68): force_integral=+0.000000e+00
  [BOTH][Rank 0] Done moment 69/108 (task 68): force_integral=+0.000000e+00
  [BOTH][Rank 0] Done moment 69/108 (task 68): force_integral=+0.000000e+00
  [BOTH][Rank 0] Done moment 69/108 (task 68): force_integral=+0.000000e+00
  [BOTH][Rank 0] Done moment 69/108 (task 68): force_integral=+0.000000e+00
  [BOTH][Rank 0] Done moment 69/108 (task 68): force_integral=+0.000000e+00
  [BOTH][Rank 0] Done moment 69/108 (task 68): force_integral=+0.000000e+00
  [BOTH][Rank 0] Done moment 69/108 (task 68): force_integral=+0.000000e+00
  [BOTH][Rank 0] Done moment 69/108 (task 68): force_integral=+0.000000e+00
  [BOTH][Rank 0] Done moment 69/108 (task 68): force_integral=+0.000000e+00
  [BOTH][Rank 0] Done moment 69/108 (task 68): force_integral=+0.000000e+00
  [BOTH][Rank 0] Done moment 69/108 (task 68): force_integral=+0.000000e+00
  [BOTH][Rank 0] Done moment 69/108 (task 68): force_integral=+0.000000e+00
  [BOTH][Rank 0] Done moment 69/108 (task 68): force_integral=+0.000000e+00
  [BOTH][Rank 0] Done moment 69/108 (task 68): force_integral=+0.000000e+00
  [BOTH][Rank 0] Done moment 69/108 (task 68): force_integral=+0.000000e+00
  [BOTH][Rank 0] Done moment 69/108 (task 68): force_integral=+0.000000e+00
  [BOTH][Rank 0] Done moment 69/108 (task 68): force_integral=+0.000000e+00
  [BOTH][Rank 0] Done moment 69/108 (task 68): force_integral=+0.000000e+00
  [BOTH][Rank 0] Done moment 69/108 (task 68): force_integral=+0.000000e+00
  [BOTH][Rank 0] Done moment 69/108 (task 68): force_integral=+0.000000e+00
  [BOTH][Rank 0] Done moment 69/108 (task 68): force_integral=+0.000000e+00
  [BOTH][Rank 0] Done moment 69/108 (task 68): force_integral=+0.000000e+00
  [BOTH][Rank 0] Done moment 69/108 (task 68): force_integral=+0.000000e+00
  [BOTH][Rank 0] Done moment 69/108 (task 68): force_integral=+0.000000e+00
  [BOTH][Rank 0] Done moment 69/108 (task 68): force_integral=+0.000000e+00
  [BOTH][Rank 0] Done moment 69/108 (task 68): force_integral=+0.000000e+00
  [BOTH][Rank 0] Done moment 69/108 (task 68): force_integral=+0.000000e+00
  [BOTH][Rank 0] Done moment 69/108 (task 68): force_integral=+0.000000e+00
  [BOTH][Rank 0] Done moment 69/108 (task 68): force_integral=+0.000000e+00
  [BOTH][Rank 0] Done moment 69/108 (task 68): force_integral=+0.000000e+00
  [BOTH][Rank 0] Done moment 69/108 (task 68): force_integral=+0.000000e+00
  [BOTH][Rank 0] Done moment 69/108 (task 68): force_integral=+0.000000e+00
  [BOTH][Rank 0] Done moment 69/108 (task 68): force_integral=+0.000000e+00
  [BOTH][Rank 0] Done moment 69/108 (task 68): force_integral=+0.000000e+00
  [BOTH][Rank 0] Done moment 70/108 (task 69): force_integral=+0.000000e+00
  [BOTH][Rank 0] Done moment 70/108 (task 69): force_integral=+0.000000e+00
  [BOTH][Rank 0] Done moment 70/108 (task 69): force_integral=+0.000000e+00
  [BOTH][Rank 0] Done moment 70/108 (task 69): force_integral=+0.000000e+00
  [BOTH][Rank 0] Done moment 70/108 (task 69): force_integral=+0.000000e+00
  [BOTH][Rank 0] Done moment 70/108 (task 69): force_integral=+0.000000e+00
  [BOTH][Rank 0] Done moment 70/108 (task 69): force_integral=+0.000000e+00
  [BOTH][Rank 0] Done moment 70/108 (task 69): force_integral=+0.000000e+00
  [BOTH][Rank 0] Done moment 70/108 (task 69): force_integral=+0.000000e+00
  [BOTH][Rank 0] Done moment 70/108 (task 69): force_integral=+0.000000e+00
  [BOTH][Rank 0] Done moment 70/108 (task 69): force_integral=+0.000000e+00
  [BOTH][Rank 0] Done moment 70/108 (task 69): force_integral=+0.000000e+00
  [BOTH][Rank 0] Done moment 70/108 (task 69): force_integral=+0.000000e+00
  [BOTH][Rank 0] Done moment 70/108 (task 69): force_integral=+0.000000e+00
  [BOTH][Rank 0] Done moment 70/108 (task 69): force_integral=+0.000000e+00
  [BOTH][Rank 0] Done moment 70/108 (task 69): force_integral=+0.000000e+00
  [BOTH][Rank 0] Done moment 70/108 (task 69): force_integral=+0.000000e+00
  [BOTH][Rank 0] Done moment 70/108 (task 69): force_integral=+0.000000e+00
  [BOTH][Rank 0] Done moment 70/108 (task 69): force_integral=+0.000000e+00
  [BOTH][Rank 0] Done moment 70/108 (task 69): force_integral=+0.000000e+00
  [BOTH][Rank 0] Done moment 70/108 (task 69): force_integral=+0.000000e+00
  [BOTH][Rank 0] Done moment 70/108 (task 69): force_integral=+0.000000e+00
  [BOTH][Rank 0] Done moment 70/108 (task 69): force_integral=+0.000000e+00
  [BOTH][Rank 0] Done moment 70/108 (task 69): force_integral=+0.000000e+00
  [BOTH][Rank 0] Done moment 70/108 (task 69): force_integral=+0.000000e+00
  [BOTH][Rank 0] Done moment 70/108 (task 69): force_integral=+0.000000e+00
  [BOTH][Rank 0] Done moment 70/108 (task 69): force_integral=+0.000000e+00
  [BOTH][Rank 0] Done moment 70/108 (task 69): force_integral=+0.000000e+00
  [BOTH][Rank 0] Done moment 70/108 (task 69): force_integral=+0.000000e+00
  [BOTH][Rank 0] Done moment 70/108 (task 69): force_integral=+0.000000e+00
  [BOTH][Rank 0] Done moment 70/108 (task 69): force_integral=+0.000000e+00
  [BOTH][Rank 0] Done moment 70/108 (task 69): force_integral=+0.000000e+00
  [BOTH][Rank 0] Done moment 70/108 (task 69): force_integral=+0.000000e+00
  [BOTH][Rank 0] Done moment 70/108 (task 69): force_integral=+0.000000e+00
  [BOTH][Rank 0] Done moment 70/108 (task 69): force_integral=+0.000000e+00
  [BOTH][Rank 0] Done moment 70/108 (task 69): force_integral=+0.000000e+00
  [BOTH][Rank 0] Done moment 70/108 (task 69): force_integral=+0.000000e+00
  [BOTH][Rank 0] Done moment 70/108 (task 69): force_integral=+0.000000e+00
  [BOTH][Rank 0] Done moment 70/108 (task 69): force_integral=+0.000000e+00
  [BOTH][Rank 0] Done moment 70/108 (task 69): force_integral=+0.000000e+00
  [BOTH][Rank 0] Done moment 70/108 (task 69): force_integral=+0.000000e+00
  [BOTH][Rank 0] Done moment 70/108 (task 69): force_integral=+0.000000e+00
  [BOTH][Rank 0] Done moment 70/108 (task 69): force_integral=+0.000000e+00
  [BOTH][Rank 0] Done moment 70/108 (task 69): force_integral=+0.000000e+00
  [BOTH][Rank 0] Done moment 70/108 (task 69): force_integral=+0.000000e+00
  [BOTH][Rank 0] Done moment 70/108 (task 69): force_integral=+0.000000e+00
  [BOTH][Rank 0] Done moment 70/108 (task 69): force_integral=+0.000000e+00
  [BOTH][Rank 0] Done moment 70/108 (task 69): force_integral=+0.000000e+00
  [BOTH][Rank 0] Done moment 70/108 (task 69): force_integral=+0.000000e+00
  [BOTH][Rank 0] Done moment 70/108 (task 69): force_integral=+0.000000e+00
  [BOTH][Rank 0] Done moment 70/108 (task 69): force_integral=+0.000000e+00
  [BOTH][Rank 0] Done moment 70/108 (task 69): force_integral=+0.000000e+00
  [BOTH][Rank 0] Done moment 70/108 (task 69): force_integral=+0.000000e+00
  [BOTH][Rank 0] Done moment 70/108 (task 69): force_integral=+0.000000e+00
  [BOTH][Rank 0] Done moment 70/108 (task 69): force_integral=+0.000000e+00
  [BOTH][Rank 0] Done moment 70/108 (task 69): force_integral=+0.000000e+00
  [BOTH][Rank 0] Done moment 70/108 (task 69): force_integral=+0.000000e+00
  [BOTH][Rank 0] Done moment 70/108 (task 69): force_integral=+0.000000e+00
  [BOTH][Rank 0] Done moment 70/108 (task 69): force_integral=+0.000000e+00
  [BOTH][Rank 0] Done moment 70/108 (task 69): force_integral=+0.000000e+00
  [BOTH][Rank 0] Done moment 70/108 (task 69): force_integral=+0.000000e+00
  [BOTH][Rank 0] Done moment 70/108 (task 69): force_integral=+0.000000e+00
  [BOTH][Rank 0] Done moment 70/108 (task 69): force_integral=+0.000000e+00
  [BOTH][Rank 0] Done moment 70/108 (task 69): force_integral=+0.000000e+00
  [BOTH][Rank 0] Done moment 70/108 (task 69): force_integral=+0.000000e+00
  [BOTH][Rank 0] Done moment 70/108 (task 69): force_integral=+0.000000e+00
  [BOTH][Rank 0] Done moment 70/108 (task 69): force_integral=+0.000000e+00
  [BOTH][Rank 0] Done moment 70/108 (task 69): force_integral=+0.000000e+00
  [BOTH][Rank 0] Done moment 70/108 (task 69): force_integral=+0.000000e+00
  [BOTH][Rank 0] Done moment 70/108 (task 69): force_integral=+0.000000e+00
  [BOTH][Rank 0] Done moment 70/108 (task 69): force_integral=+0.000000e+00
  [BOTH][Rank 0] Done moment 70/108 (task 69): force_integral=+0.000000e+00
  [BOTH][Rank 0] Done moment 70/108 (task 69): force_integral=+0.000000e+00
  [BOTH][Rank 0] Done moment 70/108 (task 69): force_integral=+0.000000e+00
  [BOTH][Rank 0] Done moment 70/108 (task 69): force_integral=+0.000000e+00
  [BOTH][Rank 0] Done moment 70/108 (task 69): force_integral=+0.000000e+00
  [BOTH][Rank 0] Done moment 70/108 (task 69): force_integral=+0.000000e+00
  [BOTH][Rank 0] Done moment 70/108 (task 69): force_integral=+0.000000e+00
  [BOTH][Rank 0] Done moment 70/108 (task 69): force_integral=+0.000000e+00
  [BOTH][Rank 0] Done moment 70/108 (task 69): force_integral=+0.000000e+00
  [BOTH][Rank 0] Done moment 70/108 (task 69): force_integral=+0.000000e+00
  [BOTH][Rank 0] Done moment 70/108 (task 69): force_integral=+0.000000e+00
  [BOTH][Rank 0] Done moment 70/108 (task 69): force_integral=+0.000000e+00
  [BOTH][Rank 0] Done moment 70/108 (task 69): force_integral=+0.000000e+00
  [BOTH][Rank 0] Done moment 70/108 (task 69): force_integral=+0.000000e+00
  [BOTH][Rank 0] Done moment 70/108 (task 69): force_integral=+0.000000e+00
  [BOTH][Rank 0] Done moment 70/108 (task 69): force_integral=+0.000000e+00
  [BOTH][Rank 0] Done moment 70/108 (task 69): force_integral=+0.000000e+00
  [BOTH][Rank 0] Done moment 70/108 (task 69): force_integral=+0.000000e+00
  [BOTH][Rank 0] Done moment 70/108 (task 69): force_integral=+0.000000e+00
  [BOTH][Rank 0] Done moment 70/108 (task 69): force_integral=+0.000000e+00
  [BOTH][Rank 0] Done moment 70/108 (task 69): force_integral=+0.000000e+00
  [BOTH][Rank 0] Done moment 70/108 (task 69): force_integral=+0.000000e+00
  [BOTH][Rank 0] Done moment 70/108 (task 69): force_integral=+0.000000e+00
  [BOTH][Rank 0] Done moment 70/108 (task 69): force_integral=+0.000000e+00
  [BOTH][Rank 0] Done moment 70/108 (task 69): force_integral=+0.000000e+00
  [BOTH][Rank 0] Done moment 70/108 (task 69): force_integral=+0.000000e+00
  [BOTH][Rank 0] Done moment 70/108 (task 69): force_integral=+0.000000e+00
  [BOTH][Rank 0] Done moment 70/108 (task 69): force_integral=+0.000000e+00
  [BOTH][Rank 0] Done moment 70/108 (task 69): force_integral=+0.000000e+00
  [BOTH][Rank 0] Done moment 70/108 (task 69): force_integral=+0.000000e+00
  [BOTH][Rank 0] Done moment 70/108 (task 69): force_integral=+0.000000e+00
  [BOTH][Rank 0] Done moment 70/108 (task 69): force_integral=+0.000000e+00
  [BOTH][Rank 0] Done moment 70/108 (task 69): force_integral=+0.000000e+00
  [BOTH][Rank 0] Done moment 70/108 (task 69): force_integral=+0.000000e+00
  [BOTH][Rank 0] Done moment 70/108 (task 69): force_integral=+0.000000e+00
  [BOTH][Rank 0] Done moment 70/108 (task 69): force_integral=+0.000000e+00
  [BOTH][Rank 0] Done moment 70/108 (task 69): force_integral=+0.000000e+00
  [BOTH][Rank 0] Done moment 70/108 (task 69): force_integral=+0.000000e+00
  [BOTH][Rank 0] Done moment 70/108 (task 69): force_integral=+0.000000e+00
  [BOTH][Rank 0] Done moment 70/108 (task 69): force_integral=+0.000000e+00
  [BOTH][Rank 0] Done moment 70/108 (task 69): force_integral=+0.000000e+00
  [BOTH][Rank 0] Done moment 70/108 (task 69): force_integral=+0.000000e+00
  [BOTH][Rank 0] Done moment 70/108 (task 69): force_integral=+0.000000e+00
  [BOTH][Rank 0] Done moment 70/108 (task 69): force_integral=+0.000000e+00
  [BOTH][Rank 0] Done moment 70/108 (task 69): force_integral=+0.000000e+00
  [BOTH][Rank 0] Done moment 70/108 (task 69): force_integral=+0.000000e+00
  [BOTH][Rank 0] Done moment 70/108 (task 69): force_integral=+0.000000e+00
  [BOTH][Rank 0] Done moment 70/108 (task 69): force_integral=+0.000000e+00
  [BOTH][Rank 0] Done moment 70/108 (task 69): force_integral=+0.000000e+00
  [BOTH][Rank 0] Done moment 70/108 (task 69): force_integral=+0.000000e+00
  [BOTH][Rank 0] Done moment 70/108 (task 69): force_integral=+0.000000e+00
  [BOTH][Rank 0] Done moment 70/108 (task 69): force_integral=+0.000000e+00
  [BOTH][Rank 0] Done moment 70/108 (task 69): force_integral=+0.000000e+00
  [BOTH][Rank 0] Done moment 70/108 (task 69): force_integral=+0.000000e+00
  [BOTH][Rank 0] Done moment 70/108 (task 69): force_integral=+0.000000e+00
  [BOTH][Rank 0] Done moment 70/108 (task 69): force_integral=+0.000000e+00
  [BOTH][Rank 0] Done moment 70/108 (task 69): force_integral=+0.000000e+00
  [BOTH][Rank 0] Done moment 71/108 (task 70): force_integral=-1.536889e+03
  [BOTH][Rank 0] Done moment 71/108 (task 70): force_integral=-1.536889e+03
  [BOTH][Rank 0] Done moment 71/108 (task 70): force_integral=-1.536889e+03
  [BOTH][Rank 0] Done moment 71/108 (task 70): force_integral=-1.536889e+03
  [BOTH][Rank 0] Done moment 71/108 (task 70): force_integral=-1.536889e+03
  [BOTH][Rank 0] Done moment 71/108 (task 70): force_integral=-1.536889e+03
  [BOTH][Rank 0] Done moment 71/108 (task 70): force_integral=-1.536889e+03
  [BOTH][Rank 0] Done moment 71/108 (task 70): force_integral=-1.536889e+03
  [BOTH][Rank 0] Done moment 71/108 (task 70): force_integral=-1.536889e+03
  [BOTH][Rank 0] Done moment 71/108 (task 70): force_integral=-1.536889e+03
  [BOTH][Rank 0] Done moment 71/108 (task 70): force_integral=-1.536889e+03
  [BOTH][Rank 0] Done moment 71/108 (task 70): force_integral=-1.536889e+03
  [BOTH][Rank 0] Done moment 71/108 (task 70): force_integral=-1.536889e+03
  [BOTH][Rank 0] Done moment 71/108 (task 70): force_integral=-1.536889e+03
  [BOTH][Rank 0] Done moment 71/108 (task 70): force_integral=-1.536889e+03
  [BOTH][Rank 0] Done moment 71/108 (task 70): force_integral=-1.536889e+03
  [BOTH][Rank 0] Done moment 71/108 (task 70): force_integral=-1.536889e+03
  [BOTH][Rank 0] Done moment 71/108 (task 70): force_integral=-1.536889e+03
  [BOTH][Rank 0] Done moment 71/108 (task 70): force_integral=-1.536889e+03
  [BOTH][Rank 0] Done moment 71/108 (task 70): force_integral=-1.536889e+03
  [BOTH][Rank 0] Done moment 71/108 (task 70): force_integral=-1.536889e+03
  [BOTH][Rank 0] Done moment 71/108 (task 70): force_integral=-1.536889e+03
  [BOTH][Rank 0] Done moment 71/108 (task 70): force_integral=-1.536889e+03
  [BOTH][Rank 0] Done moment 71/108 (task 70): force_integral=-1.536889e+03
  [BOTH][Rank 0] Done moment 71/108 (task 70): force_integral=-1.536889e+03
  [BOTH][Rank 0] Done moment 71/108 (task 70): force_integral=-1.536889e+03
  [BOTH][Rank 0] Done moment 71/108 (task 70): force_integral=-1.536889e+03
  [BOTH][Rank 0] Done moment 71/108 (task 70): force_integral=-1.536889e+03
  [BOTH][Rank 0] Done moment 71/108 (task 70): force_integral=-1.536889e+03
  [BOTH][Rank 0] Done moment 71/108 (task 70): force_integral=-1.536889e+03
  [BOTH][Rank 0] Done moment 71/108 (task 70): force_integral=-1.536889e+03
  [BOTH][Rank 0] Done moment 71/108 (task 70): force_integral=-1.536889e+03
  [BOTH][Rank 0] Done moment 71/108 (task 70): force_integral=-1.536889e+03
  [BOTH][Rank 0] Done moment 71/108 (task 70): force_integral=-1.536889e+03
  [BOTH][Rank 0] Done moment 71/108 (task 70): force_integral=-1.536889e+03
  [BOTH][Rank 0] Done moment 71/108 (task 70): force_integral=-1.536889e+03
  [BOTH][Rank 0] Done moment 71/108 (task 70): force_integral=-1.536889e+03
  [BOTH][Rank 0] Done moment 71/108 (task 70): force_integral=-1.536889e+03
  [BOTH][Rank 0] Done moment 71/108 (task 70): force_integral=-1.536889e+03
  [BOTH][Rank 0] Done moment 71/108 (task 70): force_integral=-1.536889e+03
  [BOTH][Rank 0] Done moment 71/108 (task 70): force_integral=-1.536889e+03
  [BOTH][Rank 0] Done moment 71/108 (task 70): force_integral=-1.536889e+03
  [BOTH][Rank 0] Done moment 71/108 (task 70): force_integral=-1.536889e+03
  [BOTH][Rank 0] Done moment 71/108 (task 70): force_integral=-1.536889e+03
  [BOTH][Rank 0] Done moment 71/108 (task 70): force_integral=-1.536889e+03
  [BOTH][Rank 0] Done moment 71/108 (task 70): force_integral=-1.536889e+03
  [BOTH][Rank 0] Done moment 71/108 (task 70): force_integral=-1.536889e+03
  [BOTH][Rank 0] Done moment 71/108 (task 70): force_integral=-1.536889e+03
  [BOTH][Rank 0] Done moment 71/108 (task 70): force_integral=-1.536889e+03
  [BOTH][Rank 0] Done moment 71/108 (task 70): force_integral=-1.536889e+03
  [BOTH][Rank 0] Done moment 71/108 (task 70): force_integral=-1.536889e+03
  [BOTH][Rank 0] Done moment 71/108 (task 70): force_integral=-1.536889e+03
  [BOTH][Rank 0] Done moment 71/108 (task 70): force_integral=-1.536889e+03
  [BOTH][Rank 0] Done moment 71/108 (task 70): force_integral=-1.536889e+03
  [BOTH][Rank 0] Done moment 71/108 (task 70): force_integral=-1.536889e+03
  [BOTH][Rank 0] Done moment 71/108 (task 70): force_integral=-1.536889e+03
  [BOTH][Rank 0] Done moment 71/108 (task 70): force_integral=-1.536889e+03
  [BOTH][Rank 0] Done moment 71/108 (task 70): force_integral=-1.536889e+03
  [BOTH][Rank 0] Done moment 71/108 (task 70): force_integral=-1.536889e+03
  [BOTH][Rank 0] Done moment 71/108 (task 70): force_integral=-1.536889e+03
  [BOTH][Rank 0] Done moment 71/108 (task 70): force_integral=-1.536889e+03
  [BOTH][Rank 0] Done moment 71/108 (task 70): force_integral=-1.536889e+03
  [BOTH][Rank 0] Done moment 71/108 (task 70): force_integral=-1.536889e+03
  [BOTH][Rank 0] Done moment 71/108 (task 70): force_integral=-1.536889e+03
  [BOTH][Rank 0] Done moment 71/108 (task 70): force_integral=-1.536889e+03
  [BOTH][Rank 0] Done moment 71/108 (task 70): force_integral=-1.536889e+03
  [BOTH][Rank 0] Done moment 71/108 (task 70): force_integral=-1.536889e+03
  [BOTH][Rank 0] Done moment 71/108 (task 70): force_integral=-1.536889e+03
  [BOTH][Rank 0] Done moment 71/108 (task 70): force_integral=-1.536889e+03
  [BOTH][Rank 0] Done moment 71/108 (task 70): force_integral=-1.536889e+03
  [BOTH][Rank 0] Done moment 71/108 (task 70): force_integral=-1.536889e+03
  [BOTH][Rank 0] Done moment 71/108 (task 70): force_integral=-1.536889e+03
  [BOTH][Rank 0] Done moment 71/108 (task 70): force_integral=-1.536889e+03
  [BOTH][Rank 0] Done moment 71/108 (task 70): force_integral=-1.536889e+03
  [BOTH][Rank 0] Done moment 71/108 (task 70): force_integral=-1.536889e+03
  [BOTH][Rank 0] Done moment 71/108 (task 70): force_integral=-1.536889e+03
  [BOTH][Rank 0] Done moment 71/108 (task 70): force_integral=-1.536889e+03
  [BOTH][Rank 0] Done moment 71/108 (task 70): force_integral=-1.536889e+03
  [BOTH][Rank 0] Done moment 71/108 (task 70): force_integral=-1.536889e+03
  [BOTH][Rank 0] Done moment 71/108 (task 70): force_integral=-1.536889e+03
  [BOTH][Rank 0] Done moment 71/108 (task 70): force_integral=-1.536889e+03
  [BOTH][Rank 0] Done moment 71/108 (task 70): force_integral=-1.536889e+03
  [BOTH][Rank 0] Done moment 71/108 (task 70): force_integral=-1.536889e+03
  [BOTH][Rank 0] Done moment 71/108 (task 70): force_integral=-1.536889e+03
  [BOTH][Rank 0] Done moment 71/108 (task 70): force_integral=-1.536889e+03
  [BOTH][Rank 0] Done moment 71/108 (task 70): force_integral=-1.536889e+03
  [BOTH][Rank 0] Done moment 71/108 (task 70): force_integral=-1.536889e+03
  [BOTH][Rank 0] Done moment 71/108 (task 70): force_integral=-1.536889e+03
  [BOTH][Rank 0] Done moment 71/108 (task 70): force_integral=-1.536889e+03
  [BOTH][Rank 0] Done moment 71/108 (task 70): force_integral=-1.536889e+03
  [BOTH][Rank 0] Done moment 71/108 (task 70): force_integral=-1.536889e+03
  [BOTH][Rank 0] Done moment 71/108 (task 70): force_integral=-1.536889e+03
  [BOTH][Rank 0] Done moment 71/108 (task 70): force_integral=-1.536889e+03
  [BOTH][Rank 0] Done moment 71/108 (task 70): force_integral=-1.536889e+03
  [BOTH][Rank 0] Done moment 71/108 (task 70): force_integral=-1.536889e+03
  [BOTH][Rank 0] Done moment 71/108 (task 70): force_integral=-1.536889e+03
  [BOTH][Rank 0] Done moment 71/108 (task 70): force_integral=-1.536889e+03
  [BOTH][Rank 0] Done moment 71/108 (task 70): force_integral=-1.536889e+03
  [BOTH][Rank 0] Done moment 71/108 (task 70): force_integral=-1.536889e+03
  [BOTH][Rank 0] Done moment 71/108 (task 70): force_integral=-1.536889e+03
  [BOTH][Rank 0] Done moment 71/108 (task 70): force_integral=-1.536889e+03
  [BOTH][Rank 0] Done moment 71/108 (task 70): force_integral=-1.536889e+03
  [BOTH][Rank 0] Done moment 71/108 (task 70): force_integral=-1.536889e+03
  [BOTH][Rank 0] Done moment 71/108 (task 70): force_integral=-1.536889e+03
  [BOTH][Rank 0] Done moment 71/108 (task 70): force_integral=-1.536889e+03
  [BOTH][Rank 0] Done moment 71/108 (task 70): force_integral=-1.536889e+03
  [BOTH][Rank 0] Done moment 71/108 (task 70): force_integral=-1.536889e+03
  [BOTH][Rank 0] Done moment 71/108 (task 70): force_integral=-1.536889e+03
  [BOTH][Rank 0] Done moment 71/108 (task 70): force_integral=-1.536889e+03
  [BOTH][Rank 0] Done moment 71/108 (task 70): force_integral=-1.536889e+03
  [BOTH][Rank 0] Done moment 71/108 (task 70): force_integral=-1.536889e+03
  [BOTH][Rank 0] Done moment 71/108 (task 70): force_integral=-1.536889e+03
  [BOTH][Rank 0] Done moment 71/108 (task 70): force_integral=-1.536889e+03
  [BOTH][Rank 0] Done moment 71/108 (task 70): force_integral=-1.536889e+03
  [BOTH][Rank 0] Done moment 71/108 (task 70): force_integral=-1.536889e+03
  [BOTH][Rank 0] Done moment 71/108 (task 70): force_integral=-1.536889e+03
  [BOTH][Rank 0] Done moment 71/108 (task 70): force_integral=-1.536889e+03
  [BOTH][Rank 0] Done moment 71/108 (task 70): force_integral=-1.536889e+03
  [BOTH][Rank 0] Done moment 71/108 (task 70): force_integral=-1.536889e+03
  [BOTH][Rank 0] Done moment 71/108 (task 70): force_integral=-1.536889e+03
  [BOTH][Rank 0] Done moment 71/108 (task 70): force_integral=-1.536889e+03
  [BOTH][Rank 0] Done moment 71/108 (task 70): force_integral=-1.536889e+03
  [BOTH][Rank 0] Done moment 71/108 (task 70): force_integral=-1.536889e+03
  [BOTH][Rank 0] Done moment 71/108 (task 70): force_integral=-1.536889e+03
  [BOTH][Rank 0] Done moment 71/108 (task 70): force_integral=-1.536889e+03
  [BOTH][Rank 0] Done moment 71/108 (task 70): force_integral=-1.536889e+03
  [BOTH][Rank 0] Done moment 71/108 (task 70): force_integral=-1.536889e+03
  [BOTH][Rank 0] Done moment 71/108 (task 70): force_integral=-1.536889e+03
  [BOTH][Rank 0] Done moment 72/108 (task 71): force_integral=+1.654741e+03
  [BOTH][Rank 0] Done moment 72/108 (task 71): force_integral=+1.654741e+03
  [BOTH][Rank 0] Done moment 72/108 (task 71): force_integral=+1.654741e+03
  [BOTH][Rank 0] Done moment 72/108 (task 71): force_integral=+1.654741e+03
  [BOTH][Rank 0] Done moment 72/108 (task 71): force_integral=+1.654741e+03
  [BOTH][Rank 0] Done moment 72/108 (task 71): force_integral=+1.654741e+03
  [BOTH][Rank 0] Done moment 72/108 (task 71): force_integral=+1.654741e+03
  [BOTH][Rank 0] Done moment 72/108 (task 71): force_integral=+1.654741e+03
  [BOTH][Rank 0] Done moment 72/108 (task 71): force_integral=+1.654741e+03
  [BOTH][Rank 0] Done moment 72/108 (task 71): force_integral=+1.654741e+03
  [BOTH][Rank 0] Done moment 72/108 (task 71): force_integral=+1.654741e+03
  [BOTH][Rank 0] Done moment 72/108 (task 71): force_integral=+1.654741e+03
  [BOTH][Rank 0] Done moment 72/108 (task 71): force_integral=+1.654741e+03
  [BOTH][Rank 0] Done moment 72/108 (task 71): force_integral=+1.654741e+03
  [BOTH][Rank 0] Done moment 72/108 (task 71): force_integral=+1.654741e+03
  [BOTH][Rank 0] Done moment 72/108 (task 71): force_integral=+1.654741e+03
  [BOTH][Rank 0] Done moment 72/108 (task 71): force_integral=+1.654741e+03
  [BOTH][Rank 0] Done moment 72/108 (task 71): force_integral=+1.654741e+03
  [BOTH][Rank 0] Done moment 72/108 (task 71): force_integral=+1.654741e+03
  [BOTH][Rank 0] Done moment 72/108 (task 71): force_integral=+1.654741e+03
  [BOTH][Rank 0] Done moment 72/108 (task 71): force_integral=+1.654741e+03
  [BOTH][Rank 0] Done moment 72/108 (task 71): force_integral=+1.654741e+03
  [BOTH][Rank 0] Done moment 72/108 (task 71): force_integral=+1.654741e+03
  [BOTH][Rank 0] Done moment 72/108 (task 71): force_integral=+1.654741e+03
  [BOTH][Rank 0] Done moment 72/108 (task 71): force_integral=+1.654741e+03
  [BOTH][Rank 0] Done moment 72/108 (task 71): force_integral=+1.654741e+03
  [BOTH][Rank 0] Done moment 72/108 (task 71): force_integral=+1.654741e+03
  [BOTH][Rank 0] Done moment 72/108 (task 71): force_integral=+1.654741e+03
  [BOTH][Rank 0] Done moment 72/108 (task 71): force_integral=+1.654741e+03
  [BOTH][Rank 0] Done moment 72/108 (task 71): force_integral=+1.654741e+03
  [BOTH][Rank 0] Done moment 72/108 (task 71): force_integral=+1.654741e+03
  [BOTH][Rank 0] Done moment 72/108 (task 71): force_integral=+1.654741e+03
  [BOTH][Rank 0] Done moment 72/108 (task 71): force_integral=+1.654741e+03
  [BOTH][Rank 0] Done moment 72/108 (task 71): force_integral=+1.654741e+03
  [BOTH][Rank 0] Done moment 72/108 (task 71): force_integral=+1.654741e+03
  [BOTH][Rank 0] Done moment 72/108 (task 71): force_integral=+1.654741e+03
  [BOTH][Rank 0] Done moment 72/108 (task 71): force_integral=+1.654741e+03
  [BOTH][Rank 0] Done moment 72/108 (task 71): force_integral=+1.654741e+03
  [BOTH][Rank 0] Done moment 72/108 (task 71): force_integral=+1.654741e+03
  [BOTH][Rank 0] Done moment 72/108 (task 71): force_integral=+1.654741e+03
  [BOTH][Rank 0] Done moment 72/108 (task 71): force_integral=+1.654741e+03
  [BOTH][Rank 0] Done moment 72/108 (task 71): force_integral=+1.654741e+03
  [BOTH][Rank 0] Done moment 72/108 (task 71): force_integral=+1.654741e+03
  [BOTH][Rank 0] Done moment 72/108 (task 71): force_integral=+1.654741e+03
  [BOTH][Rank 0] Done moment 72/108 (task 71): force_integral=+1.654741e+03
  [BOTH][Rank 0] Done moment 72/108 (task 71): force_integral=+1.654741e+03
  [BOTH][Rank 0] Done moment 72/108 (task 71): force_integral=+1.654741e+03
  [BOTH][Rank 0] Done moment 72/108 (task 71): force_integral=+1.654741e+03
  [BOTH][Rank 0] Done moment 72/108 (task 71): force_integral=+1.654741e+03
  [BOTH][Rank 0] Done moment 72/108 (task 71): force_integral=+1.654741e+03
  [BOTH][Rank 0] Done moment 72/108 (task 71): force_integral=+1.654741e+03
  [BOTH][Rank 0] Done moment 72/108 (task 71): force_integral=+1.654741e+03
  [BOTH][Rank 0] Done moment 72/108 (task 71): force_integral=+1.654741e+03
  [BOTH][Rank 0] Done moment 72/108 (task 71): force_integral=+1.654741e+03
  [BOTH][Rank 0] Done moment 72/108 (task 71): force_integral=+1.654741e+03
  [BOTH][Rank 0] Done moment 72/108 (task 71): force_integral=+1.654741e+03
  [BOTH][Rank 0] Done moment 72/108 (task 71): force_integral=+1.654741e+03
  [BOTH][Rank 0] Done moment 72/108 (task 71): force_integral=+1.654741e+03
  [BOTH][Rank 0] Done moment 72/108 (task 71): force_integral=+1.654741e+03
  [BOTH][Rank 0] Done moment 72/108 (task 71): force_integral=+1.654741e+03
  [BOTH][Rank 0] Done moment 72/108 (task 71): force_integral=+1.654741e+03
  [BOTH][Rank 0] Done moment 72/108 (task 71): force_integral=+1.654741e+03
  [BOTH][Rank 0] Done moment 72/108 (task 71): force_integral=+1.654741e+03
  [BOTH][Rank 0] Done moment 72/108 (task 71): force_integral=+1.654741e+03
  [BOTH][Rank 0] Done moment 72/108 (task 71): force_integral=+1.654741e+03
  [BOTH][Rank 0] Done moment 72/108 (task 71): force_integral=+1.654741e+03
  [BOTH][Rank 0] Done moment 72/108 (task 71): force_integral=+1.654741e+03
  [BOTH][Rank 0] Done moment 72/108 (task 71): force_integral=+1.654741e+03
  [BOTH][Rank 0] Done moment 72/108 (task 71): force_integral=+1.654741e+03
  [BOTH][Rank 0] Done moment 72/108 (task 71): force_integral=+1.654741e+03
  [BOTH][Rank 0] Done moment 72/108 (task 71): force_integral=+1.654741e+03
  [BOTH][Rank 0] Done moment 72/108 (task 71): force_integral=+1.654741e+03
  [BOTH][Rank 0] Done moment 72/108 (task 71): force_integral=+1.654741e+03
  [BOTH][Rank 0] Done moment 72/108 (task 71): force_integral=+1.654741e+03
  [BOTH][Rank 0] Done moment 72/108 (task 71): force_integral=+1.654741e+03
  [BOTH][Rank 0] Done moment 72/108 (task 71): force_integral=+1.654741e+03
  [BOTH][Rank 0] Done moment 72/108 (task 71): force_integral=+1.654741e+03
  [BOTH][Rank 0] Done moment 72/108 (task 71): force_integral=+1.654741e+03
  [BOTH][Rank 0] Done moment 72/108 (task 71): force_integral=+1.654741e+03
  [BOTH][Rank 0] Done moment 72/108 (task 71): force_integral=+1.654741e+03
  [BOTH][Rank 0] Done moment 72/108 (task 71): force_integral=+1.654741e+03
  [BOTH][Rank 0] Done moment 72/108 (task 71): force_integral=+1.654741e+03
  [BOTH][Rank 0] Done moment 72/108 (task 71): force_integral=+1.654741e+03
  [BOTH][Rank 0] Done moment 72/108 (task 71): force_integral=+1.654741e+03
  [BOTH][Rank 0] Done moment 72/108 (task 71): force_integral=+1.654741e+03
  [BOTH][Rank 0] Done moment 72/108 (task 71): force_integral=+1.654741e+03
  [BOTH][Rank 0] Done moment 72/108 (task 71): force_integral=+1.654741e+03
  [BOTH][Rank 0] Done moment 72/108 (task 71): force_integral=+1.654741e+03
  [BOTH][Rank 0] Done moment 72/108 (task 71): force_integral=+1.654741e+03
  [BOTH][Rank 0] Done moment 72/108 (task 71): force_integral=+1.654741e+03
  [BOTH][Rank 0] Done moment 72/108 (task 71): force_integral=+1.654741e+03
  [BOTH][Rank 0] Done moment 72/108 (task 71): force_integral=+1.654741e+03
  [BOTH][Rank 0] Done moment 72/108 (task 71): force_integral=+1.654741e+03
  [BOTH][Rank 0] Done moment 72/108 (task 71): force_integral=+1.654741e+03
  [BOTH][Rank 0] Done moment 72/108 (task 71): force_integral=+1.654741e+03
  [BOTH][Rank 0] Done moment 72/108 (task 71): force_integral=+1.654741e+03
  [BOTH][Rank 0] Done moment 72/108 (task 71): force_integral=+1.654741e+03
  [BOTH][Rank 0] Done moment 72/108 (task 71): force_integral=+1.654741e+03
  [BOTH][Rank 0] Done moment 72/108 (task 71): force_integral=+1.654741e+03
  [BOTH][Rank 0] Done moment 72/108 (task 71): force_integral=+1.654741e+03
  [BOTH][Rank 0] Done moment 72/108 (task 71): force_integral=+1.654741e+03
  [BOTH][Rank 0] Done moment 72/108 (task 71): force_integral=+1.654741e+03
  [BOTH][Rank 0] Done moment 72/108 (task 71): force_integral=+1.654741e+03
  [BOTH][Rank 0] Done moment 72/108 (task 71): force_integral=+1.654741e+03
  [BOTH][Rank 0] Done moment 72/108 (task 71): force_integral=+1.654741e+03
  [BOTH][Rank 0] Done moment 72/108 (task 71): force_integral=+1.654741e+03
  [BOTH][Rank 0] Done moment 72/108 (task 71): force_integral=+1.654741e+03
  [BOTH][Rank 0] Done moment 72/108 (task 71): force_integral=+1.654741e+03
  [BOTH][Rank 0] Done moment 72/108 (task 71): force_integral=+1.654741e+03
  [BOTH][Rank 0] Done moment 72/108 (task 71): force_integral=+1.654741e+03
  [BOTH][Rank 0] Done moment 72/108 (task 71): force_integral=+1.654741e+03
  [BOTH][Rank 0] Done moment 72/108 (task 71): force_integral=+1.654741e+03
  [BOTH][Rank 0] Done moment 72/108 (task 71): force_integral=+1.654741e+03
  [BOTH][Rank 0] Done moment 72/108 (task 71): force_integral=+1.654741e+03
  [BOTH][Rank 0] Done moment 72/108 (task 71): force_integral=+1.654741e+03
  [BOTH][Rank 0] Done moment 72/108 (task 71): force_integral=+1.654741e+03
  [BOTH][Rank 0] Done moment 72/108 (task 71): force_integral=+1.654741e+03
  [BOTH][Rank 0] Done moment 72/108 (task 71): force_integral=+1.654741e+03
  [BOTH][Rank 0] Done moment 72/108 (task 71): force_integral=+1.654741e+03
  [BOTH][Rank 0] Done moment 72/108 (task 71): force_integral=+1.654741e+03
  [BOTH][Rank 0] Done moment 72/108 (task 71): force_integral=+1.654741e+03
  [BOTH][Rank 0] Done moment 72/108 (task 71): force_integral=+1.654741e+03
  [BOTH][Rank 0] Done moment 72/108 (task 71): force_integral=+1.654741e+03
  [BOTH][Rank 0] Done moment 72/108 (task 71): force_integral=+1.654741e+03
  [BOTH][Rank 0] Done moment 72/108 (task 71): force_integral=+1.654741e+03
  [BOTH][Rank 0] Done moment 72/108 (task 71): force_integral=+1.654741e+03
  [BOTH][Rank 0] Done moment 72/108 (task 71): force_integral=+1.654741e+03
  [BOTH][Rank 0] Done moment 72/108 (task 71): force_integral=+1.654741e+03
  [BOTH][Rank 0] Done moment 73/108 (task 72): force_integral=+0.000000e+00
  [BOTH][Rank 0] Done moment 73/108 (task 72): force_integral=+0.000000e+00
  [BOTH][Rank 0] Done moment 73/108 (task 72): force_integral=+0.000000e+00
  [BOTH][Rank 0] Done moment 73/108 (task 72): force_integral=+0.000000e+00
  [BOTH][Rank 0] Done moment 73/108 (task 72): force_integral=+0.000000e+00
  [BOTH][Rank 0] Done moment 73/108 (task 72): force_integral=+0.000000e+00
  [BOTH][Rank 0] Done moment 73/108 (task 72): force_integral=+0.000000e+00
  [BOTH][Rank 0] Done moment 73/108 (task 72): force_integral=+0.000000e+00
  [BOTH][Rank 0] Done moment 73/108 (task 72): force_integral=+0.000000e+00
  [BOTH][Rank 0] Done moment 73/108 (task 72): force_integral=+0.000000e+00
  [BOTH][Rank 0] Done moment 73/108 (task 72): force_integral=+0.000000e+00
  [BOTH][Rank 0] Done moment 73/108 (task 72): force_integral=+0.000000e+00
  [BOTH][Rank 0] Done moment 73/108 (task 72): force_integral=+0.000000e+00
  [BOTH][Rank 0] Done moment 73/108 (task 72): force_integral=+0.000000e+00
  [BOTH][Rank 0] Done moment 73/108 (task 72): force_integral=+0.000000e+00
  [BOTH][Rank 0] Done moment 73/108 (task 72): force_integral=+0.000000e+00
  [BOTH][Rank 0] Done moment 73/108 (task 72): force_integral=+0.000000e+00
  [BOTH][Rank 0] Done moment 73/108 (task 72): force_integral=+0.000000e+00
  [BOTH][Rank 0] Done moment 73/108 (task 72): force_integral=+0.000000e+00
  [BOTH][Rank 0] Done moment 73/108 (task 72): force_integral=+0.000000e+00
  [BOTH][Rank 0] Done moment 73/108 (task 72): force_integral=+0.000000e+00
  [BOTH][Rank 0] Done moment 73/108 (task 72): force_integral=+0.000000e+00
  [BOTH][Rank 0] Done moment 73/108 (task 72): force_integral=+0.000000e+00
  [BOTH][Rank 0] Done moment 73/108 (task 72): force_integral=+0.000000e+00
  [BOTH][Rank 0] Done moment 73/108 (task 72): force_integral=+0.000000e+00
  [BOTH][Rank 0] Done moment 73/108 (task 72): force_integral=+0.000000e+00
  [BOTH][Rank 0] Done moment 73/108 (task 72): force_integral=+0.000000e+00
  [BOTH][Rank 0] Done moment 73/108 (task 72): force_integral=+0.000000e+00
  [BOTH][Rank 0] Done moment 73/108 (task 72): force_integral=+0.000000e+00
  [BOTH][Rank 0] Done moment 73/108 (task 72): force_integral=+0.000000e+00
  [BOTH][Rank 0] Done moment 73/108 (task 72): force_integral=+0.000000e+00
  [BOTH][Rank 0] Done moment 73/108 (task 72): force_integral=+0.000000e+00
  [BOTH][Rank 0] Done moment 73/108 (task 72): force_integral=+0.000000e+00
  [BOTH][Rank 0] Done moment 73/108 (task 72): force_integral=+0.000000e+00
  [BOTH][Rank 0] Done moment 73/108 (task 72): force_integral=+0.000000e+00
  [BOTH][Rank 0] Done moment 73/108 (task 72): force_integral=+0.000000e+00
  [BOTH][Rank 0] Done moment 73/108 (task 72): force_integral=+0.000000e+00
  [BOTH][Rank 0] Done moment 73/108 (task 72): force_integral=+0.000000e+00
  [BOTH][Rank 0] Done moment 73/108 (task 72): force_integral=+0.000000e+00
  [BOTH][Rank 0] Done moment 73/108 (task 72): force_integral=+0.000000e+00
  [BOTH][Rank 0] Done moment 73/108 (task 72): force_integral=+0.000000e+00
  [BOTH][Rank 0] Done moment 73/108 (task 72): force_integral=+0.000000e+00
  [BOTH][Rank 0] Done moment 73/108 (task 72): force_integral=+0.000000e+00
  [BOTH][Rank 0] Done moment 73/108 (task 72): force_integral=+0.000000e+00
  [BOTH][Rank 0] Done moment 73/108 (task 72): force_integral=+0.000000e+00
  [BOTH][Rank 0] Done moment 73/108 (task 72): force_integral=+0.000000e+00
  [BOTH][Rank 0] Done moment 73/108 (task 72): force_integral=+0.000000e+00
  [BOTH][Rank 0] Done moment 73/108 (task 72): force_integral=+0.000000e+00
  [BOTH][Rank 0] Done moment 73/108 (task 72): force_integral=+0.000000e+00
  [BOTH][Rank 0] Done moment 73/108 (task 72): force_integral=+0.000000e+00
  [BOTH][Rank 0] Done moment 73/108 (task 72): force_integral=+0.000000e+00
  [BOTH][Rank 0] Done moment 73/108 (task 72): force_integral=+0.000000e+00
  [BOTH][Rank 0] Done moment 73/108 (task 72): force_integral=+0.000000e+00
  [BOTH][Rank 0] Done moment 73/108 (task 72): force_integral=+0.000000e+00
  [BOTH][Rank 0] Done moment 73/108 (task 72): force_integral=+0.000000e+00
  [BOTH][Rank 0] Done moment 73/108 (task 72): force_integral=+0.000000e+00
  [BOTH][Rank 0] Done moment 73/108 (task 72): force_integral=+0.000000e+00
  [BOTH][Rank 0] Done moment 73/108 (task 72): force_integral=+0.000000e+00
  [BOTH][Rank 0] Done moment 73/108 (task 72): force_integral=+0.000000e+00
  [BOTH][Rank 0] Done moment 73/108 (task 72): force_integral=+0.000000e+00
  [BOTH][Rank 0] Done moment 73/108 (task 72): force_integral=+0.000000e+00
  [BOTH][Rank 0] Done moment 73/108 (task 72): force_integral=+0.000000e+00
  [BOTH][Rank 0] Done moment 73/108 (task 72): force_integral=+0.000000e+00
  [BOTH][Rank 0] Done moment 73/108 (task 72): force_integral=+0.000000e+00
  [BOTH][Rank 0] Done moment 73/108 (task 72): force_integral=+0.000000e+00
  [BOTH][Rank 0] Done moment 73/108 (task 72): force_integral=+0.000000e+00
  [BOTH][Rank 0] Done moment 73/108 (task 72): force_integral=+0.000000e+00
  [BOTH][Rank 0] Done moment 73/108 (task 72): force_integral=+0.000000e+00
  [BOTH][Rank 0] Done moment 73/108 (task 72): force_integral=+0.000000e+00
  [BOTH][Rank 0] Done moment 73/108 (task 72): force_integral=+0.000000e+00
  [BOTH][Rank 0] Done moment 73/108 (task 72): force_integral=+0.000000e+00
  [BOTH][Rank 0] Done moment 73/108 (task 72): force_integral=+0.000000e+00
  [BOTH][Rank 0] Done moment 73/108 (task 72): force_integral=+0.000000e+00
  [BOTH][Rank 0] Done moment 73/108 (task 72): force_integral=+0.000000e+00
  [BOTH][Rank 0] Done moment 73/108 (task 72): force_integral=+0.000000e+00
  [BOTH][Rank 0] Done moment 73/108 (task 72): force_integral=+0.000000e+00
  [BOTH][Rank 0] Done moment 73/108 (task 72): force_integral=+0.000000e+00
  [BOTH][Rank 0] Done moment 73/108 (task 72): force_integral=+0.000000e+00
  [BOTH][Rank 0] Done moment 73/108 (task 72): force_integral=+0.000000e+00
  [BOTH][Rank 0] Done moment 73/108 (task 72): force_integral=+0.000000e+00
  [BOTH][Rank 0] Done moment 73/108 (task 72): force_integral=+0.000000e+00
  [BOTH][Rank 0] Done moment 73/108 (task 72): force_integral=+0.000000e+00
  [BOTH][Rank 0] Done moment 73/108 (task 72): force_integral=+0.000000e+00
  [BOTH][Rank 0] Done moment 73/108 (task 72): force_integral=+0.000000e+00
  [BOTH][Rank 0] Done moment 73/108 (task 72): force_integral=+0.000000e+00
  [BOTH][Rank 0] Done moment 73/108 (task 72): force_integral=+0.000000e+00
  [BOTH][Rank 0] Done moment 73/108 (task 72): force_integral=+0.000000e+00
  [BOTH][Rank 0] Done moment 73/108 (task 72): force_integral=+0.000000e+00
  [BOTH][Rank 0] Done moment 73/108 (task 72): force_integral=+0.000000e+00
  [BOTH][Rank 0] Done moment 73/108 (task 72): force_integral=+0.000000e+00
  [BOTH][Rank 0] Done moment 73/108 (task 72): force_integral=+0.000000e+00
  [BOTH][Rank 0] Done moment 73/108 (task 72): force_integral=+0.000000e+00
  [BOTH][Rank 0] Done moment 73/108 (task 72): force_integral=+0.000000e+00
  [BOTH][Rank 0] Done moment 73/108 (task 72): force_integral=+0.000000e+00
  [BOTH][Rank 0] Done moment 73/108 (task 72): force_integral=+0.000000e+00
  [BOTH][Rank 0] Done moment 73/108 (task 72): force_integral=+0.000000e+00
  [BOTH][Rank 0] Done moment 73/108 (task 72): force_integral=+0.000000e+00
  [BOTH][Rank 0] Done moment 73/108 (task 72): force_integral=+0.000000e+00
  [BOTH][Rank 0] Done moment 73/108 (task 72): force_integral=+0.000000e+00
  [BOTH][Rank 0] Done moment 73/108 (task 72): force_integral=+0.000000e+00
  [BOTH][Rank 0] Done moment 73/108 (task 72): force_integral=+0.000000e+00
  [BOTH][Rank 0] Done moment 73/108 (task 72): force_integral=+0.000000e+00
  [BOTH][Rank 0] Done moment 73/108 (task 72): force_integral=+0.000000e+00
  [BOTH][Rank 0] Done moment 73/108 (task 72): force_integral=+0.000000e+00
  [BOTH][Rank 0] Done moment 73/108 (task 72): force_integral=+0.000000e+00
  [BOTH][Rank 0] Done moment 73/108 (task 72): force_integral=+0.000000e+00
  [BOTH][Rank 0] Done moment 73/108 (task 72): force_integral=+0.000000e+00
  [BOTH][Rank 0] Done moment 73/108 (task 72): force_integral=+0.000000e+00
  [BOTH][Rank 0] Done moment 73/108 (task 72): force_integral=+0.000000e+00
  [BOTH][Rank 0] Done moment 73/108 (task 72): force_integral=+0.000000e+00
  [BOTH][Rank 0] Done moment 73/108 (task 72): force_integral=+0.000000e+00
  [BOTH][Rank 0] Done moment 73/108 (task 72): force_integral=+0.000000e+00
  [BOTH][Rank 0] Done moment 73/108 (task 72): force_integral=+0.000000e+00
  [BOTH][Rank 0] Done moment 73/108 (task 72): force_integral=+0.000000e+00
  [BOTH][Rank 0] Done moment 73/108 (task 72): force_integral=+0.000000e+00
  [BOTH][Rank 0] Done moment 73/108 (task 72): force_integral=+0.000000e+00
  [BOTH][Rank 0] Done moment 73/108 (task 72): force_integral=+0.000000e+00
  [BOTH][Rank 0] Done moment 73/108 (task 72): force_integral=+0.000000e+00
  [BOTH][Rank 0] Done moment 73/108 (task 72): force_integral=+0.000000e+00
  [BOTH][Rank 0] Done moment 73/108 (task 72): force_integral=+0.000000e+00
  [BOTH][Rank 0] Done moment 73/108 (task 72): force_integral=+0.000000e+00
  [BOTH][Rank 0] Done moment 73/108 (task 72): force_integral=+0.000000e+00
  [BOTH][Rank 0] Done moment 73/108 (task 72): force_integral=+0.000000e+00
  [BOTH][Rank 0] Done moment 73/108 (task 72): force_integral=+0.000000e+00
  [BOTH][Rank 0] Done moment 73/108 (task 72): force_integral=+0.000000e+00
  [BOTH][Rank 0] Done moment 73/108 (task 72): force_integral=+0.000000e+00
  [BOTH][Rank 0] Done moment 73/108 (task 72): force_integral=+0.000000e+00
  [BOTH][Rank 0] Done moment 73/108 (task 72): force_integral=+0.000000e+00
  [BOTH][Rank 0] Done moment 74/108 (task 73): force_integral=+0.000000e+00
  [BOTH][Rank 0] Done moment 74/108 (task 73): force_integral=+0.000000e+00
  [BOTH][Rank 0] Done moment 74/108 (task 73): force_integral=+0.000000e+00
  [BOTH][Rank 0] Done moment 74/108 (task 73): force_integral=+0.000000e+00
  [BOTH][Rank 0] Done moment 74/108 (task 73): force_integral=+0.000000e+00
  [BOTH][Rank 0] Done moment 74/108 (task 73): force_integral=+0.000000e+00
  [BOTH][Rank 0] Done moment 74/108 (task 73): force_integral=+0.000000e+00
  [BOTH][Rank 0] Done moment 74/108 (task 73): force_integral=+0.000000e+00
  [BOTH][Rank 0] Done moment 74/108 (task 73): force_integral=+0.000000e+00
  [BOTH][Rank 0] Done moment 74/108 (task 73): force_integral=+0.000000e+00
  [BOTH][Rank 0] Done moment 74/108 (task 73): force_integral=+0.000000e+00
  [BOTH][Rank 0] Done moment 74/108 (task 73): force_integral=+0.000000e+00
  [BOTH][Rank 0] Done moment 74/108 (task 73): force_integral=+0.000000e+00
  [BOTH][Rank 0] Done moment 74/108 (task 73): force_integral=+0.000000e+00
  [BOTH][Rank 0] Done moment 74/108 (task 73): force_integral=+0.000000e+00
  [BOTH][Rank 0] Done moment 74/108 (task 73): force_integral=+0.000000e+00
  [BOTH][Rank 0] Done moment 74/108 (task 73): force_integral=+0.000000e+00
  [BOTH][Rank 0] Done moment 74/108 (task 73): force_integral=+0.000000e+00
  [BOTH][Rank 0] Done moment 74/108 (task 73): force_integral=+0.000000e+00
  [BOTH][Rank 0] Done moment 74/108 (task 73): force_integral=+0.000000e+00
  [BOTH][Rank 0] Done moment 74/108 (task 73): force_integral=+0.000000e+00
  [BOTH][Rank 0] Done moment 74/108 (task 73): force_integral=+0.000000e+00
  [BOTH][Rank 0] Done moment 74/108 (task 73): force_integral=+0.000000e+00
  [BOTH][Rank 0] Done moment 74/108 (task 73): force_integral=+0.000000e+00
  [BOTH][Rank 0] Done moment 74/108 (task 73): force_integral=+0.000000e+00
  [BOTH][Rank 0] Done moment 74/108 (task 73): force_integral=+0.000000e+00
  [BOTH][Rank 0] Done moment 74/108 (task 73): force_integral=+0.000000e+00
  [BOTH][Rank 0] Done moment 74/108 (task 73): force_integral=+0.000000e+00
  [BOTH][Rank 0] Done moment 74/108 (task 73): force_integral=+0.000000e+00
  [BOTH][Rank 0] Done moment 74/108 (task 73): force_integral=+0.000000e+00
  [BOTH][Rank 0] Done moment 74/108 (task 73): force_integral=+0.000000e+00
  [BOTH][Rank 0] Done moment 74/108 (task 73): force_integral=+0.000000e+00
  [BOTH][Rank 0] Done moment 74/108 (task 73): force_integral=+0.000000e+00
  [BOTH][Rank 0] Done moment 74/108 (task 73): force_integral=+0.000000e+00
  [BOTH][Rank 0] Done moment 74/108 (task 73): force_integral=+0.000000e+00
  [BOTH][Rank 0] Done moment 74/108 (task 73): force_integral=+0.000000e+00
  [BOTH][Rank 0] Done moment 74/108 (task 73): force_integral=+0.000000e+00
  [BOTH][Rank 0] Done moment 74/108 (task 73): force_integral=+0.000000e+00
  [BOTH][Rank 0] Done moment 74/108 (task 73): force_integral=+0.000000e+00
  [BOTH][Rank 0] Done moment 74/108 (task 73): force_integral=+0.000000e+00
  [BOTH][Rank 0] Done moment 74/108 (task 73): force_integral=+0.000000e+00
  [BOTH][Rank 0] Done moment 74/108 (task 73): force_integral=+0.000000e+00
  [BOTH][Rank 0] Done moment 74/108 (task 73): force_integral=+0.000000e+00
  [BOTH][Rank 0] Done moment 74/108 (task 73): force_integral=+0.000000e+00
  [BOTH][Rank 0] Done moment 74/108 (task 73): force_integral=+0.000000e+00
  [BOTH][Rank 0] Done moment 74/108 (task 73): force_integral=+0.000000e+00
  [BOTH][Rank 0] Done moment 74/108 (task 73): force_integral=+0.000000e+00
  [BOTH][Rank 0] Done moment 74/108 (task 73): force_integral=+0.000000e+00
  [BOTH][Rank 0] Done moment 74/108 (task 73): force_integral=+0.000000e+00
  [BOTH][Rank 0] Done moment 74/108 (task 73): force_integral=+0.000000e+00
  [BOTH][Rank 0] Done moment 74/108 (task 73): force_integral=+0.000000e+00
  [BOTH][Rank 0] Done moment 74/108 (task 73): force_integral=+0.000000e+00
  [BOTH][Rank 0] Done moment 74/108 (task 73): force_integral=+0.000000e+00
  [BOTH][Rank 0] Done moment 74/108 (task 73): force_integral=+0.000000e+00
  [BOTH][Rank 0] Done moment 74/108 (task 73): force_integral=+0.000000e+00
  [BOTH][Rank 0] Done moment 74/108 (task 73): force_integral=+0.000000e+00
  [BOTH][Rank 0] Done moment 74/108 (task 73): force_integral=+0.000000e+00
  [BOTH][Rank 0] Done moment 74/108 (task 73): force_integral=+0.000000e+00
  [BOTH][Rank 0] Done moment 74/108 (task 73): force_integral=+0.000000e+00
  [BOTH][Rank 0] Done moment 74/108 (task 73): force_integral=+0.000000e+00
  [BOTH][Rank 0] Done moment 74/108 (task 73): force_integral=+0.000000e+00
  [BOTH][Rank 0] Done moment 74/108 (task 73): force_integral=+0.000000e+00
  [BOTH][Rank 0] Done moment 74/108 (task 73): force_integral=+0.000000e+00
  [BOTH][Rank 0] Done moment 74/108 (task 73): force_integral=+0.000000e+00
  [BOTH][Rank 0] Done moment 74/108 (task 73): force_integral=+0.000000e+00
  [BOTH][Rank 0] Done moment 74/108 (task 73): force_integral=+0.000000e+00
  [BOTH][Rank 0] Done moment 74/108 (task 73): force_integral=+0.000000e+00
  [BOTH][Rank 0] Done moment 74/108 (task 73): force_integral=+0.000000e+00
  [BOTH][Rank 0] Done moment 74/108 (task 73): force_integral=+0.000000e+00
  [BOTH][Rank 0] Done moment 74/108 (task 73): force_integral=+0.000000e+00
  [BOTH][Rank 0] Done moment 74/108 (task 73): force_integral=+0.000000e+00
  [BOTH][Rank 0] Done moment 74/108 (task 73): force_integral=+0.000000e+00
  [BOTH][Rank 0] Done moment 74/108 (task 73): force_integral=+0.000000e+00
  [BOTH][Rank 0] Done moment 74/108 (task 73): force_integral=+0.000000e+00
  [BOTH][Rank 0] Done moment 74/108 (task 73): force_integral=+0.000000e+00
  [BOTH][Rank 0] Done moment 74/108 (task 73): force_integral=+0.000000e+00
  [BOTH][Rank 0] Done moment 74/108 (task 73): force_integral=+0.000000e+00
  [BOTH][Rank 0] Done moment 74/108 (task 73): force_integral=+0.000000e+00
  [BOTH][Rank 0] Done moment 74/108 (task 73): force_integral=+0.000000e+00
  [BOTH][Rank 0] Done moment 74/108 (task 73): force_integral=+0.000000e+00
  [BOTH][Rank 0] Done moment 74/108 (task 73): force_integral=+0.000000e+00
  [BOTH][Rank 0] Done moment 74/108 (task 73): force_integral=+0.000000e+00
  [BOTH][Rank 0] Done moment 74/108 (task 73): force_integral=+0.000000e+00
  [BOTH][Rank 0] Done moment 74/108 (task 73): force_integral=+0.000000e+00
  [BOTH][Rank 0] Done moment 74/108 (task 73): force_integral=+0.000000e+00
  [BOTH][Rank 0] Done moment 74/108 (task 73): force_integral=+0.000000e+00
  [BOTH][Rank 0] Done moment 74/108 (task 73): force_integral=+0.000000e+00
  [BOTH][Rank 0] Done moment 74/108 (task 73): force_integral=+0.000000e+00
  [BOTH][Rank 0] Done moment 74/108 (task 73): force_integral=+0.000000e+00
  [BOTH][Rank 0] Done moment 74/108 (task 73): force_integral=+0.000000e+00
  [BOTH][Rank 0] Done moment 74/108 (task 73): force_integral=+0.000000e+00
  [BOTH][Rank 0] Done moment 74/108 (task 73): force_integral=+0.000000e+00
  [BOTH][Rank 0] Done moment 74/108 (task 73): force_integral=+0.000000e+00
  [BOTH][Rank 0] Done moment 74/108 (task 73): force_integral=+0.000000e+00
  [BOTH][Rank 0] Done moment 74/108 (task 73): force_integral=+0.000000e+00
  [BOTH][Rank 0] Done moment 74/108 (task 73): force_integral=+0.000000e+00
  [BOTH][Rank 0] Done moment 74/108 (task 73): force_integral=+0.000000e+00
  [BOTH][Rank 0] Done moment 74/108 (task 73): force_integral=+0.000000e+00
  [BOTH][Rank 0] Done moment 74/108 (task 73): force_integral=+0.000000e+00
  [BOTH][Rank 0] Done moment 74/108 (task 73): force_integral=+0.000000e+00
  [BOTH][Rank 0] Done moment 74/108 (task 73): force_integral=+0.000000e+00
  [BOTH][Rank 0] Done moment 74/108 (task 73): force_integral=+0.000000e+00
  [BOTH][Rank 0] Done moment 74/108 (task 73): force_integral=+0.000000e+00
  [BOTH][Rank 0] Done moment 74/108 (task 73): force_integral=+0.000000e+00
  [BOTH][Rank 0] Done moment 74/108 (task 73): force_integral=+0.000000e+00
  [BOTH][Rank 0] Done moment 74/108 (task 73): force_integral=+0.000000e+00
  [BOTH][Rank 0] Done moment 74/108 (task 73): force_integral=+0.000000e+00
  [BOTH][Rank 0] Done moment 74/108 (task 73): force_integral=+0.000000e+00
  [BOTH][Rank 0] Done moment 74/108 (task 73): force_integral=+0.000000e+00
  [BOTH][Rank 0] Done moment 74/108 (task 73): force_integral=+0.000000e+00
  [BOTH][Rank 0] Done moment 74/108 (task 73): force_integral=+0.000000e+00
  [BOTH][Rank 0] Done moment 74/108 (task 73): force_integral=+0.000000e+00
  [BOTH][Rank 0] Done moment 74/108 (task 73): force_integral=+0.000000e+00
  [BOTH][Rank 0] Done moment 74/108 (task 73): force_integral=+0.000000e+00
  [BOTH][Rank 0] Done moment 74/108 (task 73): force_integral=+0.000000e+00
  [BOTH][Rank 0] Done moment 74/108 (task 73): force_integral=+0.000000e+00
  [BOTH][Rank 0] Done moment 74/108 (task 73): force_integral=+0.000000e+00
  [BOTH][Rank 0] Done moment 74/108 (task 73): force_integral=+0.000000e+00
  [BOTH][Rank 0] Done moment 74/108 (task 73): force_integral=+0.000000e+00
  [BOTH][Rank 0] Done moment 74/108 (task 73): force_integral=+0.000000e+00
  [BOTH][Rank 0] Done moment 74/108 (task 73): force_integral=+0.000000e+00
  [BOTH][Rank 0] Done moment 74/108 (task 73): force_integral=+0.000000e+00
  [BOTH][Rank 0] Done moment 74/108 (task 73): force_integral=+0.000000e+00
  [BOTH][Rank 0] Done moment 74/108 (task 73): force_integral=+0.000000e+00
  [BOTH][Rank 0] Done moment 74/108 (task 73): force_integral=+0.000000e+00
  [BOTH][Rank 0] Done moment 74/108 (task 73): force_integral=+0.000000e+00
  [BOTH][Rank 0] Done moment 74/108 (task 73): force_integral=+0.000000e+00
  [BOTH][Rank 0] Done moment 74/108 (task 73): force_integral=+0.000000e+00
  [BOTH][Rank 0] Done moment 75/108 (task 74): force_integral=-2.399236e+00
  [BOTH][Rank 0] Done moment 75/108 (task 74): force_integral=-2.399236e+00
  [BOTH][Rank 0] Done moment 75/108 (task 74): force_integral=-2.399236e+00
  [BOTH][Rank 0] Done moment 75/108 (task 74): force_integral=-2.399236e+00
  [BOTH][Rank 0] Done moment 75/108 (task 74): force_integral=-2.399236e+00
  [BOTH][Rank 0] Done moment 75/108 (task 74): force_integral=-2.399236e+00
  [BOTH][Rank 0] Done moment 75/108 (task 74): force_integral=-2.399236e+00
  [BOTH][Rank 0] Done moment 75/108 (task 74): force_integral=-2.399236e+00
  [BOTH][Rank 0] Done moment 75/108 (task 74): force_integral=-2.399236e+00
  [BOTH][Rank 0] Done moment 75/108 (task 74): force_integral=-2.399236e+00
  [BOTH][Rank 0] Done moment 75/108 (task 74): force_integral=-2.399236e+00
  [BOTH][Rank 0] Done moment 75/108 (task 74): force_integral=-2.399236e+00
  [BOTH][Rank 0] Done moment 75/108 (task 74): force_integral=-2.399236e+00
  [BOTH][Rank 0] Done moment 75/108 (task 74): force_integral=-2.399236e+00
  [BOTH][Rank 0] Done moment 75/108 (task 74): force_integral=-2.399236e+00
  [BOTH][Rank 0] Done moment 75/108 (task 74): force_integral=-2.399236e+00
  [BOTH][Rank 0] Done moment 75/108 (task 74): force_integral=-2.399236e+00
  [BOTH][Rank 0] Done moment 75/108 (task 74): force_integral=-2.399236e+00
  [BOTH][Rank 0] Done moment 75/108 (task 74): force_integral=-2.399236e+00
  [BOTH][Rank 0] Done moment 75/108 (task 74): force_integral=-2.399236e+00
  [BOTH][Rank 0] Done moment 75/108 (task 74): force_integral=-2.399236e+00
  [BOTH][Rank 0] Done moment 75/108 (task 74): force_integral=-2.399236e+00
  [BOTH][Rank 0] Done moment 75/108 (task 74): force_integral=-2.399236e+00
  [BOTH][Rank 0] Done moment 75/108 (task 74): force_integral=-2.399236e+00
  [BOTH][Rank 0] Done moment 75/108 (task 74): force_integral=-2.399236e+00
  [BOTH][Rank 0] Done moment 75/108 (task 74): force_integral=-2.399236e+00
  [BOTH][Rank 0] Done moment 75/108 (task 74): force_integral=-2.399236e+00
  [BOTH][Rank 0] Done moment 75/108 (task 74): force_integral=-2.399236e+00
  [BOTH][Rank 0] Done moment 75/108 (task 74): force_integral=-2.399236e+00
  [BOTH][Rank 0] Done moment 75/108 (task 74): force_integral=-2.399236e+00
  [BOTH][Rank 0] Done moment 75/108 (task 74): force_integral=-2.399236e+00
  [BOTH][Rank 0] Done moment 75/108 (task 74): force_integral=-2.399236e+00
  [BOTH][Rank 0] Done moment 75/108 (task 74): force_integral=-2.399236e+00
  [BOTH][Rank 0] Done moment 75/108 (task 74): force_integral=-2.399236e+00
  [BOTH][Rank 0] Done moment 75/108 (task 74): force_integral=-2.399236e+00
  [BOTH][Rank 0] Done moment 75/108 (task 74): force_integral=-2.399236e+00
  [BOTH][Rank 0] Done moment 75/108 (task 74): force_integral=-2.399236e+00
  [BOTH][Rank 0] Done moment 75/108 (task 74): force_integral=-2.399236e+00
  [BOTH][Rank 0] Done moment 75/108 (task 74): force_integral=-2.399236e+00
  [BOTH][Rank 0] Done moment 75/108 (task 74): force_integral=-2.399236e+00
  [BOTH][Rank 0] Done moment 75/108 (task 74): force_integral=-2.399236e+00
  [BOTH][Rank 0] Done moment 75/108 (task 74): force_integral=-2.399236e+00
  [BOTH][Rank 0] Done moment 75/108 (task 74): force_integral=-2.399236e+00
  [BOTH][Rank 0] Done moment 75/108 (task 74): force_integral=-2.399236e+00
  [BOTH][Rank 0] Done moment 75/108 (task 74): force_integral=-2.399236e+00
  [BOTH][Rank 0] Done moment 75/108 (task 74): force_integral=-2.399236e+00
  [BOTH][Rank 0] Done moment 75/108 (task 74): force_integral=-2.399236e+00
  [BOTH][Rank 0] Done moment 75/108 (task 74): force_integral=-2.399236e+00
  [BOTH][Rank 0] Done moment 75/108 (task 74): force_integral=-2.399236e+00
  [BOTH][Rank 0] Done moment 75/108 (task 74): force_integral=-2.399236e+00
  [BOTH][Rank 0] Done moment 75/108 (task 74): force_integral=-2.399236e+00
  [BOTH][Rank 0] Done moment 75/108 (task 74): force_integral=-2.399236e+00
  [BOTH][Rank 0] Done moment 75/108 (task 74): force_integral=-2.399236e+00
  [BOTH][Rank 0] Done moment 75/108 (task 74): force_integral=-2.399236e+00
  [BOTH][Rank 0] Done moment 75/108 (task 74): force_integral=-2.399236e+00
  [BOTH][Rank 0] Done moment 75/108 (task 74): force_integral=-2.399236e+00
  [BOTH][Rank 0] Done moment 75/108 (task 74): force_integral=-2.399236e+00
  [BOTH][Rank 0] Done moment 75/108 (task 74): force_integral=-2.399236e+00
  [BOTH][Rank 0] Done moment 75/108 (task 74): force_integral=-2.399236e+00
  [BOTH][Rank 0] Done moment 75/108 (task 74): force_integral=-2.399236e+00
  [BOTH][Rank 0] Done moment 75/108 (task 74): force_integral=-2.399236e+00
  [BOTH][Rank 0] Done moment 75/108 (task 74): force_integral=-2.399236e+00
  [BOTH][Rank 0] Done moment 75/108 (task 74): force_integral=-2.399236e+00
  [BOTH][Rank 0] Done moment 75/108 (task 74): force_integral=-2.399236e+00
  [BOTH][Rank 0] Done moment 75/108 (task 74): force_integral=-2.399236e+00
  [BOTH][Rank 0] Done moment 75/108 (task 74): force_integral=-2.399236e+00
  [BOTH][Rank 0] Done moment 75/108 (task 74): force_integral=-2.399236e+00
  [BOTH][Rank 0] Done moment 75/108 (task 74): force_integral=-2.399236e+00
  [BOTH][Rank 0] Done moment 75/108 (task 74): force_integral=-2.399236e+00
  [BOTH][Rank 0] Done moment 75/108 (task 74): force_integral=-2.399236e+00
  [BOTH][Rank 0] Done moment 75/108 (task 74): force_integral=-2.399236e+00
  [BOTH][Rank 0] Done moment 75/108 (task 74): force_integral=-2.399236e+00
  [BOTH][Rank 0] Done moment 75/108 (task 74): force_integral=-2.399236e+00
  [BOTH][Rank 0] Done moment 75/108 (task 74): force_integral=-2.399236e+00
  [BOTH][Rank 0] Done moment 75/108 (task 74): force_integral=-2.399236e+00
  [BOTH][Rank 0] Done moment 75/108 (task 74): force_integral=-2.399236e+00
  [BOTH][Rank 0] Done moment 75/108 (task 74): force_integral=-2.399236e+00
  [BOTH][Rank 0] Done moment 75/108 (task 74): force_integral=-2.399236e+00
  [BOTH][Rank 0] Done moment 75/108 (task 74): force_integral=-2.399236e+00
  [BOTH][Rank 0] Done moment 75/108 (task 74): force_integral=-2.399236e+00
  [BOTH][Rank 0] Done moment 75/108 (task 74): force_integral=-2.399236e+00
  [BOTH][Rank 0] Done moment 75/108 (task 74): force_integral=-2.399236e+00
  [BOTH][Rank 0] Done moment 75/108 (task 74): force_integral=-2.399236e+00
  [BOTH][Rank 0] Done moment 75/108 (task 74): force_integral=-2.399236e+00
  [BOTH][Rank 0] Done moment 75/108 (task 74): force_integral=-2.399236e+00
  [BOTH][Rank 0] Done moment 75/108 (task 74): force_integral=-2.399236e+00
  [BOTH][Rank 0] Done moment 75/108 (task 74): force_integral=-2.399236e+00
  [BOTH][Rank 0] Done moment 75/108 (task 74): force_integral=-2.399236e+00
  [BOTH][Rank 0] Done moment 75/108 (task 74): force_integral=-2.399236e+00
  [BOTH][Rank 0] Done moment 75/108 (task 74): force_integral=-2.399236e+00
  [BOTH][Rank 0] Done moment 75/108 (task 74): force_integral=-2.399236e+00
  [BOTH][Rank 0] Done moment 75/108 (task 74): force_integral=-2.399236e+00
  [BOTH][Rank 0] Done moment 75/108 (task 74): force_integral=-2.399236e+00
  [BOTH][Rank 0] Done moment 75/108 (task 74): force_integral=-2.399236e+00
  [BOTH][Rank 0] Done moment 75/108 (task 74): force_integral=-2.399236e+00
  [BOTH][Rank 0] Done moment 75/108 (task 74): force_integral=-2.399236e+00
  [BOTH][Rank 0] Done moment 75/108 (task 74): force_integral=-2.399236e+00
  [BOTH][Rank 0] Done moment 75/108 (task 74): force_integral=-2.399236e+00
  [BOTH][Rank 0] Done moment 75/108 (task 74): force_integral=-2.399236e+00
  [BOTH][Rank 0] Done moment 75/108 (task 74): force_integral=-2.399236e+00
  [BOTH][Rank 0] Done moment 75/108 (task 74): force_integral=-2.399236e+00
  [BOTH][Rank 0] Done moment 75/108 (task 74): force_integral=-2.399236e+00
  [BOTH][Rank 0] Done moment 75/108 (task 74): force_integral=-2.399236e+00
  [BOTH][Rank 0] Done moment 75/108 (task 74): force_integral=-2.399236e+00
  [BOTH][Rank 0] Done moment 75/108 (task 74): force_integral=-2.399236e+00
  [BOTH][Rank 0] Done moment 75/108 (task 74): force_integral=-2.399236e+00
  [BOTH][Rank 0] Done moment 75/108 (task 74): force_integral=-2.399236e+00
  [BOTH][Rank 0] Done moment 75/108 (task 74): force_integral=-2.399236e+00
  [BOTH][Rank 0] Done moment 75/108 (task 74): force_integral=-2.399236e+00
  [BOTH][Rank 0] Done moment 75/108 (task 74): force_integral=-2.399236e+00
  [BOTH][Rank 0] Done moment 75/108 (task 74): force_integral=-2.399236e+00
  [BOTH][Rank 0] Done moment 75/108 (task 74): force_integral=-2.399236e+00
  [BOTH][Rank 0] Done moment 75/108 (task 74): force_integral=-2.399236e+00
  [BOTH][Rank 0] Done moment 75/108 (task 74): force_integral=-2.399236e+00
  [BOTH][Rank 0] Done moment 75/108 (task 74): force_integral=-2.399236e+00
  [BOTH][Rank 0] Done moment 75/108 (task 74): force_integral=-2.399236e+00
  [BOTH][Rank 0] Done moment 75/108 (task 74): force_integral=-2.399236e+00
  [BOTH][Rank 0] Done moment 75/108 (task 74): force_integral=-2.399236e+00
  [BOTH][Rank 0] Done moment 75/108 (task 74): force_integral=-2.399236e+00
  [BOTH][Rank 0] Done moment 75/108 (task 74): force_integral=-2.399236e+00
  [BOTH][Rank 0] Done moment 75/108 (task 74): force_integral=-2.399236e+00
  [BOTH][Rank 0] Done moment 76/108 (task 75): force_integral=-2.399236e+00
  [BOTH][Rank 0] Done moment 75/108 (task 74): force_integral=-2.399236e+00
  [BOTH][Rank 0] Done moment 75/108 (task 74): force_integral=-2.399236e+00
  [BOTH][Rank 0] Done moment 75/108 (task 74): force_integral=-2.399236e+00
  [BOTH][Rank 0] Done moment 75/108 (task 74): force_integral=-2.399236e+00
  [BOTH][Rank 0] Done moment 75/108 (task 74): force_integral=-2.399236e+00
  [BOTH][Rank 0] Done moment 75/108 (task 74): force_integral=-2.399236e+00
  [BOTH][Rank 0] Done moment 75/108 (task 74): force_integral=-2.399236e+00
  [BOTH][Rank 0] Done moment 76/108 (task 75): force_integral=-2.399236e+00
  [BOTH][Rank 0] Done moment 76/108 (task 75): force_integral=-2.399236e+00
  [BOTH][Rank 0] Done moment 76/108 (task 75): force_integral=-2.399236e+00
  [BOTH][Rank 0] Done moment 76/108 (task 75): force_integral=-2.399236e+00
  [BOTH][Rank 0] Done moment 76/108 (task 75): force_integral=-2.399236e+00
  [BOTH][Rank 0] Done moment 76/108 (task 75): force_integral=-2.399236e+00
  [BOTH][Rank 0] Done moment 76/108 (task 75): force_integral=-2.399236e+00
  [BOTH][Rank 0] Done moment 76/108 (task 75): force_integral=-2.399236e+00
  [BOTH][Rank 0] Done moment 76/108 (task 75): force_integral=-2.399236e+00
  [BOTH][Rank 0] Done moment 76/108 (task 75): force_integral=-2.399236e+00
  [BOTH][Rank 0] Done moment 76/108 (task 75): force_integral=-2.399236e+00
  [BOTH][Rank 0] Done moment 76/108 (task 75): force_integral=-2.399236e+00
  [BOTH][Rank 0] Done moment 76/108 (task 75): force_integral=-2.399236e+00
  [BOTH][Rank 0] Done moment 76/108 (task 75): force_integral=-2.399236e+00
  [BOTH][Rank 0] Done moment 76/108 (task 75): force_integral=-2.399236e+00
  [BOTH][Rank 0] Done moment 76/108 (task 75): force_integral=-2.399236e+00
  [BOTH][Rank 0] Done moment 76/108 (task 75): force_integral=-2.399236e+00
  [BOTH][Rank 0] Done moment 76/108 (task 75): force_integral=-2.399236e+00
  [BOTH][Rank 0] Done moment 76/108 (task 75): force_integral=-2.399236e+00
  [BOTH][Rank 0] Done moment 76/108 (task 75): force_integral=-2.399236e+00
  [BOTH][Rank 0] Done moment 76/108 (task 75): force_integral=-2.399236e+00
  [BOTH][Rank 0] Done moment 76/108 (task 75): force_integral=-2.399236e+00
  [BOTH][Rank 0] Done moment 76/108 (task 75): force_integral=-2.399236e+00
  [BOTH][Rank 0] Done moment 76/108 (task 75): force_integral=-2.399236e+00
  [BOTH][Rank 0] Done moment 76/108 (task 75): force_integral=-2.399236e+00
  [BOTH][Rank 0] Done moment 76/108 (task 75): force_integral=-2.399236e+00
  [BOTH][Rank 0] Done moment 76/108 (task 75): force_integral=-2.399236e+00
  [BOTH][Rank 0] Done moment 76/108 (task 75): force_integral=-2.399236e+00
  [BOTH][Rank 0] Done moment 76/108 (task 75): force_integral=-2.399236e+00
  [BOTH][Rank 0] Done moment 76/108 (task 75): force_integral=-2.399236e+00
  [BOTH][Rank 0] Done moment 76/108 (task 75): force_integral=-2.399236e+00
  [BOTH][Rank 0] Done moment 76/108 (task 75): force_integral=-2.399236e+00
  [BOTH][Rank 0] Done moment 76/108 (task 75): force_integral=-2.399236e+00
  [BOTH][Rank 0] Done moment 76/108 (task 75): force_integral=-2.399236e+00
  [BOTH][Rank 0] Done moment 76/108 (task 75): force_integral=-2.399236e+00
  [BOTH][Rank 0] Done moment 76/108 (task 75): force_integral=-2.399236e+00
  [BOTH][Rank 0] Done moment 76/108 (task 75): force_integral=-2.399236e+00
  [BOTH][Rank 0] Done moment 76/108 (task 75): force_integral=-2.399236e+00
  [BOTH][Rank 0] Done moment 76/108 (task 75): force_integral=-2.399236e+00
  [BOTH][Rank 0] Done moment 76/108 (task 75): force_integral=-2.399236e+00
  [BOTH][Rank 0] Done moment 76/108 (task 75): force_integral=-2.399236e+00
  [BOTH][Rank 0] Done moment 76/108 (task 75): force_integral=-2.399236e+00
  [BOTH][Rank 0] Done moment 76/108 (task 75): force_integral=-2.399236e+00
  [BOTH][Rank 0] Done moment 76/108 (task 75): force_integral=-2.399236e+00
  [BOTH][Rank 0] Done moment 76/108 (task 75): force_integral=-2.399236e+00
  [BOTH][Rank 0] Done moment 76/108 (task 75): force_integral=-2.399236e+00
  [BOTH][Rank 0] Done moment 76/108 (task 75): force_integral=-2.399236e+00
  [BOTH][Rank 0] Done moment 76/108 (task 75): force_integral=-2.399236e+00
  [BOTH][Rank 0] Done moment 76/108 (task 75): force_integral=-2.399236e+00
  [BOTH][Rank 0] Done moment 76/108 (task 75): force_integral=-2.399236e+00
  [BOTH][Rank 0] Done moment 76/108 (task 75): force_integral=-2.399236e+00
  [BOTH][Rank 0] Done moment 76/108 (task 75): force_integral=-2.399236e+00
  [BOTH][Rank 0] Done moment 76/108 (task 75): force_integral=-2.399236e+00
  [BOTH][Rank 0] Done moment 76/108 (task 75): force_integral=-2.399236e+00
  [BOTH][Rank 0] Done moment 76/108 (task 75): force_integral=-2.399236e+00
  [BOTH][Rank 0] Done moment 76/108 (task 75): force_integral=-2.399236e+00
  [BOTH][Rank 0] Done moment 76/108 (task 75): force_integral=-2.399236e+00
  [BOTH][Rank 0] Done moment 76/108 (task 75): force_integral=-2.399236e+00
  [BOTH][Rank 0] Done moment 76/108 (task 75): force_integral=-2.399236e+00
  [BOTH][Rank 0] Done moment 76/108 (task 75): force_integral=-2.399236e+00
  [BOTH][Rank 0] Done moment 76/108 (task 75): force_integral=-2.399236e+00
  [BOTH][Rank 0] Done moment 76/108 (task 75): force_integral=-2.399236e+00
  [BOTH][Rank 0] Done moment 76/108 (task 75): force_integral=-2.399236e+00
  [BOTH][Rank 0] Done moment 76/108 (task 75): force_integral=-2.399236e+00
  [BOTH][Rank 0] Done moment 76/108 (task 75): force_integral=-2.399236e+00
  [BOTH][Rank 0] Done moment 76/108 (task 75): force_integral=-2.399236e+00
  [BOTH][Rank 0] Done moment 76/108 (task 75): force_integral=-2.399236e+00
  [BOTH][Rank 0] Done moment 76/108 (task 75): force_integral=-2.399236e+00
  [BOTH][Rank 0] Done moment 76/108 (task 75): force_integral=-2.399236e+00
  [BOTH][Rank 0] Done moment 76/108 (task 75): force_integral=-2.399236e+00
  [BOTH][Rank 0] Done moment 76/108 (task 75): force_integral=-2.399236e+00
  [BOTH][Rank 0] Done moment 76/108 (task 75): force_integral=-2.399236e+00
  [BOTH][Rank 0] Done moment 76/108 (task 75): force_integral=-2.399236e+00
  [BOTH][Rank 0] Done moment 76/108 (task 75): force_integral=-2.399236e+00
  [BOTH][Rank 0] Done moment 76/108 (task 75): force_integral=-2.399236e+00
  [BOTH][Rank 0] Done moment 76/108 (task 75): force_integral=-2.399236e+00
  [BOTH][Rank 0] Done moment 76/108 (task 75): force_integral=-2.399236e+00
  [BOTH][Rank 0] Done moment 76/108 (task 75): force_integral=-2.399236e+00
  [BOTH][Rank 0] Done moment 76/108 (task 75): force_integral=-2.399236e+00
  [BOTH][Rank 0] Done moment 76/108 (task 75): force_integral=-2.399236e+00
  [BOTH][Rank 0] Done moment 76/108 (task 75): force_integral=-2.399236e+00
  [BOTH][Rank 0] Done moment 76/108 (task 75): force_integral=-2.399236e+00
  [BOTH][Rank 0] Done moment 76/108 (task 75): force_integral=-2.399236e+00
  [BOTH][Rank 0] Done moment 76/108 (task 75): force_integral=-2.399236e+00
  [BOTH][Rank 0] Done moment 76/108 (task 75): force_integral=-2.399236e+00
  [BOTH][Rank 0] Done moment 76/108 (task 75): force_integral=-2.399236e+00
  [BOTH][Rank 0] Done moment 76/108 (task 75): force_integral=-2.399236e+00
  [BOTH][Rank 0] Done moment 76/108 (task 75): force_integral=-2.399236e+00
  [BOTH][Rank 0] Done moment 76/108 (task 75): force_integral=-2.399236e+00
  [BOTH][Rank 0] Done moment 76/108 (task 75): force_integral=-2.399236e+00
  [BOTH][Rank 0] Done moment 76/108 (task 75): force_integral=-2.399236e+00
  [BOTH][Rank 0] Done moment 76/108 (task 75): force_integral=-2.399236e+00
  [BOTH][Rank 0] Done moment 76/108 (task 75): force_integral=-2.399236e+00
  [BOTH][Rank 0] Done moment 76/108 (task 75): force_integral=-2.399236e+00
  [BOTH][Rank 0] Done moment 76/108 (task 75): force_integral=-2.399236e+00
  [BOTH][Rank 0] Done moment 76/108 (task 75): force_integral=-2.399236e+00
  [BOTH][Rank 0] Done moment 76/108 (task 75): force_integral=-2.399236e+00
  [BOTH][Rank 0] Done moment 76/108 (task 75): force_integral=-2.399236e+00
  [BOTH][Rank 0] Done moment 76/108 (task 75): force_integral=-2.399236e+00
  [BOTH][Rank 0] Done moment 76/108 (task 75): force_integral=-2.399236e+00
  [BOTH][Rank 0] Done moment 76/108 (task 75): force_integral=-2.399236e+00
  [BOTH][Rank 0] Done moment 76/108 (task 75): force_integral=-2.399236e+00
  [BOTH][Rank 0] Done moment 76/108 (task 75): force_integral=-2.399236e+00
  [BOTH][Rank 0] Done moment 76/108 (task 75): force_integral=-2.399236e+00
  [BOTH][Rank 0] Done moment 76/108 (task 75): force_integral=-2.399236e+00
  [BOTH][Rank 0] Done moment 76/108 (task 75): force_integral=-2.399236e+00
  [BOTH][Rank 0] Done moment 76/108 (task 75): force_integral=-2.399236e+00
  [BOTH][Rank 0] Done moment 76/108 (task 75): force_integral=-2.399236e+00
  [BOTH][Rank 0] Done moment 76/108 (task 75): force_integral=-2.399236e+00
  [BOTH][Rank 0] Done moment 76/108 (task 75): force_integral=-2.399236e+00
  [BOTH][Rank 0] Done moment 76/108 (task 75): force_integral=-2.399236e+00
  [BOTH][Rank 0] Done moment 76/108 (task 75): force_integral=-2.399236e+00
  [BOTH][Rank 0] Done moment 77/108 (task 76): force_integral=-1.553381e+03
  [BOTH][Rank 0] Done moment 76/108 (task 75): force_integral=-2.399236e+00
  [BOTH][Rank 0] Done moment 76/108 (task 75): force_integral=-2.399236e+00
  [BOTH][Rank 0] Done moment 76/108 (task 75): force_integral=-2.399236e+00
  [BOTH][Rank 0] Done moment 76/108 (task 75): force_integral=-2.399236e+00
  [BOTH][Rank 0] Done moment 76/108 (task 75): force_integral=-2.399236e+00
  [BOTH][Rank 0] Done moment 76/108 (task 75): force_integral=-2.399236e+00
  [BOTH][Rank 0] Done moment 76/108 (task 75): force_integral=-2.399236e+00
  [BOTH][Rank 0] Done moment 76/108 (task 75): force_integral=-2.399236e+00
  [BOTH][Rank 0] Done moment 76/108 (task 75): force_integral=-2.399236e+00
  [BOTH][Rank 0] Done moment 76/108 (task 75): force_integral=-2.399236e+00
  [BOTH][Rank 0] Done moment 76/108 (task 75): force_integral=-2.399236e+00
  [BOTH][Rank 0] Done moment 76/108 (task 75): force_integral=-2.399236e+00
  [BOTH][Rank 0] Done moment 76/108 (task 75): force_integral=-2.399236e+00
  [BOTH][Rank 0] Done moment 76/108 (task 75): force_integral=-2.399236e+00
  [BOTH][Rank 0] Done moment 76/108 (task 75): force_integral=-2.399236e+00
  [BOTH][Rank 0] Done moment 77/108 (task 76): force_integral=-1.553381e+03
  [BOTH][Rank 0] Done moment 77/108 (task 76): force_integral=-1.553381e+03
  [BOTH][Rank 0] Done moment 77/108 (task 76): force_integral=-1.553381e+03
  [BOTH][Rank 0] Done moment 77/108 (task 76): force_integral=-1.553381e+03
  [BOTH][Rank 0] Done moment 77/108 (task 76): force_integral=-1.553381e+03
  [BOTH][Rank 0] Done moment 77/108 (task 76): force_integral=-1.553381e+03
  [BOTH][Rank 0] Done moment 77/108 (task 76): force_integral=-1.553381e+03
  [BOTH][Rank 0] Done moment 77/108 (task 76): force_integral=-1.553381e+03
  [BOTH][Rank 0] Done moment 77/108 (task 76): force_integral=-1.553381e+03
  [BOTH][Rank 0] Done moment 77/108 (task 76): force_integral=-1.553381e+03
  [BOTH][Rank 0] Done moment 77/108 (task 76): force_integral=-1.553381e+03
  [BOTH][Rank 0] Done moment 77/108 (task 76): force_integral=-1.553381e+03
  [BOTH][Rank 0] Done moment 77/108 (task 76): force_integral=-1.553381e+03
  [BOTH][Rank 0] Done moment 77/108 (task 76): force_integral=-1.553381e+03
  [BOTH][Rank 0] Done moment 77/108 (task 76): force_integral=-1.553381e+03
  [BOTH][Rank 0] Done moment 77/108 (task 76): force_integral=-1.553381e+03
  [BOTH][Rank 0] Done moment 77/108 (task 76): force_integral=-1.553381e+03
  [BOTH][Rank 0] Done moment 77/108 (task 76): force_integral=-1.553381e+03
  [BOTH][Rank 0] Done moment 77/108 (task 76): force_integral=-1.553381e+03
  [BOTH][Rank 0] Done moment 77/108 (task 76): force_integral=-1.553381e+03
  [BOTH][Rank 0] Done moment 77/108 (task 76): force_integral=-1.553381e+03
  [BOTH][Rank 0] Done moment 77/108 (task 76): force_integral=-1.553381e+03
  [BOTH][Rank 0] Done moment 77/108 (task 76): force_integral=-1.553381e+03
  [BOTH][Rank 0] Done moment 77/108 (task 76): force_integral=-1.553381e+03
  [BOTH][Rank 0] Done moment 77/108 (task 76): force_integral=-1.553381e+03
  [BOTH][Rank 0] Done moment 77/108 (task 76): force_integral=-1.553381e+03
  [BOTH][Rank 0] Done moment 77/108 (task 76): force_integral=-1.553381e+03
  [BOTH][Rank 0] Done moment 77/108 (task 76): force_integral=-1.553381e+03
  [BOTH][Rank 0] Done moment 77/108 (task 76): force_integral=-1.553381e+03
  [BOTH][Rank 0] Done moment 77/108 (task 76): force_integral=-1.553381e+03
  [BOTH][Rank 0] Done moment 77/108 (task 76): force_integral=-1.553381e+03
  [BOTH][Rank 0] Done moment 77/108 (task 76): force_integral=-1.553381e+03
  [BOTH][Rank 0] Done moment 77/108 (task 76): force_integral=-1.553381e+03
  [BOTH][Rank 0] Done moment 77/108 (task 76): force_integral=-1.553381e+03
  [BOTH][Rank 0] Done moment 77/108 (task 76): force_integral=-1.553381e+03
  [BOTH][Rank 0] Done moment 77/108 (task 76): force_integral=-1.553381e+03
  [BOTH][Rank 0] Done moment 77/108 (task 76): force_integral=-1.553381e+03
  [BOTH][Rank 0] Done moment 77/108 (task 76): force_integral=-1.553381e+03
  [BOTH][Rank 0] Done moment 77/108 (task 76): force_integral=-1.553381e+03
  [BOTH][Rank 0] Done moment 77/108 (task 76): force_integral=-1.553381e+03
  [BOTH][Rank 0] Done moment 77/108 (task 76): force_integral=-1.553381e+03
  [BOTH][Rank 0] Done moment 77/108 (task 76): force_integral=-1.553381e+03
  [BOTH][Rank 0] Done moment 77/108 (task 76): force_integral=-1.553381e+03
  [BOTH][Rank 0] Done moment 77/108 (task 76): force_integral=-1.553381e+03
  [BOTH][Rank 0] Done moment 77/108 (task 76): force_integral=-1.553381e+03
  [BOTH][Rank 0] Done moment 77/108 (task 76): force_integral=-1.553381e+03
  [BOTH][Rank 0] Done moment 77/108 (task 76): force_integral=-1.553381e+03
  [BOTH][Rank 0] Done moment 77/108 (task 76): force_integral=-1.553381e+03
  [BOTH][Rank 0] Done moment 77/108 (task 76): force_integral=-1.553381e+03
  [BOTH][Rank 0] Done moment 77/108 (task 76): force_integral=-1.553381e+03
  [BOTH][Rank 0] Done moment 77/108 (task 76): force_integral=-1.553381e+03
  [BOTH][Rank 0] Done moment 77/108 (task 76): force_integral=-1.553381e+03
  [BOTH][Rank 0] Done moment 77/108 (task 76): force_integral=-1.553381e+03
  [BOTH][Rank 0] Done moment 77/108 (task 76): force_integral=-1.553381e+03
  [BOTH][Rank 0] Done moment 77/108 (task 76): force_integral=-1.553381e+03
  [BOTH][Rank 0] Done moment 77/108 (task 76): force_integral=-1.553381e+03
  [BOTH][Rank 0] Done moment 77/108 (task 76): force_integral=-1.553381e+03
  [BOTH][Rank 0] Done moment 77/108 (task 76): force_integral=-1.553381e+03
  [BOTH][Rank 0] Done moment 77/108 (task 76): force_integral=-1.553381e+03
  [BOTH][Rank 0] Done moment 77/108 (task 76): force_integral=-1.553381e+03
  [BOTH][Rank 0] Done moment 77/108 (task 76): force_integral=-1.553381e+03
  [BOTH][Rank 0] Done moment 77/108 (task 76): force_integral=-1.553381e+03
  [BOTH][Rank 0] Done moment 77/108 (task 76): force_integral=-1.553381e+03
  [BOTH][Rank 0] Done moment 77/108 (task 76): force_integral=-1.553381e+03
  [BOTH][Rank 0] Done moment 77/108 (task 76): force_integral=-1.553381e+03
  [BOTH][Rank 0] Done moment 77/108 (task 76): force_integral=-1.553381e+03
  [BOTH][Rank 0] Done moment 77/108 (task 76): force_integral=-1.553381e+03
  [BOTH][Rank 0] Done moment 77/108 (task 76): force_integral=-1.553381e+03
  [BOTH][Rank 0] Done moment 77/108 (task 76): force_integral=-1.553381e+03
  [BOTH][Rank 0] Done moment 77/108 (task 76): force_integral=-1.553381e+03
  [BOTH][Rank 0] Done moment 77/108 (task 76): force_integral=-1.553381e+03
  [BOTH][Rank 0] Done moment 77/108 (task 76): force_integral=-1.553381e+03
  [BOTH][Rank 0] Done moment 77/108 (task 76): force_integral=-1.553381e+03
  [BOTH][Rank 0] Done moment 77/108 (task 76): force_integral=-1.553381e+03
  [BOTH][Rank 0] Done moment 77/108 (task 76): force_integral=-1.553381e+03
  [BOTH][Rank 0] Done moment 77/108 (task 76): force_integral=-1.553381e+03
  [BOTH][Rank 0] Done moment 77/108 (task 76): force_integral=-1.553381e+03
  [BOTH][Rank 0] Done moment 77/108 (task 76): force_integral=-1.553381e+03
  [BOTH][Rank 0] Done moment 77/108 (task 76): force_integral=-1.553381e+03
  [BOTH][Rank 0] Done moment 77/108 (task 76): force_integral=-1.553381e+03
  [BOTH][Rank 0] Done moment 77/108 (task 76): force_integral=-1.553381e+03
  [BOTH][Rank 0] Done moment 77/108 (task 76): force_integral=-1.553381e+03
  [BOTH][Rank 0] Done moment 77/108 (task 76): force_integral=-1.553381e+03
  [BOTH][Rank 0] Done moment 77/108 (task 76): force_integral=-1.553381e+03
  [BOTH][Rank 0] Done moment 77/108 (task 76): force_integral=-1.553381e+03
  [BOTH][Rank 0] Done moment 77/108 (task 76): force_integral=-1.553381e+03
  [BOTH][Rank 0] Done moment 77/108 (task 76): force_integral=-1.553381e+03
  [BOTH][Rank 0] Done moment 77/108 (task 76): force_integral=-1.553381e+03
  [BOTH][Rank 0] Done moment 77/108 (task 76): force_integral=-1.553381e+03
  [BOTH][Rank 0] Done moment 77/108 (task 76): force_integral=-1.553381e+03
  [BOTH][Rank 0] Done moment 77/108 (task 76): force_integral=-1.553381e+03
  [BOTH][Rank 0] Done moment 77/108 (task 76): force_integral=-1.553381e+03
  [BOTH][Rank 0] Done moment 77/108 (task 76): force_integral=-1.553381e+03
  [BOTH][Rank 0] Done moment 77/108 (task 76): force_integral=-1.553381e+03
  [BOTH][Rank 0] Done moment 77/108 (task 76): force_integral=-1.553381e+03
  [BOTH][Rank 0] Done moment 77/108 (task 76): force_integral=-1.553381e+03
  [BOTH][Rank 0] Done moment 77/108 (task 76): force_integral=-1.553381e+03
  [BOTH][Rank 0] Done moment 77/108 (task 76): force_integral=-1.553381e+03
  [BOTH][Rank 0] Done moment 77/108 (task 76): force_integral=-1.553381e+03
  [BOTH][Rank 0] Done moment 77/108 (task 76): force_integral=-1.553381e+03
  [BOTH][Rank 0] Done moment 77/108 (task 76): force_integral=-1.553381e+03
  [BOTH][Rank 0] Done moment 77/108 (task 76): force_integral=-1.553381e+03
  [BOTH][Rank 0] Done moment 77/108 (task 76): force_integral=-1.553381e+03
  [BOTH][Rank 0] Done moment 77/108 (task 76): force_integral=-1.553381e+03
  [BOTH][Rank 0] Done moment 77/108 (task 76): force_integral=-1.553381e+03
  [BOTH][Rank 0] Done moment 77/108 (task 76): force_integral=-1.553381e+03
  [BOTH][Rank 0] Done moment 77/108 (task 76): force_integral=-1.553381e+03
  [BOTH][Rank 0] Done moment 77/108 (task 76): force_integral=-1.553381e+03
  [BOTH][Rank 0] Done moment 78/108 (task 77): force_integral=+1.674427e+03
  [BOTH][Rank 0] Done moment 77/108 (task 76): force_integral=-1.553381e+03
  [BOTH][Rank 0] Done moment 77/108 (task 76): force_integral=-1.553381e+03
  [BOTH][Rank 0] Done moment 77/108 (task 76): force_integral=-1.553381e+03
  [BOTH][Rank 0] Done moment 77/108 (task 76): force_integral=-1.553381e+03
  [BOTH][Rank 0] Done moment 77/108 (task 76): force_integral=-1.553381e+03
  [BOTH][Rank 0] Done moment 77/108 (task 76): force_integral=-1.553381e+03
  [BOTH][Rank 0] Done moment 77/108 (task 76): force_integral=-1.553381e+03
  [BOTH][Rank 0] Done moment 77/108 (task 76): force_integral=-1.553381e+03
  [BOTH][Rank 0] Done moment 77/108 (task 76): force_integral=-1.553381e+03
  [BOTH][Rank 0] Done moment 77/108 (task 76): force_integral=-1.553381e+03
  [BOTH][Rank 0] Done moment 77/108 (task 76): force_integral=-1.553381e+03
  [BOTH][Rank 0] Done moment 77/108 (task 76): force_integral=-1.553381e+03
  [BOTH][Rank 0] Done moment 77/108 (task 76): force_integral=-1.553381e+03
  [BOTH][Rank 0] Done moment 77/108 (task 76): force_integral=-1.553381e+03
  [BOTH][Rank 0] Done moment 77/108 (task 76): force_integral=-1.553381e+03
  [BOTH][Rank 0] Done moment 77/108 (task 76): force_integral=-1.553381e+03
  [BOTH][Rank 0] Done moment 78/108 (task 77): force_integral=+1.674427e+03
  [BOTH][Rank 0] Done moment 77/108 (task 76): force_integral=-1.553381e+03
  [BOTH][Rank 0] Done moment 77/108 (task 76): force_integral=-1.553381e+03
  [BOTH][Rank 0] Done moment 77/108 (task 76): force_integral=-1.553381e+03
  [BOTH][Rank 0] Done moment 78/108 (task 77): force_integral=+1.674427e+03
  [BOTH][Rank 0] Done moment 78/108 (task 77): force_integral=+1.674427e+03
  [BOTH][Rank 0] Done moment 78/108 (task 77): force_integral=+1.674427e+03
  [BOTH][Rank 0] Done moment 78/108 (task 77): force_integral=+1.674427e+03
  [BOTH][Rank 0] Done moment 78/108 (task 77): force_integral=+1.674427e+03
  [BOTH][Rank 0] Done moment 78/108 (task 77): force_integral=+1.674427e+03
  [BOTH][Rank 0] Done moment 78/108 (task 77): force_integral=+1.674427e+03
  [BOTH][Rank 0] Done moment 78/108 (task 77): force_integral=+1.674427e+03
  [BOTH][Rank 0] Done moment 78/108 (task 77): force_integral=+1.674427e+03
  [BOTH][Rank 0] Done moment 78/108 (task 77): force_integral=+1.674427e+03
  [BOTH][Rank 0] Done moment 78/108 (task 77): force_integral=+1.674427e+03
  [BOTH][Rank 0] Done moment 78/108 (task 77): force_integral=+1.674427e+03
  [BOTH][Rank 0] Done moment 78/108 (task 77): force_integral=+1.674427e+03
  [BOTH][Rank 0] Done moment 78/108 (task 77): force_integral=+1.674427e+03
  [BOTH][Rank 0] Done moment 78/108 (task 77): force_integral=+1.674427e+03
  [BOTH][Rank 0] Done moment 78/108 (task 77): force_integral=+1.674427e+03
  [BOTH][Rank 0] Done moment 78/108 (task 77): force_integral=+1.674427e+03
  [BOTH][Rank 0] Done moment 78/108 (task 77): force_integral=+1.674427e+03
  [BOTH][Rank 0] Done moment 78/108 (task 77): force_integral=+1.674427e+03
  [BOTH][Rank 0] Done moment 78/108 (task 77): force_integral=+1.674427e+03
  [BOTH][Rank 0] Done moment 78/108 (task 77): force_integral=+1.674427e+03
  [BOTH][Rank 0] Done moment 78/108 (task 77): force_integral=+1.674427e+03
  [BOTH][Rank 0] Done moment 78/108 (task 77): force_integral=+1.674427e+03
  [BOTH][Rank 0] Done moment 78/108 (task 77): force_integral=+1.674427e+03
  [BOTH][Rank 0] Done moment 78/108 (task 77): force_integral=+1.674427e+03
  [BOTH][Rank 0] Done moment 78/108 (task 77): force_integral=+1.674427e+03
  [BOTH][Rank 0] Done moment 78/108 (task 77): force_integral=+1.674427e+03
  [BOTH][Rank 0] Done moment 78/108 (task 77): force_integral=+1.674427e+03
  [BOTH][Rank 0] Done moment 78/108 (task 77): force_integral=+1.674427e+03
  [BOTH][Rank 0] Done moment 78/108 (task 77): force_integral=+1.674427e+03
  [BOTH][Rank 0] Done moment 78/108 (task 77): force_integral=+1.674427e+03
  [BOTH][Rank 0] Done moment 78/108 (task 77): force_integral=+1.674427e+03
  [BOTH][Rank 0] Done moment 78/108 (task 77): force_integral=+1.674427e+03
  [BOTH][Rank 0] Done moment 78/108 (task 77): force_integral=+1.674427e+03
  [BOTH][Rank 0] Done moment 78/108 (task 77): force_integral=+1.674427e+03
  [BOTH][Rank 0] Done moment 78/108 (task 77): force_integral=+1.674427e+03
  [BOTH][Rank 0] Done moment 78/108 (task 77): force_integral=+1.674427e+03
  [BOTH][Rank 0] Done moment 78/108 (task 77): force_integral=+1.674427e+03
  [BOTH][Rank 0] Done moment 78/108 (task 77): force_integral=+1.674427e+03
  [BOTH][Rank 0] Done moment 78/108 (task 77): force_integral=+1.674427e+03
  [BOTH][Rank 0] Done moment 78/108 (task 77): force_integral=+1.674427e+03
  [BOTH][Rank 0] Done moment 78/108 (task 77): force_integral=+1.674427e+03
  [BOTH][Rank 0] Done moment 78/108 (task 77): force_integral=+1.674427e+03
  [BOTH][Rank 0] Done moment 78/108 (task 77): force_integral=+1.674427e+03
  [BOTH][Rank 0] Done moment 78/108 (task 77): force_integral=+1.674427e+03
  [BOTH][Rank 0] Done moment 78/108 (task 77): force_integral=+1.674427e+03
  [BOTH][Rank 0] Done moment 78/108 (task 77): force_integral=+1.674427e+03
  [BOTH][Rank 0] Done moment 78/108 (task 77): force_integral=+1.674427e+03
  [BOTH][Rank 0] Done moment 78/108 (task 77): force_integral=+1.674427e+03
  [BOTH][Rank 0] Done moment 78/108 (task 77): force_integral=+1.674427e+03
  [BOTH][Rank 0] Done moment 78/108 (task 77): force_integral=+1.674427e+03
  [BOTH][Rank 0] Done moment 78/108 (task 77): force_integral=+1.674427e+03
  [BOTH][Rank 0] Done moment 78/108 (task 77): force_integral=+1.674427e+03
  [BOTH][Rank 0] Done moment 78/108 (task 77): force_integral=+1.674427e+03
  [BOTH][Rank 0] Done moment 78/108 (task 77): force_integral=+1.674427e+03
  [BOTH][Rank 0] Done moment 78/108 (task 77): force_integral=+1.674427e+03
  [BOTH][Rank 0] Done moment 78/108 (task 77): force_integral=+1.674427e+03
  [BOTH][Rank 0] Done moment 78/108 (task 77): force_integral=+1.674427e+03
  [BOTH][Rank 0] Done moment 78/108 (task 77): force_integral=+1.674427e+03
  [BOTH][Rank 0] Done moment 78/108 (task 77): force_integral=+1.674427e+03
  [BOTH][Rank 0] Done moment 78/108 (task 77): force_integral=+1.674427e+03
  [BOTH][Rank 0] Done moment 78/108 (task 77): force_integral=+1.674427e+03
  [BOTH][Rank 0] Done moment 78/108 (task 77): force_integral=+1.674427e+03
  [BOTH][Rank 0] Done moment 78/108 (task 77): force_integral=+1.674427e+03
  [BOTH][Rank 0] Done moment 78/108 (task 77): force_integral=+1.674427e+03
  [BOTH][Rank 0] Done moment 78/108 (task 77): force_integral=+1.674427e+03
  [BOTH][Rank 0] Done moment 78/108 (task 77): force_integral=+1.674427e+03
  [BOTH][Rank 0] Done moment 78/108 (task 77): force_integral=+1.674427e+03
  [BOTH][Rank 0] Done moment 78/108 (task 77): force_integral=+1.674427e+03
  [BOTH][Rank 0] Done moment 78/108 (task 77): force_integral=+1.674427e+03
  [BOTH][Rank 0] Done moment 78/108 (task 77): force_integral=+1.674427e+03
  [BOTH][Rank 0] Done moment 78/108 (task 77): force_integral=+1.674427e+03
  [BOTH][Rank 0] Done moment 78/108 (task 77): force_integral=+1.674427e+03
  [BOTH][Rank 0] Done moment 78/108 (task 77): force_integral=+1.674427e+03
  [BOTH][Rank 0] Done moment 78/108 (task 77): force_integral=+1.674427e+03
  [BOTH][Rank 0] Done moment 78/108 (task 77): force_integral=+1.674427e+03
  [BOTH][Rank 0] Done moment 78/108 (task 77): force_integral=+1.674427e+03
  [BOTH][Rank 0] Done moment 78/108 (task 77): force_integral=+1.674427e+03
  [BOTH][Rank 0] Done moment 78/108 (task 77): force_integral=+1.674427e+03
  [BOTH][Rank 0] Done moment 78/108 (task 77): force_integral=+1.674427e+03
  [BOTH][Rank 0] Done moment 78/108 (task 77): force_integral=+1.674427e+03
  [BOTH][Rank 0] Done moment 78/108 (task 77): force_integral=+1.674427e+03
  [BOTH][Rank 0] Done moment 78/108 (task 77): force_integral=+1.674427e+03
  [BOTH][Rank 0] Done moment 78/108 (task 77): force_integral=+1.674427e+03
  [BOTH][Rank 0] Done moment 78/108 (task 77): force_integral=+1.674427e+03
  [BOTH][Rank 0] Done moment 78/108 (task 77): force_integral=+1.674427e+03
  [BOTH][Rank 0] Done moment 78/108 (task 77): force_integral=+1.674427e+03
  [BOTH][Rank 0] Done moment 78/108 (task 77): force_integral=+1.674427e+03
  [BOTH][Rank 0] Done moment 78/108 (task 77): force_integral=+1.674427e+03
  [BOTH][Rank 0] Done moment 78/108 (task 77): force_integral=+1.674427e+03
  [BOTH][Rank 0] Done moment 78/108 (task 77): force_integral=+1.674427e+03
  [BOTH][Rank 0] Done moment 78/108 (task 77): force_integral=+1.674427e+03
  [BOTH][Rank 0] Done moment 78/108 (task 77): force_integral=+1.674427e+03
  [BOTH][Rank 0] Done moment 78/108 (task 77): force_integral=+1.674427e+03
  [BOTH][Rank 0] Done moment 78/108 (task 77): force_integral=+1.674427e+03
  [BOTH][Rank 0] Done moment 78/108 (task 77): force_integral=+1.674427e+03
  [BOTH][Rank 0] Done moment 78/108 (task 77): force_integral=+1.674427e+03
  [BOTH][Rank 0] Done moment 78/108 (task 77): force_integral=+1.674427e+03
  [BOTH][Rank 0] Done moment 78/108 (task 77): force_integral=+1.674427e+03
  [BOTH][Rank 0] Done moment 78/108 (task 77): force_integral=+1.674427e+03
  [BOTH][Rank 0] Done moment 78/108 (task 77): force_integral=+1.674427e+03
  [BOTH][Rank 0] Done moment 79/108 (task 78): force_integral=+0.000000e+00
  [BOTH][Rank 0] Done moment 78/108 (task 77): force_integral=+1.674427e+03
  [BOTH][Rank 0] Done moment 78/108 (task 77): force_integral=+1.674427e+03
  [BOTH][Rank 0] Done moment 78/108 (task 77): force_integral=+1.674427e+03
  [BOTH][Rank 0] Done moment 78/108 (task 77): force_integral=+1.674427e+03
  [BOTH][Rank 0] Done moment 78/108 (task 77): force_integral=+1.674427e+03
  [BOTH][Rank 0] Done moment 78/108 (task 77): force_integral=+1.674427e+03
  [BOTH][Rank 0] Done moment 78/108 (task 77): force_integral=+1.674427e+03
  [BOTH][Rank 0] Done moment 78/108 (task 77): force_integral=+1.674427e+03
  [BOTH][Rank 0] Done moment 78/108 (task 77): force_integral=+1.674427e+03
  [BOTH][Rank 0] Done moment 78/108 (task 77): force_integral=+1.674427e+03
  [BOTH][Rank 0] Done moment 78/108 (task 77): force_integral=+1.674427e+03
  [BOTH][Rank 0] Done moment 78/108 (task 77): force_integral=+1.674427e+03
  [BOTH][Rank 0] Done moment 79/108 (task 78): force_integral=+0.000000e+00
  [BOTH][Rank 0] Done moment 78/108 (task 77): force_integral=+1.674427e+03
  [BOTH][Rank 0] Done moment 78/108 (task 77): force_integral=+1.674427e+03
  [BOTH][Rank 0] Done moment 78/108 (task 77): force_integral=+1.674427e+03
  [BOTH][Rank 0] Done moment 78/108 (task 77): force_integral=+1.674427e+03
  [BOTH][Rank 0] Done moment 78/108 (task 77): force_integral=+1.674427e+03
  [BOTH][Rank 0] Done moment 78/108 (task 77): force_integral=+1.674427e+03
  [BOTH][Rank 0] Done moment 78/108 (task 77): force_integral=+1.674427e+03
  [BOTH][Rank 0] Done moment 78/108 (task 77): force_integral=+1.674427e+03
  [BOTH][Rank 0] Done moment 78/108 (task 77): force_integral=+1.674427e+03
  [BOTH][Rank 0] Done moment 78/108 (task 77): force_integral=+1.674427e+03
  [BOTH][Rank 0] Done moment 78/108 (task 77): force_integral=+1.674427e+03
  [BOTH][Rank 0] Done moment 78/108 (task 77): force_integral=+1.674427e+03
  [BOTH][Rank 0] Done moment 78/108 (task 77): force_integral=+1.674427e+03
  [BOTH][Rank 0] Done moment 79/108 (task 78): force_integral=+0.000000e+00
  [BOTH][Rank 0] Done moment 79/108 (task 78): force_integral=+0.000000e+00
  [BOTH][Rank 0] Done moment 79/108 (task 78): force_integral=+0.000000e+00
  [BOTH][Rank 0] Done moment 79/108 (task 78): force_integral=+0.000000e+00
  [BOTH][Rank 0] Done moment 79/108 (task 78): force_integral=+0.000000e+00
  [BOTH][Rank 0] Done moment 79/108 (task 78): force_integral=+0.000000e+00
  [BOTH][Rank 0] Done moment 79/108 (task 78): force_integral=+0.000000e+00
  [BOTH][Rank 0] Done moment 79/108 (task 78): force_integral=+0.000000e+00
  [BOTH][Rank 0] Done moment 79/108 (task 78): force_integral=+0.000000e+00
  [BOTH][Rank 0] Done moment 79/108 (task 78): force_integral=+0.000000e+00
  [BOTH][Rank 0] Done moment 79/108 (task 78): force_integral=+0.000000e+00
  [BOTH][Rank 0] Done moment 79/108 (task 78): force_integral=+0.000000e+00
  [BOTH][Rank 0] Done moment 79/108 (task 78): force_integral=+0.000000e+00
  [BOTH][Rank 0] Done moment 79/108 (task 78): force_integral=+0.000000e+00
  [BOTH][Rank 0] Done moment 79/108 (task 78): force_integral=+0.000000e+00
  [BOTH][Rank 0] Done moment 79/108 (task 78): force_integral=+0.000000e+00
  [BOTH][Rank 0] Done moment 79/108 (task 78): force_integral=+0.000000e+00
  [BOTH][Rank 0] Done moment 79/108 (task 78): force_integral=+0.000000e+00
  [BOTH][Rank 0] Done moment 79/108 (task 78): force_integral=+0.000000e+00
  [BOTH][Rank 0] Done moment 79/108 (task 78): force_integral=+0.000000e+00
  [BOTH][Rank 0] Done moment 79/108 (task 78): force_integral=+0.000000e+00
  [BOTH][Rank 0] Done moment 79/108 (task 78): force_integral=+0.000000e+00
  [BOTH][Rank 0] Done moment 79/108 (task 78): force_integral=+0.000000e+00
  [BOTH][Rank 0] Done moment 79/108 (task 78): force_integral=+0.000000e+00
  [BOTH][Rank 0] Done moment 79/108 (task 78): force_integral=+0.000000e+00
  [BOTH][Rank 0] Done moment 79/108 (task 78): force_integral=+0.000000e+00
  [BOTH][Rank 0] Done moment 79/108 (task 78): force_integral=+0.000000e+00
  [BOTH][Rank 0] Done moment 79/108 (task 78): force_integral=+0.000000e+00
  [BOTH][Rank 0] Done moment 79/108 (task 78): force_integral=+0.000000e+00
  [BOTH][Rank 0] Done moment 79/108 (task 78): force_integral=+0.000000e+00
  [BOTH][Rank 0] Done moment 79/108 (task 78): force_integral=+0.000000e+00
  [BOTH][Rank 0] Done moment 79/108 (task 78): force_integral=+0.000000e+00
  [BOTH][Rank 0] Done moment 79/108 (task 78): force_integral=+0.000000e+00
  [BOTH][Rank 0] Done moment 79/108 (task 78): force_integral=+0.000000e+00
  [BOTH][Rank 0] Done moment 79/108 (task 78): force_integral=+0.000000e+00
  [BOTH][Rank 0] Done moment 79/108 (task 78): force_integral=+0.000000e+00
  [BOTH][Rank 0] Done moment 79/108 (task 78): force_integral=+0.000000e+00
  [BOTH][Rank 0] Done moment 79/108 (task 78): force_integral=+0.000000e+00
  [BOTH][Rank 0] Done moment 79/108 (task 78): force_integral=+0.000000e+00
  [BOTH][Rank 0] Done moment 79/108 (task 78): force_integral=+0.000000e+00
  [BOTH][Rank 0] Done moment 79/108 (task 78): force_integral=+0.000000e+00
  [BOTH][Rank 0] Done moment 79/108 (task 78): force_integral=+0.000000e+00
  [BOTH][Rank 0] Done moment 79/108 (task 78): force_integral=+0.000000e+00
  [BOTH][Rank 0] Done moment 79/108 (task 78): force_integral=+0.000000e+00
  [BOTH][Rank 0] Done moment 79/108 (task 78): force_integral=+0.000000e+00
  [BOTH][Rank 0] Done moment 79/108 (task 78): force_integral=+0.000000e+00
  [BOTH][Rank 0] Done moment 79/108 (task 78): force_integral=+0.000000e+00
  [BOTH][Rank 0] Done moment 79/108 (task 78): force_integral=+0.000000e+00
  [BOTH][Rank 0] Done moment 79/108 (task 78): force_integral=+0.000000e+00
  [BOTH][Rank 0] Done moment 79/108 (task 78): force_integral=+0.000000e+00
  [BOTH][Rank 0] Done moment 79/108 (task 78): force_integral=+0.000000e+00
  [BOTH][Rank 0] Done moment 79/108 (task 78): force_integral=+0.000000e+00
  [BOTH][Rank 0] Done moment 79/108 (task 78): force_integral=+0.000000e+00
  [BOTH][Rank 0] Done moment 79/108 (task 78): force_integral=+0.000000e+00
  [BOTH][Rank 0] Done moment 79/108 (task 78): force_integral=+0.000000e+00
  [BOTH][Rank 0] Done moment 79/108 (task 78): force_integral=+0.000000e+00
  [BOTH][Rank 0] Done moment 79/108 (task 78): force_integral=+0.000000e+00
  [BOTH][Rank 0] Done moment 79/108 (task 78): force_integral=+0.000000e+00
  [BOTH][Rank 0] Done moment 79/108 (task 78): force_integral=+0.000000e+00
  [BOTH][Rank 0] Done moment 79/108 (task 78): force_integral=+0.000000e+00
  [BOTH][Rank 0] Done moment 79/108 (task 78): force_integral=+0.000000e+00
  [BOTH][Rank 0] Done moment 79/108 (task 78): force_integral=+0.000000e+00
  [BOTH][Rank 0] Done moment 79/108 (task 78): force_integral=+0.000000e+00
  [BOTH][Rank 0] Done moment 79/108 (task 78): force_integral=+0.000000e+00
  [BOTH][Rank 0] Done moment 79/108 (task 78): force_integral=+0.000000e+00
  [BOTH][Rank 0] Done moment 79/108 (task 78): force_integral=+0.000000e+00
  [BOTH][Rank 0] Done moment 79/108 (task 78): force_integral=+0.000000e+00
  [BOTH][Rank 0] Done moment 79/108 (task 78): force_integral=+0.000000e+00
  [BOTH][Rank 0] Done moment 79/108 (task 78): force_integral=+0.000000e+00
  [BOTH][Rank 0] Done moment 79/108 (task 78): force_integral=+0.000000e+00
  [BOTH][Rank 0] Done moment 79/108 (task 78): force_integral=+0.000000e+00
  [BOTH][Rank 0] Done moment 79/108 (task 78): force_integral=+0.000000e+00
  [BOTH][Rank 0] Done moment 79/108 (task 78): force_integral=+0.000000e+00
  [BOTH][Rank 0] Done moment 79/108 (task 78): force_integral=+0.000000e+00
  [BOTH][Rank 0] Done moment 79/108 (task 78): force_integral=+0.000000e+00
  [BOTH][Rank 0] Done moment 79/108 (task 78): force_integral=+0.000000e+00
  [BOTH][Rank 0] Done moment 79/108 (task 78): force_integral=+0.000000e+00
  [BOTH][Rank 0] Done moment 79/108 (task 78): force_integral=+0.000000e+00
  [BOTH][Rank 0] Done moment 79/108 (task 78): force_integral=+0.000000e+00
  [BOTH][Rank 0] Done moment 79/108 (task 78): force_integral=+0.000000e+00
  [BOTH][Rank 0] Done moment 79/108 (task 78): force_integral=+0.000000e+00
  [BOTH][Rank 0] Done moment 79/108 (task 78): force_integral=+0.000000e+00
  [BOTH][Rank 0] Done moment 79/108 (task 78): force_integral=+0.000000e+00
  [BOTH][Rank 0] Done moment 79/108 (task 78): force_integral=+0.000000e+00
  [BOTH][Rank 0] Done moment 79/108 (task 78): force_integral=+0.000000e+00
  [BOTH][Rank 0] Done moment 79/108 (task 78): force_integral=+0.000000e+00

Elapsed run time = 39627.5536 s
  [BOTH][Rank 0] Done moment 79/108 (task 78): force_integral=+0.000000e+00

Elapsed run time = 39639.3265 s
  [BOTH][Rank 0] Done moment 79/108 (task 78): force_integral=+0.000000e+00

Elapsed run time = 39644.2610 s
  [BOTH][Rank 0] Done moment 79/108 (task 78): force_integral=+0.000000e+00

Elapsed run time = 39647.3726 s
  [BOTH][Rank 0] Done moment 79/108 (task 78): force_integral=+0.000000e+00

Elapsed run time = 39653.4139 s
  [BOTH][Rank 0] Done moment 79/108 (task 78): force_integral=+0.000000e+00

Elapsed run time = 39658.4798 s
  [BOTH][Rank 0] Done moment 79/108 (task 78): force_integral=+0.000000e+00

Elapsed run time = 39659.9753 s
  [BOTH][Rank 0] Done moment 79/108 (task 78): force_integral=+0.000000e+00

Elapsed run time = 39660.5739 s
  [BOTH][Rank 0] Done moment 79/108 (task 78): force_integral=+0.000000e+00

Elapsed run time = 39721.1592 s
  [BOTH][Rank 0] Done moment 79/108 (task 78): force_integral=+0.000000e+00

Elapsed run time = 39726.6338 s
  [BOTH][Rank 0] Done moment 80/108 (task 79): force_integral=+0.000000e+00

Elapsed run time = 39729.9351 s
  [BOTH][Rank 0] Done moment 79/108 (task 78): force_integral=+0.000000e+00

Elapsed run time = 39736.9783 s
  [BOTH][Rank 0] Done moment 79/108 (task 78): force_integral=+0.000000e+00

Elapsed run time = 39746.6241 s
  [BOTH][Rank 0] Done moment 79/108 (task 78): force_integral=+0.000000e+00

Elapsed run time = 39754.2645 s
  [BOTH][Rank 0] Done moment 79/108 (task 78): force_integral=+0.000000e+00

Elapsed run time = 39756.2505 s
  [BOTH][Rank 0] Done moment 79/108 (task 78): force_integral=+0.000000e+00

Elapsed run time = 39763.1541 s
  [BOTH][Rank 0] Done moment 79/108 (task 78): force_integral=+0.000000e+00

Elapsed run time = 39766.3713 s
  [BOTH][Rank 0] Done moment 79/108 (task 78): force_integral=+0.000000e+00

Elapsed run time = 39767.0826 s
  [BOTH][Rank 0] Done moment 79/108 (task 78): force_integral=+0.000000e+00

Elapsed run time = 39783.3956 s
  [BOTH][Rank 0] Done moment 79/108 (task 78): force_integral=+0.000000e+00

Elapsed run time = 39785.8191 s
  [BOTH][Rank 0] Done moment 79/108 (task 78): force_integral=+0.000000e+00

Elapsed run time = 39793.5331 s
  [BOTH][Rank 0] Done moment 79/108 (task 78): force_integral=+0.000000e+00

Elapsed run time = 39796.3967 s
  [BOTH][Rank 0] Done moment 79/108 (task 78): force_integral=+0.000000e+00

Elapsed run time = 39800.4658 s
  [BOTH][Rank 0] Done moment 79/108 (task 78): force_integral=+0.000000e+00

Elapsed run time = 39810.2711 s
  [BOTH][Rank 0] Done moment 79/108 (task 78): force_integral=+0.000000e+00

Elapsed run time = 39857.5307 s
  [BOTH][Rank 0] Done moment 79/108 (task 78): force_integral=+0.000000e+00

Elapsed run time = 39870.9359 s
  [BOTH][Rank 0] Done moment 80/108 (task 79): force_integral=+0.000000e+00

Elapsed run time = 39872.7836 s
  [BOTH][Rank 0] Done moment 79/108 (task 78): force_integral=+0.000000e+00

Elapsed run time = 39878.7123 s
  [BOTH][Rank 0] Done moment 79/108 (task 78): force_integral=+0.000000e+00

Elapsed run time = 39879.7935 s
  [BOTH][Rank 0] Done moment 79/108 (task 78): force_integral=+0.000000e+00

Elapsed run time = 39884.0245 s
  [BOTH][Rank 0] Done moment 79/108 (task 78): force_integral=+0.000000e+00

Elapsed run time = 39887.3519 s
  [BOTH][Rank 0] Done moment 79/108 (task 78): force_integral=+0.000000e+00

Elapsed run time = 39899.7560 s
  [BOTH][Rank 0] Done moment 79/108 (task 78): force_integral=+0.000000e+00

Elapsed run time = 39911.5625 s
  [BOTH][Rank 0] Done moment 79/108 (task 78): force_integral=+0.000000e+00

Elapsed run time = 39912.4458 s
  [BOTH][Rank 0] Done moment 79/108 (task 78): force_integral=+0.000000e+00

Elapsed run time = 39914.6971 s
  [BOTH][Rank 0] Done moment 79/108 (task 78): force_integral=+0.000000e+00

Elapsed run time = 39931.9648 s
  [BOTH][Rank 0] Done moment 79/108 (task 78): force_integral=+0.000000e+00

Elapsed run time = 39945.7521 s
  [BOTH][Rank 0] Done moment 79/108 (task 78): force_integral=+0.000000e+00

Elapsed run time = 39953.2538 s
  [BOTH][Rank 0] Done moment 79/108 (task 78): force_integral=+0.000000e+00

Elapsed run time = 39957.5311 s
  [BOTH][Rank 0] Done moment 79/108 (task 78): force_integral=+0.000000e+00

Elapsed run time = 39960.6207 s
  [BOTH][Rank 0] Done moment 79/108 (task 78): force_integral=+0.000000e+00

Elapsed run time = 39961.2937 s
  [BOTH][Rank 0] Done moment 80/108 (task 79): force_integral=+0.000000e+00

Elapsed run time = 40001.1867 s
  [BOTH][Rank 0] Done moment 79/108 (task 78): force_integral=+0.000000e+00

Elapsed run time = 40001.5082 s
  [BOTH][Rank 0] Done moment 79/108 (task 78): force_integral=+0.000000e+00

Elapsed run time = 40007.5513 s
  [BOTH][Rank 0] Done moment 80/108 (task 79): force_integral=+0.000000e+00

Elapsed run time = 40055.1616 s
  [BOTH][Rank 0] Done moment 80/108 (task 79): force_integral=+0.000000e+00

Elapsed run time = 40089.2829 s
  [BOTH][Rank 0] Done moment 80/108 (task 79): force_integral=+0.000000e+00

Elapsed run time = 40116.0791 s
  [BOTH][Rank 0] Done moment 80/108 (task 79): force_integral=+0.000000e+00

Elapsed run time = 40141.6247 s
  [BOTH][Rank 0] Done moment 80/108 (task 79): force_integral=+0.000000e+00

Elapsed run time = 40179.7222 s
  [BOTH][Rank 0] Done moment 80/108 (task 79): force_integral=+0.000000e+00

Elapsed run time = 40189.4922 s
  [BOTH][Rank 0] Done moment 80/108 (task 79): force_integral=+0.000000e+00

Elapsed run time = 40195.2725 s
  [BOTH][Rank 0] Done moment 80/108 (task 79): force_integral=+0.000000e+00

Elapsed run time = 40202.7788 s
  [BOTH][Rank 0] Done moment 80/108 (task 79): force_integral=+0.000000e+00

Elapsed run time = 40203.7198 s
  [BOTH][Rank 0] Done moment 80/108 (task 79): force_integral=+0.000000e+00

Elapsed run time = 40210.1271 s
  [BOTH][Rank 0] Done moment 80/108 (task 79): force_integral=+0.000000e+00

Elapsed run time = 40236.0848 s
  [BOTH][Rank 0] Done moment 80/108 (task 79): force_integral=+0.000000e+00

Elapsed run time = 40245.2456 s
  [BOTH][Rank 0] Done moment 80/108 (task 79): force_integral=+0.000000e+00

Elapsed run time = 40251.6054 s
  [BOTH][Rank 0] Done moment 80/108 (task 79): force_integral=+0.000000e+00

Elapsed run time = 40260.7949 s
  [BOTH][Rank 0] Done moment 80/108 (task 79): force_integral=+0.000000e+00

Elapsed run time = 40270.6246 s
  [BOTH][Rank 0] Done moment 80/108 (task 79): force_integral=+0.000000e+00

Elapsed run time = 40274.3341 s
  [BOTH][Rank 0] Done moment 80/108 (task 79): force_integral=+0.000000e+00

Elapsed run time = 40284.4707 s
  [BOTH][Rank 0] Done moment 80/108 (task 79): force_integral=+0.000000e+00

Elapsed run time = 40287.7569 s
  [BOTH][Rank 0] Done moment 80/108 (task 79): force_integral=+0.000000e+00

Elapsed run time = 40317.5266 s
  [BOTH][Rank 0] Done moment 80/108 (task 79): force_integral=+0.000000e+00

Elapsed run time = 40319.5759 s
  [BOTH][Rank 0] Done moment 80/108 (task 79): force_integral=+0.000000e+00

Elapsed run time = 40337.4771 s
  [BOTH][Rank 0] Done moment 80/108 (task 79): force_integral=+0.000000e+00

Elapsed run time = 40338.3087 s
  [BOTH][Rank 0] Done moment 80/108 (task 79): force_integral=+0.000000e+00

Elapsed run time = 40346.0465 s
  [BOTH][Rank 0] Done moment 80/108 (task 79): force_integral=+0.000000e+00

Elapsed run time = 40349.5714 s
  [BOTH][Rank 0] Done moment 80/108 (task 79): force_integral=+0.000000e+00

Elapsed run time = 40349.8683 s
  [BOTH][Rank 0] Done moment 80/108 (task 79): force_integral=+0.000000e+00

Elapsed run time = 40369.4842 s
  [BOTH][Rank 0] Done moment 80/108 (task 79): force_integral=+0.000000e+00

Elapsed run time = 40369.5704 s
  [BOTH][Rank 0] Done moment 80/108 (task 79): force_integral=+0.000000e+00

Elapsed run time = 40374.9069 s
  [BOTH][Rank 0] Done moment 80/108 (task 79): force_integral=+0.000000e+00

Elapsed run time = 40405.8689 s
  [BOTH][Rank 0] Done moment 80/108 (task 79): force_integral=+0.000000e+00

Elapsed run time = 40408.5094 s
  [BOTH][Rank 0] Done moment 80/108 (task 79): force_integral=+0.000000e+00

Elapsed run time = 40427.4496 s
  [BOTH][Rank 0] Done moment 80/108 (task 79): force_integral=+0.000000e+00

Elapsed run time = 40430.8803 s
  [BOTH][Rank 0] Done moment 80/108 (task 79): force_integral=+0.000000e+00

Elapsed run time = 40440.2436 s
  [BOTH][Rank 0] Done moment 80/108 (task 79): force_integral=+0.000000e+00

Elapsed run time = 40449.6737 s
  [BOTH][Rank 0] Done moment 80/108 (task 79): force_integral=+0.000000e+00

Elapsed run time = 40461.3966 s
  [BOTH][Rank 0] Done moment 80/108 (task 79): force_integral=+0.000000e+00

Elapsed run time = 40480.1520 s
  [BOTH][Rank 0] Done moment 80/108 (task 79): force_integral=+0.000000e+00

Elapsed run time = 40483.0477 s
  [BOTH][Rank 0] Done moment 80/108 (task 79): force_integral=+0.000000e+00

Elapsed run time = 40497.5677 s
  [BOTH][Rank 0] Done moment 80/108 (task 79): force_integral=+0.000000e+00

Elapsed run time = 40509.6356 s
  [BOTH][Rank 0] Done moment 80/108 (task 79): force_integral=+0.000000e+00

Elapsed run time = 40513.9732 s
  [BOTH][Rank 0] Done moment 80/108 (task 79): force_integral=+0.000000e+00

Elapsed run time = 40517.4900 s
  [BOTH][Rank 0] Done moment 80/108 (task 79): force_integral=+0.000000e+00

Elapsed run time = 40518.3047 s
  [BOTH][Rank 0] Done moment 80/108 (task 79): force_integral=+0.000000e+00

Elapsed run time = 40520.7440 s
  [BOTH][Rank 0] Done moment 80/108 (task 79): force_integral=+0.000000e+00

Elapsed run time = 40522.7655 s
  [BOTH][Rank 0] Done moment 80/108 (task 79): force_integral=+0.000000e+00

Elapsed run time = 40523.1477 s
  [BOTH][Rank 0] Done moment 80/108 (task 79): force_integral=+0.000000e+00

Elapsed run time = 40525.6546 s
  [BOTH][Rank 0] Done moment 80/108 (task 79): force_integral=+0.000000e+00

Elapsed run time = 40526.3296 s
  [BOTH][Rank 0] Done moment 80/108 (task 79): force_integral=+0.000000e+00

Elapsed run time = 40538.9426 s
  [BOTH][Rank 0] Done moment 80/108 (task 79): force_integral=+0.000000e+00

Elapsed run time = 40539.5220 s
  [BOTH][Rank 0] Done moment 80/108 (task 79): force_integral=+0.000000e+00

Elapsed run time = 40539.7696 s
  [BOTH][Rank 0] Done moment 80/108 (task 79): force_integral=+0.000000e+00

Elapsed run time = 40544.2856 s
  [BOTH][Rank 0] Done moment 80/108 (task 79): force_integral=+0.000000e+00

Elapsed run time = 40545.1975 s
  [BOTH][Rank 0] Done moment 80/108 (task 79): force_integral=+0.000000e+00

Elapsed run time = 40548.5915 s
  [BOTH][Rank 0] Done moment 80/108 (task 79): force_integral=+0.000000e+00

Elapsed run time = 40578.1983 s
  [BOTH][Rank 0] Done moment 80/108 (task 79): force_integral=+0.000000e+00

Elapsed run time = 40586.2018 s
  [BOTH][Rank 0] Done moment 80/108 (task 79): force_integral=+0.000000e+00

Elapsed run time = 40586.8373 s
  [BOTH][Rank 0] Done moment 80/108 (task 79): force_integral=+0.000000e+00

Elapsed run time = 40596.1503 s
  [BOTH][Rank 0] Done moment 80/108 (task 79): force_integral=+0.000000e+00

Elapsed run time = 40608.3873 s
  [BOTH][Rank 0] Done moment 80/108 (task 79): force_integral=+0.000000e+00

Elapsed run time = 40609.8020 s
  [BOTH][Rank 0] Done moment 80/108 (task 79): force_integral=+0.000000e+00

Elapsed run time = 40612.2170 s
  [BOTH][Rank 0] Done moment 80/108 (task 79): force_integral=+0.000000e+00

Elapsed run time = 40613.3634 s
  [BOTH][Rank 0] Done moment 80/108 (task 79): force_integral=+0.000000e+00

[WALLTIME GUARD] Elapsed 11.28h >= budget limit (11.00h).
[WALLTIME GUARD] Safely pausing simulation before moment 81/108 (task 80).

[STATUS: PENDING] Task 999 reached walltime budget limit (11.0h).
[STATUS: PENDING] Checkpointed progress safely recorded on disk. Ready for continuation job.

Elapsed run time = 40622.6701 s
  [BOTH][Rank 0] Done moment 80/108 (task 79): force_integral=+0.000000e+00

Elapsed run time = 40626.0645 s
  [BOTH][Rank 0] Done moment 80/108 (task 79): force_integral=+0.000000e+00

Elapsed run time = 40630.9655 s
  [BOTH][Rank 0] Done moment 80/108 (task 79): force_integral=+0.000000e+00

Elapsed run time = 40632.9890 s
  [BOTH][Rank 0] Done moment 80/108 (task 79): force_integral=+0.000000e+00

Elapsed run time = 40638.1896 s
  [BOTH][Rank 0] Done moment 80/108 (task 79): force_integral=+0.000000e+00

Elapsed run time = 40639.3719 s
  [BOTH][Rank 0] Done moment 80/108 (task 79): force_integral=+0.000000e+00

Elapsed run time = 40642.1176 s
  [BOTH][Rank 0] Done moment 80/108 (task 79): force_integral=+0.000000e+00

Elapsed run time = 40657.9598 s
  [BOTH][Rank 0] Done moment 80/108 (task 79): force_integral=+0.000000e+00

Elapsed run time = 40661.2334 s
  [BOTH][Rank 0] Done moment 80/108 (task 79): force_integral=+0.000000e+00

Elapsed run time = 40665.1343 s
  [BOTH][Rank 0] Done moment 80/108 (task 79): force_integral=+0.000000e+00

Elapsed run time = 40667.4231 s
  [BOTH][Rank 0] Done moment 80/108 (task 79): force_integral=+0.000000e+00

Elapsed run time = 40684.2199 s
  [BOTH][Rank 0] Done moment 80/108 (task 79): force_integral=+0.000000e+00

Elapsed run time = 40685.3184 s
  [BOTH][Rank 0] Done moment 80/108 (task 79): force_integral=+0.000000e+00

Elapsed run time = 40703.7758 s
  [BOTH][Rank 0] Done moment 80/108 (task 79): force_integral=+0.000000e+00

Elapsed run time = 40703.9451 s
  [BOTH][Rank 0] Done moment 80/108 (task 79): force_integral=+0.000000e+00

Elapsed run time = 40719.2705 s
  [BOTH][Rank 0] Done moment 80/108 (task 79): force_integral=+0.000000e+00

Elapsed run time = 40724.6563 s
  [BOTH][Rank 0] Done moment 80/108 (task 79): force_integral=+0.000000e+00

Elapsed run time = 40728.2093 s
  [BOTH][Rank 0] Done moment 80/108 (task 79): force_integral=+0.000000e+00

Elapsed run time = 40753.4724 s
  [BOTH][Rank 0] Done moment 80/108 (task 79): force_integral=+0.000000e+00

Elapsed run time = 40754.6094 s
  [BOTH][Rank 0] Done moment 80/108 (task 79): force_integral=+0.000000e+00

Elapsed run time = 40792.5032 s
  [BOTH][Rank 0] Done moment 80/108 (task 79): force_integral=+0.000000e+00

Elapsed run time = 40798.9649 s
  [BOTH][Rank 0] Done moment 80/108 (task 79): force_integral=+0.000000e+00

Elapsed run time = 40803.8160 s
Command succeeded cleanly.
Convergence test finished with exit code 0 at Thu Sep 24 05:05:34 AM EDT 2026.
================================================================================
[AUTO-RESUBMIT] Convergence run reached 12-hour limit with pending moments.
Checkpoints safely preserved. Launching continuation job for n_max=3 test...
================================================================================
  Continuity Job Queued: Submitted batch job 8325186
Synchronizing progress and pushing reports for Convergence Task 999 (exit code 0)...
