================================================================================
CASIMIR_CLUTCH MULTI-NODE TASK: 7 / 10
Target: Angled Tasks (theta = 30, 45, 60 deg, R = 60, N = 3, RAM ~285 GB)
Topology: 2 nodes, 64 ranks/node, 2 cpus/rank (3.75 GB RAM/rank, 142 GB/node)
Host: x1002c4s7b0n1
Started: Fri Sep 25 10:34:51 PM EDT 2026
================================================================================
Reading task parameters from sweep_configs_clutch/config_007.json...
Executing Quantum Clutch Simulation on 2 Distributed Nodes (general partition, 512 GB total RAM)
Label: Clutch: Menger Spire (N=3) vs Sierpinski Sieve (N=3), d=80nm, th=30.0deg
Params: d=0.08 um, N_top=3, N_bot=3, mat=Gold, res=60, nmax=1, theta=30.0 deg, alpha=75.0 deg, r_tip=5.0 nm, eps=1.0
Launching Meep across 2 nodes (128 MPI ranks, 64 ranks/node, 2 cpus/rank)...
==================================================
RUNNING CRASH-PROOF MEEP SIMULATION WRAPPER
==================================================
Executing: srun -n 128 --ntasks-per-node=64 -c 2 /N/u/gogordon/BigRed200/.conda/envs/meep/bin/python execution/run_meep_simulation.py --L 2.0 --d 0.08 --N 3 --N-bottom 3 --theta 30.0 --material Gold --res 60 --nmax 1 --eps-bg 1.0 --config all --no-subgroups --T-run 12.0 --max-walltime-hours 10.5 --campaign-task-id 7 --clutch --corrugation-angle 75.0 --r-tip 5.0
Starting simulation: d=0.08 um, N_top=3, N_bottom=3, material=Gold, resolution=60, nmax=1, theta=30.0, eps_bg=1.0, config=all, clutch=True, stepped_sieve=False, corrugated=False
Parallel configuration: 128 processes running 1 parallel moment partitions.
Loaded cached 'both' force: 1.216517e+03 from .tmp/chk_v4_d_0.0800_Ntop_3_Nbot_3_mat_Gold_res_60_th_30.0_clutch_al_75.0_rtip_5.0_L_2.00_both.json
[SELF] Loaded 12 cached moments from .tmp/chk_moments_v4_d_0.0800_Ntop_3_Nbot_3_mat_Gold_res_60_th_30.0_clutch_al_75.0_rtip_5.0_L_2.00_self.json
  [SELF][Rank 0] Skipped moment 1/36 (task 0) [CACHED]: force_integral=+2.356261e-01
  [SELF][Rank 0] Skipped moment 2/36 (task 1) [CACHED]: force_integral=+2.356261e-01
  [SELF][Rank 0] Skipped moment 3/36 (task 2) [CACHED]: force_integral=+0.000000e+00
  [SELF][Rank 0] Skipped moment 4/36 (task 3) [CACHED]: force_integral=+0.000000e+00
  [SELF][Rank 0] Skipped moment 5/36 (task 4) [CACHED]: force_integral=-4.125017e+02
  [SELF][Rank 0] Skipped moment 6/36 (task 5) [CACHED]: force_integral=+4.295552e+02
  [SELF][Rank 0] Skipped moment 7/36 (task 6) [CACHED]: force_integral=+0.000000e+00
  [SELF][Rank 0] Skipped moment 8/36 (task 7) [CACHED]: force_integral=+0.000000e+00
  [SELF][Rank 0] Skipped moment 9/36 (task 8) [CACHED]: force_integral=+7.235006e-01
  [SELF][Rank 0] Skipped moment 10/36 (task 9) [CACHED]: force_integral=+7.235006e-01
  [SELF][Rank 0] Skipped moment 11/36 (task 10) [CACHED]: force_integral=-1.907873e+03
  [SELF][Rank 0] Skipped moment 12/36 (task 11) [CACHED]: force_integral=+1.751552e+03
  [SELF][Rank 0] Done moment 13/36 (task 12): force_integral=+0.000000e+00
  [SELF][Rank 0] Done moment 13/36 (task 12): force_integral=+0.000000e+00
  [SELF][Rank 0] Done moment 13/36 (task 12): force_integral=+0.000000e+00
  [SELF][Rank 0] Done moment 13/36 (task 12): force_integral=+0.000000e+00
  [SELF][Rank 0] Done moment 13/36 (task 12): force_integral=+0.000000e+00
  [SELF][Rank 0] Done moment 13/36 (task 12): force_integral=+0.000000e+00
  [SELF][Rank 0] Done moment 13/36 (task 12): force_integral=+0.000000e+00
  [SELF][Rank 0] Done moment 13/36 (task 12): force_integral=+0.000000e+00
  [SELF][Rank 0] Done moment 13/36 (task 12): force_integral=+0.000000e+00
  [SELF][Rank 0] Done moment 13/36 (task 12): force_integral=+0.000000e+00
  [SELF][Rank 0] Done moment 13/36 (task 12): force_integral=+0.000000e+00
  [SELF][Rank 0] Done moment 13/36 (task 12): force_integral=+0.000000e+00
  [SELF][Rank 0] Done moment 13/36 (task 12): force_integral=+0.000000e+00
  [SELF][Rank 0] Done moment 13/36 (task 12): force_integral=+0.000000e+00
  [SELF][Rank 0] Done moment 13/36 (task 12): force_integral=+0.000000e+00
  [SELF][Rank 0] Done moment 13/36 (task 12): force_integral=+0.000000e+00
  [SELF][Rank 0] Done moment 13/36 (task 12): force_integral=+0.000000e+00
  [SELF][Rank 0] Done moment 13/36 (task 12): force_integral=+0.000000e+00
  [SELF][Rank 0] Done moment 13/36 (task 12): force_integral=+0.000000e+00
  [SELF][Rank 0] Done moment 13/36 (task 12): force_integral=+0.000000e+00
  [SELF][Rank 0] Done moment 13/36 (task 12): force_integral=+0.000000e+00
  [SELF][Rank 0] Done moment 13/36 (task 12): force_integral=+0.000000e+00
  [SELF][Rank 0] Done moment 13/36 (task 12): force_integral=+0.000000e+00
  [SELF][Rank 0] Done moment 13/36 (task 12): force_integral=+0.000000e+00
  [SELF][Rank 0] Done moment 13/36 (task 12): force_integral=+0.000000e+00
  [SELF][Rank 0] Done moment 13/36 (task 12): force_integral=+0.000000e+00
  [SELF][Rank 0] Done moment 13/36 (task 12): force_integral=+0.000000e+00
  [SELF][Rank 0] Done moment 13/36 (task 12): force_integral=+0.000000e+00
  [SELF][Rank 0] Done moment 13/36 (task 12): force_integral=+0.000000e+00
  [SELF][Rank 0] Done moment 13/36 (task 12): force_integral=+0.000000e+00
  [SELF][Rank 0] Done moment 13/36 (task 12): force_integral=+0.000000e+00
  [SELF][Rank 0] Done moment 13/36 (task 12): force_integral=+0.000000e+00
  [SELF][Rank 0] Done moment 13/36 (task 12): force_integral=+0.000000e+00
  [SELF][Rank 0] Done moment 13/36 (task 12): force_integral=+0.000000e+00
  [SELF][Rank 0] Done moment 13/36 (task 12): force_integral=+0.000000e+00
  [SELF][Rank 0] Done moment 13/36 (task 12): force_integral=+0.000000e+00
  [SELF][Rank 0] Done moment 13/36 (task 12): force_integral=+0.000000e+00
  [SELF][Rank 0] Done moment 13/36 (task 12): force_integral=+0.000000e+00
  [SELF][Rank 0] Done moment 13/36 (task 12): force_integral=+0.000000e+00
  [SELF][Rank 0] Done moment 13/36 (task 12): force_integral=+0.000000e+00
  [SELF][Rank 0] Done moment 13/36 (task 12): force_integral=+0.000000e+00
  [SELF][Rank 0] Done moment 13/36 (task 12): force_integral=+0.000000e+00
  [SELF][Rank 0] Done moment 13/36 (task 12): force_integral=+0.000000e+00
  [SELF][Rank 0] Done moment 13/36 (task 12): force_integral=+0.000000e+00
  [SELF][Rank 0] Done moment 13/36 (task 12): force_integral=+0.000000e+00
  [SELF][Rank 0] Done moment 13/36 (task 12): force_integral=+0.000000e+00
  [SELF][Rank 0] Done moment 13/36 (task 12): force_integral=+0.000000e+00
  [SELF][Rank 0] Done moment 13/36 (task 12): force_integral=+0.000000e+00
  [SELF][Rank 0] Done moment 13/36 (task 12): force_integral=+0.000000e+00
  [SELF][Rank 0] Done moment 13/36 (task 12): force_integral=+0.000000e+00
  [SELF][Rank 0] Done moment 13/36 (task 12): force_integral=+0.000000e+00
  [SELF][Rank 0] Done moment 13/36 (task 12): force_integral=+0.000000e+00
  [SELF][Rank 0] Done moment 13/36 (task 12): force_integral=+0.000000e+00
  [SELF][Rank 0] Done moment 13/36 (task 12): force_integral=+0.000000e+00
  [SELF][Rank 0] Done moment 13/36 (task 12): force_integral=+0.000000e+00
  [SELF][Rank 0] Done moment 13/36 (task 12): force_integral=+0.000000e+00
  [SELF][Rank 0] Done moment 13/36 (task 12): force_integral=+0.000000e+00
  [SELF][Rank 0] Done moment 13/36 (task 12): force_integral=+0.000000e+00
  [SELF][Rank 0] Done moment 13/36 (task 12): force_integral=+0.000000e+00
  [SELF][Rank 0] Done moment 13/36 (task 12): force_integral=+0.000000e+00
  [SELF][Rank 0] Done moment 13/36 (task 12): force_integral=+0.000000e+00
  [SELF][Rank 0] Done moment 13/36 (task 12): force_integral=+0.000000e+00
  [SELF][Rank 0] Done moment 13/36 (task 12): force_integral=+0.000000e+00
  [SELF][Rank 0] Done moment 13/36 (task 12): force_integral=+0.000000e+00
  [SELF][Rank 0] Done moment 13/36 (task 12): force_integral=+0.000000e+00
  [SELF][Rank 0] Done moment 13/36 (task 12): force_integral=+0.000000e+00
  [SELF][Rank 0] Done moment 13/36 (task 12): force_integral=+0.000000e+00
  [SELF][Rank 0] Done moment 13/36 (task 12): force_integral=+0.000000e+00
  [SELF][Rank 0] Done moment 13/36 (task 12): force_integral=+0.000000e+00
  [SELF][Rank 0] Done moment 13/36 (task 12): force_integral=+0.000000e+00
  [SELF][Rank 0] Done moment 13/36 (task 12): force_integral=+0.000000e+00
  [SELF][Rank 0] Done moment 13/36 (task 12): force_integral=+0.000000e+00
  [SELF][Rank 0] Done moment 13/36 (task 12): force_integral=+0.000000e+00
  [SELF][Rank 0] Done moment 13/36 (task 12): force_integral=+0.000000e+00
  [SELF][Rank 0] Done moment 13/36 (task 12): force_integral=+0.000000e+00
  [SELF][Rank 0] Done moment 13/36 (task 12): force_integral=+0.000000e+00
  [SELF][Rank 0] Done moment 13/36 (task 12): force_integral=+0.000000e+00
  [SELF][Rank 0] Done moment 13/36 (task 12): force_integral=+0.000000e+00
  [SELF][Rank 0] Done moment 13/36 (task 12): force_integral=+0.000000e+00
  [SELF][Rank 0] Done moment 13/36 (task 12): force_integral=+0.000000e+00
  [SELF][Rank 0] Done moment 13/36 (task 12): force_integral=+0.000000e+00
  [SELF][Rank 0] Done moment 13/36 (task 12): force_integral=+0.000000e+00
  [SELF][Rank 0] Done moment 13/36 (task 12): force_integral=+0.000000e+00
  [SELF][Rank 0] Done moment 13/36 (task 12): force_integral=+0.000000e+00
  [SELF][Rank 0] Done moment 13/36 (task 12): force_integral=+0.000000e+00
  [SELF][Rank 0] Done moment 13/36 (task 12): force_integral=+0.000000e+00
  [SELF][Rank 0] Done moment 13/36 (task 12): force_integral=+0.000000e+00
  [SELF][Rank 0] Done moment 13/36 (task 12): force_integral=+0.000000e+00
  [SELF][Rank 0] Done moment 13/36 (task 12): force_integral=+0.000000e+00
  [SELF][Rank 0] Done moment 13/36 (task 12): force_integral=+0.000000e+00
  [SELF][Rank 0] Done moment 13/36 (task 12): force_integral=+0.000000e+00
  [SELF][Rank 0] Done moment 13/36 (task 12): force_integral=+0.000000e+00
  [SELF][Rank 0] Done moment 13/36 (task 12): force_integral=+0.000000e+00
  [SELF][Rank 0] Done moment 13/36 (task 12): force_integral=+0.000000e+00
  [SELF][Rank 0] Done moment 13/36 (task 12): force_integral=+0.000000e+00
  [SELF][Rank 0] Done moment 13/36 (task 12): force_integral=+0.000000e+00
  [SELF][Rank 0] Done moment 13/36 (task 12): force_integral=+0.000000e+00
  [SELF][Rank 0] Done moment 13/36 (task 12): force_integral=+0.000000e+00
  [SELF][Rank 0] Done moment 13/36 (task 12): force_integral=+0.000000e+00
  [SELF][Rank 0] Done moment 13/36 (task 12): force_integral=+0.000000e+00
  [SELF][Rank 0] Done moment 13/36 (task 12): force_integral=+0.000000e+00
  [SELF][Rank 0] Done moment 13/36 (task 12): force_integral=+0.000000e+00
  [SELF][Rank 0] Done moment 13/36 (task 12): force_integral=+0.000000e+00
  [SELF][Rank 0] Done moment 13/36 (task 12): force_integral=+0.000000e+00
  [SELF][Rank 0] Done moment 13/36 (task 12): force_integral=+0.000000e+00
  [SELF][Rank 0] Done moment 13/36 (task 12): force_integral=+0.000000e+00
  [SELF][Rank 0] Done moment 13/36 (task 12): force_integral=+0.000000e+00
  [SELF][Rank 0] Done moment 13/36 (task 12): force_integral=+0.000000e+00
  [SELF][Rank 0] Done moment 13/36 (task 12): force_integral=+0.000000e+00
  [SELF][Rank 0] Done moment 13/36 (task 12): force_integral=+0.000000e+00
  [SELF][Rank 0] Done moment 13/36 (task 12): force_integral=+0.000000e+00
  [SELF][Rank 0] Done moment 13/36 (task 12): force_integral=+0.000000e+00
  [SELF][Rank 0] Done moment 13/36 (task 12): force_integral=+0.000000e+00
  [SELF][Rank 0] Done moment 13/36 (task 12): force_integral=+0.000000e+00
  [SELF][Rank 0] Done moment 13/36 (task 12): force_integral=+0.000000e+00
  [SELF][Rank 0] Done moment 13/36 (task 12): force_integral=+0.000000e+00
  [SELF][Rank 0] Done moment 13/36 (task 12): force_integral=+0.000000e+00
  [SELF][Rank 0] Done moment 13/36 (task 12): force_integral=+0.000000e+00
  [SELF][Rank 0] Done moment 13/36 (task 12): force_integral=+0.000000e+00
  [SELF][Rank 0] Done moment 13/36 (task 12): force_integral=+0.000000e+00
  [SELF][Rank 0] Done moment 13/36 (task 12): force_integral=+0.000000e+00
  [SELF][Rank 0] Done moment 13/36 (task 12): force_integral=+0.000000e+00
  [SELF][Rank 0] Done moment 13/36 (task 12): force_integral=+0.000000e+00
  [SELF][Rank 0] Done moment 13/36 (task 12): force_integral=+0.000000e+00
  [SELF][Rank 0] Done moment 13/36 (task 12): force_integral=+0.000000e+00
  [SELF][Rank 0] Done moment 13/36 (task 12): force_integral=+0.000000e+00
  [SELF][Rank 0] Done moment 13/36 (task 12): force_integral=+0.000000e+00
  [SELF][Rank 0] Done moment 13/36 (task 12): force_integral=+0.000000e+00
  [SELF][Rank 0] Done moment 14/36 (task 13): force_integral=+0.000000e+00
  [SELF][Rank 0] Done moment 14/36 (task 13): force_integral=+0.000000e+00
  [SELF][Rank 0] Done moment 14/36 (task 13): force_integral=+0.000000e+00
  [SELF][Rank 0] Done moment 14/36 (task 13): force_integral=+0.000000e+00
  [SELF][Rank 0] Done moment 14/36 (task 13): force_integral=+0.000000e+00
  [SELF][Rank 0] Done moment 14/36 (task 13): force_integral=+0.000000e+00
  [SELF][Rank 0] Done moment 14/36 (task 13): force_integral=+0.000000e+00
  [SELF][Rank 0] Done moment 14/36 (task 13): force_integral=+0.000000e+00
  [SELF][Rank 0] Done moment 14/36 (task 13): force_integral=+0.000000e+00
  [SELF][Rank 0] Done moment 14/36 (task 13): force_integral=+0.000000e+00
  [SELF][Rank 0] Done moment 14/36 (task 13): force_integral=+0.000000e+00
  [SELF][Rank 0] Done moment 14/36 (task 13): force_integral=+0.000000e+00
  [SELF][Rank 0] Done moment 14/36 (task 13): force_integral=+0.000000e+00
  [SELF][Rank 0] Done moment 14/36 (task 13): force_integral=+0.000000e+00
  [SELF][Rank 0] Done moment 14/36 (task 13): force_integral=+0.000000e+00
  [SELF][Rank 0] Done moment 14/36 (task 13): force_integral=+0.000000e+00
  [SELF][Rank 0] Done moment 14/36 (task 13): force_integral=+0.000000e+00
  [SELF][Rank 0] Done moment 14/36 (task 13): force_integral=+0.000000e+00
  [SELF][Rank 0] Done moment 14/36 (task 13): force_integral=+0.000000e+00
  [SELF][Rank 0] Done moment 14/36 (task 13): force_integral=+0.000000e+00
  [SELF][Rank 0] Done moment 14/36 (task 13): force_integral=+0.000000e+00
  [SELF][Rank 0] Done moment 14/36 (task 13): force_integral=+0.000000e+00
  [SELF][Rank 0] Done moment 14/36 (task 13): force_integral=+0.000000e+00
  [SELF][Rank 0] Done moment 14/36 (task 13): force_integral=+0.000000e+00
  [SELF][Rank 0] Done moment 14/36 (task 13): force_integral=+0.000000e+00
  [SELF][Rank 0] Done moment 14/36 (task 13): force_integral=+0.000000e+00
  [SELF][Rank 0] Done moment 14/36 (task 13): force_integral=+0.000000e+00
  [SELF][Rank 0] Done moment 14/36 (task 13): force_integral=+0.000000e+00
  [SELF][Rank 0] Done moment 14/36 (task 13): force_integral=+0.000000e+00
  [SELF][Rank 0] Done moment 14/36 (task 13): force_integral=+0.000000e+00
  [SELF][Rank 0] Done moment 14/36 (task 13): force_integral=+0.000000e+00
  [SELF][Rank 0] Done moment 14/36 (task 13): force_integral=+0.000000e+00
  [SELF][Rank 0] Done moment 14/36 (task 13): force_integral=+0.000000e+00
  [SELF][Rank 0] Done moment 14/36 (task 13): force_integral=+0.000000e+00
  [SELF][Rank 0] Done moment 14/36 (task 13): force_integral=+0.000000e+00
  [SELF][Rank 0] Done moment 14/36 (task 13): force_integral=+0.000000e+00
  [SELF][Rank 0] Done moment 14/36 (task 13): force_integral=+0.000000e+00
  [SELF][Rank 0] Done moment 14/36 (task 13): force_integral=+0.000000e+00
  [SELF][Rank 0] Done moment 14/36 (task 13): force_integral=+0.000000e+00
  [SELF][Rank 0] Done moment 14/36 (task 13): force_integral=+0.000000e+00
  [SELF][Rank 0] Done moment 14/36 (task 13): force_integral=+0.000000e+00
  [SELF][Rank 0] Done moment 14/36 (task 13): force_integral=+0.000000e+00
  [SELF][Rank 0] Done moment 14/36 (task 13): force_integral=+0.000000e+00
  [SELF][Rank 0] Done moment 14/36 (task 13): force_integral=+0.000000e+00
  [SELF][Rank 0] Done moment 14/36 (task 13): force_integral=+0.000000e+00
  [SELF][Rank 0] Done moment 14/36 (task 13): force_integral=+0.000000e+00
  [SELF][Rank 0] Done moment 14/36 (task 13): force_integral=+0.000000e+00
  [SELF][Rank 0] Done moment 14/36 (task 13): force_integral=+0.000000e+00
  [SELF][Rank 0] Done moment 14/36 (task 13): force_integral=+0.000000e+00
  [SELF][Rank 0] Done moment 14/36 (task 13): force_integral=+0.000000e+00
  [SELF][Rank 0] Done moment 14/36 (task 13): force_integral=+0.000000e+00
  [SELF][Rank 0] Done moment 14/36 (task 13): force_integral=+0.000000e+00
  [SELF][Rank 0] Done moment 14/36 (task 13): force_integral=+0.000000e+00
  [SELF][Rank 0] Done moment 14/36 (task 13): force_integral=+0.000000e+00
  [SELF][Rank 0] Done moment 14/36 (task 13): force_integral=+0.000000e+00
  [SELF][Rank 0] Done moment 14/36 (task 13): force_integral=+0.000000e+00
  [SELF][Rank 0] Done moment 14/36 (task 13): force_integral=+0.000000e+00
  [SELF][Rank 0] Done moment 14/36 (task 13): force_integral=+0.000000e+00
  [SELF][Rank 0] Done moment 14/36 (task 13): force_integral=+0.000000e+00
  [SELF][Rank 0] Done moment 14/36 (task 13): force_integral=+0.000000e+00
  [SELF][Rank 0] Done moment 14/36 (task 13): force_integral=+0.000000e+00
  [SELF][Rank 0] Done moment 14/36 (task 13): force_integral=+0.000000e+00
  [SELF][Rank 0] Done moment 14/36 (task 13): force_integral=+0.000000e+00
  [SELF][Rank 0] Done moment 14/36 (task 13): force_integral=+0.000000e+00
  [SELF][Rank 0] Done moment 14/36 (task 13): force_integral=+0.000000e+00
  [SELF][Rank 0] Done moment 14/36 (task 13): force_integral=+0.000000e+00
  [SELF][Rank 0] Done moment 14/36 (task 13): force_integral=+0.000000e+00
  [SELF][Rank 0] Done moment 14/36 (task 13): force_integral=+0.000000e+00
  [SELF][Rank 0] Done moment 14/36 (task 13): force_integral=+0.000000e+00
  [SELF][Rank 0] Done moment 14/36 (task 13): force_integral=+0.000000e+00
  [SELF][Rank 0] Done moment 14/36 (task 13): force_integral=+0.000000e+00
  [SELF][Rank 0] Done moment 14/36 (task 13): force_integral=+0.000000e+00
  [SELF][Rank 0] Done moment 14/36 (task 13): force_integral=+0.000000e+00
  [SELF][Rank 0] Done moment 14/36 (task 13): force_integral=+0.000000e+00
  [SELF][Rank 0] Done moment 14/36 (task 13): force_integral=+0.000000e+00
  [SELF][Rank 0] Done moment 14/36 (task 13): force_integral=+0.000000e+00
  [SELF][Rank 0] Done moment 14/36 (task 13): force_integral=+0.000000e+00
  [SELF][Rank 0] Done moment 14/36 (task 13): force_integral=+0.000000e+00
  [SELF][Rank 0] Done moment 14/36 (task 13): force_integral=+0.000000e+00
  [SELF][Rank 0] Done moment 14/36 (task 13): force_integral=+0.000000e+00
  [SELF][Rank 0] Done moment 14/36 (task 13): force_integral=+0.000000e+00
  [SELF][Rank 0] Done moment 14/36 (task 13): force_integral=+0.000000e+00
  [SELF][Rank 0] Done moment 14/36 (task 13): force_integral=+0.000000e+00
  [SELF][Rank 0] Done moment 14/36 (task 13): force_integral=+0.000000e+00
  [SELF][Rank 0] Done moment 14/36 (task 13): force_integral=+0.000000e+00
  [SELF][Rank 0] Done moment 14/36 (task 13): force_integral=+0.000000e+00
  [SELF][Rank 0] Done moment 14/36 (task 13): force_integral=+0.000000e+00
  [SELF][Rank 0] Done moment 14/36 (task 13): force_integral=+0.000000e+00
  [SELF][Rank 0] Done moment 14/36 (task 13): force_integral=+0.000000e+00
  [SELF][Rank 0] Done moment 14/36 (task 13): force_integral=+0.000000e+00
  [SELF][Rank 0] Done moment 14/36 (task 13): force_integral=+0.000000e+00
  [SELF][Rank 0] Done moment 14/36 (task 13): force_integral=+0.000000e+00
  [SELF][Rank 0] Done moment 14/36 (task 13): force_integral=+0.000000e+00
  [SELF][Rank 0] Done moment 14/36 (task 13): force_integral=+0.000000e+00
  [SELF][Rank 0] Done moment 14/36 (task 13): force_integral=+0.000000e+00
  [SELF][Rank 0] Done moment 14/36 (task 13): force_integral=+0.000000e+00
  [SELF][Rank 0] Done moment 14/36 (task 13): force_integral=+0.000000e+00
  [SELF][Rank 0] Done moment 14/36 (task 13): force_integral=+0.000000e+00
  [SELF][Rank 0] Done moment 14/36 (task 13): force_integral=+0.000000e+00
  [SELF][Rank 0] Done moment 14/36 (task 13): force_integral=+0.000000e+00
  [SELF][Rank 0] Done moment 14/36 (task 13): force_integral=+0.000000e+00
  [SELF][Rank 0] Done moment 14/36 (task 13): force_integral=+0.000000e+00
  [SELF][Rank 0] Done moment 14/36 (task 13): force_integral=+0.000000e+00
  [SELF][Rank 0] Done moment 14/36 (task 13): force_integral=+0.000000e+00
  [SELF][Rank 0] Done moment 14/36 (task 13): force_integral=+0.000000e+00
  [SELF][Rank 0] Done moment 14/36 (task 13): force_integral=+0.000000e+00
  [SELF][Rank 0] Done moment 14/36 (task 13): force_integral=+0.000000e+00
  [SELF][Rank 0] Done moment 14/36 (task 13): force_integral=+0.000000e+00
  [SELF][Rank 0] Done moment 14/36 (task 13): force_integral=+0.000000e+00
  [SELF][Rank 0] Done moment 14/36 (task 13): force_integral=+0.000000e+00
  [SELF][Rank 0] Done moment 14/36 (task 13): force_integral=+0.000000e+00
  [SELF][Rank 0] Done moment 14/36 (task 13): force_integral=+0.000000e+00
  [SELF][Rank 0] Done moment 14/36 (task 13): force_integral=+0.000000e+00
  [SELF][Rank 0] Done moment 14/36 (task 13): force_integral=+0.000000e+00
  [SELF][Rank 0] Done moment 14/36 (task 13): force_integral=+0.000000e+00
  [SELF][Rank 0] Done moment 14/36 (task 13): force_integral=+0.000000e+00
  [SELF][Rank 0] Done moment 14/36 (task 13): force_integral=+0.000000e+00
  [SELF][Rank 0] Done moment 14/36 (task 13): force_integral=+0.000000e+00
  [SELF][Rank 0] Done moment 14/36 (task 13): force_integral=+0.000000e+00
  [SELF][Rank 0] Done moment 14/36 (task 13): force_integral=+0.000000e+00
  [SELF][Rank 0] Done moment 14/36 (task 13): force_integral=+0.000000e+00
  [SELF][Rank 0] Done moment 14/36 (task 13): force_integral=+0.000000e+00
  [SELF][Rank 0] Done moment 14/36 (task 13): force_integral=+0.000000e+00
  [SELF][Rank 0] Done moment 14/36 (task 13): force_integral=+0.000000e+00
  [SELF][Rank 0] Done moment 14/36 (task 13): force_integral=+0.000000e+00
  [SELF][Rank 0] Done moment 14/36 (task 13): force_integral=+0.000000e+00
  [SELF][Rank 0] Done moment 14/36 (task 13): force_integral=+0.000000e+00
  [SELF][Rank 0] Done moment 14/36 (task 13): force_integral=+0.000000e+00
  [SELF][Rank 0] Done moment 15/36 (task 14): force_integral=+0.000000e+00
  [SELF][Rank 0] Done moment 15/36 (task 14): force_integral=+0.000000e+00
  [SELF][Rank 0] Done moment 15/36 (task 14): force_integral=+0.000000e+00
  [SELF][Rank 0] Done moment 15/36 (task 14): force_integral=+0.000000e+00
  [SELF][Rank 0] Done moment 15/36 (task 14): force_integral=+0.000000e+00
  [SELF][Rank 0] Done moment 15/36 (task 14): force_integral=+0.000000e+00
  [SELF][Rank 0] Done moment 15/36 (task 14): force_integral=+0.000000e+00
  [SELF][Rank 0] Done moment 15/36 (task 14): force_integral=+0.000000e+00
  [SELF][Rank 0] Done moment 15/36 (task 14): force_integral=+0.000000e+00
  [SELF][Rank 0] Done moment 15/36 (task 14): force_integral=+0.000000e+00
  [SELF][Rank 0] Done moment 15/36 (task 14): force_integral=+0.000000e+00
  [SELF][Rank 0] Done moment 15/36 (task 14): force_integral=+0.000000e+00
  [SELF][Rank 0] Done moment 15/36 (task 14): force_integral=+0.000000e+00
  [SELF][Rank 0] Done moment 15/36 (task 14): force_integral=+0.000000e+00
  [SELF][Rank 0] Done moment 15/36 (task 14): force_integral=+0.000000e+00
  [SELF][Rank 0] Done moment 15/36 (task 14): force_integral=+0.000000e+00
  [SELF][Rank 0] Done moment 15/36 (task 14): force_integral=+0.000000e+00
  [SELF][Rank 0] Done moment 15/36 (task 14): force_integral=+0.000000e+00
  [SELF][Rank 0] Done moment 15/36 (task 14): force_integral=+0.000000e+00
  [SELF][Rank 0] Done moment 15/36 (task 14): force_integral=+0.000000e+00
  [SELF][Rank 0] Done moment 15/36 (task 14): force_integral=+0.000000e+00
  [SELF][Rank 0] Done moment 15/36 (task 14): force_integral=+0.000000e+00
  [SELF][Rank 0] Done moment 15/36 (task 14): force_integral=+0.000000e+00
  [SELF][Rank 0] Done moment 15/36 (task 14): force_integral=+0.000000e+00
  [SELF][Rank 0] Done moment 15/36 (task 14): force_integral=+0.000000e+00
  [SELF][Rank 0] Done moment 15/36 (task 14): force_integral=+0.000000e+00
  [SELF][Rank 0] Done moment 15/36 (task 14): force_integral=+0.000000e+00
  [SELF][Rank 0] Done moment 15/36 (task 14): force_integral=+0.000000e+00
  [SELF][Rank 0] Done moment 15/36 (task 14): force_integral=+0.000000e+00
  [SELF][Rank 0] Done moment 15/36 (task 14): force_integral=+0.000000e+00
  [SELF][Rank 0] Done moment 15/36 (task 14): force_integral=+0.000000e+00
  [SELF][Rank 0] Done moment 15/36 (task 14): force_integral=+0.000000e+00
  [SELF][Rank 0] Done moment 15/36 (task 14): force_integral=+0.000000e+00
  [SELF][Rank 0] Done moment 15/36 (task 14): force_integral=+0.000000e+00
  [SELF][Rank 0] Done moment 15/36 (task 14): force_integral=+0.000000e+00
  [SELF][Rank 0] Done moment 15/36 (task 14): force_integral=+0.000000e+00
  [SELF][Rank 0] Done moment 15/36 (task 14): force_integral=+0.000000e+00
  [SELF][Rank 0] Done moment 15/36 (task 14): force_integral=+0.000000e+00
  [SELF][Rank 0] Done moment 15/36 (task 14): force_integral=+0.000000e+00
  [SELF][Rank 0] Done moment 15/36 (task 14): force_integral=+0.000000e+00
  [SELF][Rank 0] Done moment 15/36 (task 14): force_integral=+0.000000e+00
  [SELF][Rank 0] Done moment 15/36 (task 14): force_integral=+0.000000e+00
  [SELF][Rank 0] Done moment 15/36 (task 14): force_integral=+0.000000e+00
  [SELF][Rank 0] Done moment 15/36 (task 14): force_integral=+0.000000e+00
  [SELF][Rank 0] Done moment 15/36 (task 14): force_integral=+0.000000e+00
  [SELF][Rank 0] Done moment 15/36 (task 14): force_integral=+0.000000e+00
  [SELF][Rank 0] Done moment 15/36 (task 14): force_integral=+0.000000e+00
  [SELF][Rank 0] Done moment 15/36 (task 14): force_integral=+0.000000e+00
  [SELF][Rank 0] Done moment 15/36 (task 14): force_integral=+0.000000e+00
  [SELF][Rank 0] Done moment 15/36 (task 14): force_integral=+0.000000e+00
  [SELF][Rank 0] Done moment 15/36 (task 14): force_integral=+0.000000e+00
  [SELF][Rank 0] Done moment 15/36 (task 14): force_integral=+0.000000e+00
  [SELF][Rank 0] Done moment 15/36 (task 14): force_integral=+0.000000e+00
  [SELF][Rank 0] Done moment 15/36 (task 14): force_integral=+0.000000e+00
  [SELF][Rank 0] Done moment 15/36 (task 14): force_integral=+0.000000e+00
  [SELF][Rank 0] Done moment 15/36 (task 14): force_integral=+0.000000e+00
  [SELF][Rank 0] Done moment 15/36 (task 14): force_integral=+0.000000e+00
  [SELF][Rank 0] Done moment 15/36 (task 14): force_integral=+0.000000e+00
  [SELF][Rank 0] Done moment 15/36 (task 14): force_integral=+0.000000e+00
  [SELF][Rank 0] Done moment 15/36 (task 14): force_integral=+0.000000e+00
  [SELF][Rank 0] Done moment 15/36 (task 14): force_integral=+0.000000e+00
  [SELF][Rank 0] Done moment 15/36 (task 14): force_integral=+0.000000e+00
  [SELF][Rank 0] Done moment 15/36 (task 14): force_integral=+0.000000e+00
  [SELF][Rank 0] Done moment 15/36 (task 14): force_integral=+0.000000e+00
  [SELF][Rank 0] Done moment 15/36 (task 14): force_integral=+0.000000e+00
  [SELF][Rank 0] Done moment 15/36 (task 14): force_integral=+0.000000e+00
  [SELF][Rank 0] Done moment 15/36 (task 14): force_integral=+0.000000e+00
  [SELF][Rank 0] Done moment 15/36 (task 14): force_integral=+0.000000e+00
  [SELF][Rank 0] Done moment 15/36 (task 14): force_integral=+0.000000e+00
  [SELF][Rank 0] Done moment 15/36 (task 14): force_integral=+0.000000e+00
  [SELF][Rank 0] Done moment 15/36 (task 14): force_integral=+0.000000e+00
  [SELF][Rank 0] Done moment 15/36 (task 14): force_integral=+0.000000e+00
  [SELF][Rank 0] Done moment 15/36 (task 14): force_integral=+0.000000e+00
  [SELF][Rank 0] Done moment 15/36 (task 14): force_integral=+0.000000e+00
  [SELF][Rank 0] Done moment 15/36 (task 14): force_integral=+0.000000e+00
  [SELF][Rank 0] Done moment 15/36 (task 14): force_integral=+0.000000e+00
  [SELF][Rank 0] Done moment 15/36 (task 14): force_integral=+0.000000e+00
  [SELF][Rank 0] Done moment 15/36 (task 14): force_integral=+0.000000e+00
  [SELF][Rank 0] Done moment 15/36 (task 14): force_integral=+0.000000e+00
  [SELF][Rank 0] Done moment 15/36 (task 14): force_integral=+0.000000e+00
  [SELF][Rank 0] Done moment 15/36 (task 14): force_integral=+0.000000e+00
  [SELF][Rank 0] Done moment 15/36 (task 14): force_integral=+0.000000e+00
  [SELF][Rank 0] Done moment 15/36 (task 14): force_integral=+0.000000e+00
  [SELF][Rank 0] Done moment 15/36 (task 14): force_integral=+0.000000e+00
  [SELF][Rank 0] Done moment 15/36 (task 14): force_integral=+0.000000e+00
  [SELF][Rank 0] Done moment 15/36 (task 14): force_integral=+0.000000e+00
  [SELF][Rank 0] Done moment 15/36 (task 14): force_integral=+0.000000e+00
  [SELF][Rank 0] Done moment 15/36 (task 14): force_integral=+0.000000e+00
  [SELF][Rank 0] Done moment 15/36 (task 14): force_integral=+0.000000e+00
  [SELF][Rank 0] Done moment 15/36 (task 14): force_integral=+0.000000e+00
  [SELF][Rank 0] Done moment 15/36 (task 14): force_integral=+0.000000e+00
  [SELF][Rank 0] Done moment 15/36 (task 14): force_integral=+0.000000e+00
  [SELF][Rank 0] Done moment 15/36 (task 14): force_integral=+0.000000e+00
  [SELF][Rank 0] Done moment 15/36 (task 14): force_integral=+0.000000e+00
  [SELF][Rank 0] Done moment 15/36 (task 14): force_integral=+0.000000e+00
  [SELF][Rank 0] Done moment 15/36 (task 14): force_integral=+0.000000e+00
  [SELF][Rank 0] Done moment 15/36 (task 14): force_integral=+0.000000e+00
  [SELF][Rank 0] Done moment 15/36 (task 14): force_integral=+0.000000e+00
  [SELF][Rank 0] Done moment 15/36 (task 14): force_integral=+0.000000e+00
  [SELF][Rank 0] Done moment 15/36 (task 14): force_integral=+0.000000e+00
  [SELF][Rank 0] Done moment 15/36 (task 14): force_integral=+0.000000e+00
  [SELF][Rank 0] Done moment 15/36 (task 14): force_integral=+0.000000e+00
  [SELF][Rank 0] Done moment 15/36 (task 14): force_integral=+0.000000e+00
  [SELF][Rank 0] Done moment 15/36 (task 14): force_integral=+0.000000e+00
  [SELF][Rank 0] Done moment 15/36 (task 14): force_integral=+0.000000e+00
  [SELF][Rank 0] Done moment 15/36 (task 14): force_integral=+0.000000e+00
  [SELF][Rank 0] Done moment 15/36 (task 14): force_integral=+0.000000e+00
  [SELF][Rank 0] Done moment 15/36 (task 14): force_integral=+0.000000e+00
  [SELF][Rank 0] Done moment 15/36 (task 14): force_integral=+0.000000e+00
  [SELF][Rank 0] Done moment 15/36 (task 14): force_integral=+0.000000e+00
  [SELF][Rank 0] Done moment 15/36 (task 14): force_integral=+0.000000e+00
  [SELF][Rank 0] Done moment 15/36 (task 14): force_integral=+0.000000e+00
  [SELF][Rank 0] Done moment 15/36 (task 14): force_integral=+0.000000e+00
  [SELF][Rank 0] Done moment 15/36 (task 14): force_integral=+0.000000e+00
  [SELF][Rank 0] Done moment 15/36 (task 14): force_integral=+0.000000e+00
  [SELF][Rank 0] Done moment 15/36 (task 14): force_integral=+0.000000e+00
  [SELF][Rank 0] Done moment 15/36 (task 14): force_integral=+0.000000e+00
  [SELF][Rank 0] Done moment 15/36 (task 14): force_integral=+0.000000e+00
  [SELF][Rank 0] Done moment 15/36 (task 14): force_integral=+0.000000e+00
  [SELF][Rank 0] Done moment 15/36 (task 14): force_integral=+0.000000e+00
  [SELF][Rank 0] Done moment 15/36 (task 14): force_integral=+0.000000e+00
  [SELF][Rank 0] Done moment 15/36 (task 14): force_integral=+0.000000e+00
  [SELF][Rank 0] Done moment 15/36 (task 14): force_integral=+0.000000e+00
  [SELF][Rank 0] Done moment 15/36 (task 14): force_integral=+0.000000e+00
  [SELF][Rank 0] Done moment 15/36 (task 14): force_integral=+0.000000e+00
  [SELF][Rank 0] Done moment 15/36 (task 14): force_integral=+0.000000e+00
  [SELF][Rank 0] Done moment 15/36 (task 14): force_integral=+0.000000e+00
  [SELF][Rank 0] Done moment 15/36 (task 14): force_integral=+0.000000e+00
  [SELF][Rank 0] Done moment 16/36 (task 15): force_integral=+0.000000e+00
  [SELF][Rank 0] Done moment 16/36 (task 15): force_integral=+0.000000e+00
  [SELF][Rank 0] Done moment 16/36 (task 15): force_integral=+0.000000e+00
  [SELF][Rank 0] Done moment 16/36 (task 15): force_integral=+0.000000e+00
  [SELF][Rank 0] Done moment 16/36 (task 15): force_integral=+0.000000e+00
  [SELF][Rank 0] Done moment 16/36 (task 15): force_integral=+0.000000e+00
  [SELF][Rank 0] Done moment 16/36 (task 15): force_integral=+0.000000e+00
  [SELF][Rank 0] Done moment 16/36 (task 15): force_integral=+0.000000e+00
  [SELF][Rank 0] Done moment 16/36 (task 15): force_integral=+0.000000e+00
  [SELF][Rank 0] Done moment 16/36 (task 15): force_integral=+0.000000e+00
  [SELF][Rank 0] Done moment 16/36 (task 15): force_integral=+0.000000e+00
  [SELF][Rank 0] Done moment 16/36 (task 15): force_integral=+0.000000e+00
  [SELF][Rank 0] Done moment 16/36 (task 15): force_integral=+0.000000e+00
  [SELF][Rank 0] Done moment 16/36 (task 15): force_integral=+0.000000e+00
  [SELF][Rank 0] Done moment 16/36 (task 15): force_integral=+0.000000e+00
  [SELF][Rank 0] Done moment 16/36 (task 15): force_integral=+0.000000e+00
  [SELF][Rank 0] Done moment 16/36 (task 15): force_integral=+0.000000e+00
  [SELF][Rank 0] Done moment 16/36 (task 15): force_integral=+0.000000e+00
  [SELF][Rank 0] Done moment 16/36 (task 15): force_integral=+0.000000e+00
  [SELF][Rank 0] Done moment 16/36 (task 15): force_integral=+0.000000e+00
  [SELF][Rank 0] Done moment 16/36 (task 15): force_integral=+0.000000e+00
  [SELF][Rank 0] Done moment 16/36 (task 15): force_integral=+0.000000e+00
  [SELF][Rank 0] Done moment 16/36 (task 15): force_integral=+0.000000e+00
  [SELF][Rank 0] Done moment 16/36 (task 15): force_integral=+0.000000e+00
  [SELF][Rank 0] Done moment 16/36 (task 15): force_integral=+0.000000e+00
  [SELF][Rank 0] Done moment 16/36 (task 15): force_integral=+0.000000e+00
  [SELF][Rank 0] Done moment 16/36 (task 15): force_integral=+0.000000e+00
  [SELF][Rank 0] Done moment 16/36 (task 15): force_integral=+0.000000e+00
  [SELF][Rank 0] Done moment 16/36 (task 15): force_integral=+0.000000e+00
  [SELF][Rank 0] Done moment 16/36 (task 15): force_integral=+0.000000e+00
  [SELF][Rank 0] Done moment 16/36 (task 15): force_integral=+0.000000e+00
  [SELF][Rank 0] Done moment 16/36 (task 15): force_integral=+0.000000e+00
  [SELF][Rank 0] Done moment 16/36 (task 15): force_integral=+0.000000e+00
  [SELF][Rank 0] Done moment 16/36 (task 15): force_integral=+0.000000e+00
  [SELF][Rank 0] Done moment 16/36 (task 15): force_integral=+0.000000e+00
  [SELF][Rank 0] Done moment 16/36 (task 15): force_integral=+0.000000e+00
  [SELF][Rank 0] Done moment 16/36 (task 15): force_integral=+0.000000e+00
  [SELF][Rank 0] Done moment 16/36 (task 15): force_integral=+0.000000e+00
  [SELF][Rank 0] Done moment 16/36 (task 15): force_integral=+0.000000e+00
  [SELF][Rank 0] Done moment 16/36 (task 15): force_integral=+0.000000e+00
  [SELF][Rank 0] Done moment 16/36 (task 15): force_integral=+0.000000e+00
  [SELF][Rank 0] Done moment 16/36 (task 15): force_integral=+0.000000e+00
  [SELF][Rank 0] Done moment 16/36 (task 15): force_integral=+0.000000e+00
  [SELF][Rank 0] Done moment 16/36 (task 15): force_integral=+0.000000e+00
  [SELF][Rank 0] Done moment 16/36 (task 15): force_integral=+0.000000e+00
  [SELF][Rank 0] Done moment 16/36 (task 15): force_integral=+0.000000e+00
  [SELF][Rank 0] Done moment 16/36 (task 15): force_integral=+0.000000e+00
  [SELF][Rank 0] Done moment 16/36 (task 15): force_integral=+0.000000e+00
  [SELF][Rank 0] Done moment 16/36 (task 15): force_integral=+0.000000e+00
  [SELF][Rank 0] Done moment 16/36 (task 15): force_integral=+0.000000e+00
  [SELF][Rank 0] Done moment 16/36 (task 15): force_integral=+0.000000e+00
  [SELF][Rank 0] Done moment 16/36 (task 15): force_integral=+0.000000e+00
  [SELF][Rank 0] Done moment 16/36 (task 15): force_integral=+0.000000e+00
  [SELF][Rank 0] Done moment 16/36 (task 15): force_integral=+0.000000e+00
  [SELF][Rank 0] Done moment 16/36 (task 15): force_integral=+0.000000e+00
  [SELF][Rank 0] Done moment 16/36 (task 15): force_integral=+0.000000e+00
  [SELF][Rank 0] Done moment 16/36 (task 15): force_integral=+0.000000e+00
  [SELF][Rank 0] Done moment 16/36 (task 15): force_integral=+0.000000e+00
  [SELF][Rank 0] Done moment 16/36 (task 15): force_integral=+0.000000e+00
  [SELF][Rank 0] Done moment 16/36 (task 15): force_integral=+0.000000e+00
  [SELF][Rank 0] Done moment 16/36 (task 15): force_integral=+0.000000e+00
  [SELF][Rank 0] Done moment 16/36 (task 15): force_integral=+0.000000e+00
  [SELF][Rank 0] Done moment 16/36 (task 15): force_integral=+0.000000e+00
  [SELF][Rank 0] Done moment 16/36 (task 15): force_integral=+0.000000e+00
  [SELF][Rank 0] Done moment 16/36 (task 15): force_integral=+0.000000e+00
  [SELF][Rank 0] Done moment 16/36 (task 15): force_integral=+0.000000e+00
  [SELF][Rank 0] Done moment 16/36 (task 15): force_integral=+0.000000e+00
  [SELF][Rank 0] Done moment 16/36 (task 15): force_integral=+0.000000e+00
  [SELF][Rank 0] Done moment 16/36 (task 15): force_integral=+0.000000e+00
  [SELF][Rank 0] Done moment 16/36 (task 15): force_integral=+0.000000e+00
  [SELF][Rank 0] Done moment 16/36 (task 15): force_integral=+0.000000e+00
  [SELF][Rank 0] Done moment 16/36 (task 15): force_integral=+0.000000e+00
  [SELF][Rank 0] Done moment 16/36 (task 15): force_integral=+0.000000e+00
  [SELF][Rank 0] Done moment 16/36 (task 15): force_integral=+0.000000e+00
  [SELF][Rank 0] Done moment 16/36 (task 15): force_integral=+0.000000e+00
  [SELF][Rank 0] Done moment 16/36 (task 15): force_integral=+0.000000e+00
  [SELF][Rank 0] Done moment 16/36 (task 15): force_integral=+0.000000e+00
  [SELF][Rank 0] Done moment 16/36 (task 15): force_integral=+0.000000e+00
  [SELF][Rank 0] Done moment 16/36 (task 15): force_integral=+0.000000e+00
  [SELF][Rank 0] Done moment 16/36 (task 15): force_integral=+0.000000e+00
  [SELF][Rank 0] Done moment 16/36 (task 15): force_integral=+0.000000e+00
  [SELF][Rank 0] Done moment 16/36 (task 15): force_integral=+0.000000e+00
  [SELF][Rank 0] Done moment 16/36 (task 15): force_integral=+0.000000e+00
  [SELF][Rank 0] Done moment 16/36 (task 15): force_integral=+0.000000e+00
  [SELF][Rank 0] Done moment 16/36 (task 15): force_integral=+0.000000e+00
  [SELF][Rank 0] Done moment 16/36 (task 15): force_integral=+0.000000e+00
  [SELF][Rank 0] Done moment 16/36 (task 15): force_integral=+0.000000e+00
  [SELF][Rank 0] Done moment 16/36 (task 15): force_integral=+0.000000e+00
  [SELF][Rank 0] Done moment 16/36 (task 15): force_integral=+0.000000e+00
  [SELF][Rank 0] Done moment 16/36 (task 15): force_integral=+0.000000e+00
  [SELF][Rank 0] Done moment 16/36 (task 15): force_integral=+0.000000e+00
  [SELF][Rank 0] Done moment 16/36 (task 15): force_integral=+0.000000e+00
  [SELF][Rank 0] Done moment 16/36 (task 15): force_integral=+0.000000e+00
  [SELF][Rank 0] Done moment 16/36 (task 15): force_integral=+0.000000e+00
  [SELF][Rank 0] Done moment 16/36 (task 15): force_integral=+0.000000e+00
  [SELF][Rank 0] Done moment 16/36 (task 15): force_integral=+0.000000e+00
  [SELF][Rank 0] Done moment 16/36 (task 15): force_integral=+0.000000e+00
  [SELF][Rank 0] Done moment 16/36 (task 15): force_integral=+0.000000e+00
  [SELF][Rank 0] Done moment 16/36 (task 15): force_integral=+0.000000e+00
  [SELF][Rank 0] Done moment 16/36 (task 15): force_integral=+0.000000e+00
  [SELF][Rank 0] Done moment 16/36 (task 15): force_integral=+0.000000e+00
  [SELF][Rank 0] Done moment 16/36 (task 15): force_integral=+0.000000e+00
  [SELF][Rank 0] Done moment 16/36 (task 15): force_integral=+0.000000e+00
  [SELF][Rank 0] Done moment 16/36 (task 15): force_integral=+0.000000e+00
  [SELF][Rank 0] Done moment 16/36 (task 15): force_integral=+0.000000e+00
  [SELF][Rank 0] Done moment 16/36 (task 15): force_integral=+0.000000e+00
  [SELF][Rank 0] Done moment 16/36 (task 15): force_integral=+0.000000e+00
  [SELF][Rank 0] Done moment 16/36 (task 15): force_integral=+0.000000e+00
  [SELF][Rank 0] Done moment 16/36 (task 15): force_integral=+0.000000e+00
  [SELF][Rank 0] Done moment 16/36 (task 15): force_integral=+0.000000e+00
  [SELF][Rank 0] Done moment 16/36 (task 15): force_integral=+0.000000e+00
  [SELF][Rank 0] Done moment 16/36 (task 15): force_integral=+0.000000e+00
  [SELF][Rank 0] Done moment 16/36 (task 15): force_integral=+0.000000e+00
  [SELF][Rank 0] Done moment 16/36 (task 15): force_integral=+0.000000e+00
  [SELF][Rank 0] Done moment 16/36 (task 15): force_integral=+0.000000e+00
  [SELF][Rank 0] Done moment 16/36 (task 15): force_integral=+0.000000e+00
  [SELF][Rank 0] Done moment 16/36 (task 15): force_integral=+0.000000e+00
  [SELF][Rank 0] Done moment 16/36 (task 15): force_integral=+0.000000e+00
  [SELF][Rank 0] Done moment 16/36 (task 15): force_integral=+0.000000e+00
  [SELF][Rank 0] Done moment 16/36 (task 15): force_integral=+0.000000e+00
  [SELF][Rank 0] Done moment 16/36 (task 15): force_integral=+0.000000e+00
  [SELF][Rank 0] Done moment 16/36 (task 15): force_integral=+0.000000e+00
  [SELF][Rank 0] Done moment 16/36 (task 15): force_integral=+0.000000e+00
  [SELF][Rank 0] Done moment 16/36 (task 15): force_integral=+0.000000e+00
  [SELF][Rank 0] Done moment 16/36 (task 15): force_integral=+0.000000e+00
  [SELF][Rank 0] Done moment 16/36 (task 15): force_integral=+0.000000e+00
  [SELF][Rank 0] Done moment 16/36 (task 15): force_integral=+0.000000e+00
  [SELF][Rank 0] Done moment 16/36 (task 15): force_integral=+0.000000e+00
  [SELF][Rank 0] Done moment 17/36 (task 16): force_integral=+2.640528e+03
  [SELF][Rank 0] Done moment 17/36 (task 16): force_integral=+2.640528e+03
  [SELF][Rank 0] Done moment 17/36 (task 16): force_integral=+2.640528e+03
  [SELF][Rank 0] Done moment 17/36 (task 16): force_integral=+2.640528e+03
  [SELF][Rank 0] Done moment 17/36 (task 16): force_integral=+2.640528e+03
  [SELF][Rank 0] Done moment 17/36 (task 16): force_integral=+2.640528e+03
  [SELF][Rank 0] Done moment 17/36 (task 16): force_integral=+2.640528e+03
  [SELF][Rank 0] Done moment 17/36 (task 16): force_integral=+2.640528e+03
  [SELF][Rank 0] Done moment 17/36 (task 16): force_integral=+2.640528e+03
  [SELF][Rank 0] Done moment 17/36 (task 16): force_integral=+2.640528e+03
  [SELF][Rank 0] Done moment 17/36 (task 16): force_integral=+2.640528e+03
  [SELF][Rank 0] Done moment 17/36 (task 16): force_integral=+2.640528e+03
  [SELF][Rank 0] Done moment 17/36 (task 16): force_integral=+2.640528e+03
  [SELF][Rank 0] Done moment 17/36 (task 16): force_integral=+2.640528e+03
  [SELF][Rank 0] Done moment 17/36 (task 16): force_integral=+2.640528e+03
  [SELF][Rank 0] Done moment 17/36 (task 16): force_integral=+2.640528e+03
  [SELF][Rank 0] Done moment 17/36 (task 16): force_integral=+2.640528e+03
  [SELF][Rank 0] Done moment 17/36 (task 16): force_integral=+2.640528e+03
  [SELF][Rank 0] Done moment 17/36 (task 16): force_integral=+2.640528e+03
  [SELF][Rank 0] Done moment 17/36 (task 16): force_integral=+2.640528e+03
  [SELF][Rank 0] Done moment 17/36 (task 16): force_integral=+2.640528e+03
  [SELF][Rank 0] Done moment 17/36 (task 16): force_integral=+2.640528e+03
  [SELF][Rank 0] Done moment 17/36 (task 16): force_integral=+2.640528e+03
  [SELF][Rank 0] Done moment 17/36 (task 16): force_integral=+2.640528e+03
  [SELF][Rank 0] Done moment 17/36 (task 16): force_integral=+2.640528e+03
  [SELF][Rank 0] Done moment 17/36 (task 16): force_integral=+2.640528e+03
  [SELF][Rank 0] Done moment 17/36 (task 16): force_integral=+2.640528e+03
  [SELF][Rank 0] Done moment 17/36 (task 16): force_integral=+2.640528e+03
  [SELF][Rank 0] Done moment 17/36 (task 16): force_integral=+2.640528e+03
  [SELF][Rank 0] Done moment 17/36 (task 16): force_integral=+2.640528e+03
  [SELF][Rank 0] Done moment 17/36 (task 16): force_integral=+2.640528e+03
  [SELF][Rank 0] Done moment 17/36 (task 16): force_integral=+2.640528e+03
  [SELF][Rank 0] Done moment 17/36 (task 16): force_integral=+2.640528e+03
  [SELF][Rank 0] Done moment 17/36 (task 16): force_integral=+2.640528e+03
  [SELF][Rank 0] Done moment 17/36 (task 16): force_integral=+2.640528e+03
  [SELF][Rank 0] Done moment 17/36 (task 16): force_integral=+2.640528e+03
  [SELF][Rank 0] Done moment 17/36 (task 16): force_integral=+2.640528e+03
  [SELF][Rank 0] Done moment 17/36 (task 16): force_integral=+2.640528e+03
  [SELF][Rank 0] Done moment 17/36 (task 16): force_integral=+2.640528e+03
  [SELF][Rank 0] Done moment 17/36 (task 16): force_integral=+2.640528e+03
  [SELF][Rank 0] Done moment 17/36 (task 16): force_integral=+2.640528e+03
  [SELF][Rank 0] Done moment 17/36 (task 16): force_integral=+2.640528e+03
  [SELF][Rank 0] Done moment 17/36 (task 16): force_integral=+2.640528e+03
  [SELF][Rank 0] Done moment 17/36 (task 16): force_integral=+2.640528e+03
  [SELF][Rank 0] Done moment 17/36 (task 16): force_integral=+2.640528e+03
  [SELF][Rank 0] Done moment 17/36 (task 16): force_integral=+2.640528e+03
  [SELF][Rank 0] Done moment 17/36 (task 16): force_integral=+2.640528e+03
  [SELF][Rank 0] Done moment 17/36 (task 16): force_integral=+2.640528e+03
  [SELF][Rank 0] Done moment 17/36 (task 16): force_integral=+2.640528e+03
  [SELF][Rank 0] Done moment 17/36 (task 16): force_integral=+2.640528e+03
  [SELF][Rank 0] Done moment 17/36 (task 16): force_integral=+2.640528e+03
  [SELF][Rank 0] Done moment 17/36 (task 16): force_integral=+2.640528e+03
  [SELF][Rank 0] Done moment 17/36 (task 16): force_integral=+2.640528e+03
  [SELF][Rank 0] Done moment 17/36 (task 16): force_integral=+2.640528e+03
  [SELF][Rank 0] Done moment 17/36 (task 16): force_integral=+2.640528e+03
  [SELF][Rank 0] Done moment 17/36 (task 16): force_integral=+2.640528e+03
  [SELF][Rank 0] Done moment 17/36 (task 16): force_integral=+2.640528e+03
  [SELF][Rank 0] Done moment 17/36 (task 16): force_integral=+2.640528e+03
  [SELF][Rank 0] Done moment 17/36 (task 16): force_integral=+2.640528e+03
  [SELF][Rank 0] Done moment 17/36 (task 16): force_integral=+2.640528e+03
  [SELF][Rank 0] Done moment 17/36 (task 16): force_integral=+2.640528e+03
  [SELF][Rank 0] Done moment 17/36 (task 16): force_integral=+2.640528e+03
  [SELF][Rank 0] Done moment 17/36 (task 16): force_integral=+2.640528e+03
  [SELF][Rank 0] Done moment 17/36 (task 16): force_integral=+2.640528e+03
  [SELF][Rank 0] Done moment 17/36 (task 16): force_integral=+2.640528e+03
  [SELF][Rank 0] Done moment 17/36 (task 16): force_integral=+2.640528e+03
  [SELF][Rank 0] Done moment 17/36 (task 16): force_integral=+2.640528e+03
  [SELF][Rank 0] Done moment 17/36 (task 16): force_integral=+2.640528e+03
  [SELF][Rank 0] Done moment 17/36 (task 16): force_integral=+2.640528e+03
  [SELF][Rank 0] Done moment 17/36 (task 16): force_integral=+2.640528e+03
  [SELF][Rank 0] Done moment 17/36 (task 16): force_integral=+2.640528e+03
  [SELF][Rank 0] Done moment 17/36 (task 16): force_integral=+2.640528e+03
  [SELF][Rank 0] Done moment 17/36 (task 16): force_integral=+2.640528e+03
  [SELF][Rank 0] Done moment 17/36 (task 16): force_integral=+2.640528e+03
  [SELF][Rank 0] Done moment 17/36 (task 16): force_integral=+2.640528e+03
  [SELF][Rank 0] Done moment 17/36 (task 16): force_integral=+2.640528e+03
  [SELF][Rank 0] Done moment 17/36 (task 16): force_integral=+2.640528e+03
  [SELF][Rank 0] Done moment 17/36 (task 16): force_integral=+2.640528e+03
  [SELF][Rank 0] Done moment 17/36 (task 16): force_integral=+2.640528e+03
  [SELF][Rank 0] Done moment 17/36 (task 16): force_integral=+2.640528e+03
  [SELF][Rank 0] Done moment 17/36 (task 16): force_integral=+2.640528e+03
  [SELF][Rank 0] Done moment 17/36 (task 16): force_integral=+2.640528e+03
  [SELF][Rank 0] Done moment 17/36 (task 16): force_integral=+2.640528e+03
  [SELF][Rank 0] Done moment 17/36 (task 16): force_integral=+2.640528e+03
  [SELF][Rank 0] Done moment 17/36 (task 16): force_integral=+2.640528e+03
  [SELF][Rank 0] Done moment 17/36 (task 16): force_integral=+2.640528e+03
  [SELF][Rank 0] Done moment 17/36 (task 16): force_integral=+2.640528e+03
  [SELF][Rank 0] Done moment 17/36 (task 16): force_integral=+2.640528e+03
  [SELF][Rank 0] Done moment 17/36 (task 16): force_integral=+2.640528e+03
  [SELF][Rank 0] Done moment 17/36 (task 16): force_integral=+2.640528e+03
  [SELF][Rank 0] Done moment 17/36 (task 16): force_integral=+2.640528e+03
  [SELF][Rank 0] Done moment 17/36 (task 16): force_integral=+2.640528e+03
  [SELF][Rank 0] Done moment 17/36 (task 16): force_integral=+2.640528e+03
  [SELF][Rank 0] Done moment 17/36 (task 16): force_integral=+2.640528e+03
  [SELF][Rank 0] Done moment 17/36 (task 16): force_integral=+2.640528e+03
  [SELF][Rank 0] Done moment 17/36 (task 16): force_integral=+2.640528e+03
  [SELF][Rank 0] Done moment 17/36 (task 16): force_integral=+2.640528e+03
  [SELF][Rank 0] Done moment 17/36 (task 16): force_integral=+2.640528e+03
  [SELF][Rank 0] Done moment 17/36 (task 16): force_integral=+2.640528e+03
  [SELF][Rank 0] Done moment 17/36 (task 16): force_integral=+2.640528e+03
  [SELF][Rank 0] Done moment 17/36 (task 16): force_integral=+2.640528e+03
  [SELF][Rank 0] Done moment 17/36 (task 16): force_integral=+2.640528e+03
  [SELF][Rank 0] Done moment 17/36 (task 16): force_integral=+2.640528e+03
  [SELF][Rank 0] Done moment 17/36 (task 16): force_integral=+2.640528e+03
  [SELF][Rank 0] Done moment 17/36 (task 16): force_integral=+2.640528e+03
  [SELF][Rank 0] Done moment 17/36 (task 16): force_integral=+2.640528e+03
  [SELF][Rank 0] Done moment 17/36 (task 16): force_integral=+2.640528e+03
  [SELF][Rank 0] Done moment 17/36 (task 16): force_integral=+2.640528e+03
  [SELF][Rank 0] Done moment 17/36 (task 16): force_integral=+2.640528e+03
  [SELF][Rank 0] Done moment 17/36 (task 16): force_integral=+2.640528e+03
  [SELF][Rank 0] Done moment 17/36 (task 16): force_integral=+2.640528e+03
  [SELF][Rank 0] Done moment 17/36 (task 16): force_integral=+2.640528e+03
  [SELF][Rank 0] Done moment 17/36 (task 16): force_integral=+2.640528e+03
  [SELF][Rank 0] Done moment 17/36 (task 16): force_integral=+2.640528e+03
  [SELF][Rank 0] Done moment 17/36 (task 16): force_integral=+2.640528e+03
  [SELF][Rank 0] Done moment 17/36 (task 16): force_integral=+2.640528e+03
  [SELF][Rank 0] Done moment 17/36 (task 16): force_integral=+2.640528e+03
  [SELF][Rank 0] Done moment 17/36 (task 16): force_integral=+2.640528e+03
  [SELF][Rank 0] Done moment 17/36 (task 16): force_integral=+2.640528e+03
  [SELF][Rank 0] Done moment 17/36 (task 16): force_integral=+2.640528e+03
  [SELF][Rank 0] Done moment 17/36 (task 16): force_integral=+2.640528e+03
  [SELF][Rank 0] Done moment 17/36 (task 16): force_integral=+2.640528e+03
  [SELF][Rank 0] Done moment 17/36 (task 16): force_integral=+2.640528e+03
  [SELF][Rank 0] Done moment 17/36 (task 16): force_integral=+2.640528e+03
  [SELF][Rank 0] Done moment 17/36 (task 16): force_integral=+2.640528e+03
  [SELF][Rank 0] Done moment 17/36 (task 16): force_integral=+2.640528e+03
  [SELF][Rank 0] Done moment 17/36 (task 16): force_integral=+2.640528e+03
  [SELF][Rank 0] Done moment 17/36 (task 16): force_integral=+2.640528e+03
  [SELF][Rank 0] Done moment 18/36 (task 17): force_integral=-3.063618e+03
  [SELF][Rank 0] Done moment 18/36 (task 17): force_integral=-3.063618e+03
  [SELF][Rank 0] Done moment 18/36 (task 17): force_integral=-3.063618e+03
  [SELF][Rank 0] Done moment 18/36 (task 17): force_integral=-3.063618e+03
  [SELF][Rank 0] Done moment 18/36 (task 17): force_integral=-3.063618e+03
  [SELF][Rank 0] Done moment 18/36 (task 17): force_integral=-3.063618e+03
  [SELF][Rank 0] Done moment 18/36 (task 17): force_integral=-3.063618e+03
  [SELF][Rank 0] Done moment 18/36 (task 17): force_integral=-3.063618e+03
  [SELF][Rank 0] Done moment 18/36 (task 17): force_integral=-3.063618e+03
  [SELF][Rank 0] Done moment 18/36 (task 17): force_integral=-3.063618e+03
  [SELF][Rank 0] Done moment 18/36 (task 17): force_integral=-3.063618e+03
  [SELF][Rank 0] Done moment 18/36 (task 17): force_integral=-3.063618e+03
  [SELF][Rank 0] Done moment 18/36 (task 17): force_integral=-3.063618e+03
  [SELF][Rank 0] Done moment 18/36 (task 17): force_integral=-3.063618e+03
  [SELF][Rank 0] Done moment 18/36 (task 17): force_integral=-3.063618e+03
  [SELF][Rank 0] Done moment 18/36 (task 17): force_integral=-3.063618e+03
  [SELF][Rank 0] Done moment 18/36 (task 17): force_integral=-3.063618e+03
  [SELF][Rank 0] Done moment 18/36 (task 17): force_integral=-3.063618e+03
  [SELF][Rank 0] Done moment 18/36 (task 17): force_integral=-3.063618e+03
  [SELF][Rank 0] Done moment 18/36 (task 17): force_integral=-3.063618e+03
  [SELF][Rank 0] Done moment 18/36 (task 17): force_integral=-3.063618e+03
  [SELF][Rank 0] Done moment 18/36 (task 17): force_integral=-3.063618e+03
  [SELF][Rank 0] Done moment 18/36 (task 17): force_integral=-3.063618e+03
  [SELF][Rank 0] Done moment 18/36 (task 17): force_integral=-3.063618e+03
  [SELF][Rank 0] Done moment 18/36 (task 17): force_integral=-3.063618e+03
  [SELF][Rank 0] Done moment 18/36 (task 17): force_integral=-3.063618e+03
  [SELF][Rank 0] Done moment 18/36 (task 17): force_integral=-3.063618e+03
  [SELF][Rank 0] Done moment 18/36 (task 17): force_integral=-3.063618e+03
  [SELF][Rank 0] Done moment 18/36 (task 17): force_integral=-3.063618e+03
  [SELF][Rank 0] Done moment 18/36 (task 17): force_integral=-3.063618e+03
  [SELF][Rank 0] Done moment 18/36 (task 17): force_integral=-3.063618e+03
  [SELF][Rank 0] Done moment 18/36 (task 17): force_integral=-3.063618e+03
  [SELF][Rank 0] Done moment 18/36 (task 17): force_integral=-3.063618e+03
  [SELF][Rank 0] Done moment 18/36 (task 17): force_integral=-3.063618e+03
  [SELF][Rank 0] Done moment 18/36 (task 17): force_integral=-3.063618e+03
  [SELF][Rank 0] Done moment 18/36 (task 17): force_integral=-3.063618e+03
  [SELF][Rank 0] Done moment 18/36 (task 17): force_integral=-3.063618e+03
  [SELF][Rank 0] Done moment 18/36 (task 17): force_integral=-3.063618e+03
  [SELF][Rank 0] Done moment 18/36 (task 17): force_integral=-3.063618e+03
  [SELF][Rank 0] Done moment 18/36 (task 17): force_integral=-3.063618e+03
  [SELF][Rank 0] Done moment 18/36 (task 17): force_integral=-3.063618e+03
  [SELF][Rank 0] Done moment 18/36 (task 17): force_integral=-3.063618e+03
  [SELF][Rank 0] Done moment 18/36 (task 17): force_integral=-3.063618e+03
  [SELF][Rank 0] Done moment 18/36 (task 17): force_integral=-3.063618e+03
  [SELF][Rank 0] Done moment 18/36 (task 17): force_integral=-3.063618e+03
  [SELF][Rank 0] Done moment 18/36 (task 17): force_integral=-3.063618e+03
  [SELF][Rank 0] Done moment 18/36 (task 17): force_integral=-3.063618e+03
  [SELF][Rank 0] Done moment 18/36 (task 17): force_integral=-3.063618e+03
  [SELF][Rank 0] Done moment 18/36 (task 17): force_integral=-3.063618e+03
  [SELF][Rank 0] Done moment 18/36 (task 17): force_integral=-3.063618e+03
  [SELF][Rank 0] Done moment 18/36 (task 17): force_integral=-3.063618e+03
  [SELF][Rank 0] Done moment 18/36 (task 17): force_integral=-3.063618e+03
  [SELF][Rank 0] Done moment 18/36 (task 17): force_integral=-3.063618e+03
  [SELF][Rank 0] Done moment 18/36 (task 17): force_integral=-3.063618e+03
  [SELF][Rank 0] Done moment 18/36 (task 17): force_integral=-3.063618e+03
  [SELF][Rank 0] Done moment 18/36 (task 17): force_integral=-3.063618e+03
  [SELF][Rank 0] Done moment 18/36 (task 17): force_integral=-3.063618e+03
  [SELF][Rank 0] Done moment 18/36 (task 17): force_integral=-3.063618e+03
  [SELF][Rank 0] Done moment 18/36 (task 17): force_integral=-3.063618e+03
  [SELF][Rank 0] Done moment 18/36 (task 17): force_integral=-3.063618e+03
  [SELF][Rank 0] Done moment 18/36 (task 17): force_integral=-3.063618e+03
  [SELF][Rank 0] Done moment 18/36 (task 17): force_integral=-3.063618e+03
  [SELF][Rank 0] Done moment 18/36 (task 17): force_integral=-3.063618e+03
  [SELF][Rank 0] Done moment 18/36 (task 17): force_integral=-3.063618e+03
  [SELF][Rank 0] Done moment 18/36 (task 17): force_integral=-3.063618e+03
  [SELF][Rank 0] Done moment 18/36 (task 17): force_integral=-3.063618e+03
  [SELF][Rank 0] Done moment 18/36 (task 17): force_integral=-3.063618e+03
  [SELF][Rank 0] Done moment 18/36 (task 17): force_integral=-3.063618e+03
  [SELF][Rank 0] Done moment 18/36 (task 17): force_integral=-3.063618e+03
  [SELF][Rank 0] Done moment 18/36 (task 17): force_integral=-3.063618e+03
  [SELF][Rank 0] Done moment 18/36 (task 17): force_integral=-3.063618e+03
  [SELF][Rank 0] Done moment 18/36 (task 17): force_integral=-3.063618e+03
  [SELF][Rank 0] Done moment 18/36 (task 17): force_integral=-3.063618e+03
  [SELF][Rank 0] Done moment 18/36 (task 17): force_integral=-3.063618e+03
  [SELF][Rank 0] Done moment 18/36 (task 17): force_integral=-3.063618e+03
  [SELF][Rank 0] Done moment 18/36 (task 17): force_integral=-3.063618e+03
  [SELF][Rank 0] Done moment 18/36 (task 17): force_integral=-3.063618e+03
  [SELF][Rank 0] Done moment 18/36 (task 17): force_integral=-3.063618e+03
  [SELF][Rank 0] Done moment 18/36 (task 17): force_integral=-3.063618e+03
  [SELF][Rank 0] Done moment 18/36 (task 17): force_integral=-3.063618e+03
  [SELF][Rank 0] Done moment 18/36 (task 17): force_integral=-3.063618e+03
  [SELF][Rank 0] Done moment 18/36 (task 17): force_integral=-3.063618e+03
  [SELF][Rank 0] Done moment 18/36 (task 17): force_integral=-3.063618e+03
  [SELF][Rank 0] Done moment 18/36 (task 17): force_integral=-3.063618e+03
  [SELF][Rank 0] Done moment 18/36 (task 17): force_integral=-3.063618e+03
  [SELF][Rank 0] Done moment 18/36 (task 17): force_integral=-3.063618e+03
  [SELF][Rank 0] Done moment 18/36 (task 17): force_integral=-3.063618e+03
  [SELF][Rank 0] Done moment 18/36 (task 17): force_integral=-3.063618e+03
  [SELF][Rank 0] Done moment 18/36 (task 17): force_integral=-3.063618e+03
  [SELF][Rank 0] Done moment 18/36 (task 17): force_integral=-3.063618e+03
  [SELF][Rank 0] Done moment 18/36 (task 17): force_integral=-3.063618e+03
  [SELF][Rank 0] Done moment 18/36 (task 17): force_integral=-3.063618e+03
  [SELF][Rank 0] Done moment 18/36 (task 17): force_integral=-3.063618e+03
  [SELF][Rank 0] Done moment 18/36 (task 17): force_integral=-3.063618e+03
  [SELF][Rank 0] Done moment 18/36 (task 17): force_integral=-3.063618e+03
  [SELF][Rank 0] Done moment 18/36 (task 17): force_integral=-3.063618e+03
  [SELF][Rank 0] Done moment 18/36 (task 17): force_integral=-3.063618e+03
  [SELF][Rank 0] Done moment 18/36 (task 17): force_integral=-3.063618e+03
  [SELF][Rank 0] Done moment 18/36 (task 17): force_integral=-3.063618e+03
  [SELF][Rank 0] Done moment 18/36 (task 17): force_integral=-3.063618e+03
  [SELF][Rank 0] Done moment 18/36 (task 17): force_integral=-3.063618e+03
  [SELF][Rank 0] Done moment 18/36 (task 17): force_integral=-3.063618e+03
  [SELF][Rank 0] Done moment 18/36 (task 17): force_integral=-3.063618e+03
  [SELF][Rank 0] Done moment 18/36 (task 17): force_integral=-3.063618e+03
  [SELF][Rank 0] Done moment 18/36 (task 17): force_integral=-3.063618e+03
  [SELF][Rank 0] Done moment 18/36 (task 17): force_integral=-3.063618e+03
  [SELF][Rank 0] Done moment 18/36 (task 17): force_integral=-3.063618e+03
  [SELF][Rank 0] Done moment 18/36 (task 17): force_integral=-3.063618e+03
  [SELF][Rank 0] Done moment 18/36 (task 17): force_integral=-3.063618e+03
  [SELF][Rank 0] Done moment 18/36 (task 17): force_integral=-3.063618e+03
  [SELF][Rank 0] Done moment 18/36 (task 17): force_integral=-3.063618e+03
  [SELF][Rank 0] Done moment 18/36 (task 17): force_integral=-3.063618e+03
  [SELF][Rank 0] Done moment 18/36 (task 17): force_integral=-3.063618e+03
  [SELF][Rank 0] Done moment 18/36 (task 17): force_integral=-3.063618e+03
  [SELF][Rank 0] Done moment 18/36 (task 17): force_integral=-3.063618e+03
  [SELF][Rank 0] Done moment 18/36 (task 17): force_integral=-3.063618e+03
  [SELF][Rank 0] Done moment 18/36 (task 17): force_integral=-3.063618e+03
  [SELF][Rank 0] Done moment 18/36 (task 17): force_integral=-3.063618e+03
  [SELF][Rank 0] Done moment 18/36 (task 17): force_integral=-3.063618e+03
  [SELF][Rank 0] Done moment 18/36 (task 17): force_integral=-3.063618e+03
  [SELF][Rank 0] Done moment 18/36 (task 17): force_integral=-3.063618e+03
  [SELF][Rank 0] Done moment 18/36 (task 17): force_integral=-3.063618e+03
  [SELF][Rank 0] Done moment 18/36 (task 17): force_integral=-3.063618e+03
  [SELF][Rank 0] Done moment 18/36 (task 17): force_integral=-3.063618e+03
  [SELF][Rank 0] Done moment 18/36 (task 17): force_integral=-3.063618e+03
  [SELF][Rank 0] Done moment 18/36 (task 17): force_integral=-3.063618e+03
  [SELF][Rank 0] Done moment 18/36 (task 17): force_integral=-3.063618e+03
  [SELF][Rank 0] Done moment 18/36 (task 17): force_integral=-3.063618e+03
  [SELF][Rank 0] Done moment 19/36 (task 18): force_integral=+6.934336e-01
  [SELF][Rank 0] Done moment 19/36 (task 18): force_integral=+6.934336e-01
  [SELF][Rank 0] Done moment 19/36 (task 18): force_integral=+6.934336e-01
  [SELF][Rank 0] Done moment 19/36 (task 18): force_integral=+6.934336e-01
  [SELF][Rank 0] Done moment 19/36 (task 18): force_integral=+6.934336e-01
  [SELF][Rank 0] Done moment 19/36 (task 18): force_integral=+6.934336e-01
  [SELF][Rank 0] Done moment 19/36 (task 18): force_integral=+6.934336e-01
  [SELF][Rank 0] Done moment 19/36 (task 18): force_integral=+6.934336e-01
  [SELF][Rank 0] Done moment 19/36 (task 18): force_integral=+6.934336e-01
  [SELF][Rank 0] Done moment 19/36 (task 18): force_integral=+6.934336e-01
  [SELF][Rank 0] Done moment 19/36 (task 18): force_integral=+6.934336e-01
  [SELF][Rank 0] Done moment 19/36 (task 18): force_integral=+6.934336e-01
  [SELF][Rank 0] Done moment 19/36 (task 18): force_integral=+6.934336e-01
  [SELF][Rank 0] Done moment 19/36 (task 18): force_integral=+6.934336e-01
  [SELF][Rank 0] Done moment 19/36 (task 18): force_integral=+6.934336e-01
  [SELF][Rank 0] Done moment 19/36 (task 18): force_integral=+6.934336e-01
  [SELF][Rank 0] Done moment 19/36 (task 18): force_integral=+6.934336e-01
  [SELF][Rank 0] Done moment 19/36 (task 18): force_integral=+6.934336e-01
  [SELF][Rank 0] Done moment 19/36 (task 18): force_integral=+6.934336e-01
  [SELF][Rank 0] Done moment 19/36 (task 18): force_integral=+6.934336e-01
  [SELF][Rank 0] Done moment 19/36 (task 18): force_integral=+6.934336e-01
  [SELF][Rank 0] Done moment 19/36 (task 18): force_integral=+6.934336e-01
  [SELF][Rank 0] Done moment 19/36 (task 18): force_integral=+6.934336e-01
  [SELF][Rank 0] Done moment 19/36 (task 18): force_integral=+6.934336e-01
  [SELF][Rank 0] Done moment 19/36 (task 18): force_integral=+6.934336e-01
  [SELF][Rank 0] Done moment 19/36 (task 18): force_integral=+6.934336e-01
  [SELF][Rank 0] Done moment 19/36 (task 18): force_integral=+6.934336e-01
  [SELF][Rank 0] Done moment 19/36 (task 18): force_integral=+6.934336e-01
  [SELF][Rank 0] Done moment 19/36 (task 18): force_integral=+6.934336e-01
  [SELF][Rank 0] Done moment 19/36 (task 18): force_integral=+6.934336e-01
  [SELF][Rank 0] Done moment 19/36 (task 18): force_integral=+6.934336e-01
  [SELF][Rank 0] Done moment 19/36 (task 18): force_integral=+6.934336e-01
  [SELF][Rank 0] Done moment 19/36 (task 18): force_integral=+6.934336e-01
  [SELF][Rank 0] Done moment 19/36 (task 18): force_integral=+6.934336e-01
  [SELF][Rank 0] Done moment 19/36 (task 18): force_integral=+6.934336e-01
  [SELF][Rank 0] Done moment 19/36 (task 18): force_integral=+6.934336e-01
  [SELF][Rank 0] Done moment 19/36 (task 18): force_integral=+6.934336e-01
  [SELF][Rank 0] Done moment 19/36 (task 18): force_integral=+6.934336e-01
  [SELF][Rank 0] Done moment 19/36 (task 18): force_integral=+6.934336e-01
  [SELF][Rank 0] Done moment 19/36 (task 18): force_integral=+6.934336e-01
  [SELF][Rank 0] Done moment 19/36 (task 18): force_integral=+6.934336e-01
  [SELF][Rank 0] Done moment 19/36 (task 18): force_integral=+6.934336e-01
  [SELF][Rank 0] Done moment 19/36 (task 18): force_integral=+6.934336e-01
  [SELF][Rank 0] Done moment 19/36 (task 18): force_integral=+6.934336e-01
  [SELF][Rank 0] Done moment 19/36 (task 18): force_integral=+6.934336e-01
  [SELF][Rank 0] Done moment 19/36 (task 18): force_integral=+6.934336e-01
  [SELF][Rank 0] Done moment 19/36 (task 18): force_integral=+6.934336e-01
  [SELF][Rank 0] Done moment 19/36 (task 18): force_integral=+6.934336e-01
  [SELF][Rank 0] Done moment 19/36 (task 18): force_integral=+6.934336e-01
  [SELF][Rank 0] Done moment 19/36 (task 18): force_integral=+6.934336e-01
  [SELF][Rank 0] Done moment 19/36 (task 18): force_integral=+6.934336e-01
  [SELF][Rank 0] Done moment 19/36 (task 18): force_integral=+6.934336e-01
  [SELF][Rank 0] Done moment 19/36 (task 18): force_integral=+6.934336e-01
  [SELF][Rank 0] Done moment 19/36 (task 18): force_integral=+6.934336e-01
  [SELF][Rank 0] Done moment 19/36 (task 18): force_integral=+6.934336e-01
  [SELF][Rank 0] Done moment 19/36 (task 18): force_integral=+6.934336e-01
  [SELF][Rank 0] Done moment 19/36 (task 18): force_integral=+6.934336e-01
  [SELF][Rank 0] Done moment 19/36 (task 18): force_integral=+6.934336e-01
  [SELF][Rank 0] Done moment 19/36 (task 18): force_integral=+6.934336e-01
  [SELF][Rank 0] Done moment 19/36 (task 18): force_integral=+6.934336e-01
  [SELF][Rank 0] Done moment 19/36 (task 18): force_integral=+6.934336e-01
  [SELF][Rank 0] Done moment 19/36 (task 18): force_integral=+6.934336e-01
  [SELF][Rank 0] Done moment 19/36 (task 18): force_integral=+6.934336e-01
  [SELF][Rank 0] Done moment 19/36 (task 18): force_integral=+6.934336e-01
  [SELF][Rank 0] Done moment 19/36 (task 18): force_integral=+6.934336e-01
  [SELF][Rank 0] Done moment 19/36 (task 18): force_integral=+6.934336e-01
  [SELF][Rank 0] Done moment 19/36 (task 18): force_integral=+6.934336e-01
  [SELF][Rank 0] Done moment 19/36 (task 18): force_integral=+6.934336e-01
  [SELF][Rank 0] Done moment 19/36 (task 18): force_integral=+6.934336e-01
  [SELF][Rank 0] Done moment 19/36 (task 18): force_integral=+6.934336e-01
  [SELF][Rank 0] Done moment 19/36 (task 18): force_integral=+6.934336e-01
  [SELF][Rank 0] Done moment 19/36 (task 18): force_integral=+6.934336e-01
  [SELF][Rank 0] Done moment 19/36 (task 18): force_integral=+6.934336e-01
  [SELF][Rank 0] Done moment 19/36 (task 18): force_integral=+6.934336e-01
  [SELF][Rank 0] Done moment 19/36 (task 18): force_integral=+6.934336e-01
  [SELF][Rank 0] Done moment 19/36 (task 18): force_integral=+6.934336e-01
  [SELF][Rank 0] Done moment 19/36 (task 18): force_integral=+6.934336e-01
  [SELF][Rank 0] Done moment 19/36 (task 18): force_integral=+6.934336e-01
  [SELF][Rank 0] Done moment 19/36 (task 18): force_integral=+6.934336e-01
  [SELF][Rank 0] Done moment 19/36 (task 18): force_integral=+6.934336e-01
  [SELF][Rank 0] Done moment 19/36 (task 18): force_integral=+6.934336e-01
  [SELF][Rank 0] Done moment 19/36 (task 18): force_integral=+6.934336e-01
  [SELF][Rank 0] Done moment 19/36 (task 18): force_integral=+6.934336e-01
  [SELF][Rank 0] Done moment 19/36 (task 18): force_integral=+6.934336e-01
  [SELF][Rank 0] Done moment 19/36 (task 18): force_integral=+6.934336e-01
  [SELF][Rank 0] Done moment 19/36 (task 18): force_integral=+6.934336e-01
  [SELF][Rank 0] Done moment 19/36 (task 18): force_integral=+6.934336e-01
  [SELF][Rank 0] Done moment 19/36 (task 18): force_integral=+6.934336e-01
  [SELF][Rank 0] Done moment 19/36 (task 18): force_integral=+6.934336e-01
  [SELF][Rank 0] Done moment 19/36 (task 18): force_integral=+6.934336e-01
  [SELF][Rank 0] Done moment 19/36 (task 18): force_integral=+6.934336e-01
  [SELF][Rank 0] Done moment 19/36 (task 18): force_integral=+6.934336e-01
  [SELF][Rank 0] Done moment 19/36 (task 18): force_integral=+6.934336e-01
  [SELF][Rank 0] Done moment 19/36 (task 18): force_integral=+6.934336e-01
  [SELF][Rank 0] Done moment 19/36 (task 18): force_integral=+6.934336e-01
  [SELF][Rank 0] Done moment 19/36 (task 18): force_integral=+6.934336e-01
  [SELF][Rank 0] Done moment 19/36 (task 18): force_integral=+6.934336e-01
  [SELF][Rank 0] Done moment 19/36 (task 18): force_integral=+6.934336e-01
  [SELF][Rank 0] Done moment 19/36 (task 18): force_integral=+6.934336e-01
  [SELF][Rank 0] Done moment 19/36 (task 18): force_integral=+6.934336e-01
  [SELF][Rank 0] Done moment 19/36 (task 18): force_integral=+6.934336e-01
  [SELF][Rank 0] Done moment 19/36 (task 18): force_integral=+6.934336e-01
  [SELF][Rank 0] Done moment 19/36 (task 18): force_integral=+6.934336e-01
  [SELF][Rank 0] Done moment 19/36 (task 18): force_integral=+6.934336e-01
  [SELF][Rank 0] Done moment 19/36 (task 18): force_integral=+6.934336e-01
  [SELF][Rank 0] Done moment 19/36 (task 18): force_integral=+6.934336e-01
  [SELF][Rank 0] Done moment 19/36 (task 18): force_integral=+6.934336e-01
  [SELF][Rank 0] Done moment 19/36 (task 18): force_integral=+6.934336e-01
  [SELF][Rank 0] Done moment 19/36 (task 18): force_integral=+6.934336e-01
  [SELF][Rank 0] Done moment 19/36 (task 18): force_integral=+6.934336e-01
  [SELF][Rank 0] Done moment 19/36 (task 18): force_integral=+6.934336e-01
  [SELF][Rank 0] Done moment 19/36 (task 18): force_integral=+6.934336e-01
  [SELF][Rank 0] Done moment 19/36 (task 18): force_integral=+6.934336e-01
  [SELF][Rank 0] Done moment 19/36 (task 18): force_integral=+6.934336e-01
  [SELF][Rank 0] Done moment 19/36 (task 18): force_integral=+6.934336e-01
  [SELF][Rank 0] Done moment 19/36 (task 18): force_integral=+6.934336e-01
  [SELF][Rank 0] Done moment 19/36 (task 18): force_integral=+6.934336e-01
  [SELF][Rank 0] Done moment 19/36 (task 18): force_integral=+6.934336e-01
  [SELF][Rank 0] Done moment 19/36 (task 18): force_integral=+6.934336e-01
  [SELF][Rank 0] Done moment 19/36 (task 18): force_integral=+6.934336e-01
  [SELF][Rank 0] Done moment 19/36 (task 18): force_integral=+6.934336e-01
  [SELF][Rank 0] Done moment 19/36 (task 18): force_integral=+6.934336e-01
  [SELF][Rank 0] Done moment 19/36 (task 18): force_integral=+6.934336e-01
  [SELF][Rank 0] Done moment 19/36 (task 18): force_integral=+6.934336e-01
  [SELF][Rank 0] Done moment 19/36 (task 18): force_integral=+6.934336e-01
  [SELF][Rank 0] Done moment 19/36 (task 18): force_integral=+6.934336e-01
  [SELF][Rank 0] Done moment 19/36 (task 18): force_integral=+6.934336e-01
  [SELF][Rank 0] Done moment 19/36 (task 18): force_integral=+6.934336e-01
  [SELF][Rank 0] Done moment 20/36 (task 19): force_integral=+6.934336e-01
  [SELF][Rank 0] Done moment 20/36 (task 19): force_integral=+6.934336e-01
  [SELF][Rank 0] Done moment 20/36 (task 19): force_integral=+6.934336e-01
  [SELF][Rank 0] Done moment 20/36 (task 19): force_integral=+6.934336e-01
  [SELF][Rank 0] Done moment 20/36 (task 19): force_integral=+6.934336e-01
  [SELF][Rank 0] Done moment 20/36 (task 19): force_integral=+6.934336e-01
  [SELF][Rank 0] Done moment 20/36 (task 19): force_integral=+6.934336e-01
  [SELF][Rank 0] Done moment 20/36 (task 19): force_integral=+6.934336e-01
  [SELF][Rank 0] Done moment 20/36 (task 19): force_integral=+6.934336e-01
  [SELF][Rank 0] Done moment 20/36 (task 19): force_integral=+6.934336e-01
  [SELF][Rank 0] Done moment 20/36 (task 19): force_integral=+6.934336e-01
  [SELF][Rank 0] Done moment 20/36 (task 19): force_integral=+6.934336e-01
  [SELF][Rank 0] Done moment 20/36 (task 19): force_integral=+6.934336e-01
  [SELF][Rank 0] Done moment 20/36 (task 19): force_integral=+6.934336e-01
  [SELF][Rank 0] Done moment 20/36 (task 19): force_integral=+6.934336e-01
  [SELF][Rank 0] Done moment 20/36 (task 19): force_integral=+6.934336e-01
  [SELF][Rank 0] Done moment 20/36 (task 19): force_integral=+6.934336e-01
  [SELF][Rank 0] Done moment 20/36 (task 19): force_integral=+6.934336e-01
  [SELF][Rank 0] Done moment 20/36 (task 19): force_integral=+6.934336e-01
  [SELF][Rank 0] Done moment 20/36 (task 19): force_integral=+6.934336e-01
  [SELF][Rank 0] Done moment 20/36 (task 19): force_integral=+6.934336e-01
  [SELF][Rank 0] Done moment 20/36 (task 19): force_integral=+6.934336e-01
  [SELF][Rank 0] Done moment 20/36 (task 19): force_integral=+6.934336e-01
  [SELF][Rank 0] Done moment 20/36 (task 19): force_integral=+6.934336e-01
  [SELF][Rank 0] Done moment 20/36 (task 19): force_integral=+6.934336e-01
  [SELF][Rank 0] Done moment 20/36 (task 19): force_integral=+6.934336e-01
  [SELF][Rank 0] Done moment 20/36 (task 19): force_integral=+6.934336e-01
  [SELF][Rank 0] Done moment 20/36 (task 19): force_integral=+6.934336e-01
  [SELF][Rank 0] Done moment 20/36 (task 19): force_integral=+6.934336e-01
  [SELF][Rank 0] Done moment 20/36 (task 19): force_integral=+6.934336e-01
  [SELF][Rank 0] Done moment 20/36 (task 19): force_integral=+6.934336e-01
  [SELF][Rank 0] Done moment 20/36 (task 19): force_integral=+6.934336e-01
  [SELF][Rank 0] Done moment 20/36 (task 19): force_integral=+6.934336e-01
  [SELF][Rank 0] Done moment 20/36 (task 19): force_integral=+6.934336e-01
  [SELF][Rank 0] Done moment 20/36 (task 19): force_integral=+6.934336e-01
  [SELF][Rank 0] Done moment 20/36 (task 19): force_integral=+6.934336e-01
  [SELF][Rank 0] Done moment 20/36 (task 19): force_integral=+6.934336e-01
  [SELF][Rank 0] Done moment 20/36 (task 19): force_integral=+6.934336e-01
  [SELF][Rank 0] Done moment 20/36 (task 19): force_integral=+6.934336e-01
  [SELF][Rank 0] Done moment 20/36 (task 19): force_integral=+6.934336e-01
  [SELF][Rank 0] Done moment 20/36 (task 19): force_integral=+6.934336e-01
  [SELF][Rank 0] Done moment 20/36 (task 19): force_integral=+6.934336e-01
  [SELF][Rank 0] Done moment 20/36 (task 19): force_integral=+6.934336e-01
  [SELF][Rank 0] Done moment 20/36 (task 19): force_integral=+6.934336e-01
  [SELF][Rank 0] Done moment 20/36 (task 19): force_integral=+6.934336e-01
  [SELF][Rank 0] Done moment 20/36 (task 19): force_integral=+6.934336e-01
  [SELF][Rank 0] Done moment 20/36 (task 19): force_integral=+6.934336e-01
  [SELF][Rank 0] Done moment 20/36 (task 19): force_integral=+6.934336e-01
  [SELF][Rank 0] Done moment 20/36 (task 19): force_integral=+6.934336e-01
  [SELF][Rank 0] Done moment 20/36 (task 19): force_integral=+6.934336e-01
  [SELF][Rank 0] Done moment 20/36 (task 19): force_integral=+6.934336e-01
  [SELF][Rank 0] Done moment 20/36 (task 19): force_integral=+6.934336e-01
  [SELF][Rank 0] Done moment 20/36 (task 19): force_integral=+6.934336e-01
  [SELF][Rank 0] Done moment 20/36 (task 19): force_integral=+6.934336e-01
  [SELF][Rank 0] Done moment 20/36 (task 19): force_integral=+6.934336e-01
  [SELF][Rank 0] Done moment 20/36 (task 19): force_integral=+6.934336e-01
  [SELF][Rank 0] Done moment 20/36 (task 19): force_integral=+6.934336e-01
  [SELF][Rank 0] Done moment 20/36 (task 19): force_integral=+6.934336e-01
  [SELF][Rank 0] Done moment 20/36 (task 19): force_integral=+6.934336e-01
  [SELF][Rank 0] Done moment 20/36 (task 19): force_integral=+6.934336e-01
  [SELF][Rank 0] Done moment 20/36 (task 19): force_integral=+6.934336e-01
  [SELF][Rank 0] Done moment 20/36 (task 19): force_integral=+6.934336e-01
  [SELF][Rank 0] Done moment 20/36 (task 19): force_integral=+6.934336e-01
  [SELF][Rank 0] Done moment 20/36 (task 19): force_integral=+6.934336e-01
  [SELF][Rank 0] Done moment 20/36 (task 19): force_integral=+6.934336e-01
  [SELF][Rank 0] Done moment 20/36 (task 19): force_integral=+6.934336e-01
  [SELF][Rank 0] Done moment 20/36 (task 19): force_integral=+6.934336e-01
  [SELF][Rank 0] Done moment 20/36 (task 19): force_integral=+6.934336e-01
  [SELF][Rank 0] Done moment 20/36 (task 19): force_integral=+6.934336e-01
  [SELF][Rank 0] Done moment 20/36 (task 19): force_integral=+6.934336e-01
  [SELF][Rank 0] Done moment 20/36 (task 19): force_integral=+6.934336e-01
  [SELF][Rank 0] Done moment 20/36 (task 19): force_integral=+6.934336e-01
  [SELF][Rank 0] Done moment 20/36 (task 19): force_integral=+6.934336e-01
  [SELF][Rank 0] Done moment 20/36 (task 19): force_integral=+6.934336e-01
  [SELF][Rank 0] Done moment 20/36 (task 19): force_integral=+6.934336e-01
  [SELF][Rank 0] Done moment 20/36 (task 19): force_integral=+6.934336e-01
  [SELF][Rank 0] Done moment 20/36 (task 19): force_integral=+6.934336e-01
  [SELF][Rank 0] Done moment 20/36 (task 19): force_integral=+6.934336e-01
  [SELF][Rank 0] Done moment 20/36 (task 19): force_integral=+6.934336e-01
  [SELF][Rank 0] Done moment 20/36 (task 19): force_integral=+6.934336e-01
  [SELF][Rank 0] Done moment 20/36 (task 19): force_integral=+6.934336e-01
  [SELF][Rank 0] Done moment 20/36 (task 19): force_integral=+6.934336e-01
  [SELF][Rank 0] Done moment 20/36 (task 19): force_integral=+6.934336e-01
  [SELF][Rank 0] Done moment 20/36 (task 19): force_integral=+6.934336e-01
  [SELF][Rank 0] Done moment 20/36 (task 19): force_integral=+6.934336e-01
  [SELF][Rank 0] Done moment 20/36 (task 19): force_integral=+6.934336e-01
  [SELF][Rank 0] Done moment 20/36 (task 19): force_integral=+6.934336e-01
  [SELF][Rank 0] Done moment 20/36 (task 19): force_integral=+6.934336e-01
  [SELF][Rank 0] Done moment 20/36 (task 19): force_integral=+6.934336e-01
  [SELF][Rank 0] Done moment 20/36 (task 19): force_integral=+6.934336e-01
  [SELF][Rank 0] Done moment 20/36 (task 19): force_integral=+6.934336e-01
  [SELF][Rank 0] Done moment 20/36 (task 19): force_integral=+6.934336e-01
  [SELF][Rank 0] Done moment 20/36 (task 19): force_integral=+6.934336e-01
  [SELF][Rank 0] Done moment 20/36 (task 19): force_integral=+6.934336e-01
  [SELF][Rank 0] Done moment 20/36 (task 19): force_integral=+6.934336e-01
  [SELF][Rank 0] Done moment 20/36 (task 19): force_integral=+6.934336e-01
  [SELF][Rank 0] Done moment 20/36 (task 19): force_integral=+6.934336e-01
  [SELF][Rank 0] Done moment 20/36 (task 19): force_integral=+6.934336e-01
  [SELF][Rank 0] Done moment 20/36 (task 19): force_integral=+6.934336e-01
  [SELF][Rank 0] Done moment 20/36 (task 19): force_integral=+6.934336e-01
  [SELF][Rank 0] Done moment 20/36 (task 19): force_integral=+6.934336e-01
  [SELF][Rank 0] Done moment 20/36 (task 19): force_integral=+6.934336e-01
  [SELF][Rank 0] Done moment 20/36 (task 19): force_integral=+6.934336e-01
  [SELF][Rank 0] Done moment 20/36 (task 19): force_integral=+6.934336e-01
  [SELF][Rank 0] Done moment 20/36 (task 19): force_integral=+6.934336e-01
  [SELF][Rank 0] Done moment 20/36 (task 19): force_integral=+6.934336e-01
  [SELF][Rank 0] Done moment 20/36 (task 19): force_integral=+6.934336e-01
  [SELF][Rank 0] Done moment 20/36 (task 19): force_integral=+6.934336e-01
  [SELF][Rank 0] Done moment 20/36 (task 19): force_integral=+6.934336e-01
  [SELF][Rank 0] Done moment 20/36 (task 19): force_integral=+6.934336e-01
  [SELF][Rank 0] Done moment 20/36 (task 19): force_integral=+6.934336e-01
  [SELF][Rank 0] Done moment 20/36 (task 19): force_integral=+6.934336e-01
  [SELF][Rank 0] Done moment 20/36 (task 19): force_integral=+6.934336e-01
  [SELF][Rank 0] Done moment 20/36 (task 19): force_integral=+6.934336e-01
  [SELF][Rank 0] Done moment 20/36 (task 19): force_integral=+6.934336e-01
  [SELF][Rank 0] Done moment 20/36 (task 19): force_integral=+6.934336e-01
  [SELF][Rank 0] Done moment 20/36 (task 19): force_integral=+6.934336e-01
  [SELF][Rank 0] Done moment 20/36 (task 19): force_integral=+6.934336e-01
  [SELF][Rank 0] Done moment 20/36 (task 19): force_integral=+6.934336e-01
  [SELF][Rank 0] Done moment 20/36 (task 19): force_integral=+6.934336e-01
  [SELF][Rank 0] Done moment 20/36 (task 19): force_integral=+6.934336e-01
  [SELF][Rank 0] Done moment 20/36 (task 19): force_integral=+6.934336e-01
  [SELF][Rank 0] Done moment 20/36 (task 19): force_integral=+6.934336e-01
  [SELF][Rank 0] Done moment 20/36 (task 19): force_integral=+6.934336e-01
  [SELF][Rank 0] Done moment 20/36 (task 19): force_integral=+6.934336e-01
  [SELF][Rank 0] Done moment 20/36 (task 19): force_integral=+6.934336e-01
  [SELF][Rank 0] Done moment 20/36 (task 19): force_integral=+6.934336e-01
  [SELF][Rank 0] Done moment 20/36 (task 19): force_integral=+6.934336e-01
  [SELF][Rank 0] Done moment 21/36 (task 20): force_integral=+0.000000e+00
  [SELF][Rank 0] Done moment 21/36 (task 20): force_integral=+0.000000e+00
  [SELF][Rank 0] Done moment 21/36 (task 20): force_integral=+0.000000e+00
  [SELF][Rank 0] Done moment 21/36 (task 20): force_integral=+0.000000e+00
  [SELF][Rank 0] Done moment 21/36 (task 20): force_integral=+0.000000e+00
  [SELF][Rank 0] Done moment 21/36 (task 20): force_integral=+0.000000e+00
  [SELF][Rank 0] Done moment 21/36 (task 20): force_integral=+0.000000e+00
  [SELF][Rank 0] Done moment 21/36 (task 20): force_integral=+0.000000e+00
  [SELF][Rank 0] Done moment 21/36 (task 20): force_integral=+0.000000e+00
  [SELF][Rank 0] Done moment 21/36 (task 20): force_integral=+0.000000e+00
  [SELF][Rank 0] Done moment 21/36 (task 20): force_integral=+0.000000e+00
  [SELF][Rank 0] Done moment 21/36 (task 20): force_integral=+0.000000e+00
  [SELF][Rank 0] Done moment 21/36 (task 20): force_integral=+0.000000e+00
  [SELF][Rank 0] Done moment 21/36 (task 20): force_integral=+0.000000e+00
  [SELF][Rank 0] Done moment 21/36 (task 20): force_integral=+0.000000e+00
  [SELF][Rank 0] Done moment 21/36 (task 20): force_integral=+0.000000e+00
  [SELF][Rank 0] Done moment 21/36 (task 20): force_integral=+0.000000e+00
  [SELF][Rank 0] Done moment 21/36 (task 20): force_integral=+0.000000e+00
  [SELF][Rank 0] Done moment 21/36 (task 20): force_integral=+0.000000e+00
  [SELF][Rank 0] Done moment 21/36 (task 20): force_integral=+0.000000e+00
  [SELF][Rank 0] Done moment 21/36 (task 20): force_integral=+0.000000e+00
  [SELF][Rank 0] Done moment 21/36 (task 20): force_integral=+0.000000e+00
  [SELF][Rank 0] Done moment 21/36 (task 20): force_integral=+0.000000e+00
  [SELF][Rank 0] Done moment 21/36 (task 20): force_integral=+0.000000e+00
  [SELF][Rank 0] Done moment 21/36 (task 20): force_integral=+0.000000e+00
  [SELF][Rank 0] Done moment 21/36 (task 20): force_integral=+0.000000e+00
  [SELF][Rank 0] Done moment 21/36 (task 20): force_integral=+0.000000e+00
  [SELF][Rank 0] Done moment 21/36 (task 20): force_integral=+0.000000e+00
  [SELF][Rank 0] Done moment 21/36 (task 20): force_integral=+0.000000e+00
  [SELF][Rank 0] Done moment 21/36 (task 20): force_integral=+0.000000e+00
  [SELF][Rank 0] Done moment 21/36 (task 20): force_integral=+0.000000e+00
  [SELF][Rank 0] Done moment 21/36 (task 20): force_integral=+0.000000e+00
  [SELF][Rank 0] Done moment 21/36 (task 20): force_integral=+0.000000e+00
  [SELF][Rank 0] Done moment 21/36 (task 20): force_integral=+0.000000e+00
  [SELF][Rank 0] Done moment 21/36 (task 20): force_integral=+0.000000e+00
  [SELF][Rank 0] Done moment 21/36 (task 20): force_integral=+0.000000e+00
  [SELF][Rank 0] Done moment 21/36 (task 20): force_integral=+0.000000e+00
  [SELF][Rank 0] Done moment 21/36 (task 20): force_integral=+0.000000e+00
  [SELF][Rank 0] Done moment 21/36 (task 20): force_integral=+0.000000e+00
  [SELF][Rank 0] Done moment 21/36 (task 20): force_integral=+0.000000e+00
  [SELF][Rank 0] Done moment 21/36 (task 20): force_integral=+0.000000e+00
  [SELF][Rank 0] Done moment 21/36 (task 20): force_integral=+0.000000e+00
  [SELF][Rank 0] Done moment 21/36 (task 20): force_integral=+0.000000e+00
  [SELF][Rank 0] Done moment 21/36 (task 20): force_integral=+0.000000e+00
  [SELF][Rank 0] Done moment 21/36 (task 20): force_integral=+0.000000e+00
  [SELF][Rank 0] Done moment 21/36 (task 20): force_integral=+0.000000e+00
  [SELF][Rank 0] Done moment 21/36 (task 20): force_integral=+0.000000e+00
  [SELF][Rank 0] Done moment 21/36 (task 20): force_integral=+0.000000e+00
  [SELF][Rank 0] Done moment 21/36 (task 20): force_integral=+0.000000e+00
  [SELF][Rank 0] Done moment 21/36 (task 20): force_integral=+0.000000e+00
  [SELF][Rank 0] Done moment 21/36 (task 20): force_integral=+0.000000e+00
  [SELF][Rank 0] Done moment 21/36 (task 20): force_integral=+0.000000e+00
  [SELF][Rank 0] Done moment 21/36 (task 20): force_integral=+0.000000e+00
  [SELF][Rank 0] Done moment 21/36 (task 20): force_integral=+0.000000e+00
  [SELF][Rank 0] Done moment 21/36 (task 20): force_integral=+0.000000e+00
  [SELF][Rank 0] Done moment 21/36 (task 20): force_integral=+0.000000e+00
  [SELF][Rank 0] Done moment 21/36 (task 20): force_integral=+0.000000e+00
  [SELF][Rank 0] Done moment 21/36 (task 20): force_integral=+0.000000e+00
  [SELF][Rank 0] Done moment 21/36 (task 20): force_integral=+0.000000e+00
  [SELF][Rank 0] Done moment 21/36 (task 20): force_integral=+0.000000e+00
  [SELF][Rank 0] Done moment 21/36 (task 20): force_integral=+0.000000e+00
  [SELF][Rank 0] Done moment 21/36 (task 20): force_integral=+0.000000e+00
  [SELF][Rank 0] Done moment 21/36 (task 20): force_integral=+0.000000e+00
  [SELF][Rank 0] Done moment 21/36 (task 20): force_integral=+0.000000e+00
  [SELF][Rank 0] Done moment 21/36 (task 20): force_integral=+0.000000e+00
  [SELF][Rank 0] Done moment 21/36 (task 20): force_integral=+0.000000e+00
  [SELF][Rank 0] Done moment 21/36 (task 20): force_integral=+0.000000e+00
  [SELF][Rank 0] Done moment 21/36 (task 20): force_integral=+0.000000e+00
  [SELF][Rank 0] Done moment 21/36 (task 20): force_integral=+0.000000e+00
  [SELF][Rank 0] Done moment 21/36 (task 20): force_integral=+0.000000e+00
  [SELF][Rank 0] Done moment 21/36 (task 20): force_integral=+0.000000e+00
  [SELF][Rank 0] Done moment 21/36 (task 20): force_integral=+0.000000e+00
  [SELF][Rank 0] Done moment 21/36 (task 20): force_integral=+0.000000e+00
  [SELF][Rank 0] Done moment 21/36 (task 20): force_integral=+0.000000e+00
  [SELF][Rank 0] Done moment 21/36 (task 20): force_integral=+0.000000e+00
  [SELF][Rank 0] Done moment 21/36 (task 20): force_integral=+0.000000e+00
  [SELF][Rank 0] Done moment 21/36 (task 20): force_integral=+0.000000e+00
  [SELF][Rank 0] Done moment 21/36 (task 20): force_integral=+0.000000e+00
  [SELF][Rank 0] Done moment 21/36 (task 20): force_integral=+0.000000e+00
  [SELF][Rank 0] Done moment 21/36 (task 20): force_integral=+0.000000e+00
  [SELF][Rank 0] Done moment 21/36 (task 20): force_integral=+0.000000e+00
  [SELF][Rank 0] Done moment 21/36 (task 20): force_integral=+0.000000e+00
  [SELF][Rank 0] Done moment 21/36 (task 20): force_integral=+0.000000e+00
  [SELF][Rank 0] Done moment 21/36 (task 20): force_integral=+0.000000e+00
  [SELF][Rank 0] Done moment 21/36 (task 20): force_integral=+0.000000e+00
  [SELF][Rank 0] Done moment 21/36 (task 20): force_integral=+0.000000e+00
  [SELF][Rank 0] Done moment 21/36 (task 20): force_integral=+0.000000e+00
  [SELF][Rank 0] Done moment 21/36 (task 20): force_integral=+0.000000e+00
  [SELF][Rank 0] Done moment 21/36 (task 20): force_integral=+0.000000e+00
  [SELF][Rank 0] Done moment 21/36 (task 20): force_integral=+0.000000e+00
  [SELF][Rank 0] Done moment 21/36 (task 20): force_integral=+0.000000e+00
  [SELF][Rank 0] Done moment 21/36 (task 20): force_integral=+0.000000e+00
  [SELF][Rank 0] Done moment 21/36 (task 20): force_integral=+0.000000e+00
  [SELF][Rank 0] Done moment 21/36 (task 20): force_integral=+0.000000e+00
  [SELF][Rank 0] Done moment 21/36 (task 20): force_integral=+0.000000e+00
  [SELF][Rank 0] Done moment 21/36 (task 20): force_integral=+0.000000e+00
  [SELF][Rank 0] Done moment 21/36 (task 20): force_integral=+0.000000e+00
  [SELF][Rank 0] Done moment 21/36 (task 20): force_integral=+0.000000e+00
  [SELF][Rank 0] Done moment 21/36 (task 20): force_integral=+0.000000e+00
  [SELF][Rank 0] Done moment 21/36 (task 20): force_integral=+0.000000e+00
  [SELF][Rank 0] Done moment 21/36 (task 20): force_integral=+0.000000e+00
  [SELF][Rank 0] Done moment 21/36 (task 20): force_integral=+0.000000e+00
  [SELF][Rank 0] Done moment 21/36 (task 20): force_integral=+0.000000e+00
  [SELF][Rank 0] Done moment 21/36 (task 20): force_integral=+0.000000e+00
  [SELF][Rank 0] Done moment 21/36 (task 20): force_integral=+0.000000e+00
  [SELF][Rank 0] Done moment 21/36 (task 20): force_integral=+0.000000e+00
  [SELF][Rank 0] Done moment 21/36 (task 20): force_integral=+0.000000e+00
  [SELF][Rank 0] Done moment 21/36 (task 20): force_integral=+0.000000e+00
  [SELF][Rank 0] Done moment 21/36 (task 20): force_integral=+0.000000e+00
  [SELF][Rank 0] Done moment 21/36 (task 20): force_integral=+0.000000e+00
  [SELF][Rank 0] Done moment 21/36 (task 20): force_integral=+0.000000e+00
  [SELF][Rank 0] Done moment 21/36 (task 20): force_integral=+0.000000e+00
  [SELF][Rank 0] Done moment 21/36 (task 20): force_integral=+0.000000e+00
  [SELF][Rank 0] Done moment 21/36 (task 20): force_integral=+0.000000e+00
  [SELF][Rank 0] Done moment 21/36 (task 20): force_integral=+0.000000e+00
  [SELF][Rank 0] Done moment 21/36 (task 20): force_integral=+0.000000e+00
  [SELF][Rank 0] Done moment 21/36 (task 20): force_integral=+0.000000e+00
  [SELF][Rank 0] Done moment 21/36 (task 20): force_integral=+0.000000e+00
  [SELF][Rank 0] Done moment 21/36 (task 20): force_integral=+0.000000e+00
  [SELF][Rank 0] Done moment 21/36 (task 20): force_integral=+0.000000e+00
  [SELF][Rank 0] Done moment 21/36 (task 20): force_integral=+0.000000e+00
  [SELF][Rank 0] Done moment 21/36 (task 20): force_integral=+0.000000e+00
  [SELF][Rank 0] Done moment 21/36 (task 20): force_integral=+0.000000e+00
  [SELF][Rank 0] Done moment 21/36 (task 20): force_integral=+0.000000e+00
  [SELF][Rank 0] Done moment 21/36 (task 20): force_integral=+0.000000e+00
  [SELF][Rank 0] Done moment 21/36 (task 20): force_integral=+0.000000e+00
  [SELF][Rank 0] Done moment 21/36 (task 20): force_integral=+0.000000e+00
  [SELF][Rank 0] Done moment 21/36 (task 20): force_integral=+0.000000e+00
  [SELF][Rank 0] Done moment 22/36 (task 21): force_integral=+0.000000e+00
  [SELF][Rank 0] Done moment 22/36 (task 21): force_integral=+0.000000e+00
  [SELF][Rank 0] Done moment 22/36 (task 21): force_integral=+0.000000e+00
  [SELF][Rank 0] Done moment 22/36 (task 21): force_integral=+0.000000e+00
  [SELF][Rank 0] Done moment 22/36 (task 21): force_integral=+0.000000e+00
  [SELF][Rank 0] Done moment 22/36 (task 21): force_integral=+0.000000e+00
  [SELF][Rank 0] Done moment 22/36 (task 21): force_integral=+0.000000e+00
  [SELF][Rank 0] Done moment 22/36 (task 21): force_integral=+0.000000e+00
  [SELF][Rank 0] Done moment 22/36 (task 21): force_integral=+0.000000e+00
  [SELF][Rank 0] Done moment 22/36 (task 21): force_integral=+0.000000e+00
  [SELF][Rank 0] Done moment 22/36 (task 21): force_integral=+0.000000e+00
  [SELF][Rank 0] Done moment 22/36 (task 21): force_integral=+0.000000e+00
  [SELF][Rank 0] Done moment 22/36 (task 21): force_integral=+0.000000e+00
  [SELF][Rank 0] Done moment 22/36 (task 21): force_integral=+0.000000e+00
  [SELF][Rank 0] Done moment 22/36 (task 21): force_integral=+0.000000e+00
  [SELF][Rank 0] Done moment 22/36 (task 21): force_integral=+0.000000e+00
  [SELF][Rank 0] Done moment 22/36 (task 21): force_integral=+0.000000e+00
  [SELF][Rank 0] Done moment 22/36 (task 21): force_integral=+0.000000e+00
  [SELF][Rank 0] Done moment 22/36 (task 21): force_integral=+0.000000e+00
  [SELF][Rank 0] Done moment 22/36 (task 21): force_integral=+0.000000e+00
  [SELF][Rank 0] Done moment 22/36 (task 21): force_integral=+0.000000e+00
  [SELF][Rank 0] Done moment 22/36 (task 21): force_integral=+0.000000e+00
  [SELF][Rank 0] Done moment 22/36 (task 21): force_integral=+0.000000e+00
  [SELF][Rank 0] Done moment 22/36 (task 21): force_integral=+0.000000e+00
  [SELF][Rank 0] Done moment 22/36 (task 21): force_integral=+0.000000e+00
  [SELF][Rank 0] Done moment 22/36 (task 21): force_integral=+0.000000e+00
  [SELF][Rank 0] Done moment 22/36 (task 21): force_integral=+0.000000e+00
  [SELF][Rank 0] Done moment 22/36 (task 21): force_integral=+0.000000e+00
  [SELF][Rank 0] Done moment 22/36 (task 21): force_integral=+0.000000e+00
  [SELF][Rank 0] Done moment 22/36 (task 21): force_integral=+0.000000e+00
  [SELF][Rank 0] Done moment 22/36 (task 21): force_integral=+0.000000e+00
  [SELF][Rank 0] Done moment 22/36 (task 21): force_integral=+0.000000e+00
  [SELF][Rank 0] Done moment 22/36 (task 21): force_integral=+0.000000e+00
  [SELF][Rank 0] Done moment 22/36 (task 21): force_integral=+0.000000e+00
  [SELF][Rank 0] Done moment 22/36 (task 21): force_integral=+0.000000e+00
  [SELF][Rank 0] Done moment 22/36 (task 21): force_integral=+0.000000e+00
  [SELF][Rank 0] Done moment 22/36 (task 21): force_integral=+0.000000e+00
  [SELF][Rank 0] Done moment 22/36 (task 21): force_integral=+0.000000e+00
  [SELF][Rank 0] Done moment 22/36 (task 21): force_integral=+0.000000e+00
  [SELF][Rank 0] Done moment 22/36 (task 21): force_integral=+0.000000e+00
  [SELF][Rank 0] Done moment 22/36 (task 21): force_integral=+0.000000e+00
  [SELF][Rank 0] Done moment 22/36 (task 21): force_integral=+0.000000e+00
  [SELF][Rank 0] Done moment 22/36 (task 21): force_integral=+0.000000e+00
  [SELF][Rank 0] Done moment 22/36 (task 21): force_integral=+0.000000e+00
  [SELF][Rank 0] Done moment 22/36 (task 21): force_integral=+0.000000e+00
  [SELF][Rank 0] Done moment 22/36 (task 21): force_integral=+0.000000e+00
  [SELF][Rank 0] Done moment 22/36 (task 21): force_integral=+0.000000e+00
  [SELF][Rank 0] Done moment 22/36 (task 21): force_integral=+0.000000e+00
  [SELF][Rank 0] Done moment 22/36 (task 21): force_integral=+0.000000e+00
  [SELF][Rank 0] Done moment 22/36 (task 21): force_integral=+0.000000e+00
  [SELF][Rank 0] Done moment 22/36 (task 21): force_integral=+0.000000e+00
  [SELF][Rank 0] Done moment 22/36 (task 21): force_integral=+0.000000e+00
  [SELF][Rank 0] Done moment 22/36 (task 21): force_integral=+0.000000e+00
  [SELF][Rank 0] Done moment 22/36 (task 21): force_integral=+0.000000e+00
  [SELF][Rank 0] Done moment 22/36 (task 21): force_integral=+0.000000e+00
  [SELF][Rank 0] Done moment 22/36 (task 21): force_integral=+0.000000e+00
  [SELF][Rank 0] Done moment 22/36 (task 21): force_integral=+0.000000e+00
  [SELF][Rank 0] Done moment 22/36 (task 21): force_integral=+0.000000e+00
  [SELF][Rank 0] Done moment 22/36 (task 21): force_integral=+0.000000e+00
  [SELF][Rank 0] Done moment 22/36 (task 21): force_integral=+0.000000e+00
  [SELF][Rank 0] Done moment 22/36 (task 21): force_integral=+0.000000e+00
  [SELF][Rank 0] Done moment 22/36 (task 21): force_integral=+0.000000e+00
  [SELF][Rank 0] Done moment 22/36 (task 21): force_integral=+0.000000e+00
  [SELF][Rank 0] Done moment 22/36 (task 21): force_integral=+0.000000e+00
  [SELF][Rank 0] Done moment 22/36 (task 21): force_integral=+0.000000e+00
  [SELF][Rank 0] Done moment 22/36 (task 21): force_integral=+0.000000e+00
  [SELF][Rank 0] Done moment 22/36 (task 21): force_integral=+0.000000e+00
  [SELF][Rank 0] Done moment 22/36 (task 21): force_integral=+0.000000e+00
  [SELF][Rank 0] Done moment 22/36 (task 21): force_integral=+0.000000e+00
  [SELF][Rank 0] Done moment 22/36 (task 21): force_integral=+0.000000e+00
  [SELF][Rank 0] Done moment 22/36 (task 21): force_integral=+0.000000e+00
  [SELF][Rank 0] Done moment 22/36 (task 21): force_integral=+0.000000e+00
  [SELF][Rank 0] Done moment 22/36 (task 21): force_integral=+0.000000e+00
  [SELF][Rank 0] Done moment 22/36 (task 21): force_integral=+0.000000e+00
  [SELF][Rank 0] Done moment 22/36 (task 21): force_integral=+0.000000e+00
  [SELF][Rank 0] Done moment 22/36 (task 21): force_integral=+0.000000e+00
  [SELF][Rank 0] Done moment 22/36 (task 21): force_integral=+0.000000e+00
  [SELF][Rank 0] Done moment 22/36 (task 21): force_integral=+0.000000e+00
  [SELF][Rank 0] Done moment 22/36 (task 21): force_integral=+0.000000e+00
  [SELF][Rank 0] Done moment 22/36 (task 21): force_integral=+0.000000e+00
  [SELF][Rank 0] Done moment 22/36 (task 21): force_integral=+0.000000e+00
  [SELF][Rank 0] Done moment 22/36 (task 21): force_integral=+0.000000e+00
  [SELF][Rank 0] Done moment 22/36 (task 21): force_integral=+0.000000e+00
  [SELF][Rank 0] Done moment 22/36 (task 21): force_integral=+0.000000e+00
  [SELF][Rank 0] Done moment 22/36 (task 21): force_integral=+0.000000e+00
  [SELF][Rank 0] Done moment 22/36 (task 21): force_integral=+0.000000e+00
  [SELF][Rank 0] Done moment 22/36 (task 21): force_integral=+0.000000e+00
  [SELF][Rank 0] Done moment 22/36 (task 21): force_integral=+0.000000e+00
  [SELF][Rank 0] Done moment 22/36 (task 21): force_integral=+0.000000e+00
  [SELF][Rank 0] Done moment 22/36 (task 21): force_integral=+0.000000e+00
  [SELF][Rank 0] Done moment 22/36 (task 21): force_integral=+0.000000e+00
  [SELF][Rank 0] Done moment 22/36 (task 21): force_integral=+0.000000e+00
  [SELF][Rank 0] Done moment 22/36 (task 21): force_integral=+0.000000e+00
  [SELF][Rank 0] Done moment 22/36 (task 21): force_integral=+0.000000e+00
  [SELF][Rank 0] Done moment 22/36 (task 21): force_integral=+0.000000e+00
  [SELF][Rank 0] Done moment 22/36 (task 21): force_integral=+0.000000e+00
  [SELF][Rank 0] Done moment 22/36 (task 21): force_integral=+0.000000e+00
  [SELF][Rank 0] Done moment 22/36 (task 21): force_integral=+0.000000e+00
  [SELF][Rank 0] Done moment 22/36 (task 21): force_integral=+0.000000e+00
  [SELF][Rank 0] Done moment 22/36 (task 21): force_integral=+0.000000e+00
  [SELF][Rank 0] Done moment 22/36 (task 21): force_integral=+0.000000e+00
  [SELF][Rank 0] Done moment 22/36 (task 21): force_integral=+0.000000e+00
  [SELF][Rank 0] Done moment 22/36 (task 21): force_integral=+0.000000e+00
  [SELF][Rank 0] Done moment 22/36 (task 21): force_integral=+0.000000e+00
  [SELF][Rank 0] Done moment 22/36 (task 21): force_integral=+0.000000e+00
  [SELF][Rank 0] Done moment 22/36 (task 21): force_integral=+0.000000e+00
  [SELF][Rank 0] Done moment 22/36 (task 21): force_integral=+0.000000e+00
  [SELF][Rank 0] Done moment 22/36 (task 21): force_integral=+0.000000e+00
  [SELF][Rank 0] Done moment 22/36 (task 21): force_integral=+0.000000e+00
  [SELF][Rank 0] Done moment 22/36 (task 21): force_integral=+0.000000e+00
  [SELF][Rank 0] Done moment 22/36 (task 21): force_integral=+0.000000e+00
  [SELF][Rank 0] Done moment 22/36 (task 21): force_integral=+0.000000e+00
  [SELF][Rank 0] Done moment 22/36 (task 21): force_integral=+0.000000e+00
  [SELF][Rank 0] Done moment 22/36 (task 21): force_integral=+0.000000e+00
  [SELF][Rank 0] Done moment 22/36 (task 21): force_integral=+0.000000e+00
  [SELF][Rank 0] Done moment 22/36 (task 21): force_integral=+0.000000e+00
  [SELF][Rank 0] Done moment 22/36 (task 21): force_integral=+0.000000e+00
  [SELF][Rank 0] Done moment 22/36 (task 21): force_integral=+0.000000e+00
  [SELF][Rank 0] Done moment 22/36 (task 21): force_integral=+0.000000e+00
  [SELF][Rank 0] Done moment 22/36 (task 21): force_integral=+0.000000e+00
  [SELF][Rank 0] Done moment 22/36 (task 21): force_integral=+0.000000e+00
  [SELF][Rank 0] Done moment 22/36 (task 21): force_integral=+0.000000e+00
  [SELF][Rank 0] Done moment 22/36 (task 21): force_integral=+0.000000e+00
  [SELF][Rank 0] Done moment 22/36 (task 21): force_integral=+0.000000e+00
  [SELF][Rank 0] Done moment 22/36 (task 21): force_integral=+0.000000e+00
  [SELF][Rank 0] Done moment 22/36 (task 21): force_integral=+0.000000e+00
  [SELF][Rank 0] Done moment 22/36 (task 21): force_integral=+0.000000e+00
  [SELF][Rank 0] Done moment 22/36 (task 21): force_integral=+0.000000e+00
  [SELF][Rank 0] Done moment 23/36 (task 22): force_integral=-1.668537e+03
  [SELF][Rank 0] Done moment 23/36 (task 22): force_integral=-1.668537e+03
  [SELF][Rank 0] Done moment 23/36 (task 22): force_integral=-1.668537e+03
  [SELF][Rank 0] Done moment 23/36 (task 22): force_integral=-1.668537e+03
  [SELF][Rank 0] Done moment 23/36 (task 22): force_integral=-1.668537e+03
  [SELF][Rank 0] Done moment 23/36 (task 22): force_integral=-1.668537e+03
  [SELF][Rank 0] Done moment 23/36 (task 22): force_integral=-1.668537e+03
  [SELF][Rank 0] Done moment 23/36 (task 22): force_integral=-1.668537e+03
  [SELF][Rank 0] Done moment 23/36 (task 22): force_integral=-1.668537e+03
  [SELF][Rank 0] Done moment 23/36 (task 22): force_integral=-1.668537e+03
  [SELF][Rank 0] Done moment 23/36 (task 22): force_integral=-1.668537e+03
  [SELF][Rank 0] Done moment 23/36 (task 22): force_integral=-1.668537e+03
  [SELF][Rank 0] Done moment 23/36 (task 22): force_integral=-1.668537e+03
  [SELF][Rank 0] Done moment 23/36 (task 22): force_integral=-1.668537e+03
  [SELF][Rank 0] Done moment 23/36 (task 22): force_integral=-1.668537e+03
  [SELF][Rank 0] Done moment 23/36 (task 22): force_integral=-1.668537e+03
  [SELF][Rank 0] Done moment 23/36 (task 22): force_integral=-1.668537e+03
  [SELF][Rank 0] Done moment 23/36 (task 22): force_integral=-1.668537e+03
  [SELF][Rank 0] Done moment 23/36 (task 22): force_integral=-1.668537e+03
  [SELF][Rank 0] Done moment 23/36 (task 22): force_integral=-1.668537e+03
  [SELF][Rank 0] Done moment 23/36 (task 22): force_integral=-1.668537e+03
  [SELF][Rank 0] Done moment 23/36 (task 22): force_integral=-1.668537e+03
  [SELF][Rank 0] Done moment 23/36 (task 22): force_integral=-1.668537e+03
  [SELF][Rank 0] Done moment 23/36 (task 22): force_integral=-1.668537e+03
  [SELF][Rank 0] Done moment 23/36 (task 22): force_integral=-1.668537e+03
  [SELF][Rank 0] Done moment 23/36 (task 22): force_integral=-1.668537e+03
  [SELF][Rank 0] Done moment 23/36 (task 22): force_integral=-1.668537e+03
  [SELF][Rank 0] Done moment 23/36 (task 22): force_integral=-1.668537e+03
  [SELF][Rank 0] Done moment 23/36 (task 22): force_integral=-1.668537e+03
  [SELF][Rank 0] Done moment 23/36 (task 22): force_integral=-1.668537e+03
  [SELF][Rank 0] Done moment 23/36 (task 22): force_integral=-1.668537e+03
  [SELF][Rank 0] Done moment 23/36 (task 22): force_integral=-1.668537e+03
  [SELF][Rank 0] Done moment 23/36 (task 22): force_integral=-1.668537e+03
  [SELF][Rank 0] Done moment 23/36 (task 22): force_integral=-1.668537e+03
  [SELF][Rank 0] Done moment 23/36 (task 22): force_integral=-1.668537e+03
  [SELF][Rank 0] Done moment 23/36 (task 22): force_integral=-1.668537e+03
  [SELF][Rank 0] Done moment 23/36 (task 22): force_integral=-1.668537e+03
  [SELF][Rank 0] Done moment 23/36 (task 22): force_integral=-1.668537e+03
  [SELF][Rank 0] Done moment 23/36 (task 22): force_integral=-1.668537e+03
  [SELF][Rank 0] Done moment 23/36 (task 22): force_integral=-1.668537e+03
  [SELF][Rank 0] Done moment 23/36 (task 22): force_integral=-1.668537e+03
  [SELF][Rank 0] Done moment 23/36 (task 22): force_integral=-1.668537e+03
  [SELF][Rank 0] Done moment 23/36 (task 22): force_integral=-1.668537e+03
  [SELF][Rank 0] Done moment 23/36 (task 22): force_integral=-1.668537e+03
  [SELF][Rank 0] Done moment 23/36 (task 22): force_integral=-1.668537e+03
  [SELF][Rank 0] Done moment 23/36 (task 22): force_integral=-1.668537e+03
  [SELF][Rank 0] Done moment 23/36 (task 22): force_integral=-1.668537e+03
  [SELF][Rank 0] Done moment 23/36 (task 22): force_integral=-1.668537e+03
  [SELF][Rank 0] Done moment 23/36 (task 22): force_integral=-1.668537e+03
  [SELF][Rank 0] Done moment 23/36 (task 22): force_integral=-1.668537e+03
  [SELF][Rank 0] Done moment 23/36 (task 22): force_integral=-1.668537e+03
  [SELF][Rank 0] Done moment 23/36 (task 22): force_integral=-1.668537e+03
  [SELF][Rank 0] Done moment 23/36 (task 22): force_integral=-1.668537e+03
  [SELF][Rank 0] Done moment 23/36 (task 22): force_integral=-1.668537e+03
  [SELF][Rank 0] Done moment 23/36 (task 22): force_integral=-1.668537e+03
  [SELF][Rank 0] Done moment 23/36 (task 22): force_integral=-1.668537e+03
  [SELF][Rank 0] Done moment 23/36 (task 22): force_integral=-1.668537e+03
  [SELF][Rank 0] Done moment 23/36 (task 22): force_integral=-1.668537e+03
  [SELF][Rank 0] Done moment 23/36 (task 22): force_integral=-1.668537e+03
  [SELF][Rank 0] Done moment 23/36 (task 22): force_integral=-1.668537e+03
  [SELF][Rank 0] Done moment 23/36 (task 22): force_integral=-1.668537e+03
  [SELF][Rank 0] Done moment 23/36 (task 22): force_integral=-1.668537e+03
  [SELF][Rank 0] Done moment 23/36 (task 22): force_integral=-1.668537e+03
  [SELF][Rank 0] Done moment 23/36 (task 22): force_integral=-1.668537e+03
  [SELF][Rank 0] Done moment 23/36 (task 22): force_integral=-1.668537e+03
  [SELF][Rank 0] Done moment 23/36 (task 22): force_integral=-1.668537e+03
  [SELF][Rank 0] Done moment 23/36 (task 22): force_integral=-1.668537e+03
  [SELF][Rank 0] Done moment 23/36 (task 22): force_integral=-1.668537e+03
  [SELF][Rank 0] Done moment 23/36 (task 22): force_integral=-1.668537e+03
  [SELF][Rank 0] Done moment 23/36 (task 22): force_integral=-1.668537e+03
  [SELF][Rank 0] Done moment 23/36 (task 22): force_integral=-1.668537e+03
  [SELF][Rank 0] Done moment 23/36 (task 22): force_integral=-1.668537e+03
  [SELF][Rank 0] Done moment 23/36 (task 22): force_integral=-1.668537e+03
  [SELF][Rank 0] Done moment 23/36 (task 22): force_integral=-1.668537e+03
  [SELF][Rank 0] Done moment 23/36 (task 22): force_integral=-1.668537e+03
  [SELF][Rank 0] Done moment 23/36 (task 22): force_integral=-1.668537e+03
  [SELF][Rank 0] Done moment 23/36 (task 22): force_integral=-1.668537e+03
  [SELF][Rank 0] Done moment 23/36 (task 22): force_integral=-1.668537e+03
  [SELF][Rank 0] Done moment 23/36 (task 22): force_integral=-1.668537e+03
  [SELF][Rank 0] Done moment 23/36 (task 22): force_integral=-1.668537e+03
  [SELF][Rank 0] Done moment 23/36 (task 22): force_integral=-1.668537e+03
  [SELF][Rank 0] Done moment 23/36 (task 22): force_integral=-1.668537e+03
  [SELF][Rank 0] Done moment 23/36 (task 22): force_integral=-1.668537e+03
  [SELF][Rank 0] Done moment 23/36 (task 22): force_integral=-1.668537e+03
  [SELF][Rank 0] Done moment 23/36 (task 22): force_integral=-1.668537e+03
  [SELF][Rank 0] Done moment 23/36 (task 22): force_integral=-1.668537e+03
  [SELF][Rank 0] Done moment 23/36 (task 22): force_integral=-1.668537e+03
  [SELF][Rank 0] Done moment 23/36 (task 22): force_integral=-1.668537e+03
  [SELF][Rank 0] Done moment 23/36 (task 22): force_integral=-1.668537e+03
  [SELF][Rank 0] Done moment 23/36 (task 22): force_integral=-1.668537e+03
  [SELF][Rank 0] Done moment 23/36 (task 22): force_integral=-1.668537e+03
  [SELF][Rank 0] Done moment 23/36 (task 22): force_integral=-1.668537e+03
  [SELF][Rank 0] Done moment 23/36 (task 22): force_integral=-1.668537e+03
  [SELF][Rank 0] Done moment 23/36 (task 22): force_integral=-1.668537e+03
  [SELF][Rank 0] Done moment 23/36 (task 22): force_integral=-1.668537e+03
  [SELF][Rank 0] Done moment 23/36 (task 22): force_integral=-1.668537e+03
  [SELF][Rank 0] Done moment 23/36 (task 22): force_integral=-1.668537e+03
  [SELF][Rank 0] Done moment 23/36 (task 22): force_integral=-1.668537e+03
  [SELF][Rank 0] Done moment 23/36 (task 22): force_integral=-1.668537e+03
  [SELF][Rank 0] Done moment 23/36 (task 22): force_integral=-1.668537e+03
  [SELF][Rank 0] Done moment 23/36 (task 22): force_integral=-1.668537e+03
  [SELF][Rank 0] Done moment 23/36 (task 22): force_integral=-1.668537e+03
  [SELF][Rank 0] Done moment 23/36 (task 22): force_integral=-1.668537e+03
  [SELF][Rank 0] Done moment 23/36 (task 22): force_integral=-1.668537e+03
  [SELF][Rank 0] Done moment 23/36 (task 22): force_integral=-1.668537e+03
  [SELF][Rank 0] Done moment 23/36 (task 22): force_integral=-1.668537e+03
  [SELF][Rank 0] Done moment 23/36 (task 22): force_integral=-1.668537e+03
  [SELF][Rank 0] Done moment 23/36 (task 22): force_integral=-1.668537e+03
  [SELF][Rank 0] Done moment 23/36 (task 22): force_integral=-1.668537e+03
  [SELF][Rank 0] Done moment 23/36 (task 22): force_integral=-1.668537e+03
  [SELF][Rank 0] Done moment 23/36 (task 22): force_integral=-1.668537e+03
  [SELF][Rank 0] Done moment 23/36 (task 22): force_integral=-1.668537e+03
  [SELF][Rank 0] Done moment 23/36 (task 22): force_integral=-1.668537e+03
  [SELF][Rank 0] Done moment 23/36 (task 22): force_integral=-1.668537e+03
  [SELF][Rank 0] Done moment 23/36 (task 22): force_integral=-1.668537e+03
  [SELF][Rank 0] Done moment 23/36 (task 22): force_integral=-1.668537e+03
  [SELF][Rank 0] Done moment 23/36 (task 22): force_integral=-1.668537e+03
  [SELF][Rank 0] Done moment 23/36 (task 22): force_integral=-1.668537e+03
  [SELF][Rank 0] Done moment 23/36 (task 22): force_integral=-1.668537e+03
  [SELF][Rank 0] Done moment 23/36 (task 22): force_integral=-1.668537e+03
  [SELF][Rank 0] Done moment 23/36 (task 22): force_integral=-1.668537e+03
  [SELF][Rank 0] Done moment 23/36 (task 22): force_integral=-1.668537e+03
  [SELF][Rank 0] Done moment 24/36 (task 23): force_integral=+1.710488e+03
  [SELF][Rank 0] Done moment 24/36 (task 23): force_integral=+1.710488e+03
  [SELF][Rank 0] Done moment 23/36 (task 22): force_integral=-1.668537e+03
  [SELF][Rank 0] Done moment 23/36 (task 22): force_integral=-1.668537e+03
  [SELF][Rank 0] Done moment 23/36 (task 22): force_integral=-1.668537e+03
  [SELF][Rank 0] Done moment 23/36 (task 22): force_integral=-1.668537e+03
  [SELF][Rank 0] Done moment 23/36 (task 22): force_integral=-1.668537e+03
  [SELF][Rank 0] Done moment 23/36 (task 22): force_integral=-1.668537e+03
  [SELF][Rank 0] Done moment 24/36 (task 23): force_integral=+1.710488e+03
  [SELF][Rank 0] Done moment 24/36 (task 23): force_integral=+1.710488e+03
  [SELF][Rank 0] Done moment 24/36 (task 23): force_integral=+1.710488e+03
  [SELF][Rank 0] Done moment 24/36 (task 23): force_integral=+1.710488e+03
  [SELF][Rank 0] Done moment 24/36 (task 23): force_integral=+1.710488e+03
  [SELF][Rank 0] Done moment 24/36 (task 23): force_integral=+1.710488e+03
  [SELF][Rank 0] Done moment 24/36 (task 23): force_integral=+1.710488e+03
  [SELF][Rank 0] Done moment 24/36 (task 23): force_integral=+1.710488e+03
  [SELF][Rank 0] Done moment 24/36 (task 23): force_integral=+1.710488e+03
  [SELF][Rank 0] Done moment 24/36 (task 23): force_integral=+1.710488e+03
  [SELF][Rank 0] Done moment 24/36 (task 23): force_integral=+1.710488e+03
  [SELF][Rank 0] Done moment 24/36 (task 23): force_integral=+1.710488e+03
  [SELF][Rank 0] Done moment 24/36 (task 23): force_integral=+1.710488e+03
  [SELF][Rank 0] Done moment 24/36 (task 23): force_integral=+1.710488e+03
  [SELF][Rank 0] Done moment 24/36 (task 23): force_integral=+1.710488e+03
  [SELF][Rank 0] Done moment 24/36 (task 23): force_integral=+1.710488e+03
  [SELF][Rank 0] Done moment 24/36 (task 23): force_integral=+1.710488e+03
  [SELF][Rank 0] Done moment 24/36 (task 23): force_integral=+1.710488e+03
  [SELF][Rank 0] Done moment 24/36 (task 23): force_integral=+1.710488e+03
  [SELF][Rank 0] Done moment 24/36 (task 23): force_integral=+1.710488e+03
  [SELF][Rank 0] Done moment 24/36 (task 23): force_integral=+1.710488e+03
  [SELF][Rank 0] Done moment 24/36 (task 23): force_integral=+1.710488e+03
  [SELF][Rank 0] Done moment 24/36 (task 23): force_integral=+1.710488e+03
  [SELF][Rank 0] Done moment 24/36 (task 23): force_integral=+1.710488e+03
  [SELF][Rank 0] Done moment 24/36 (task 23): force_integral=+1.710488e+03
  [SELF][Rank 0] Done moment 24/36 (task 23): force_integral=+1.710488e+03
  [SELF][Rank 0] Done moment 24/36 (task 23): force_integral=+1.710488e+03
  [SELF][Rank 0] Done moment 24/36 (task 23): force_integral=+1.710488e+03
  [SELF][Rank 0] Done moment 24/36 (task 23): force_integral=+1.710488e+03
  [SELF][Rank 0] Done moment 24/36 (task 23): force_integral=+1.710488e+03
  [SELF][Rank 0] Done moment 24/36 (task 23): force_integral=+1.710488e+03
  [SELF][Rank 0] Done moment 24/36 (task 23): force_integral=+1.710488e+03
  [SELF][Rank 0] Done moment 24/36 (task 23): force_integral=+1.710488e+03
  [SELF][Rank 0] Done moment 24/36 (task 23): force_integral=+1.710488e+03
  [SELF][Rank 0] Done moment 24/36 (task 23): force_integral=+1.710488e+03
  [SELF][Rank 0] Done moment 24/36 (task 23): force_integral=+1.710488e+03
  [SELF][Rank 0] Done moment 24/36 (task 23): force_integral=+1.710488e+03
  [SELF][Rank 0] Done moment 24/36 (task 23): force_integral=+1.710488e+03
  [SELF][Rank 0] Done moment 24/36 (task 23): force_integral=+1.710488e+03
  [SELF][Rank 0] Done moment 24/36 (task 23): force_integral=+1.710488e+03
  [SELF][Rank 0] Done moment 24/36 (task 23): force_integral=+1.710488e+03
  [SELF][Rank 0] Done moment 24/36 (task 23): force_integral=+1.710488e+03
  [SELF][Rank 0] Done moment 24/36 (task 23): force_integral=+1.710488e+03
  [SELF][Rank 0] Done moment 24/36 (task 23): force_integral=+1.710488e+03
  [SELF][Rank 0] Done moment 24/36 (task 23): force_integral=+1.710488e+03
  [SELF][Rank 0] Done moment 24/36 (task 23): force_integral=+1.710488e+03
  [SELF][Rank 0] Done moment 24/36 (task 23): force_integral=+1.710488e+03
  [SELF][Rank 0] Done moment 24/36 (task 23): force_integral=+1.710488e+03
  [SELF][Rank 0] Done moment 24/36 (task 23): force_integral=+1.710488e+03
  [SELF][Rank 0] Done moment 24/36 (task 23): force_integral=+1.710488e+03
  [SELF][Rank 0] Done moment 24/36 (task 23): force_integral=+1.710488e+03
  [SELF][Rank 0] Done moment 24/36 (task 23): force_integral=+1.710488e+03
  [SELF][Rank 0] Done moment 24/36 (task 23): force_integral=+1.710488e+03
  [SELF][Rank 0] Done moment 24/36 (task 23): force_integral=+1.710488e+03
  [SELF][Rank 0] Done moment 24/36 (task 23): force_integral=+1.710488e+03
  [SELF][Rank 0] Done moment 24/36 (task 23): force_integral=+1.710488e+03
  [SELF][Rank 0] Done moment 24/36 (task 23): force_integral=+1.710488e+03
  [SELF][Rank 0] Done moment 24/36 (task 23): force_integral=+1.710488e+03
  [SELF][Rank 0] Done moment 24/36 (task 23): force_integral=+1.710488e+03
  [SELF][Rank 0] Done moment 24/36 (task 23): force_integral=+1.710488e+03
  [SELF][Rank 0] Done moment 24/36 (task 23): force_integral=+1.710488e+03
  [SELF][Rank 0] Done moment 24/36 (task 23): force_integral=+1.710488e+03
  [SELF][Rank 0] Done moment 24/36 (task 23): force_integral=+1.710488e+03
  [SELF][Rank 0] Done moment 24/36 (task 23): force_integral=+1.710488e+03
  [SELF][Rank 0] Done moment 24/36 (task 23): force_integral=+1.710488e+03
  [SELF][Rank 0] Done moment 24/36 (task 23): force_integral=+1.710488e+03
  [SELF][Rank 0] Done moment 24/36 (task 23): force_integral=+1.710488e+03
  [SELF][Rank 0] Done moment 24/36 (task 23): force_integral=+1.710488e+03
  [SELF][Rank 0] Done moment 24/36 (task 23): force_integral=+1.710488e+03
  [SELF][Rank 0] Done moment 24/36 (task 23): force_integral=+1.710488e+03
  [SELF][Rank 0] Done moment 24/36 (task 23): force_integral=+1.710488e+03
  [SELF][Rank 0] Done moment 24/36 (task 23): force_integral=+1.710488e+03
  [SELF][Rank 0] Done moment 24/36 (task 23): force_integral=+1.710488e+03
  [SELF][Rank 0] Done moment 24/36 (task 23): force_integral=+1.710488e+03
  [SELF][Rank 0] Done moment 24/36 (task 23): force_integral=+1.710488e+03
  [SELF][Rank 0] Done moment 24/36 (task 23): force_integral=+1.710488e+03
  [SELF][Rank 0] Done moment 24/36 (task 23): force_integral=+1.710488e+03
  [SELF][Rank 0] Done moment 24/36 (task 23): force_integral=+1.710488e+03
  [SELF][Rank 0] Done moment 24/36 (task 23): force_integral=+1.710488e+03
  [SELF][Rank 0] Done moment 24/36 (task 23): force_integral=+1.710488e+03
  [SELF][Rank 0] Done moment 24/36 (task 23): force_integral=+1.710488e+03
  [SELF][Rank 0] Done moment 24/36 (task 23): force_integral=+1.710488e+03
  [SELF][Rank 0] Done moment 24/36 (task 23): force_integral=+1.710488e+03
  [SELF][Rank 0] Done moment 24/36 (task 23): force_integral=+1.710488e+03
  [SELF][Rank 0] Done moment 24/36 (task 23): force_integral=+1.710488e+03
  [SELF][Rank 0] Done moment 24/36 (task 23): force_integral=+1.710488e+03
  [SELF][Rank 0] Done moment 24/36 (task 23): force_integral=+1.710488e+03
  [SELF][Rank 0] Done moment 24/36 (task 23): force_integral=+1.710488e+03
  [SELF][Rank 0] Done moment 24/36 (task 23): force_integral=+1.710488e+03
  [SELF][Rank 0] Done moment 24/36 (task 23): force_integral=+1.710488e+03
  [SELF][Rank 0] Done moment 24/36 (task 23): force_integral=+1.710488e+03
  [SELF][Rank 0] Done moment 24/36 (task 23): force_integral=+1.710488e+03
  [SELF][Rank 0] Done moment 24/36 (task 23): force_integral=+1.710488e+03
  [SELF][Rank 0] Done moment 24/36 (task 23): force_integral=+1.710488e+03
  [SELF][Rank 0] Done moment 24/36 (task 23): force_integral=+1.710488e+03
  [SELF][Rank 0] Done moment 24/36 (task 23): force_integral=+1.710488e+03
  [SELF][Rank 0] Done moment 25/36 (task 24): force_integral=+0.000000e+00
  [SELF][Rank 0] Done moment 25/36 (task 24): force_integral=+0.000000e+00
  [SELF][Rank 0] Done moment 24/36 (task 23): force_integral=+1.710488e+03
  [SELF][Rank 0] Done moment 24/36 (task 23): force_integral=+1.710488e+03
  [SELF][Rank 0] Done moment 24/36 (task 23): force_integral=+1.710488e+03
  [SELF][Rank 0] Done moment 24/36 (task 23): force_integral=+1.710488e+03
  [SELF][Rank 0] Done moment 24/36 (task 23): force_integral=+1.710488e+03
  [SELF][Rank 0] Done moment 24/36 (task 23): force_integral=+1.710488e+03
  [SELF][Rank 0] Done moment 24/36 (task 23): force_integral=+1.710488e+03
  [SELF][Rank 0] Done moment 24/36 (task 23): force_integral=+1.710488e+03
  [SELF][Rank 0] Done moment 24/36 (task 23): force_integral=+1.710488e+03
  [SELF][Rank 0] Done moment 24/36 (task 23): force_integral=+1.710488e+03
  [SELF][Rank 0] Done moment 24/36 (task 23): force_integral=+1.710488e+03
  [SELF][Rank 0] Done moment 24/36 (task 23): force_integral=+1.710488e+03
  [SELF][Rank 0] Done moment 24/36 (task 23): force_integral=+1.710488e+03
  [SELF][Rank 0] Done moment 24/36 (task 23): force_integral=+1.710488e+03
  [SELF][Rank 0] Done moment 24/36 (task 23): force_integral=+1.710488e+03
  [SELF][Rank 0] Done moment 24/36 (task 23): force_integral=+1.710488e+03
  [SELF][Rank 0] Done moment 25/36 (task 24): force_integral=+0.000000e+00
  [SELF][Rank 0] Done moment 25/36 (task 24): force_integral=+0.000000e+00
  [SELF][Rank 0] Done moment 24/36 (task 23): force_integral=+1.710488e+03
  [SELF][Rank 0] Done moment 24/36 (task 23): force_integral=+1.710488e+03
  [SELF][Rank 0] Done moment 24/36 (task 23): force_integral=+1.710488e+03
  [SELF][Rank 0] Done moment 25/36 (task 24): force_integral=+0.000000e+00
  [SELF][Rank 0] Done moment 24/36 (task 23): force_integral=+1.710488e+03
  [SELF][Rank 0] Done moment 24/36 (task 23): force_integral=+1.710488e+03
  [SELF][Rank 0] Done moment 24/36 (task 23): force_integral=+1.710488e+03
  [SELF][Rank 0] Done moment 25/36 (task 24): force_integral=+0.000000e+00
  [SELF][Rank 0] Done moment 24/36 (task 23): force_integral=+1.710488e+03
  [SELF][Rank 0] Done moment 24/36 (task 23): force_integral=+1.710488e+03
  [SELF][Rank 0] Done moment 25/36 (task 24): force_integral=+0.000000e+00
  [SELF][Rank 0] Done moment 24/36 (task 23): force_integral=+1.710488e+03
  [SELF][Rank 0] Done moment 25/36 (task 24): force_integral=+0.000000e+00
  [SELF][Rank 0] Done moment 24/36 (task 23): force_integral=+1.710488e+03
  [SELF][Rank 0] Done moment 24/36 (task 23): force_integral=+1.710488e+03
  [SELF][Rank 0] Done moment 24/36 (task 23): force_integral=+1.710488e+03
  [SELF][Rank 0] Done moment 25/36 (task 24): force_integral=+0.000000e+00
  [SELF][Rank 0] Done moment 24/36 (task 23): force_integral=+1.710488e+03
  [SELF][Rank 0] Done moment 24/36 (task 23): force_integral=+1.710488e+03
  [SELF][Rank 0] Done moment 25/36 (task 24): force_integral=+0.000000e+00
  [SELF][Rank 0] Done moment 25/36 (task 24): force_integral=+0.000000e+00
  [SELF][Rank 0] Done moment 25/36 (task 24): force_integral=+0.000000e+00
  [SELF][Rank 0] Done moment 25/36 (task 24): force_integral=+0.000000e+00
  [SELF][Rank 0] Done moment 25/36 (task 24): force_integral=+0.000000e+00
  [SELF][Rank 0] Done moment 25/36 (task 24): force_integral=+0.000000e+00
  [SELF][Rank 0] Done moment 25/36 (task 24): force_integral=+0.000000e+00
  [SELF][Rank 0] Done moment 25/36 (task 24): force_integral=+0.000000e+00
  [SELF][Rank 0] Done moment 25/36 (task 24): force_integral=+0.000000e+00
  [SELF][Rank 0] Done moment 25/36 (task 24): force_integral=+0.000000e+00
  [SELF][Rank 0] Done moment 25/36 (task 24): force_integral=+0.000000e+00
  [SELF][Rank 0] Done moment 25/36 (task 24): force_integral=+0.000000e+00
  [SELF][Rank 0] Done moment 25/36 (task 24): force_integral=+0.000000e+00
  [SELF][Rank 0] Done moment 25/36 (task 24): force_integral=+0.000000e+00
  [SELF][Rank 0] Done moment 25/36 (task 24): force_integral=+0.000000e+00
  [SELF][Rank 0] Done moment 25/36 (task 24): force_integral=+0.000000e+00
  [SELF][Rank 0] Done moment 25/36 (task 24): force_integral=+0.000000e+00
  [SELF][Rank 0] Done moment 25/36 (task 24): force_integral=+0.000000e+00
  [SELF][Rank 0] Done moment 25/36 (task 24): force_integral=+0.000000e+00
  [SELF][Rank 0] Done moment 25/36 (task 24): force_integral=+0.000000e+00
  [SELF][Rank 0] Done moment 25/36 (task 24): force_integral=+0.000000e+00
  [SELF][Rank 0] Done moment 25/36 (task 24): force_integral=+0.000000e+00
  [SELF][Rank 0] Done moment 25/36 (task 24): force_integral=+0.000000e+00
  [SELF][Rank 0] Done moment 25/36 (task 24): force_integral=+0.000000e+00
  [SELF][Rank 0] Done moment 25/36 (task 24): force_integral=+0.000000e+00
  [SELF][Rank 0] Done moment 25/36 (task 24): force_integral=+0.000000e+00
  [SELF][Rank 0] Done moment 25/36 (task 24): force_integral=+0.000000e+00
  [SELF][Rank 0] Done moment 25/36 (task 24): force_integral=+0.000000e+00
  [SELF][Rank 0] Done moment 25/36 (task 24): force_integral=+0.000000e+00
  [SELF][Rank 0] Done moment 25/36 (task 24): force_integral=+0.000000e+00
  [SELF][Rank 0] Done moment 25/36 (task 24): force_integral=+0.000000e+00
  [SELF][Rank 0] Done moment 25/36 (task 24): force_integral=+0.000000e+00
  [SELF][Rank 0] Done moment 25/36 (task 24): force_integral=+0.000000e+00
  [SELF][Rank 0] Done moment 25/36 (task 24): force_integral=+0.000000e+00
  [SELF][Rank 0] Done moment 25/36 (task 24): force_integral=+0.000000e+00
  [SELF][Rank 0] Done moment 25/36 (task 24): force_integral=+0.000000e+00
  [SELF][Rank 0] Done moment 25/36 (task 24): force_integral=+0.000000e+00
  [SELF][Rank 0] Done moment 25/36 (task 24): force_integral=+0.000000e+00
  [SELF][Rank 0] Done moment 25/36 (task 24): force_integral=+0.000000e+00
  [SELF][Rank 0] Done moment 25/36 (task 24): force_integral=+0.000000e+00
  [SELF][Rank 0] Done moment 25/36 (task 24): force_integral=+0.000000e+00
  [SELF][Rank 0] Done moment 25/36 (task 24): force_integral=+0.000000e+00
  [SELF][Rank 0] Done moment 25/36 (task 24): force_integral=+0.000000e+00
  [SELF][Rank 0] Done moment 25/36 (task 24): force_integral=+0.000000e+00
  [SELF][Rank 0] Done moment 25/36 (task 24): force_integral=+0.000000e+00
  [SELF][Rank 0] Done moment 25/36 (task 24): force_integral=+0.000000e+00
  [SELF][Rank 0] Done moment 25/36 (task 24): force_integral=+0.000000e+00
  [SELF][Rank 0] Done moment 25/36 (task 24): force_integral=+0.000000e+00
  [SELF][Rank 0] Done moment 25/36 (task 24): force_integral=+0.000000e+00
  [SELF][Rank 0] Done moment 25/36 (task 24): force_integral=+0.000000e+00
  [SELF][Rank 0] Done moment 25/36 (task 24): force_integral=+0.000000e+00
  [SELF][Rank 0] Done moment 25/36 (task 24): force_integral=+0.000000e+00
  [SELF][Rank 0] Done moment 25/36 (task 24): force_integral=+0.000000e+00
  [SELF][Rank 0] Done moment 25/36 (task 24): force_integral=+0.000000e+00
  [SELF][Rank 0] Done moment 25/36 (task 24): force_integral=+0.000000e+00
  [SELF][Rank 0] Done moment 25/36 (task 24): force_integral=+0.000000e+00
  [SELF][Rank 0] Done moment 25/36 (task 24): force_integral=+0.000000e+00
  [SELF][Rank 0] Done moment 25/36 (task 24): force_integral=+0.000000e+00
  [SELF][Rank 0] Done moment 25/36 (task 24): force_integral=+0.000000e+00
  [SELF][Rank 0] Done moment 25/36 (task 24): force_integral=+0.000000e+00
  [SELF][Rank 0] Done moment 25/36 (task 24): force_integral=+0.000000e+00
  [SELF][Rank 0] Done moment 25/36 (task 24): force_integral=+0.000000e+00
  [SELF][Rank 0] Done moment 25/36 (task 24): force_integral=+0.000000e+00
  [SELF][Rank 0] Done moment 25/36 (task 24): force_integral=+0.000000e+00
  [SELF][Rank 0] Done moment 25/36 (task 24): force_integral=+0.000000e+00
  [SELF][Rank 0] Done moment 25/36 (task 24): force_integral=+0.000000e+00
  [SELF][Rank 0] Done moment 25/36 (task 24): force_integral=+0.000000e+00
  [SELF][Rank 0] Done moment 25/36 (task 24): force_integral=+0.000000e+00
  [SELF][Rank 0] Done moment 25/36 (task 24): force_integral=+0.000000e+00
  [SELF][Rank 0] Done moment 25/36 (task 24): force_integral=+0.000000e+00
  [SELF][Rank 0] Done moment 25/36 (task 24): force_integral=+0.000000e+00
  [SELF][Rank 0] Done moment 25/36 (task 24): force_integral=+0.000000e+00
  [SELF][Rank 0] Done moment 25/36 (task 24): force_integral=+0.000000e+00
  [SELF][Rank 0] Done moment 25/36 (task 24): force_integral=+0.000000e+00
  [SELF][Rank 0] Done moment 25/36 (task 24): force_integral=+0.000000e+00
  [SELF][Rank 0] Done moment 25/36 (task 24): force_integral=+0.000000e+00
  [SELF][Rank 0] Done moment 25/36 (task 24): force_integral=+0.000000e+00
  [SELF][Rank 0] Done moment 25/36 (task 24): force_integral=+0.000000e+00
  [SELF][Rank 0] Done moment 25/36 (task 24): force_integral=+0.000000e+00
  [SELF][Rank 0] Done moment 25/36 (task 24): force_integral=+0.000000e+00
  [SELF][Rank 0] Done moment 25/36 (task 24): force_integral=+0.000000e+00
  [SELF][Rank 0] Done moment 25/36 (task 24): force_integral=+0.000000e+00
  [SELF][Rank 0] Done moment 25/36 (task 24): force_integral=+0.000000e+00
  [SELF][Rank 0] Done moment 25/36 (task 24): force_integral=+0.000000e+00
  [SELF][Rank 0] Done moment 25/36 (task 24): force_integral=+0.000000e+00
  [SELF][Rank 0] Done moment 26/36 (task 25): force_integral=+0.000000e+00
  [SELF][Rank 0] Done moment 26/36 (task 25): force_integral=+0.000000e+00
  [SELF][Rank 0] Done moment 25/36 (task 24): force_integral=+0.000000e+00
  [SELF][Rank 0] Done moment 25/36 (task 24): force_integral=+0.000000e+00
  [SELF][Rank 0] Done moment 26/36 (task 25): force_integral=+0.000000e+00
  [SELF][Rank 0] Done moment 26/36 (task 25): force_integral=+0.000000e+00
  [SELF][Rank 0] Done moment 26/36 (task 25): force_integral=+0.000000e+00
  [SELF][Rank 0] Done moment 25/36 (task 24): force_integral=+0.000000e+00
  [SELF][Rank 0] Done moment 25/36 (task 24): force_integral=+0.000000e+00
  [SELF][Rank 0] Done moment 26/36 (task 25): force_integral=+0.000000e+00
  [SELF][Rank 0] Done moment 26/36 (task 25): force_integral=+0.000000e+00
  [SELF][Rank 0] Done moment 25/36 (task 24): force_integral=+0.000000e+00
  [SELF][Rank 0] Done moment 25/36 (task 24): force_integral=+0.000000e+00
  [SELF][Rank 0] Done moment 26/36 (task 25): force_integral=+0.000000e+00
  [SELF][Rank 0] Done moment 25/36 (task 24): force_integral=+0.000000e+00
  [SELF][Rank 0] Done moment 25/36 (task 24): force_integral=+0.000000e+00
  [SELF][Rank 0] Done moment 25/36 (task 24): force_integral=+0.000000e+00
  [SELF][Rank 0] Done moment 25/36 (task 24): force_integral=+0.000000e+00
  [SELF][Rank 0] Done moment 25/36 (task 24): force_integral=+0.000000e+00
  [SELF][Rank 0] Done moment 25/36 (task 24): force_integral=+0.000000e+00
  [SELF][Rank 0] Done moment 25/36 (task 24): force_integral=+0.000000e+00
  [SELF][Rank 0] Done moment 25/36 (task 24): force_integral=+0.000000e+00
  [SELF][Rank 0] Done moment 25/36 (task 24): force_integral=+0.000000e+00
  [SELF][Rank 0] Done moment 25/36 (task 24): force_integral=+0.000000e+00
  [SELF][Rank 0] Done moment 25/36 (task 24): force_integral=+0.000000e+00
  [SELF][Rank 0] Done moment 26/36 (task 25): force_integral=+0.000000e+00
  [SELF][Rank 0] Done moment 26/36 (task 25): force_integral=+0.000000e+00
  [SELF][Rank 0] Done moment 25/36 (task 24): force_integral=+0.000000e+00
  [SELF][Rank 0] Done moment 26/36 (task 25): force_integral=+0.000000e+00
  [SELF][Rank 0] Done moment 25/36 (task 24): force_integral=+0.000000e+00
  [SELF][Rank 0] Done moment 26/36 (task 25): force_integral=+0.000000e+00
  [SELF][Rank 0] Done moment 25/36 (task 24): force_integral=+0.000000e+00
  [SELF][Rank 0] Done moment 25/36 (task 24): force_integral=+0.000000e+00
  [SELF][Rank 0] Done moment 25/36 (task 24): force_integral=+0.000000e+00
  [SELF][Rank 0] Done moment 26/36 (task 25): force_integral=+0.000000e+00
  [SELF][Rank 0] Done moment 25/36 (task 24): force_integral=+0.000000e+00
  [SELF][Rank 0] Done moment 25/36 (task 24): force_integral=+0.000000e+00
  [SELF][Rank 0] Done moment 25/36 (task 24): force_integral=+0.000000e+00
  [SELF][Rank 0] Done moment 25/36 (task 24): force_integral=+0.000000e+00
  [SELF][Rank 0] Done moment 26/36 (task 25): force_integral=+0.000000e+00
  [SELF][Rank 0] Done moment 25/36 (task 24): force_integral=+0.000000e+00
  [SELF][Rank 0] Done moment 25/36 (task 24): force_integral=+0.000000e+00
  [SELF][Rank 0] Done moment 26/36 (task 25): force_integral=+0.000000e+00
  [SELF][Rank 0] Done moment 25/36 (task 24): force_integral=+0.000000e+00
  [SELF][Rank 0] Done moment 25/36 (task 24): force_integral=+0.000000e+00
  [SELF][Rank 0] Done moment 26/36 (task 25): force_integral=+0.000000e+00
  [SELF][Rank 0] Done moment 26/36 (task 25): force_integral=+0.000000e+00
  [SELF][Rank 0] Done moment 26/36 (task 25): force_integral=+0.000000e+00
  [SELF][Rank 0] Done moment 25/36 (task 24): force_integral=+0.000000e+00
  [SELF][Rank 0] Done moment 25/36 (task 24): force_integral=+0.000000e+00
  [SELF][Rank 0] Done moment 26/36 (task 25): force_integral=+0.000000e+00
  [SELF][Rank 0] Done moment 25/36 (task 24): force_integral=+0.000000e+00
  [SELF][Rank 0] Done moment 25/36 (task 24): force_integral=+0.000000e+00
  [SELF][Rank 0] Done moment 26/36 (task 25): force_integral=+0.000000e+00
  [SELF][Rank 0] Done moment 26/36 (task 25): force_integral=+0.000000e+00
  [SELF][Rank 0] Done moment 26/36 (task 25): force_integral=+0.000000e+00
  [SELF][Rank 0] Done moment 26/36 (task 25): force_integral=+0.000000e+00
  [SELF][Rank 0] Done moment 26/36 (task 25): force_integral=+0.000000e+00
  [SELF][Rank 0] Done moment 26/36 (task 25): force_integral=+0.000000e+00
  [SELF][Rank 0] Done moment 26/36 (task 25): force_integral=+0.000000e+00
  [SELF][Rank 0] Done moment 26/36 (task 25): force_integral=+0.000000e+00
  [SELF][Rank 0] Done moment 26/36 (task 25): force_integral=+0.000000e+00
  [SELF][Rank 0] Done moment 26/36 (task 25): force_integral=+0.000000e+00
  [SELF][Rank 0] Done moment 26/36 (task 25): force_integral=+0.000000e+00
  [SELF][Rank 0] Done moment 26/36 (task 25): force_integral=+0.000000e+00
  [SELF][Rank 0] Done moment 26/36 (task 25): force_integral=+0.000000e+00
  [SELF][Rank 0] Done moment 26/36 (task 25): force_integral=+0.000000e+00
  [SELF][Rank 0] Done moment 26/36 (task 25): force_integral=+0.000000e+00
  [SELF][Rank 0] Done moment 26/36 (task 25): force_integral=+0.000000e+00
  [SELF][Rank 0] Done moment 26/36 (task 25): force_integral=+0.000000e+00
  [SELF][Rank 0] Done moment 26/36 (task 25): force_integral=+0.000000e+00
  [SELF][Rank 0] Done moment 26/36 (task 25): force_integral=+0.000000e+00
  [SELF][Rank 0] Done moment 26/36 (task 25): force_integral=+0.000000e+00
  [SELF][Rank 0] Done moment 26/36 (task 25): force_integral=+0.000000e+00
  [SELF][Rank 0] Done moment 26/36 (task 25): force_integral=+0.000000e+00
  [SELF][Rank 0] Done moment 26/36 (task 25): force_integral=+0.000000e+00
  [SELF][Rank 0] Done moment 26/36 (task 25): force_integral=+0.000000e+00
  [SELF][Rank 0] Done moment 26/36 (task 25): force_integral=+0.000000e+00
  [SELF][Rank 0] Done moment 26/36 (task 25): force_integral=+0.000000e+00
  [SELF][Rank 0] Done moment 26/36 (task 25): force_integral=+0.000000e+00
  [SELF][Rank 0] Done moment 26/36 (task 25): force_integral=+0.000000e+00
  [SELF][Rank 0] Done moment 26/36 (task 25): force_integral=+0.000000e+00
  [SELF][Rank 0] Done moment 26/36 (task 25): force_integral=+0.000000e+00
  [SELF][Rank 0] Done moment 26/36 (task 25): force_integral=+0.000000e+00
  [SELF][Rank 0] Done moment 26/36 (task 25): force_integral=+0.000000e+00
  [SELF][Rank 0] Done moment 26/36 (task 25): force_integral=+0.000000e+00
  [SELF][Rank 0] Done moment 26/36 (task 25): force_integral=+0.000000e+00
  [SELF][Rank 0] Done moment 26/36 (task 25): force_integral=+0.000000e+00
  [SELF][Rank 0] Done moment 26/36 (task 25): force_integral=+0.000000e+00
  [SELF][Rank 0] Done moment 26/36 (task 25): force_integral=+0.000000e+00
  [SELF][Rank 0] Done moment 26/36 (task 25): force_integral=+0.000000e+00
  [SELF][Rank 0] Done moment 26/36 (task 25): force_integral=+0.000000e+00
  [SELF][Rank 0] Done moment 26/36 (task 25): force_integral=+0.000000e+00
  [SELF][Rank 0] Done moment 26/36 (task 25): force_integral=+0.000000e+00
  [SELF][Rank 0] Done moment 26/36 (task 25): force_integral=+0.000000e+00
  [SELF][Rank 0] Done moment 26/36 (task 25): force_integral=+0.000000e+00
  [SELF][Rank 0] Done moment 26/36 (task 25): force_integral=+0.000000e+00
  [SELF][Rank 0] Done moment 26/36 (task 25): force_integral=+0.000000e+00
  [SELF][Rank 0] Done moment 26/36 (task 25): force_integral=+0.000000e+00
  [SELF][Rank 0] Done moment 26/36 (task 25): force_integral=+0.000000e+00
  [SELF][Rank 0] Done moment 26/36 (task 25): force_integral=+0.000000e+00
  [SELF][Rank 0] Done moment 26/36 (task 25): force_integral=+0.000000e+00
  [SELF][Rank 0] Done moment 26/36 (task 25): force_integral=+0.000000e+00
  [SELF][Rank 0] Done moment 26/36 (task 25): force_integral=+0.000000e+00
  [SELF][Rank 0] Done moment 26/36 (task 25): force_integral=+0.000000e+00
  [SELF][Rank 0] Done moment 26/36 (task 25): force_integral=+0.000000e+00
  [SELF][Rank 0] Done moment 26/36 (task 25): force_integral=+0.000000e+00
  [SELF][Rank 0] Done moment 26/36 (task 25): force_integral=+0.000000e+00
  [SELF][Rank 0] Done moment 26/36 (task 25): force_integral=+0.000000e+00
  [SELF][Rank 0] Done moment 26/36 (task 25): force_integral=+0.000000e+00
  [SELF][Rank 0] Done moment 26/36 (task 25): force_integral=+0.000000e+00
  [SELF][Rank 0] Done moment 26/36 (task 25): force_integral=+0.000000e+00
  [SELF][Rank 0] Done moment 26/36 (task 25): force_integral=+0.000000e+00
  [SELF][Rank 0] Done moment 26/36 (task 25): force_integral=+0.000000e+00
  [SELF][Rank 0] Done moment 26/36 (task 25): force_integral=+0.000000e+00
  [SELF][Rank 0] Done moment 26/36 (task 25): force_integral=+0.000000e+00
  [SELF][Rank 0] Done moment 26/36 (task 25): force_integral=+0.000000e+00
  [SELF][Rank 0] Done moment 26/36 (task 25): force_integral=+0.000000e+00
  [SELF][Rank 0] Done moment 26/36 (task 25): force_integral=+0.000000e+00
  [SELF][Rank 0] Done moment 26/36 (task 25): force_integral=+0.000000e+00
  [SELF][Rank 0] Done moment 26/36 (task 25): force_integral=+0.000000e+00
  [SELF][Rank 0] Done moment 26/36 (task 25): force_integral=+0.000000e+00
  [SELF][Rank 0] Done moment 26/36 (task 25): force_integral=+0.000000e+00
  [SELF][Rank 0] Done moment 26/36 (task 25): force_integral=+0.000000e+00
  [SELF][Rank 0] Done moment 26/36 (task 25): force_integral=+0.000000e+00
  [SELF][Rank 0] Done moment 26/36 (task 25): force_integral=+0.000000e+00
  [SELF][Rank 0] Done moment 26/36 (task 25): force_integral=+0.000000e+00
  [SELF][Rank 0] Done moment 26/36 (task 25): force_integral=+0.000000e+00
  [SELF][Rank 0] Done moment 27/36 (task 26): force_integral=+6.930096e-01
  [SELF][Rank 0] Done moment 27/36 (task 26): force_integral=+6.930096e-01
  [SELF][Rank 0] Done moment 27/36 (task 26): force_integral=+6.930096e-01
  [SELF][Rank 0] Done moment 27/36 (task 26): force_integral=+6.930096e-01
  [SELF][Rank 0] Done moment 27/36 (task 26): force_integral=+6.930096e-01
  [SELF][Rank 0] Done moment 27/36 (task 26): force_integral=+6.930096e-01
  [SELF][Rank 0] Done moment 27/36 (task 26): force_integral=+6.930096e-01
  [SELF][Rank 0] Done moment 27/36 (task 26): force_integral=+6.930096e-01
  [SELF][Rank 0] Done moment 26/36 (task 25): force_integral=+0.000000e+00
  [SELF][Rank 0] Done moment 26/36 (task 25): force_integral=+0.000000e+00
  [SELF][Rank 0] Done moment 27/36 (task 26): force_integral=+6.930096e-01
  [SELF][Rank 0] Done moment 27/36 (task 26): force_integral=+6.930096e-01
  [SELF][Rank 0] Done moment 27/36 (task 26): force_integral=+6.930096e-01
  [SELF][Rank 0] Done moment 27/36 (task 26): force_integral=+6.930096e-01
  [SELF][Rank 0] Done moment 26/36 (task 25): force_integral=+0.000000e+00
  [SELF][Rank 0] Done moment 26/36 (task 25): force_integral=+0.000000e+00
  [SELF][Rank 0] Done moment 27/36 (task 26): force_integral=+6.930096e-01
  [SELF][Rank 0] Done moment 27/36 (task 26): force_integral=+6.930096e-01
  [SELF][Rank 0] Done moment 26/36 (task 25): force_integral=+0.000000e+00
  [SELF][Rank 0] Done moment 26/36 (task 25): force_integral=+0.000000e+00
  [SELF][Rank 0] Done moment 26/36 (task 25): force_integral=+0.000000e+00
  [SELF][Rank 0] Done moment 26/36 (task 25): force_integral=+0.000000e+00
  [SELF][Rank 0] Done moment 26/36 (task 25): force_integral=+0.000000e+00
  [SELF][Rank 0] Done moment 27/36 (task 26): force_integral=+6.930096e-01
  [SELF][Rank 0] Done moment 26/36 (task 25): force_integral=+0.000000e+00
  [SELF][Rank 0] Done moment 26/36 (task 25): force_integral=+0.000000e+00
  [SELF][Rank 0] Done moment 27/36 (task 26): force_integral=+6.930096e-01
  [SELF][Rank 0] Done moment 27/36 (task 26): force_integral=+6.930096e-01
  [SELF][Rank 0] Done moment 26/36 (task 25): force_integral=+0.000000e+00
  [SELF][Rank 0] Done moment 26/36 (task 25): force_integral=+0.000000e+00
  [SELF][Rank 0] Done moment 27/36 (task 26): force_integral=+6.930096e-01
  [SELF][Rank 0] Done moment 26/36 (task 25): force_integral=+0.000000e+00
  [SELF][Rank 0] Done moment 26/36 (task 25): force_integral=+0.000000e+00
  [SELF][Rank 0] Done moment 26/36 (task 25): force_integral=+0.000000e+00
  [SELF][Rank 0] Done moment 26/36 (task 25): force_integral=+0.000000e+00
  [SELF][Rank 0] Done moment 26/36 (task 25): force_integral=+0.000000e+00
  [SELF][Rank 0] Done moment 26/36 (task 25): force_integral=+0.000000e+00
  [SELF][Rank 0] Done moment 26/36 (task 25): force_integral=+0.000000e+00
  [SELF][Rank 0] Done moment 26/36 (task 25): force_integral=+0.000000e+00
  [SELF][Rank 0] Done moment 26/36 (task 25): force_integral=+0.000000e+00
  [SELF][Rank 0] Done moment 26/36 (task 25): force_integral=+0.000000e+00
  [SELF][Rank 0] Done moment 27/36 (task 26): force_integral=+6.930096e-01
  [SELF][Rank 0] Done moment 27/36 (task 26): force_integral=+6.930096e-01
  [SELF][Rank 0] Done moment 26/36 (task 25): force_integral=+0.000000e+00
  [SELF][Rank 0] Done moment 26/36 (task 25): force_integral=+0.000000e+00
  [SELF][Rank 0] Done moment 26/36 (task 25): force_integral=+0.000000e+00
  [SELF][Rank 0] Done moment 27/36 (task 26): force_integral=+6.930096e-01
  [SELF][Rank 0] Done moment 26/36 (task 25): force_integral=+0.000000e+00
  [SELF][Rank 0] Done moment 26/36 (task 25): force_integral=+0.000000e+00
  [SELF][Rank 0] Done moment 27/36 (task 26): force_integral=+6.930096e-01
  [SELF][Rank 0] Done moment 27/36 (task 26): force_integral=+6.930096e-01
  [SELF][Rank 0] Done moment 26/36 (task 25): force_integral=+0.000000e+00
  [SELF][Rank 0] Done moment 26/36 (task 25): force_integral=+0.000000e+00
  [SELF][Rank 0] Done moment 26/36 (task 25): force_integral=+0.000000e+00
  [SELF][Rank 0] Done moment 26/36 (task 25): force_integral=+0.000000e+00
  [SELF][Rank 0] Done moment 27/36 (task 26): force_integral=+6.930096e-01
  [SELF][Rank 0] Done moment 26/36 (task 25): force_integral=+0.000000e+00
  [SELF][Rank 0] Done moment 26/36 (task 25): force_integral=+0.000000e+00
  [SELF][Rank 0] Done moment 27/36 (task 26): force_integral=+6.930096e-01
  [SELF][Rank 0] Done moment 27/36 (task 26): force_integral=+6.930096e-01
  [SELF][Rank 0] Done moment 27/36 (task 26): force_integral=+6.930096e-01
  [SELF][Rank 0] Done moment 27/36 (task 26): force_integral=+6.930096e-01
  [SELF][Rank 0] Done moment 27/36 (task 26): force_integral=+6.930096e-01
  [SELF][Rank 0] Done moment 27/36 (task 26): force_integral=+6.930096e-01
  [SELF][Rank 0] Done moment 27/36 (task 26): force_integral=+6.930096e-01
  [SELF][Rank 0] Done moment 27/36 (task 26): force_integral=+6.930096e-01
  [SELF][Rank 0] Done moment 27/36 (task 26): force_integral=+6.930096e-01
  [SELF][Rank 0] Done moment 27/36 (task 26): force_integral=+6.930096e-01
  [SELF][Rank 0] Done moment 27/36 (task 26): force_integral=+6.930096e-01
  [SELF][Rank 0] Done moment 27/36 (task 26): force_integral=+6.930096e-01
  [SELF][Rank 0] Done moment 27/36 (task 26): force_integral=+6.930096e-01
  [SELF][Rank 0] Done moment 27/36 (task 26): force_integral=+6.930096e-01
  [SELF][Rank 0] Done moment 27/36 (task 26): force_integral=+6.930096e-01
  [SELF][Rank 0] Done moment 27/36 (task 26): force_integral=+6.930096e-01
  [SELF][Rank 0] Done moment 27/36 (task 26): force_integral=+6.930096e-01
  [SELF][Rank 0] Done moment 27/36 (task 26): force_integral=+6.930096e-01
  [SELF][Rank 0] Done moment 27/36 (task 26): force_integral=+6.930096e-01
  [SELF][Rank 0] Done moment 27/36 (task 26): force_integral=+6.930096e-01
  [SELF][Rank 0] Done moment 27/36 (task 26): force_integral=+6.930096e-01
  [SELF][Rank 0] Done moment 27/36 (task 26): force_integral=+6.930096e-01
  [SELF][Rank 0] Done moment 27/36 (task 26): force_integral=+6.930096e-01
  [SELF][Rank 0] Done moment 27/36 (task 26): force_integral=+6.930096e-01
  [SELF][Rank 0] Done moment 27/36 (task 26): force_integral=+6.930096e-01
  [SELF][Rank 0] Done moment 27/36 (task 26): force_integral=+6.930096e-01
  [SELF][Rank 0] Done moment 27/36 (task 26): force_integral=+6.930096e-01
  [SELF][Rank 0] Done moment 27/36 (task 26): force_integral=+6.930096e-01
  [SELF][Rank 0] Done moment 27/36 (task 26): force_integral=+6.930096e-01
  [SELF][Rank 0] Done moment 27/36 (task 26): force_integral=+6.930096e-01
  [SELF][Rank 0] Done moment 27/36 (task 26): force_integral=+6.930096e-01
  [SELF][Rank 0] Done moment 27/36 (task 26): force_integral=+6.930096e-01
  [SELF][Rank 0] Done moment 27/36 (task 26): force_integral=+6.930096e-01
  [SELF][Rank 0] Done moment 27/36 (task 26): force_integral=+6.930096e-01
  [SELF][Rank 0] Done moment 27/36 (task 26): force_integral=+6.930096e-01
  [SELF][Rank 0] Done moment 27/36 (task 26): force_integral=+6.930096e-01
  [SELF][Rank 0] Done moment 27/36 (task 26): force_integral=+6.930096e-01
  [SELF][Rank 0] Done moment 27/36 (task 26): force_integral=+6.930096e-01
  [SELF][Rank 0] Done moment 27/36 (task 26): force_integral=+6.930096e-01
  [SELF][Rank 0] Done moment 27/36 (task 26): force_integral=+6.930096e-01
  [SELF][Rank 0] Done moment 27/36 (task 26): force_integral=+6.930096e-01
  [SELF][Rank 0] Done moment 27/36 (task 26): force_integral=+6.930096e-01
  [SELF][Rank 0] Done moment 27/36 (task 26): force_integral=+6.930096e-01
  [SELF][Rank 0] Done moment 27/36 (task 26): force_integral=+6.930096e-01
  [SELF][Rank 0] Done moment 27/36 (task 26): force_integral=+6.930096e-01
  [SELF][Rank 0] Done moment 27/36 (task 26): force_integral=+6.930096e-01
  [SELF][Rank 0] Done moment 27/36 (task 26): force_integral=+6.930096e-01
  [SELF][Rank 0] Done moment 27/36 (task 26): force_integral=+6.930096e-01
  [SELF][Rank 0] Done moment 27/36 (task 26): force_integral=+6.930096e-01
  [SELF][Rank 0] Done moment 27/36 (task 26): force_integral=+6.930096e-01
  [SELF][Rank 0] Done moment 27/36 (task 26): force_integral=+6.930096e-01
  [SELF][Rank 0] Done moment 27/36 (task 26): force_integral=+6.930096e-01
  [SELF][Rank 0] Done moment 27/36 (task 26): force_integral=+6.930096e-01
  [SELF][Rank 0] Done moment 27/36 (task 26): force_integral=+6.930096e-01
  [SELF][Rank 0] Done moment 27/36 (task 26): force_integral=+6.930096e-01
  [SELF][Rank 0] Done moment 27/36 (task 26): force_integral=+6.930096e-01
  [SELF][Rank 0] Done moment 27/36 (task 26): force_integral=+6.930096e-01
  [SELF][Rank 0] Done moment 27/36 (task 26): force_integral=+6.930096e-01
  [SELF][Rank 0] Done moment 27/36 (task 26): force_integral=+6.930096e-01
  [SELF][Rank 0] Done moment 27/36 (task 26): force_integral=+6.930096e-01
  [SELF][Rank 0] Done moment 27/36 (task 26): force_integral=+6.930096e-01
  [SELF][Rank 0] Done moment 27/36 (task 26): force_integral=+6.930096e-01
  [SELF][Rank 0] Done moment 27/36 (task 26): force_integral=+6.930096e-01
  [SELF][Rank 0] Done moment 27/36 (task 26): force_integral=+6.930096e-01
  [SELF][Rank 0] Done moment 27/36 (task 26): force_integral=+6.930096e-01
  [SELF][Rank 0] Done moment 27/36 (task 26): force_integral=+6.930096e-01
  [SELF][Rank 0] Done moment 27/36 (task 26): force_integral=+6.930096e-01
  [SELF][Rank 0] Done moment 27/36 (task 26): force_integral=+6.930096e-01
  [SELF][Rank 0] Done moment 27/36 (task 26): force_integral=+6.930096e-01
  [SELF][Rank 0] Done moment 27/36 (task 26): force_integral=+6.930096e-01
  [SELF][Rank 0] Done moment 28/36 (task 27): force_integral=+6.930096e-01
  [SELF][Rank 0] Done moment 28/36 (task 27): force_integral=+6.930096e-01
  [SELF][Rank 0] Done moment 28/36 (task 27): force_integral=+6.930096e-01
  [SELF][Rank 0] Done moment 28/36 (task 27): force_integral=+6.930096e-01
  [SELF][Rank 0] Done moment 28/36 (task 27): force_integral=+6.930096e-01
  [SELF][Rank 0] Done moment 28/36 (task 27): force_integral=+6.930096e-01
  [SELF][Rank 0] Done moment 28/36 (task 27): force_integral=+6.930096e-01
  [SELF][Rank 0] Done moment 28/36 (task 27): force_integral=+6.930096e-01
  [SELF][Rank 0] Done moment 28/36 (task 27): force_integral=+6.930096e-01
  [SELF][Rank 0] Done moment 28/36 (task 27): force_integral=+6.930096e-01
  [SELF][Rank 0] Done moment 28/36 (task 27): force_integral=+6.930096e-01
  [SELF][Rank 0] Done moment 28/36 (task 27): force_integral=+6.930096e-01
  [SELF][Rank 0] Done moment 27/36 (task 26): force_integral=+6.930096e-01
  [SELF][Rank 0] Done moment 28/36 (task 27): force_integral=+6.930096e-01
  [SELF][Rank 0] Done moment 28/36 (task 27): force_integral=+6.930096e-01
  [SELF][Rank 0] Done moment 28/36 (task 27): force_integral=+6.930096e-01
  [SELF][Rank 0] Done moment 27/36 (task 26): force_integral=+6.930096e-01
  [SELF][Rank 0] Done moment 27/36 (task 26): force_integral=+6.930096e-01
  [SELF][Rank 0] Done moment 28/36 (task 27): force_integral=+6.930096e-01
  [SELF][Rank 0] Done moment 28/36 (task 27): force_integral=+6.930096e-01
  [SELF][Rank 0] Done moment 27/36 (task 26): force_integral=+6.930096e-01
  [SELF][Rank 0] Done moment 28/36 (task 27): force_integral=+6.930096e-01
  [SELF][Rank 0] Done moment 28/36 (task 27): force_integral=+6.930096e-01
  [SELF][Rank 0] Done moment 27/36 (task 26): force_integral=+6.930096e-01
  [SELF][Rank 0] Done moment 27/36 (task 26): force_integral=+6.930096e-01
  [SELF][Rank 0] Done moment 27/36 (task 26): force_integral=+6.930096e-01
  [SELF][Rank 0] Done moment 28/36 (task 27): force_integral=+6.930096e-01
  [SELF][Rank 0] Done moment 27/36 (task 26): force_integral=+6.930096e-01
  [SELF][Rank 0] Done moment 27/36 (task 26): force_integral=+6.930096e-01
  [SELF][Rank 0] Done moment 27/36 (task 26): force_integral=+6.930096e-01
  [SELF][Rank 0] Done moment 28/36 (task 27): force_integral=+6.930096e-01
  [SELF][Rank 0] Done moment 28/36 (task 27): force_integral=+6.930096e-01
  [SELF][Rank 0] Done moment 28/36 (task 27): force_integral=+6.930096e-01
  [SELF][Rank 0] Done moment 27/36 (task 26): force_integral=+6.930096e-01
  [SELF][Rank 0] Done moment 27/36 (task 26): force_integral=+6.930096e-01
  [SELF][Rank 0] Done moment 27/36 (task 26): force_integral=+6.930096e-01
  [SELF][Rank 0] Done moment 27/36 (task 26): force_integral=+6.930096e-01
  [SELF][Rank 0] Done moment 27/36 (task 26): force_integral=+6.930096e-01
  [SELF][Rank 0] Done moment 27/36 (task 26): force_integral=+6.930096e-01
  [SELF][Rank 0] Done moment 27/36 (task 26): force_integral=+6.930096e-01
  [SELF][Rank 0] Done moment 27/36 (task 26): force_integral=+6.930096e-01
  [SELF][Rank 0] Done moment 27/36 (task 26): force_integral=+6.930096e-01
  [SELF][Rank 0] Done moment 27/36 (task 26): force_integral=+6.930096e-01
  [SELF][Rank 0] Done moment 27/36 (task 26): force_integral=+6.930096e-01
  [SELF][Rank 0] Done moment 28/36 (task 27): force_integral=+6.930096e-01
  [SELF][Rank 0] Done moment 28/36 (task 27): force_integral=+6.930096e-01
  [SELF][Rank 0] Done moment 27/36 (task 26): force_integral=+6.930096e-01
  [SELF][Rank 0] Done moment 27/36 (task 26): force_integral=+6.930096e-01
  [SELF][Rank 0] Done moment 27/36 (task 26): force_integral=+6.930096e-01
  [SELF][Rank 0] Done moment 27/36 (task 26): force_integral=+6.930096e-01
  [SELF][Rank 0] Done moment 27/36 (task 26): force_integral=+6.930096e-01
  [SELF][Rank 0] Done moment 27/36 (task 26): force_integral=+6.930096e-01
  [SELF][Rank 0] Done moment 27/36 (task 26): force_integral=+6.930096e-01
  [SELF][Rank 0] Done moment 28/36 (task 27): force_integral=+6.930096e-01
  [SELF][Rank 0] Done moment 27/36 (task 26): force_integral=+6.930096e-01
  [SELF][Rank 0] Done moment 28/36 (task 27): force_integral=+6.930096e-01
  [SELF][Rank 0] Done moment 27/36 (task 26): force_integral=+6.930096e-01
  [SELF][Rank 0] Done moment 27/36 (task 26): force_integral=+6.930096e-01
  [SELF][Rank 0] Done moment 27/36 (task 26): force_integral=+6.930096e-01
  [SELF][Rank 0] Done moment 27/36 (task 26): force_integral=+6.930096e-01
  [SELF][Rank 0] Done moment 27/36 (task 26): force_integral=+6.930096e-01
  [SELF][Rank 0] Done moment 28/36 (task 27): force_integral=+6.930096e-01
  [SELF][Rank 0] Done moment 28/36 (task 27): force_integral=+6.930096e-01
  [SELF][Rank 0] Done moment 28/36 (task 27): force_integral=+6.930096e-01
  [SELF][Rank 0] Done moment 28/36 (task 27): force_integral=+6.930096e-01
  [SELF][Rank 0] Done moment 28/36 (task 27): force_integral=+6.930096e-01
  [SELF][Rank 0] Done moment 28/36 (task 27): force_integral=+6.930096e-01
  [SELF][Rank 0] Done moment 28/36 (task 27): force_integral=+6.930096e-01
  [SELF][Rank 0] Done moment 28/36 (task 27): force_integral=+6.930096e-01
  [SELF][Rank 0] Done moment 28/36 (task 27): force_integral=+6.930096e-01
  [SELF][Rank 0] Done moment 28/36 (task 27): force_integral=+6.930096e-01
  [SELF][Rank 0] Done moment 28/36 (task 27): force_integral=+6.930096e-01
  [SELF][Rank 0] Done moment 28/36 (task 27): force_integral=+6.930096e-01
  [SELF][Rank 0] Done moment 28/36 (task 27): force_integral=+6.930096e-01
  [SELF][Rank 0] Done moment 28/36 (task 27): force_integral=+6.930096e-01
  [SELF][Rank 0] Done moment 28/36 (task 27): force_integral=+6.930096e-01
  [SELF][Rank 0] Done moment 28/36 (task 27): force_integral=+6.930096e-01
  [SELF][Rank 0] Done moment 28/36 (task 27): force_integral=+6.930096e-01
  [SELF][Rank 0] Done moment 28/36 (task 27): force_integral=+6.930096e-01
  [SELF][Rank 0] Done moment 28/36 (task 27): force_integral=+6.930096e-01
  [SELF][Rank 0] Done moment 28/36 (task 27): force_integral=+6.930096e-01
  [SELF][Rank 0] Done moment 28/36 (task 27): force_integral=+6.930096e-01
  [SELF][Rank 0] Done moment 28/36 (task 27): force_integral=+6.930096e-01
  [SELF][Rank 0] Done moment 28/36 (task 27): force_integral=+6.930096e-01
  [SELF][Rank 0] Done moment 28/36 (task 27): force_integral=+6.930096e-01
  [SELF][Rank 0] Done moment 28/36 (task 27): force_integral=+6.930096e-01
  [SELF][Rank 0] Done moment 28/36 (task 27): force_integral=+6.930096e-01
  [SELF][Rank 0] Done moment 28/36 (task 27): force_integral=+6.930096e-01
  [SELF][Rank 0] Done moment 28/36 (task 27): force_integral=+6.930096e-01
  [SELF][Rank 0] Done moment 28/36 (task 27): force_integral=+6.930096e-01
  [SELF][Rank 0] Done moment 28/36 (task 27): force_integral=+6.930096e-01
  [SELF][Rank 0] Done moment 28/36 (task 27): force_integral=+6.930096e-01
  [SELF][Rank 0] Done moment 28/36 (task 27): force_integral=+6.930096e-01
  [SELF][Rank 0] Done moment 28/36 (task 27): force_integral=+6.930096e-01
  [SELF][Rank 0] Done moment 28/36 (task 27): force_integral=+6.930096e-01
  [SELF][Rank 0] Done moment 28/36 (task 27): force_integral=+6.930096e-01
  [SELF][Rank 0] Done moment 28/36 (task 27): force_integral=+6.930096e-01
  [SELF][Rank 0] Done moment 28/36 (task 27): force_integral=+6.930096e-01
  [SELF][Rank 0] Done moment 28/36 (task 27): force_integral=+6.930096e-01
  [SELF][Rank 0] Done moment 28/36 (task 27): force_integral=+6.930096e-01
  [SELF][Rank 0] Done moment 28/36 (task 27): force_integral=+6.930096e-01
  [SELF][Rank 0] Done moment 28/36 (task 27): force_integral=+6.930096e-01
  [SELF][Rank 0] Done moment 28/36 (task 27): force_integral=+6.930096e-01
  [SELF][Rank 0] Done moment 28/36 (task 27): force_integral=+6.930096e-01
  [SELF][Rank 0] Done moment 28/36 (task 27): force_integral=+6.930096e-01
  [SELF][Rank 0] Done moment 28/36 (task 27): force_integral=+6.930096e-01
  [SELF][Rank 0] Done moment 28/36 (task 27): force_integral=+6.930096e-01
  [SELF][Rank 0] Done moment 28/36 (task 27): force_integral=+6.930096e-01
  [SELF][Rank 0] Done moment 28/36 (task 27): force_integral=+6.930096e-01
  [SELF][Rank 0] Done moment 28/36 (task 27): force_integral=+6.930096e-01
  [SELF][Rank 0] Done moment 28/36 (task 27): force_integral=+6.930096e-01
  [SELF][Rank 0] Done moment 28/36 (task 27): force_integral=+6.930096e-01
  [SELF][Rank 0] Done moment 28/36 (task 27): force_integral=+6.930096e-01
  [SELF][Rank 0] Done moment 28/36 (task 27): force_integral=+6.930096e-01
  [SELF][Rank 0] Done moment 28/36 (task 27): force_integral=+6.930096e-01
  [SELF][Rank 0] Done moment 28/36 (task 27): force_integral=+6.930096e-01
  [SELF][Rank 0] Done moment 28/36 (task 27): force_integral=+6.930096e-01
  [SELF][Rank 0] Done moment 28/36 (task 27): force_integral=+6.930096e-01
  [SELF][Rank 0] Done moment 29/36 (task 28): force_integral=-1.668657e+03
  [SELF][Rank 0] Done moment 28/36 (task 27): force_integral=+6.930096e-01
  [SELF][Rank 0] Done moment 28/36 (task 27): force_integral=+6.930096e-01
  [SELF][Rank 0] Done moment 28/36 (task 27): force_integral=+6.930096e-01
  [SELF][Rank 0] Done moment 28/36 (task 27): force_integral=+6.930096e-01
  [SELF][Rank 0] Done moment 29/36 (task 28): force_integral=-1.668657e+03
  [SELF][Rank 0] Done moment 28/36 (task 27): force_integral=+6.930096e-01
  [SELF][Rank 0] Done moment 28/36 (task 27): force_integral=+6.930096e-01
  [SELF][Rank 0] Done moment 28/36 (task 27): force_integral=+6.930096e-01
  [SELF][Rank 0] Done moment 28/36 (task 27): force_integral=+6.930096e-01
  [SELF][Rank 0] Done moment 29/36 (task 28): force_integral=-1.668657e+03
  [SELF][Rank 0] Done moment 29/36 (task 28): force_integral=-1.668657e+03
  [SELF][Rank 0] Done moment 28/36 (task 27): force_integral=+6.930096e-01
  [SELF][Rank 0] Done moment 29/36 (task 28): force_integral=-1.668657e+03
  [SELF][Rank 0] Done moment 28/36 (task 27): force_integral=+6.930096e-01
  [SELF][Rank 0] Done moment 29/36 (task 28): force_integral=-1.668657e+03
  [SELF][Rank 0] Done moment 29/36 (task 28): force_integral=-1.668657e+03
  [SELF][Rank 0] Done moment 29/36 (task 28): force_integral=-1.668657e+03
  [SELF][Rank 0] Done moment 29/36 (task 28): force_integral=-1.668657e+03
  [SELF][Rank 0] Done moment 29/36 (task 28): force_integral=-1.668657e+03
  [SELF][Rank 0] Done moment 29/36 (task 28): force_integral=-1.668657e+03
  [SELF][Rank 0] Done moment 29/36 (task 28): force_integral=-1.668657e+03
  [SELF][Rank 0] Done moment 28/36 (task 27): force_integral=+6.930096e-01
  [SELF][Rank 0] Done moment 29/36 (task 28): force_integral=-1.668657e+03
  [SELF][Rank 0] Done moment 29/36 (task 28): force_integral=-1.668657e+03
  [SELF][Rank 0] Done moment 29/36 (task 28): force_integral=-1.668657e+03
  [SELF][Rank 0] Done moment 29/36 (task 28): force_integral=-1.668657e+03
  [SELF][Rank 0] Done moment 29/36 (task 28): force_integral=-1.668657e+03
  [SELF][Rank 0] Done moment 28/36 (task 27): force_integral=+6.930096e-01
  [SELF][Rank 0] Done moment 29/36 (task 28): force_integral=-1.668657e+03
  [SELF][Rank 0] Done moment 29/36 (task 28): force_integral=-1.668657e+03
  [SELF][Rank 0] Done moment 29/36 (task 28): force_integral=-1.668657e+03
  [SELF][Rank 0] Done moment 28/36 (task 27): force_integral=+6.930096e-01
  [SELF][Rank 0] Done moment 28/36 (task 27): force_integral=+6.930096e-01
  [SELF][Rank 0] Done moment 29/36 (task 28): force_integral=-1.668657e+03
  [SELF][Rank 0] Done moment 29/36 (task 28): force_integral=-1.668657e+03
  [SELF][Rank 0] Done moment 29/36 (task 28): force_integral=-1.668657e+03
  [SELF][Rank 0] Done moment 28/36 (task 27): force_integral=+6.930096e-01
  [SELF][Rank 0] Done moment 28/36 (task 27): force_integral=+6.930096e-01
  [SELF][Rank 0] Done moment 28/36 (task 27): force_integral=+6.930096e-01
  [SELF][Rank 0] Done moment 29/36 (task 28): force_integral=-1.668657e+03
  [SELF][Rank 0] Done moment 28/36 (task 27): force_integral=+6.930096e-01
  [SELF][Rank 0] Done moment 29/36 (task 28): force_integral=-1.668657e+03
  [SELF][Rank 0] Done moment 28/36 (task 27): force_integral=+6.930096e-01
  [SELF][Rank 0] Done moment 28/36 (task 27): force_integral=+6.930096e-01
  [SELF][Rank 0] Done moment 28/36 (task 27): force_integral=+6.930096e-01
  [SELF][Rank 0] Done moment 28/36 (task 27): force_integral=+6.930096e-01
  [SELF][Rank 0] Done moment 29/36 (task 28): force_integral=-1.668657e+03
  [SELF][Rank 0] Done moment 28/36 (task 27): force_integral=+6.930096e-01
  [SELF][Rank 0] Done moment 28/36 (task 27): force_integral=+6.930096e-01
  [SELF][Rank 0] Done moment 28/36 (task 27): force_integral=+6.930096e-01
  [SELF][Rank 0] Done moment 28/36 (task 27): force_integral=+6.930096e-01
  [SELF][Rank 0] Done moment 28/36 (task 27): force_integral=+6.930096e-01
  [SELF][Rank 0] Done moment 28/36 (task 27): force_integral=+6.930096e-01
  [SELF][Rank 0] Done moment 28/36 (task 27): force_integral=+6.930096e-01
  [SELF][Rank 0] Done moment 29/36 (task 28): force_integral=-1.668657e+03
  [SELF][Rank 0] Done moment 28/36 (task 27): force_integral=+6.930096e-01
  [SELF][Rank 0] Done moment 28/36 (task 27): force_integral=+6.930096e-01
  [SELF][Rank 0] Done moment 28/36 (task 27): force_integral=+6.930096e-01
  [SELF][Rank 0] Done moment 28/36 (task 27): force_integral=+6.930096e-01
  [SELF][Rank 0] Done moment 28/36 (task 27): force_integral=+6.930096e-01
  [SELF][Rank 0] Done moment 28/36 (task 27): force_integral=+6.930096e-01
  [SELF][Rank 0] Done moment 29/36 (task 28): force_integral=-1.668657e+03
  [SELF][Rank 0] Done moment 28/36 (task 27): force_integral=+6.930096e-01
  [SELF][Rank 0] Done moment 28/36 (task 27): force_integral=+6.930096e-01
  [SELF][Rank 0] Done moment 28/36 (task 27): force_integral=+6.930096e-01
  [SELF][Rank 0] Done moment 28/36 (task 27): force_integral=+6.930096e-01
  [SELF][Rank 0] Done moment 28/36 (task 27): force_integral=+6.930096e-01
  [SELF][Rank 0] Done moment 28/36 (task 27): force_integral=+6.930096e-01
  [SELF][Rank 0] Done moment 28/36 (task 27): force_integral=+6.930096e-01
  [SELF][Rank 0] Done moment 29/36 (task 28): force_integral=-1.668657e+03
  [SELF][Rank 0] Done moment 28/36 (task 27): force_integral=+6.930096e-01
  [SELF][Rank 0] Done moment 28/36 (task 27): force_integral=+6.930096e-01
  [SELF][Rank 0] Done moment 29/36 (task 28): force_integral=-1.668657e+03
  [SELF][Rank 0] Done moment 29/36 (task 28): force_integral=-1.668657e+03
  [SELF][Rank 0] Done moment 29/36 (task 28): force_integral=-1.668657e+03
  [SELF][Rank 0] Done moment 29/36 (task 28): force_integral=-1.668657e+03
  [SELF][Rank 0] Done moment 29/36 (task 28): force_integral=-1.668657e+03
  [SELF][Rank 0] Done moment 29/36 (task 28): force_integral=-1.668657e+03
  [SELF][Rank 0] Done moment 29/36 (task 28): force_integral=-1.668657e+03
  [SELF][Rank 0] Done moment 29/36 (task 28): force_integral=-1.668657e+03
  [SELF][Rank 0] Done moment 29/36 (task 28): force_integral=-1.668657e+03
  [SELF][Rank 0] Done moment 29/36 (task 28): force_integral=-1.668657e+03
  [SELF][Rank 0] Done moment 29/36 (task 28): force_integral=-1.668657e+03
  [SELF][Rank 0] Done moment 29/36 (task 28): force_integral=-1.668657e+03
  [SELF][Rank 0] Done moment 29/36 (task 28): force_integral=-1.668657e+03
  [SELF][Rank 0] Done moment 29/36 (task 28): force_integral=-1.668657e+03
  [SELF][Rank 0] Done moment 29/36 (task 28): force_integral=-1.668657e+03
  [SELF][Rank 0] Done moment 29/36 (task 28): force_integral=-1.668657e+03
  [SELF][Rank 0] Done moment 29/36 (task 28): force_integral=-1.668657e+03
  [SELF][Rank 0] Done moment 29/36 (task 28): force_integral=-1.668657e+03
  [SELF][Rank 0] Done moment 29/36 (task 28): force_integral=-1.668657e+03
  [SELF][Rank 0] Done moment 29/36 (task 28): force_integral=-1.668657e+03
  [SELF][Rank 0] Done moment 29/36 (task 28): force_integral=-1.668657e+03
  [SELF][Rank 0] Done moment 29/36 (task 28): force_integral=-1.668657e+03
  [SELF][Rank 0] Done moment 29/36 (task 28): force_integral=-1.668657e+03
  [SELF][Rank 0] Done moment 29/36 (task 28): force_integral=-1.668657e+03
  [SELF][Rank 0] Done moment 29/36 (task 28): force_integral=-1.668657e+03
  [SELF][Rank 0] Done moment 29/36 (task 28): force_integral=-1.668657e+03
  [SELF][Rank 0] Done moment 29/36 (task 28): force_integral=-1.668657e+03
  [SELF][Rank 0] Done moment 29/36 (task 28): force_integral=-1.668657e+03
  [SELF][Rank 0] Done moment 29/36 (task 28): force_integral=-1.668657e+03
  [SELF][Rank 0] Done moment 29/36 (task 28): force_integral=-1.668657e+03
  [SELF][Rank 0] Done moment 29/36 (task 28): force_integral=-1.668657e+03
  [SELF][Rank 0] Done moment 29/36 (task 28): force_integral=-1.668657e+03
  [SELF][Rank 0] Done moment 29/36 (task 28): force_integral=-1.668657e+03
  [SELF][Rank 0] Done moment 29/36 (task 28): force_integral=-1.668657e+03
  [SELF][Rank 0] Done moment 29/36 (task 28): force_integral=-1.668657e+03
  [SELF][Rank 0] Done moment 29/36 (task 28): force_integral=-1.668657e+03
  [SELF][Rank 0] Done moment 29/36 (task 28): force_integral=-1.668657e+03
  [SELF][Rank 0] Done moment 29/36 (task 28): force_integral=-1.668657e+03
  [SELF][Rank 0] Done moment 29/36 (task 28): force_integral=-1.668657e+03
  [SELF][Rank 0] Done moment 29/36 (task 28): force_integral=-1.668657e+03
  [SELF][Rank 0] Done moment 29/36 (task 28): force_integral=-1.668657e+03
  [SELF][Rank 0] Done moment 29/36 (task 28): force_integral=-1.668657e+03
  [SELF][Rank 0] Done moment 29/36 (task 28): force_integral=-1.668657e+03
  [SELF][Rank 0] Done moment 29/36 (task 28): force_integral=-1.668657e+03
  [SELF][Rank 0] Done moment 29/36 (task 28): force_integral=-1.668657e+03
  [SELF][Rank 0] Done moment 29/36 (task 28): force_integral=-1.668657e+03
  [SELF][Rank 0] Done moment 30/36 (task 29): force_integral=+1.710490e+03
  [SELF][Rank 0] Done moment 29/36 (task 28): force_integral=-1.668657e+03
  [SELF][Rank 0] Done moment 29/36 (task 28): force_integral=-1.668657e+03
  [SELF][Rank 0] Done moment 29/36 (task 28): force_integral=-1.668657e+03
  [SELF][Rank 0] Done moment 29/36 (task 28): force_integral=-1.668657e+03
  [SELF][Rank 0] Done moment 29/36 (task 28): force_integral=-1.668657e+03
  [SELF][Rank 0] Done moment 29/36 (task 28): force_integral=-1.668657e+03
  [SELF][Rank 0] Done moment 29/36 (task 28): force_integral=-1.668657e+03
  [SELF][Rank 0] Done moment 29/36 (task 28): force_integral=-1.668657e+03
  [SELF][Rank 0] Done moment 29/36 (task 28): force_integral=-1.668657e+03
  [SELF][Rank 0] Done moment 30/36 (task 29): force_integral=+1.710490e+03
  [SELF][Rank 0] Done moment 29/36 (task 28): force_integral=-1.668657e+03
  [SELF][Rank 0] Done moment 29/36 (task 28): force_integral=-1.668657e+03
  [SELF][Rank 0] Done moment 29/36 (task 28): force_integral=-1.668657e+03
  [SELF][Rank 0] Done moment 29/36 (task 28): force_integral=-1.668657e+03
  [SELF][Rank 0] Done moment 30/36 (task 29): force_integral=+1.710490e+03
  [SELF][Rank 0] Done moment 30/36 (task 29): force_integral=+1.710490e+03
  [SELF][Rank 0] Done moment 30/36 (task 29): force_integral=+1.710490e+03
  [SELF][Rank 0] Done moment 29/36 (task 28): force_integral=-1.668657e+03
  [SELF][Rank 0] Done moment 29/36 (task 28): force_integral=-1.668657e+03
  [SELF][Rank 0] Done moment 30/36 (task 29): force_integral=+1.710490e+03
  [SELF][Rank 0] Done moment 29/36 (task 28): force_integral=-1.668657e+03
  [SELF][Rank 0] Done moment 30/36 (task 29): force_integral=+1.710490e+03
  [SELF][Rank 0] Done moment 29/36 (task 28): force_integral=-1.668657e+03
  [SELF][Rank 0] Done moment 29/36 (task 28): force_integral=-1.668657e+03
  [SELF][Rank 0] Done moment 29/36 (task 28): force_integral=-1.668657e+03
  [SELF][Rank 0] Done moment 30/36 (task 29): force_integral=+1.710490e+03
  [SELF][Rank 0] Done moment 30/36 (task 29): force_integral=+1.710490e+03
  [SELF][Rank 0] Done moment 30/36 (task 29): force_integral=+1.710490e+03
  [SELF][Rank 0] Done moment 30/36 (task 29): force_integral=+1.710490e+03
  [SELF][Rank 0] Done moment 30/36 (task 29): force_integral=+1.710490e+03
  [SELF][Rank 0] Done moment 30/36 (task 29): force_integral=+1.710490e+03
  [SELF][Rank 0] Done moment 29/36 (task 28): force_integral=-1.668657e+03
  [SELF][Rank 0] Done moment 30/36 (task 29): force_integral=+1.710490e+03
  [SELF][Rank 0] Done moment 30/36 (task 29): force_integral=+1.710490e+03
  [SELF][Rank 0] Done moment 30/36 (task 29): force_integral=+1.710490e+03
  [SELF][Rank 0] Done moment 30/36 (task 29): force_integral=+1.710490e+03
  [SELF][Rank 0] Done moment 29/36 (task 28): force_integral=-1.668657e+03
  [SELF][Rank 0] Done moment 30/36 (task 29): force_integral=+1.710490e+03
  [SELF][Rank 0] Done moment 30/36 (task 29): force_integral=+1.710490e+03
  [SELF][Rank 0] Done moment 30/36 (task 29): force_integral=+1.710490e+03
  [SELF][Rank 0] Done moment 30/36 (task 29): force_integral=+1.710490e+03
  [SELF][Rank 0] Done moment 30/36 (task 29): force_integral=+1.710490e+03
  [SELF][Rank 0] Done moment 30/36 (task 29): force_integral=+1.710490e+03
  [SELF][Rank 0] Done moment 30/36 (task 29): force_integral=+1.710490e+03
  [SELF][Rank 0] Done moment 29/36 (task 28): force_integral=-1.668657e+03
  [SELF][Rank 0] Done moment 29/36 (task 28): force_integral=-1.668657e+03
  [SELF][Rank 0] Done moment 30/36 (task 29): force_integral=+1.710490e+03
  [SELF][Rank 0] Done moment 29/36 (task 28): force_integral=-1.668657e+03
  [SELF][Rank 0] Done moment 29/36 (task 28): force_integral=-1.668657e+03
  [SELF][Rank 0] Done moment 30/36 (task 29): force_integral=+1.710490e+03
  [SELF][Rank 0] Done moment 29/36 (task 28): force_integral=-1.668657e+03
  [SELF][Rank 0] Done moment 30/36 (task 29): force_integral=+1.710490e+03
  [SELF][Rank 0] Done moment 29/36 (task 28): force_integral=-1.668657e+03
  [SELF][Rank 0] Done moment 29/36 (task 28): force_integral=-1.668657e+03
  [SELF][Rank 0] Done moment 29/36 (task 28): force_integral=-1.668657e+03
  [SELF][Rank 0] Done moment 29/36 (task 28): force_integral=-1.668657e+03
  [SELF][Rank 0] Done moment 29/36 (task 28): force_integral=-1.668657e+03
  [SELF][Rank 0] Done moment 30/36 (task 29): force_integral=+1.710490e+03
  [SELF][Rank 0] Done moment 29/36 (task 28): force_integral=-1.668657e+03
  [SELF][Rank 0] Done moment 29/36 (task 28): force_integral=-1.668657e+03
  [SELF][Rank 0] Done moment 29/36 (task 28): force_integral=-1.668657e+03
  [SELF][Rank 0] Done moment 29/36 (task 28): force_integral=-1.668657e+03
  [SELF][Rank 0] Done moment 29/36 (task 28): force_integral=-1.668657e+03
  [SELF][Rank 0] Done moment 29/36 (task 28): force_integral=-1.668657e+03
  [SELF][Rank 0] Done moment 29/36 (task 28): force_integral=-1.668657e+03
  [SELF][Rank 0] Done moment 29/36 (task 28): force_integral=-1.668657e+03
  [SELF][Rank 0] Done moment 29/36 (task 28): force_integral=-1.668657e+03
  [SELF][Rank 0] Done moment 29/36 (task 28): force_integral=-1.668657e+03
  [SELF][Rank 0] Done moment 29/36 (task 28): force_integral=-1.668657e+03
  [SELF][Rank 0] Done moment 29/36 (task 28): force_integral=-1.668657e+03
  [SELF][Rank 0] Done moment 30/36 (task 29): force_integral=+1.710490e+03
  [SELF][Rank 0] Done moment 29/36 (task 28): force_integral=-1.668657e+03
  [SELF][Rank 0] Done moment 29/36 (task 28): force_integral=-1.668657e+03
  [SELF][Rank 0] Done moment 29/36 (task 28): force_integral=-1.668657e+03
  [SELF][Rank 0] Done moment 29/36 (task 28): force_integral=-1.668657e+03
  [SELF][Rank 0] Done moment 29/36 (task 28): force_integral=-1.668657e+03
  [SELF][Rank 0] Done moment 29/36 (task 28): force_integral=-1.668657e+03
  [SELF][Rank 0] Done moment 29/36 (task 28): force_integral=-1.668657e+03
  [SELF][Rank 0] Done moment 29/36 (task 28): force_integral=-1.668657e+03
  [SELF][Rank 0] Done moment 30/36 (task 29): force_integral=+1.710490e+03
  [SELF][Rank 0] Done moment 29/36 (task 28): force_integral=-1.668657e+03
  [SELF][Rank 0] Done moment 29/36 (task 28): force_integral=-1.668657e+03
  [SELF][Rank 0] Done moment 30/36 (task 29): force_integral=+1.710490e+03
  [SELF][Rank 0] Done moment 30/36 (task 29): force_integral=+1.710490e+03
  [SELF][Rank 0] Done moment 30/36 (task 29): force_integral=+1.710490e+03
  [SELF][Rank 0] Done moment 30/36 (task 29): force_integral=+1.710490e+03
  [SELF][Rank 0] Done moment 30/36 (task 29): force_integral=+1.710490e+03
  [SELF][Rank 0] Done moment 30/36 (task 29): force_integral=+1.710490e+03
  [SELF][Rank 0] Done moment 30/36 (task 29): force_integral=+1.710490e+03
  [SELF][Rank 0] Done moment 30/36 (task 29): force_integral=+1.710490e+03
  [SELF][Rank 0] Done moment 30/36 (task 29): force_integral=+1.710490e+03
  [SELF][Rank 0] Done moment 30/36 (task 29): force_integral=+1.710490e+03
  [SELF][Rank 0] Done moment 30/36 (task 29): force_integral=+1.710490e+03
  [SELF][Rank 0] Done moment 30/36 (task 29): force_integral=+1.710490e+03
  [SELF][Rank 0] Done moment 30/36 (task 29): force_integral=+1.710490e+03
  [SELF][Rank 0] Done moment 30/36 (task 29): force_integral=+1.710490e+03
  [SELF][Rank 0] Done moment 30/36 (task 29): force_integral=+1.710490e+03
  [SELF][Rank 0] Done moment 30/36 (task 29): force_integral=+1.710490e+03
  [SELF][Rank 0] Done moment 30/36 (task 29): force_integral=+1.710490e+03
  [SELF][Rank 0] Done moment 30/36 (task 29): force_integral=+1.710490e+03
  [SELF][Rank 0] Done moment 30/36 (task 29): force_integral=+1.710490e+03
  [SELF][Rank 0] Done moment 30/36 (task 29): force_integral=+1.710490e+03
  [SELF][Rank 0] Done moment 30/36 (task 29): force_integral=+1.710490e+03
  [SELF][Rank 0] Done moment 30/36 (task 29): force_integral=+1.710490e+03
  [SELF][Rank 0] Done moment 30/36 (task 29): force_integral=+1.710490e+03
  [SELF][Rank 0] Done moment 30/36 (task 29): force_integral=+1.710490e+03
  [SELF][Rank 0] Done moment 30/36 (task 29): force_integral=+1.710490e+03
  [SELF][Rank 0] Done moment 30/36 (task 29): force_integral=+1.710490e+03
  [SELF][Rank 0] Done moment 30/36 (task 29): force_integral=+1.710490e+03
  [SELF][Rank 0] Done moment 30/36 (task 29): force_integral=+1.710490e+03
  [SELF][Rank 0] Done moment 30/36 (task 29): force_integral=+1.710490e+03
  [SELF][Rank 0] Done moment 30/36 (task 29): force_integral=+1.710490e+03
  [SELF][Rank 0] Done moment 30/36 (task 29): force_integral=+1.710490e+03
  [SELF][Rank 0] Done moment 30/36 (task 29): force_integral=+1.710490e+03
  [SELF][Rank 0] Done moment 30/36 (task 29): force_integral=+1.710490e+03
  [SELF][Rank 0] Done moment 30/36 (task 29): force_integral=+1.710490e+03
  [SELF][Rank 0] Done moment 30/36 (task 29): force_integral=+1.710490e+03
  [SELF][Rank 0] Done moment 30/36 (task 29): force_integral=+1.710490e+03
  [SELF][Rank 0] Done moment 30/36 (task 29): force_integral=+1.710490e+03
  [SELF][Rank 0] Done moment 30/36 (task 29): force_integral=+1.710490e+03
  [SELF][Rank 0] Done moment 30/36 (task 29): force_integral=+1.710490e+03
  [SELF][Rank 0] Done moment 30/36 (task 29): force_integral=+1.710490e+03
  [SELF][Rank 0] Done moment 30/36 (task 29): force_integral=+1.710490e+03
  [SELF][Rank 0] Done moment 30/36 (task 29): force_integral=+1.710490e+03
  [SELF][Rank 0] Done moment 30/36 (task 29): force_integral=+1.710490e+03
  [SELF][Rank 0] Done moment 30/36 (task 29): force_integral=+1.710490e+03
  [SELF][Rank 0] Done moment 31/36 (task 30): force_integral=+0.000000e+00
  [SELF][Rank 0] Done moment 30/36 (task 29): force_integral=+1.710490e+03
  [SELF][Rank 0] Done moment 30/36 (task 29): force_integral=+1.710490e+03
  [SELF][Rank 0] Done moment 30/36 (task 29): force_integral=+1.710490e+03
  [SELF][Rank 0] Done moment 30/36 (task 29): force_integral=+1.710490e+03
  [SELF][Rank 0] Done moment 31/36 (task 30): force_integral=+0.000000e+00
  [SELF][Rank 0] Done moment 30/36 (task 29): force_integral=+1.710490e+03
  [SELF][Rank 0] Done moment 30/36 (task 29): force_integral=+1.710490e+03
  [SELF][Rank 0] Done moment 30/36 (task 29): force_integral=+1.710490e+03
  [SELF][Rank 0] Done moment 30/36 (task 29): force_integral=+1.710490e+03
  [SELF][Rank 0] Done moment 31/36 (task 30): force_integral=+0.000000e+00
  [SELF][Rank 0] Done moment 30/36 (task 29): force_integral=+1.710490e+03
  [SELF][Rank 0] Done moment 30/36 (task 29): force_integral=+1.710490e+03
  [SELF][Rank 0] Done moment 31/36 (task 30): force_integral=+0.000000e+00
  [SELF][Rank 0] Done moment 30/36 (task 29): force_integral=+1.710490e+03
  [SELF][Rank 0] Done moment 31/36 (task 30): force_integral=+0.000000e+00
  [SELF][Rank 0] Done moment 30/36 (task 29): force_integral=+1.710490e+03
  [SELF][Rank 0] Done moment 30/36 (task 29): force_integral=+1.710490e+03
  [SELF][Rank 0] Done moment 30/36 (task 29): force_integral=+1.710490e+03
  [SELF][Rank 0] Done moment 31/36 (task 30): force_integral=+0.000000e+00
  [SELF][Rank 0] Done moment 31/36 (task 30): force_integral=+0.000000e+00
  [SELF][Rank 0] Done moment 31/36 (task 30): force_integral=+0.000000e+00
  [SELF][Rank 0] Done moment 31/36 (task 30): force_integral=+0.000000e+00
  [SELF][Rank 0] Done moment 31/36 (task 30): force_integral=+0.000000e+00
  [SELF][Rank 0] Done moment 30/36 (task 29): force_integral=+1.710490e+03
  [SELF][Rank 0] Done moment 30/36 (task 29): force_integral=+1.710490e+03
  [SELF][Rank 0] Done moment 31/36 (task 30): force_integral=+0.000000e+00
  [SELF][Rank 0] Done moment 30/36 (task 29): force_integral=+1.710490e+03
  [SELF][Rank 0] Done moment 30/36 (task 29): force_integral=+1.710490e+03
  [SELF][Rank 0] Done moment 31/36 (task 30): force_integral=+0.000000e+00
  [SELF][Rank 0] Done moment 31/36 (task 30): force_integral=+0.000000e+00
  [SELF][Rank 0] Done moment 30/36 (task 29): force_integral=+1.710490e+03
  [SELF][Rank 0] Done moment 30/36 (task 29): force_integral=+1.710490e+03
  [SELF][Rank 0] Done moment 31/36 (task 30): force_integral=+0.000000e+00
  [SELF][Rank 0] Done moment 30/36 (task 29): force_integral=+1.710490e+03
  [SELF][Rank 0] Done moment 31/36 (task 30): force_integral=+0.000000e+00
  [SELF][Rank 0] Done moment 31/36 (task 30): force_integral=+0.000000e+00
  [SELF][Rank 0] Done moment 31/36 (task 30): force_integral=+0.000000e+00
  [SELF][Rank 0] Done moment 30/36 (task 29): force_integral=+1.710490e+03
  [SELF][Rank 0] Done moment 31/36 (task 30): force_integral=+0.000000e+00
  [SELF][Rank 0] Done moment 31/36 (task 30): force_integral=+0.000000e+00
  [SELF][Rank 0] Done moment 31/36 (task 30): force_integral=+0.000000e+00
  [SELF][Rank 0] Done moment 31/36 (task 30): force_integral=+0.000000e+00
  [SELF][Rank 0] Done moment 31/36 (task 30): force_integral=+0.000000e+00
  [SELF][Rank 0] Done moment 31/36 (task 30): force_integral=+0.000000e+00
  [SELF][Rank 0] Done moment 31/36 (task 30): force_integral=+0.000000e+00
  [SELF][Rank 0] Done moment 31/36 (task 30): force_integral=+0.000000e+00
  [SELF][Rank 0] Done moment 31/36 (task 30): force_integral=+0.000000e+00
  [SELF][Rank 0] Done moment 30/36 (task 29): force_integral=+1.710490e+03
  [SELF][Rank 0] Done moment 30/36 (task 29): force_integral=+1.710490e+03
  [SELF][Rank 0] Done moment 31/36 (task 30): force_integral=+0.000000e+00
  [SELF][Rank 0] Done moment 30/36 (task 29): force_integral=+1.710490e+03
  [SELF][Rank 0] Done moment 30/36 (task 29): force_integral=+1.710490e+03
  [SELF][Rank 0] Done moment 31/36 (task 30): force_integral=+0.000000e+00
  [SELF][Rank 0] Done moment 30/36 (task 29): force_integral=+1.710490e+03
  [SELF][Rank 0] Done moment 30/36 (task 29): force_integral=+1.710490e+03
  [SELF][Rank 0] Done moment 30/36 (task 29): force_integral=+1.710490e+03
  [SELF][Rank 0] Done moment 30/36 (task 29): force_integral=+1.710490e+03
  [SELF][Rank 0] Done moment 30/36 (task 29): force_integral=+1.710490e+03
  [SELF][Rank 0] Done moment 30/36 (task 29): force_integral=+1.710490e+03
  [SELF][Rank 0] Done moment 31/36 (task 30): force_integral=+0.000000e+00
  [SELF][Rank 0] Done moment 30/36 (task 29): force_integral=+1.710490e+03
  [SELF][Rank 0] Done moment 30/36 (task 29): force_integral=+1.710490e+03
  [SELF][Rank 0] Done moment 30/36 (task 29): force_integral=+1.710490e+03
  [SELF][Rank 0] Done moment 30/36 (task 29): force_integral=+1.710490e+03
  [SELF][Rank 0] Done moment 30/36 (task 29): force_integral=+1.710490e+03
  [SELF][Rank 0] Done moment 30/36 (task 29): force_integral=+1.710490e+03
  [SELF][Rank 0] Done moment 30/36 (task 29): force_integral=+1.710490e+03
  [SELF][Rank 0] Done moment 30/36 (task 29): force_integral=+1.710490e+03
  [SELF][Rank 0] Done moment 30/36 (task 29): force_integral=+1.710490e+03
  [SELF][Rank 0] Done moment 30/36 (task 29): force_integral=+1.710490e+03
  [SELF][Rank 0] Done moment 31/36 (task 30): force_integral=+0.000000e+00
  [SELF][Rank 0] Done moment 30/36 (task 29): force_integral=+1.710490e+03
  [SELF][Rank 0] Done moment 30/36 (task 29): force_integral=+1.710490e+03
  [SELF][Rank 0] Done moment 30/36 (task 29): force_integral=+1.710490e+03
  [SELF][Rank 0] Done moment 30/36 (task 29): force_integral=+1.710490e+03
  [SELF][Rank 0] Done moment 30/36 (task 29): force_integral=+1.710490e+03
  [SELF][Rank 0] Done moment 30/36 (task 29): force_integral=+1.710490e+03
  [SELF][Rank 0] Done moment 30/36 (task 29): force_integral=+1.710490e+03
  [SELF][Rank 0] Done moment 30/36 (task 29): force_integral=+1.710490e+03
  [SELF][Rank 0] Done moment 31/36 (task 30): force_integral=+0.000000e+00
  [SELF][Rank 0] Done moment 30/36 (task 29): force_integral=+1.710490e+03
  [SELF][Rank 0] Done moment 30/36 (task 29): force_integral=+1.710490e+03
  [SELF][Rank 0] Done moment 30/36 (task 29): force_integral=+1.710490e+03
  [SELF][Rank 0] Done moment 30/36 (task 29): force_integral=+1.710490e+03
  [SELF][Rank 0] Done moment 31/36 (task 30): force_integral=+0.000000e+00
  [SELF][Rank 0] Done moment 31/36 (task 30): force_integral=+0.000000e+00
  [SELF][Rank 0] Done moment 31/36 (task 30): force_integral=+0.000000e+00
  [SELF][Rank 0] Done moment 31/36 (task 30): force_integral=+0.000000e+00
  [SELF][Rank 0] Done moment 31/36 (task 30): force_integral=+0.000000e+00
  [SELF][Rank 0] Done moment 31/36 (task 30): force_integral=+0.000000e+00
  [SELF][Rank 0] Done moment 31/36 (task 30): force_integral=+0.000000e+00
  [SELF][Rank 0] Done moment 31/36 (task 30): force_integral=+0.000000e+00
  [SELF][Rank 0] Done moment 31/36 (task 30): force_integral=+0.000000e+00
  [SELF][Rank 0] Done moment 31/36 (task 30): force_integral=+0.000000e+00
  [SELF][Rank 0] Done moment 31/36 (task 30): force_integral=+0.000000e+00
  [SELF][Rank 0] Done moment 31/36 (task 30): force_integral=+0.000000e+00
  [SELF][Rank 0] Done moment 31/36 (task 30): force_integral=+0.000000e+00
  [SELF][Rank 0] Done moment 31/36 (task 30): force_integral=+0.000000e+00
  [SELF][Rank 0] Done moment 31/36 (task 30): force_integral=+0.000000e+00
  [SELF][Rank 0] Done moment 31/36 (task 30): force_integral=+0.000000e+00
  [SELF][Rank 0] Done moment 31/36 (task 30): force_integral=+0.000000e+00
  [SELF][Rank 0] Done moment 31/36 (task 30): force_integral=+0.000000e+00
  [SELF][Rank 0] Done moment 31/36 (task 30): force_integral=+0.000000e+00
  [SELF][Rank 0] Done moment 31/36 (task 30): force_integral=+0.000000e+00
  [SELF][Rank 0] Done moment 31/36 (task 30): force_integral=+0.000000e+00
  [SELF][Rank 0] Done moment 31/36 (task 30): force_integral=+0.000000e+00
  [SELF][Rank 0] Done moment 31/36 (task 30): force_integral=+0.000000e+00
  [SELF][Rank 0] Done moment 31/36 (task 30): force_integral=+0.000000e+00
  [SELF][Rank 0] Done moment 31/36 (task 30): force_integral=+0.000000e+00
  [SELF][Rank 0] Done moment 31/36 (task 30): force_integral=+0.000000e+00
  [SELF][Rank 0] Done moment 31/36 (task 30): force_integral=+0.000000e+00
  [SELF][Rank 0] Done moment 31/36 (task 30): force_integral=+0.000000e+00
  [SELF][Rank 0] Done moment 31/36 (task 30): force_integral=+0.000000e+00
  [SELF][Rank 0] Done moment 31/36 (task 30): force_integral=+0.000000e+00
  [SELF][Rank 0] Done moment 31/36 (task 30): force_integral=+0.000000e+00
  [SELF][Rank 0] Done moment 31/36 (task 30): force_integral=+0.000000e+00
  [SELF][Rank 0] Done moment 31/36 (task 30): force_integral=+0.000000e+00
  [SELF][Rank 0] Done moment 31/36 (task 30): force_integral=+0.000000e+00
  [SELF][Rank 0] Done moment 31/36 (task 30): force_integral=+0.000000e+00
  [SELF][Rank 0] Done moment 31/36 (task 30): force_integral=+0.000000e+00
  [SELF][Rank 0] Done moment 31/36 (task 30): force_integral=+0.000000e+00
  [SELF][Rank 0] Done moment 31/36 (task 30): force_integral=+0.000000e+00
  [SELF][Rank 0] Done moment 31/36 (task 30): force_integral=+0.000000e+00
  [SELF][Rank 0] Done moment 31/36 (task 30): force_integral=+0.000000e+00
  [SELF][Rank 0] Done moment 31/36 (task 30): force_integral=+0.000000e+00
  [SELF][Rank 0] Done moment 31/36 (task 30): force_integral=+0.000000e+00
  [SELF][Rank 0] Done moment 31/36 (task 30): force_integral=+0.000000e+00
  [SELF][Rank 0] Done moment 31/36 (task 30): force_integral=+0.000000e+00
  [SELF][Rank 0] Done moment 32/36 (task 31): force_integral=+0.000000e+00
  [SELF][Rank 0] Done moment 31/36 (task 30): force_integral=+0.000000e+00
  [SELF][Rank 0] Done moment 31/36 (task 30): force_integral=+0.000000e+00
  [SELF][Rank 0] Done moment 31/36 (task 30): force_integral=+0.000000e+00
  [SELF][Rank 0] Done moment 31/36 (task 30): force_integral=+0.000000e+00
  [SELF][Rank 0] Done moment 32/36 (task 31): force_integral=+0.000000e+00
  [SELF][Rank 0] Done moment 32/36 (task 31): force_integral=+0.000000e+00
  [SELF][Rank 0] Done moment 31/36 (task 30): force_integral=+0.000000e+00
  [SELF][Rank 0] Done moment 31/36 (task 30): force_integral=+0.000000e+00
  [SELF][Rank 0] Done moment 31/36 (task 30): force_integral=+0.000000e+00
  [SELF][Rank 0] Done moment 32/36 (task 31): force_integral=+0.000000e+00
  [SELF][Rank 0] Done moment 32/36 (task 31): force_integral=+0.000000e+00
  [SELF][Rank 0] Done moment 32/36 (task 31): force_integral=+0.000000e+00
  [SELF][Rank 0] Done moment 32/36 (task 31): force_integral=+0.000000e+00
  [SELF][Rank 0] Done moment 31/36 (task 30): force_integral=+0.000000e+00
  [SELF][Rank 0] Done moment 31/36 (task 30): force_integral=+0.000000e+00
  [SELF][Rank 0] Done moment 31/36 (task 30): force_integral=+0.000000e+00
  [SELF][Rank 0] Done moment 31/36 (task 30): force_integral=+0.000000e+00
  [SELF][Rank 0] Done moment 32/36 (task 31): force_integral=+0.000000e+00
  [SELF][Rank 0] Done moment 32/36 (task 31): force_integral=+0.000000e+00
  [SELF][Rank 0] Done moment 31/36 (task 30): force_integral=+0.000000e+00
  [SELF][Rank 0] Done moment 32/36 (task 31): force_integral=+0.000000e+00
  [SELF][Rank 0] Done moment 32/36 (task 31): force_integral=+0.000000e+00
  [SELF][Rank 0] Done moment 32/36 (task 31): force_integral=+0.000000e+00
  [SELF][Rank 0] Done moment 32/36 (task 31): force_integral=+0.000000e+00
  [SELF][Rank 0] Done moment 31/36 (task 30): force_integral=+0.000000e+00
  [SELF][Rank 0] Done moment 31/36 (task 30): force_integral=+0.000000e+00
  [SELF][Rank 0] Done moment 32/36 (task 31): force_integral=+0.000000e+00
  [SELF][Rank 0] Done moment 32/36 (task 31): force_integral=+0.000000e+00
  [SELF][Rank 0] Done moment 31/36 (task 30): force_integral=+0.000000e+00
  [SELF][Rank 0] Done moment 31/36 (task 30): force_integral=+0.000000e+00
  [SELF][Rank 0] Done moment 31/36 (task 30): force_integral=+0.000000e+00
  [SELF][Rank 0] Done moment 31/36 (task 30): force_integral=+0.000000e+00
  [SELF][Rank 0] Done moment 31/36 (task 30): force_integral=+0.000000e+00
  [SELF][Rank 0] Done moment 32/36 (task 31): force_integral=+0.000000e+00
  [SELF][Rank 0] Done moment 31/36 (task 30): force_integral=+0.000000e+00
  [SELF][Rank 0] Done moment 32/36 (task 31): force_integral=+0.000000e+00
  [SELF][Rank 0] Done moment 32/36 (task 31): force_integral=+0.000000e+00
  [SELF][Rank 0] Done moment 31/36 (task 30): force_integral=+0.000000e+00
  [SELF][Rank 0] Done moment 32/36 (task 31): force_integral=+0.000000e+00
  [SELF][Rank 0] Done moment 32/36 (task 31): force_integral=+0.000000e+00
  [SELF][Rank 0] Done moment 32/36 (task 31): force_integral=+0.000000e+00
  [SELF][Rank 0] Done moment 32/36 (task 31): force_integral=+0.000000e+00
  [SELF][Rank 0] Done moment 32/36 (task 31): force_integral=+0.000000e+00
  [SELF][Rank 0] Done moment 32/36 (task 31): force_integral=+0.000000e+00
  [SELF][Rank 0] Done moment 32/36 (task 31): force_integral=+0.000000e+00
  [SELF][Rank 0] Done moment 32/36 (task 31): force_integral=+0.000000e+00
  [SELF][Rank 0] Done moment 31/36 (task 30): force_integral=+0.000000e+00
  [SELF][Rank 0] Done moment 31/36 (task 30): force_integral=+0.000000e+00
  [SELF][Rank 0] Done moment 32/36 (task 31): force_integral=+0.000000e+00
  [SELF][Rank 0] Done moment 32/36 (task 31): force_integral=+0.000000e+00
  [SELF][Rank 0] Done moment 31/36 (task 30): force_integral=+0.000000e+00
  [SELF][Rank 0] Done moment 31/36 (task 30): force_integral=+0.000000e+00
  [SELF][Rank 0] Done moment 31/36 (task 30): force_integral=+0.000000e+00
  [SELF][Rank 0] Done moment 31/36 (task 30): force_integral=+0.000000e+00
  [SELF][Rank 0] Done moment 31/36 (task 30): force_integral=+0.000000e+00
  [SELF][Rank 0] Done moment 32/36 (task 31): force_integral=+0.000000e+00
  [SELF][Rank 0] Done moment 31/36 (task 30): force_integral=+0.000000e+00
  [SELF][Rank 0] Done moment 31/36 (task 30): force_integral=+0.000000e+00
  [SELF][Rank 0] Done moment 31/36 (task 30): force_integral=+0.000000e+00
  [SELF][Rank 0] Done moment 32/36 (task 31): force_integral=+0.000000e+00
  [SELF][Rank 0] Done moment 31/36 (task 30): force_integral=+0.000000e+00
  [SELF][Rank 0] Done moment 31/36 (task 30): force_integral=+0.000000e+00
  [SELF][Rank 0] Done moment 32/36 (task 31): force_integral=+0.000000e+00
  [SELF][Rank 0] Done moment 31/36 (task 30): force_integral=+0.000000e+00
  [SELF][Rank 0] Done moment 31/36 (task 30): force_integral=+0.000000e+00
  [SELF][Rank 0] Done moment 31/36 (task 30): force_integral=+0.000000e+00
  [SELF][Rank 0] Done moment 31/36 (task 30): force_integral=+0.000000e+00
  [SELF][Rank 0] Done moment 31/36 (task 30): force_integral=+0.000000e+00
  [SELF][Rank 0] Done moment 31/36 (task 30): force_integral=+0.000000e+00
  [SELF][Rank 0] Done moment 31/36 (task 30): force_integral=+0.000000e+00
  [SELF][Rank 0] Done moment 31/36 (task 30): force_integral=+0.000000e+00
  [SELF][Rank 0] Done moment 31/36 (task 30): force_integral=+0.000000e+00
  [SELF][Rank 0] Done moment 31/36 (task 30): force_integral=+0.000000e+00
  [SELF][Rank 0] Done moment 32/36 (task 31): force_integral=+0.000000e+00
  [SELF][Rank 0] Done moment 31/36 (task 30): force_integral=+0.000000e+00
  [SELF][Rank 0] Done moment 31/36 (task 30): force_integral=+0.000000e+00
  [SELF][Rank 0] Done moment 31/36 (task 30): force_integral=+0.000000e+00
  [SELF][Rank 0] Done moment 31/36 (task 30): force_integral=+0.000000e+00
  [SELF][Rank 0] Done moment 32/36 (task 31): force_integral=+0.000000e+00
  [SELF][Rank 0] Done moment 31/36 (task 30): force_integral=+0.000000e+00
  [SELF][Rank 0] Done moment 31/36 (task 30): force_integral=+0.000000e+00
  [SELF][Rank 0] Done moment 31/36 (task 30): force_integral=+0.000000e+00
  [SELF][Rank 0] Done moment 31/36 (task 30): force_integral=+0.000000e+00
  [SELF][Rank 0] Done moment 32/36 (task 31): force_integral=+0.000000e+00
  [SELF][Rank 0] Done moment 32/36 (task 31): force_integral=+0.000000e+00
  [SELF][Rank 0] Done moment 32/36 (task 31): force_integral=+0.000000e+00
  [SELF][Rank 0] Done moment 32/36 (task 31): force_integral=+0.000000e+00
  [SELF][Rank 0] Done moment 32/36 (task 31): force_integral=+0.000000e+00
  [SELF][Rank 0] Done moment 31/36 (task 30): force_integral=+0.000000e+00
  [SELF][Rank 0] Done moment 31/36 (task 30): force_integral=+0.000000e+00
  [SELF][Rank 0] Done moment 32/36 (task 31): force_integral=+0.000000e+00
  [SELF][Rank 0] Done moment 32/36 (task 31): force_integral=+0.000000e+00
  [SELF][Rank 0] Done moment 32/36 (task 31): force_integral=+0.000000e+00
  [SELF][Rank 0] Done moment 32/36 (task 31): force_integral=+0.000000e+00
  [SELF][Rank 0] Done moment 32/36 (task 31): force_integral=+0.000000e+00
  [SELF][Rank 0] Done moment 32/36 (task 31): force_integral=+0.000000e+00
  [SELF][Rank 0] Done moment 32/36 (task 31): force_integral=+0.000000e+00
  [SELF][Rank 0] Done moment 32/36 (task 31): force_integral=+0.000000e+00
  [SELF][Rank 0] Done moment 32/36 (task 31): force_integral=+0.000000e+00
  [SELF][Rank 0] Done moment 32/36 (task 31): force_integral=+0.000000e+00
  [SELF][Rank 0] Done moment 32/36 (task 31): force_integral=+0.000000e+00
  [SELF][Rank 0] Done moment 32/36 (task 31): force_integral=+0.000000e+00
  [SELF][Rank 0] Done moment 32/36 (task 31): force_integral=+0.000000e+00
  [SELF][Rank 0] Done moment 32/36 (task 31): force_integral=+0.000000e+00
  [SELF][Rank 0] Done moment 32/36 (task 31): force_integral=+0.000000e+00
  [SELF][Rank 0] Done moment 32/36 (task 31): force_integral=+0.000000e+00
  [SELF][Rank 0] Done moment 32/36 (task 31): force_integral=+0.000000e+00
  [SELF][Rank 0] Done moment 32/36 (task 31): force_integral=+0.000000e+00
  [SELF][Rank 0] Done moment 32/36 (task 31): force_integral=+0.000000e+00
  [SELF][Rank 0] Done moment 32/36 (task 31): force_integral=+0.000000e+00
  [SELF][Rank 0] Done moment 32/36 (task 31): force_integral=+0.000000e+00
  [SELF][Rank 0] Done moment 32/36 (task 31): force_integral=+0.000000e+00
  [SELF][Rank 0] Done moment 32/36 (task 31): force_integral=+0.000000e+00
  [SELF][Rank 0] Done moment 32/36 (task 31): force_integral=+0.000000e+00
  [SELF][Rank 0] Done moment 32/36 (task 31): force_integral=+0.000000e+00
  [SELF][Rank 0] Done moment 32/36 (task 31): force_integral=+0.000000e+00
  [SELF][Rank 0] Done moment 32/36 (task 31): force_integral=+0.000000e+00
  [SELF][Rank 0] Done moment 32/36 (task 31): force_integral=+0.000000e+00
  [SELF][Rank 0] Done moment 32/36 (task 31): force_integral=+0.000000e+00
  [SELF][Rank 0] Done moment 32/36 (task 31): force_integral=+0.000000e+00
  [SELF][Rank 0] Done moment 32/36 (task 31): force_integral=+0.000000e+00
  [SELF][Rank 0] Done moment 32/36 (task 31): force_integral=+0.000000e+00
  [SELF][Rank 0] Done moment 32/36 (task 31): force_integral=+0.000000e+00
  [SELF][Rank 0] Done moment 32/36 (task 31): force_integral=+0.000000e+00
  [SELF][Rank 0] Done moment 32/36 (task 31): force_integral=+0.000000e+00
  [SELF][Rank 0] Done moment 32/36 (task 31): force_integral=+0.000000e+00
  [SELF][Rank 0] Done moment 32/36 (task 31): force_integral=+0.000000e+00
  [SELF][Rank 0] Done moment 32/36 (task 31): force_integral=+0.000000e+00
  [SELF][Rank 0] Done moment 33/36 (task 32): force_integral=+0.000000e+00
  [SELF][Rank 0] Done moment 33/36 (task 32): force_integral=+0.000000e+00
  [SELF][Rank 0] Done moment 32/36 (task 31): force_integral=+0.000000e+00
  [SELF][Rank 0] Done moment 32/36 (task 31): force_integral=+0.000000e+00
  [SELF][Rank 0] Done moment 33/36 (task 32): force_integral=+0.000000e+00
  [SELF][Rank 0] Done moment 32/36 (task 31): force_integral=+0.000000e+00
  [SELF][Rank 0] Done moment 32/36 (task 31): force_integral=+0.000000e+00
  [SELF][Rank 0] Done moment 33/36 (task 32): force_integral=+0.000000e+00
  [SELF][Rank 0] Done moment 33/36 (task 32): force_integral=+0.000000e+00
  [SELF][Rank 0] Done moment 32/36 (task 31): force_integral=+0.000000e+00
  [SELF][Rank 0] Done moment 33/36 (task 32): force_integral=+0.000000e+00
  [SELF][Rank 0] Done moment 33/36 (task 32): force_integral=+0.000000e+00
  [SELF][Rank 0] Done moment 32/36 (task 31): force_integral=+0.000000e+00
  [SELF][Rank 0] Done moment 33/36 (task 32): force_integral=+0.000000e+00
  [SELF][Rank 0] Done moment 32/36 (task 31): force_integral=+0.000000e+00
  [SELF][Rank 0] Done moment 33/36 (task 32): force_integral=+0.000000e+00
  [SELF][Rank 0] Done moment 32/36 (task 31): force_integral=+0.000000e+00
  [SELF][Rank 0] Done moment 33/36 (task 32): force_integral=+0.000000e+00
  [SELF][Rank 0] Done moment 32/36 (task 31): force_integral=+0.000000e+00
  [SELF][Rank 0] Done moment 32/36 (task 31): force_integral=+0.000000e+00
  [SELF][Rank 0] Done moment 33/36 (task 32): force_integral=+0.000000e+00
  [SELF][Rank 0] Done moment 33/36 (task 32): force_integral=+0.000000e+00
  [SELF][Rank 0] Done moment 32/36 (task 31): force_integral=+0.000000e+00
  [SELF][Rank 0] Done moment 33/36 (task 32): force_integral=+0.000000e+00
  [SELF][Rank 0] Done moment 32/36 (task 31): force_integral=+0.000000e+00
  [SELF][Rank 0] Done moment 33/36 (task 32): force_integral=+0.000000e+00
  [SELF][Rank 0] Done moment 33/36 (task 32): force_integral=+0.000000e+00
  [SELF][Rank 0] Done moment 32/36 (task 31): force_integral=+0.000000e+00
  [SELF][Rank 0] Done moment 33/36 (task 32): force_integral=+0.000000e+00
  [SELF][Rank 0] Done moment 32/36 (task 31): force_integral=+0.000000e+00
  [SELF][Rank 0] Done moment 33/36 (task 32): force_integral=+0.000000e+00
  [SELF][Rank 0] Done moment 32/36 (task 31): force_integral=+0.000000e+00
  [SELF][Rank 0] Done moment 32/36 (task 31): force_integral=+0.000000e+00
  [SELF][Rank 0] Done moment 33/36 (task 32): force_integral=+0.000000e+00
  [SELF][Rank 0] Done moment 32/36 (task 31): force_integral=+0.000000e+00
  [SELF][Rank 0] Done moment 32/36 (task 31): force_integral=+0.000000e+00
  [SELF][Rank 0] Done moment 33/36 (task 32): force_integral=+0.000000e+00
  [SELF][Rank 0] Done moment 32/36 (task 31): force_integral=+0.000000e+00
  [SELF][Rank 0] Done moment 33/36 (task 32): force_integral=+0.000000e+00
  [SELF][Rank 0] Done moment 32/36 (task 31): force_integral=+0.000000e+00
  [SELF][Rank 0] Done moment 33/36 (task 32): force_integral=+0.000000e+00
  [SELF][Rank 0] Done moment 33/36 (task 32): force_integral=+0.000000e+00
  [SELF][Rank 0] Done moment 33/36 (task 32): force_integral=+0.000000e+00
  [SELF][Rank 0] Done moment 33/36 (task 32): force_integral=+0.000000e+00
  [SELF][Rank 0] Done moment 33/36 (task 32): force_integral=+0.000000e+00
  [SELF][Rank 0] Done moment 33/36 (task 32): force_integral=+0.000000e+00
  [SELF][Rank 0] Done moment 33/36 (task 32): force_integral=+0.000000e+00
  [SELF][Rank 0] Done moment 32/36 (task 31): force_integral=+0.000000e+00
  [SELF][Rank 0] Done moment 32/36 (task 31): force_integral=+0.000000e+00
  [SELF][Rank 0] Done moment 33/36 (task 32): force_integral=+0.000000e+00
  [SELF][Rank 0] Done moment 33/36 (task 32): force_integral=+0.000000e+00
  [SELF][Rank 0] Done moment 32/36 (task 31): force_integral=+0.000000e+00
  [SELF][Rank 0] Done moment 32/36 (task 31): force_integral=+0.000000e+00
  [SELF][Rank 0] Done moment 32/36 (task 31): force_integral=+0.000000e+00
  [SELF][Rank 0] Done moment 32/36 (task 31): force_integral=+0.000000e+00
  [SELF][Rank 0] Done moment 32/36 (task 31): force_integral=+0.000000e+00
  [SELF][Rank 0] Done moment 33/36 (task 32): force_integral=+0.000000e+00
  [SELF][Rank 0] Done moment 32/36 (task 31): force_integral=+0.000000e+00
  [SELF][Rank 0] Done moment 33/36 (task 32): force_integral=+0.000000e+00
  [SELF][Rank 0] Done moment 32/36 (task 31): force_integral=+0.000000e+00
  [SELF][Rank 0] Done moment 32/36 (task 31): force_integral=+0.000000e+00
  [SELF][Rank 0] Done moment 32/36 (task 31): force_integral=+0.000000e+00
  [SELF][Rank 0] Done moment 32/36 (task 31): force_integral=+0.000000e+00
  [SELF][Rank 0] Done moment 32/36 (task 31): force_integral=+0.000000e+00
  [SELF][Rank 0] Done moment 32/36 (task 31): force_integral=+0.000000e+00
  [SELF][Rank 0] Done moment 33/36 (task 32): force_integral=+0.000000e+00
  [SELF][Rank 0] Done moment 32/36 (task 31): force_integral=+0.000000e+00
  [SELF][Rank 0] Done moment 32/36 (task 31): force_integral=+0.000000e+00
  [SELF][Rank 0] Done moment 33/36 (task 32): force_integral=+0.000000e+00
  [SELF][Rank 0] Done moment 32/36 (task 31): force_integral=+0.000000e+00
  [SELF][Rank 0] Done moment 32/36 (task 31): force_integral=+0.000000e+00
  [SELF][Rank 0] Done moment 32/36 (task 31): force_integral=+0.000000e+00
  [SELF][Rank 0] Done moment 32/36 (task 31): force_integral=+0.000000e+00
  [SELF][Rank 0] Done moment 32/36 (task 31): force_integral=+0.000000e+00
  [SELF][Rank 0] Done moment 32/36 (task 31): force_integral=+0.000000e+00
  [SELF][Rank 0] Done moment 33/36 (task 32): force_integral=+0.000000e+00
  [SELF][Rank 0] Done moment 33/36 (task 32): force_integral=+0.000000e+00
  [SELF][Rank 0] Done moment 32/36 (task 31): force_integral=+0.000000e+00
  [SELF][Rank 0] Done moment 32/36 (task 31): force_integral=+0.000000e+00
  [SELF][Rank 0] Done moment 32/36 (task 31): force_integral=+0.000000e+00
  [SELF][Rank 0] Done moment 33/36 (task 32): force_integral=+0.000000e+00
  [SELF][Rank 0] Done moment 32/36 (task 31): force_integral=+0.000000e+00
  [SELF][Rank 0] Done moment 32/36 (task 31): force_integral=+0.000000e+00
  [SELF][Rank 0] Done moment 32/36 (task 31): force_integral=+0.000000e+00
  [SELF][Rank 0] Done moment 32/36 (task 31): force_integral=+0.000000e+00
  [SELF][Rank 0] Done moment 32/36 (task 31): force_integral=+0.000000e+00
  [SELF][Rank 0] Done moment 33/36 (task 32): force_integral=+0.000000e+00
  [SELF][Rank 0] Done moment 33/36 (task 32): force_integral=+0.000000e+00
  [SELF][Rank 0] Done moment 33/36 (task 32): force_integral=+0.000000e+00
  [SELF][Rank 0] Done moment 33/36 (task 32): force_integral=+0.000000e+00
  [SELF][Rank 0] Done moment 33/36 (task 32): force_integral=+0.000000e+00
  [SELF][Rank 0] Done moment 33/36 (task 32): force_integral=+0.000000e+00
  [SELF][Rank 0] Done moment 32/36 (task 31): force_integral=+0.000000e+00
  [SELF][Rank 0] Done moment 32/36 (task 31): force_integral=+0.000000e+00
  [SELF][Rank 0] Done moment 33/36 (task 32): force_integral=+0.000000e+00
  [SELF][Rank 0] Done moment 33/36 (task 32): force_integral=+0.000000e+00
  [SELF][Rank 0] Done moment 33/36 (task 32): force_integral=+0.000000e+00
  [SELF][Rank 0] Done moment 33/36 (task 32): force_integral=+0.000000e+00
  [SELF][Rank 0] Done moment 33/36 (task 32): force_integral=+0.000000e+00
  [SELF][Rank 0] Done moment 33/36 (task 32): force_integral=+0.000000e+00
  [SELF][Rank 0] Done moment 33/36 (task 32): force_integral=+0.000000e+00
  [SELF][Rank 0] Done moment 33/36 (task 32): force_integral=+0.000000e+00
  [SELF][Rank 0] Done moment 33/36 (task 32): force_integral=+0.000000e+00
  [SELF][Rank 0] Done moment 33/36 (task 32): force_integral=+0.000000e+00
  [SELF][Rank 0] Done moment 33/36 (task 32): force_integral=+0.000000e+00
  [SELF][Rank 0] Done moment 33/36 (task 32): force_integral=+0.000000e+00
  [SELF][Rank 0] Done moment 33/36 (task 32): force_integral=+0.000000e+00
  [SELF][Rank 0] Done moment 33/36 (task 32): force_integral=+0.000000e+00
  [SELF][Rank 0] Done moment 33/36 (task 32): force_integral=+0.000000e+00
  [SELF][Rank 0] Done moment 33/36 (task 32): force_integral=+0.000000e+00
  [SELF][Rank 0] Done moment 33/36 (task 32): force_integral=+0.000000e+00
  [SELF][Rank 0] Done moment 33/36 (task 32): force_integral=+0.000000e+00
  [SELF][Rank 0] Done moment 33/36 (task 32): force_integral=+0.000000e+00
  [SELF][Rank 0] Done moment 33/36 (task 32): force_integral=+0.000000e+00
  [SELF][Rank 0] Done moment 33/36 (task 32): force_integral=+0.000000e+00
  [SELF][Rank 0] Done moment 33/36 (task 32): force_integral=+0.000000e+00
  [SELF][Rank 0] Done moment 33/36 (task 32): force_integral=+0.000000e+00
  [SELF][Rank 0] Done moment 33/36 (task 32): force_integral=+0.000000e+00
  [SELF][Rank 0] Done moment 33/36 (task 32): force_integral=+0.000000e+00
  [SELF][Rank 0] Done moment 33/36 (task 32): force_integral=+0.000000e+00
  [SELF][Rank 0] Done moment 33/36 (task 32): force_integral=+0.000000e+00
  [SELF][Rank 0] Done moment 33/36 (task 32): force_integral=+0.000000e+00
  [SELF][Rank 0] Done moment 33/36 (task 32): force_integral=+0.000000e+00
  [SELF][Rank 0] Done moment 33/36 (task 32): force_integral=+0.000000e+00
  [SELF][Rank 0] Done moment 33/36 (task 32): force_integral=+0.000000e+00
  [SELF][Rank 0] Done moment 33/36 (task 32): force_integral=+0.000000e+00
  [SELF][Rank 0] Done moment 33/36 (task 32): force_integral=+0.000000e+00
  [SELF][Rank 0] Done moment 34/36 (task 33): force_integral=+0.000000e+00
  [SELF][Rank 0] Done moment 33/36 (task 32): force_integral=+0.000000e+00
  [SELF][Rank 0] Done moment 34/36 (task 33): force_integral=+0.000000e+00
  [SELF][Rank 0] Done moment 33/36 (task 32): force_integral=+0.000000e+00
  [SELF][Rank 0] Done moment 34/36 (task 33): force_integral=+0.000000e+00
  [SELF][Rank 0] Done moment 33/36 (task 32): force_integral=+0.000000e+00
  [SELF][Rank 0] Done moment 34/36 (task 33): force_integral=+0.000000e+00
  [SELF][Rank 0] Done moment 33/36 (task 32): force_integral=+0.000000e+00
  [SELF][Rank 0] Done moment 34/36 (task 33): force_integral=+0.000000e+00
  [SELF][Rank 0] Done moment 34/36 (task 33): force_integral=+0.000000e+00
  [SELF][Rank 0] Done moment 34/36 (task 33): force_integral=+0.000000e+00
  [SELF][Rank 0] Done moment 34/36 (task 33): force_integral=+0.000000e+00
  [SELF][Rank 0] Done moment 34/36 (task 33): force_integral=+0.000000e+00
  [SELF][Rank 0] Done moment 33/36 (task 32): force_integral=+0.000000e+00
  [SELF][Rank 0] Done moment 34/36 (task 33): force_integral=+0.000000e+00
  [SELF][Rank 0] Done moment 33/36 (task 32): force_integral=+0.000000e+00
  [SELF][Rank 0] Done moment 33/36 (task 32): force_integral=+0.000000e+00
  [SELF][Rank 0] Done moment 33/36 (task 32): force_integral=+0.000000e+00
  [SELF][Rank 0] Done moment 33/36 (task 32): force_integral=+0.000000e+00
  [SELF][Rank 0] Done moment 33/36 (task 32): force_integral=+0.000000e+00
  [SELF][Rank 0] Done moment 34/36 (task 33): force_integral=+0.000000e+00
  [SELF][Rank 0] Done moment 33/36 (task 32): force_integral=+0.000000e+00
  [SELF][Rank 0] Done moment 34/36 (task 33): force_integral=+0.000000e+00
  [SELF][Rank 0] Done moment 33/36 (task 32): force_integral=+0.000000e+00
  [SELF][Rank 0] Done moment 34/36 (task 33): force_integral=+0.000000e+00
  [SELF][Rank 0] Done moment 34/36 (task 33): force_integral=+0.000000e+00
  [SELF][Rank 0] Done moment 34/36 (task 33): force_integral=+0.000000e+00
  [SELF][Rank 0] Done moment 33/36 (task 32): force_integral=+0.000000e+00
  [SELF][Rank 0] Done moment 34/36 (task 33): force_integral=+0.000000e+00
  [SELF][Rank 0] Done moment 34/36 (task 33): force_integral=+0.000000e+00
  [SELF][Rank 0] Done moment 33/36 (task 32): force_integral=+0.000000e+00
  [SELF][Rank 0] Done moment 34/36 (task 33): force_integral=+0.000000e+00
  [SELF][Rank 0] Done moment 34/36 (task 33): force_integral=+0.000000e+00
  [SELF][Rank 0] Done moment 33/36 (task 32): force_integral=+0.000000e+00
  [SELF][Rank 0] Done moment 33/36 (task 32): force_integral=+0.000000e+00
  [SELF][Rank 0] Done moment 34/36 (task 33): force_integral=+0.000000e+00
  [SELF][Rank 0] Done moment 33/36 (task 32): force_integral=+0.000000e+00
  [SELF][Rank 0] Done moment 33/36 (task 32): force_integral=+0.000000e+00
  [SELF][Rank 0] Done moment 33/36 (task 32): force_integral=+0.000000e+00
  [SELF][Rank 0] Done moment 33/36 (task 32): force_integral=+0.000000e+00
  [SELF][Rank 0] Done moment 34/36 (task 33): force_integral=+0.000000e+00
  [SELF][Rank 0] Done moment 34/36 (task 33): force_integral=+0.000000e+00
  [SELF][Rank 0] Done moment 33/36 (task 32): force_integral=+0.000000e+00
  [SELF][Rank 0] Done moment 34/36 (task 33): force_integral=+0.000000e+00
  [SELF][Rank 0] Done moment 34/36 (task 33): force_integral=+0.000000e+00
  [SELF][Rank 0] Done moment 34/36 (task 33): force_integral=+0.000000e+00
  [SELF][Rank 0] Done moment 34/36 (task 33): force_integral=+0.000000e+00
  [SELF][Rank 0] Done moment 34/36 (task 33): force_integral=+0.000000e+00
  [SELF][Rank 0] Done moment 34/36 (task 33): force_integral=+0.000000e+00
  [SELF][Rank 0] Done moment 33/36 (task 32): force_integral=+0.000000e+00
  [SELF][Rank 0] Done moment 33/36 (task 32): force_integral=+0.000000e+00
  [SELF][Rank 0] Done moment 34/36 (task 33): force_integral=+0.000000e+00
  [SELF][Rank 0] Done moment 34/36 (task 33): force_integral=+0.000000e+00
  [SELF][Rank 0] Done moment 34/36 (task 33): force_integral=+0.000000e+00
  [SELF][Rank 0] Done moment 33/36 (task 32): force_integral=+0.000000e+00
  [SELF][Rank 0] Done moment 33/36 (task 32): force_integral=+0.000000e+00
  [SELF][Rank 0] Done moment 33/36 (task 32): force_integral=+0.000000e+00
  [SELF][Rank 0] Done moment 33/36 (task 32): force_integral=+0.000000e+00
  [SELF][Rank 0] Done moment 34/36 (task 33): force_integral=+0.000000e+00
  [SELF][Rank 0] Done moment 33/36 (task 32): force_integral=+0.000000e+00
  [SELF][Rank 0] Done moment 33/36 (task 32): force_integral=+0.000000e+00
  [SELF][Rank 0] Done moment 33/36 (task 32): force_integral=+0.000000e+00
  [SELF][Rank 0] Done moment 33/36 (task 32): force_integral=+0.000000e+00
  [SELF][Rank 0] Done moment 34/36 (task 33): force_integral=+0.000000e+00
  [SELF][Rank 0] Done moment 33/36 (task 32): force_integral=+0.000000e+00
  [SELF][Rank 0] Done moment 33/36 (task 32): force_integral=+0.000000e+00
  [SELF][Rank 0] Done moment 33/36 (task 32): force_integral=+0.000000e+00
  [SELF][Rank 0] Done moment 33/36 (task 32): force_integral=+0.000000e+00
  [SELF][Rank 0] Done moment 34/36 (task 33): force_integral=+0.000000e+00
  [SELF][Rank 0] Done moment 33/36 (task 32): force_integral=+0.000000e+00
  [SELF][Rank 0] Done moment 33/36 (task 32): force_integral=+0.000000e+00
  [SELF][Rank 0] Done moment 33/36 (task 32): force_integral=+0.000000e+00
  [SELF][Rank 0] Done moment 34/36 (task 33): force_integral=+0.000000e+00
  [SELF][Rank 0] Done moment 34/36 (task 33): force_integral=+0.000000e+00
  [SELF][Rank 0] Done moment 33/36 (task 32): force_integral=+0.000000e+00
  [SELF][Rank 0] Done moment 34/36 (task 33): force_integral=+0.000000e+00
  [SELF][Rank 0] Done moment 34/36 (task 33): force_integral=+0.000000e+00
  [SELF][Rank 0] Done moment 33/36 (task 32): force_integral=+0.000000e+00
  [SELF][Rank 0] Done moment 33/36 (task 32): force_integral=+0.000000e+00
  [SELF][Rank 0] Done moment 33/36 (task 32): force_integral=+0.000000e+00
  [SELF][Rank 0] Done moment 34/36 (task 33): force_integral=+0.000000e+00
  [SELF][Rank 0] Done moment 33/36 (task 32): force_integral=+0.000000e+00
  [SELF][Rank 0] Done moment 33/36 (task 32): force_integral=+0.000000e+00
  [SELF][Rank 0] Done moment 33/36 (task 32): force_integral=+0.000000e+00
  [SELF][Rank 0] Done moment 33/36 (task 32): force_integral=+0.000000e+00
  [SELF][Rank 0] Done moment 33/36 (task 32): force_integral=+0.000000e+00
  [SELF][Rank 0] Done moment 33/36 (task 32): force_integral=+0.000000e+00
  [SELF][Rank 0] Done moment 34/36 (task 33): force_integral=+0.000000e+00
  [SELF][Rank 0] Done moment 33/36 (task 32): force_integral=+0.000000e+00
  [SELF][Rank 0] Done moment 33/36 (task 32): force_integral=+0.000000e+00
  [SELF][Rank 0] Done moment 33/36 (task 32): force_integral=+0.000000e+00
  [SELF][Rank 0] Done moment 34/36 (task 33): force_integral=+0.000000e+00
  [SELF][Rank 0] Done moment 34/36 (task 33): force_integral=+0.000000e+00
  [SELF][Rank 0] Done moment 34/36 (task 33): force_integral=+0.000000e+00
  [SELF][Rank 0] Done moment 34/36 (task 33): force_integral=+0.000000e+00
  [SELF][Rank 0] Done moment 34/36 (task 33): force_integral=+0.000000e+00
  [SELF][Rank 0] Done moment 34/36 (task 33): force_integral=+0.000000e+00
  [SELF][Rank 0] Done moment 34/36 (task 33): force_integral=+0.000000e+00
  [SELF][Rank 0] Done moment 34/36 (task 33): force_integral=+0.000000e+00
  [SELF][Rank 0] Done moment 34/36 (task 33): force_integral=+0.000000e+00
  [SELF][Rank 0] Done moment 34/36 (task 33): force_integral=+0.000000e+00
  [SELF][Rank 0] Done moment 33/36 (task 32): force_integral=+0.000000e+00
  [SELF][Rank 0] Done moment 33/36 (task 32): force_integral=+0.000000e+00
  [SELF][Rank 0] Done moment 34/36 (task 33): force_integral=+0.000000e+00
  [SELF][Rank 0] Done moment 34/36 (task 33): force_integral=+0.000000e+00
  [SELF][Rank 0] Done moment 34/36 (task 33): force_integral=+0.000000e+00
  [SELF][Rank 0] Done moment 34/36 (task 33): force_integral=+0.000000e+00
  [SELF][Rank 0] Done moment 34/36 (task 33): force_integral=+0.000000e+00
  [SELF][Rank 0] Done moment 34/36 (task 33): force_integral=+0.000000e+00
  [SELF][Rank 0] Done moment 34/36 (task 33): force_integral=+0.000000e+00
  [SELF][Rank 0] Done moment 34/36 (task 33): force_integral=+0.000000e+00
  [SELF][Rank 0] Done moment 34/36 (task 33): force_integral=+0.000000e+00
  [SELF][Rank 0] Done moment 34/36 (task 33): force_integral=+0.000000e+00
  [SELF][Rank 0] Done moment 34/36 (task 33): force_integral=+0.000000e+00
  [SELF][Rank 0] Done moment 34/36 (task 33): force_integral=+0.000000e+00
  [SELF][Rank 0] Done moment 34/36 (task 33): force_integral=+0.000000e+00
  [SELF][Rank 0] Done moment 34/36 (task 33): force_integral=+0.000000e+00
  [SELF][Rank 0] Done moment 34/36 (task 33): force_integral=+0.000000e+00
  [SELF][Rank 0] Done moment 34/36 (task 33): force_integral=+0.000000e+00
  [SELF][Rank 0] Done moment 34/36 (task 33): force_integral=+0.000000e+00
  [SELF][Rank 0] Done moment 34/36 (task 33): force_integral=+0.000000e+00
  [SELF][Rank 0] Done moment 34/36 (task 33): force_integral=+0.000000e+00

Elapsed run time = 37800.2903 s
  [SELF][Rank 0] Done moment 35/36 (task 34): force_integral=+5.284936e+03

Elapsed run time = 37837.5390 s
  [SELF][Rank 0] Done moment 34/36 (task 33): force_integral=+0.000000e+00

Elapsed run time = 37872.7204 s
  [SELF][Rank 0] Done moment 34/36 (task 33): force_integral=+0.000000e+00

Elapsed run time = 37875.1632 s
  [SELF][Rank 0] Done moment 34/36 (task 33): force_integral=+0.000000e+00

Elapsed run time = 37883.3651 s
  [SELF][Rank 0] Done moment 34/36 (task 33): force_integral=+0.000000e+00

Elapsed run time = 37889.1090 s
  [SELF][Rank 0] Done moment 34/36 (task 33): force_integral=+0.000000e+00

Elapsed run time = 37894.5984 s
  [SELF][Rank 0] Done moment 35/36 (task 34): force_integral=+5.284936e+03

Elapsed run time = 37907.2609 s
  [SELF][Rank 0] Done moment 34/36 (task 33): force_integral=+0.000000e+00

Elapsed run time = 37907.4442 s
  [SELF][Rank 0] Done moment 34/36 (task 33): force_integral=+0.000000e+00

Elapsed run time = 37918.5593 s
  [SELF][Rank 0] Done moment 35/36 (task 34): force_integral=+5.284936e+03

Elapsed run time = 37923.7000 s
  [SELF][Rank 0] Done moment 35/36 (task 34): force_integral=+5.284936e+03

Elapsed run time = 37926.6997 s
  [SELF][Rank 0] Done moment 34/36 (task 33): force_integral=+0.000000e+00

Elapsed run time = 37925.5458 s
  [SELF][Rank 0] Done moment 35/36 (task 34): force_integral=+5.284936e+03

Elapsed run time = 37930.1222 s
  [SELF][Rank 0] Done moment 34/36 (task 33): force_integral=+0.000000e+00

Elapsed run time = 37940.3203 s
  [SELF][Rank 0] Done moment 34/36 (task 33): force_integral=+0.000000e+00

Elapsed run time = 37958.8459 s
  [SELF][Rank 0] Done moment 34/36 (task 33): force_integral=+0.000000e+00

Elapsed run time = 37973.4746 s
  [SELF][Rank 0] Done moment 34/36 (task 33): force_integral=+0.000000e+00

Elapsed run time = 37975.7298 s
  [SELF][Rank 0] Done moment 35/36 (task 34): force_integral=+5.284936e+03

Elapsed run time = 37978.2354 s
  [SELF][Rank 0] Done moment 35/36 (task 34): force_integral=+5.284936e+03

Elapsed run time = 37984.1908 s
  [SELF][Rank 0] Done moment 35/36 (task 34): force_integral=+5.284936e+03

Elapsed run time = 37983.6365 s
  [SELF][Rank 0] Done moment 35/36 (task 34): force_integral=+5.284936e+03

Elapsed run time = 37990.4836 s
  [SELF][Rank 0] Done moment 35/36 (task 34): force_integral=+5.284936e+03

Elapsed run time = 37993.6391 s
  [SELF][Rank 0] Done moment 35/36 (task 34): force_integral=+5.284936e+03

Elapsed run time = 38005.4957 s
  [SELF][Rank 0] Done moment 35/36 (task 34): force_integral=+5.284936e+03

Elapsed run time = 38022.3660 s
  [SELF][Rank 0] Done moment 34/36 (task 33): force_integral=+0.000000e+00

Elapsed run time = 38035.5159 s
  [SELF][Rank 0] Done moment 34/36 (task 33): force_integral=+0.000000e+00

Elapsed run time = 38036.2845 s
  [SELF][Rank 0] Done moment 35/36 (task 34): force_integral=+5.284936e+03

Elapsed run time = 38043.2847 s
  [SELF][Rank 0] Done moment 34/36 (task 33): force_integral=+0.000000e+00

Elapsed run time = 38045.3432 s
  [SELF][Rank 0] Done moment 35/36 (task 34): force_integral=+5.284936e+03

Elapsed run time = 38059.0422 s
  [SELF][Rank 0] Done moment 35/36 (task 34): force_integral=+5.284936e+03

Elapsed run time = 38063.1766 s
  [SELF][Rank 0] Done moment 35/36 (task 34): force_integral=+5.284936e+03

Elapsed run time = 38075.4086 s
  [SELF][Rank 0] Done moment 34/36 (task 33): force_integral=+0.000000e+00

Elapsed run time = 38084.7578 s
  [SELF][Rank 0] Done moment 34/36 (task 33): force_integral=+0.000000e+00

Elapsed run time = 38085.9898 s
  [SELF][Rank 0] Done moment 35/36 (task 34): force_integral=+5.284936e+03

Elapsed run time = 38087.4643 s
  [SELF][Rank 0] Done moment 34/36 (task 33): force_integral=+0.000000e+00

Elapsed run time = 38092.6864 s
  [SELF][Rank 0] Done moment 34/36 (task 33): force_integral=+0.000000e+00

Elapsed run time = 38093.5212 s
  [SELF][Rank 0] Done moment 35/36 (task 34): force_integral=+5.284936e+03

Elapsed run time = 38101.5499 s
  [SELF][Rank 0] Done moment 34/36 (task 33): force_integral=+0.000000e+00

Elapsed run time = 38141.2606 s
  [SELF][Rank 0] Done moment 35/36 (task 34): force_integral=+5.284936e+03

Elapsed run time = 38152.7867 s
  [SELF][Rank 0] Done moment 34/36 (task 33): force_integral=+0.000000e+00

Elapsed run time = 38152.9231 s
  [SELF][Rank 0] Done moment 35/36 (task 34): force_integral=+5.284936e+03

Elapsed run time = 38177.7537 s
  [SELF][Rank 0] Done moment 34/36 (task 33): force_integral=+0.000000e+00

Elapsed run time = 38185.9229 s
  [SELF][Rank 0] Done moment 35/36 (task 34): force_integral=+5.284936e+03

Elapsed run time = 38199.0476 s
  [SELF][Rank 0] Done moment 35/36 (task 34): force_integral=+5.284936e+03

Elapsed run time = 38207.8137 s
  [SELF][Rank 0] Done moment 34/36 (task 33): force_integral=+0.000000e+00

Elapsed run time = 38209.0976 s
  [SELF][Rank 0] Done moment 34/36 (task 33): force_integral=+0.000000e+00

Elapsed run time = 38220.7818 s
  [SELF][Rank 0] Done moment 35/36 (task 34): force_integral=+5.284936e+03

Elapsed run time = 38241.3169 s
  [SELF][Rank 0] Done moment 35/36 (task 34): force_integral=+5.284936e+03

Elapsed run time = 38250.8953 s
  [SELF][Rank 0] Done moment 34/36 (task 33): force_integral=+0.000000e+00

Elapsed run time = 38254.1843 s
  [SELF][Rank 0] Done moment 34/36 (task 33): force_integral=+0.000000e+00

Elapsed run time = 38256.3442 s
  [SELF][Rank 0] Done moment 35/36 (task 34): force_integral=+5.284936e+03

Elapsed run time = 38258.0523 s
  [SELF][Rank 0] Done moment 34/36 (task 33): force_integral=+0.000000e+00

Elapsed run time = 38268.3587 s
  [SELF][Rank 0] Done moment 35/36 (task 34): force_integral=+5.284936e+03

Elapsed run time = 38276.5972 s
  [SELF][Rank 0] Done moment 35/36 (task 34): force_integral=+5.284936e+03

Elapsed run time = 38285.5881 s
  [SELF][Rank 0] Done moment 34/36 (task 33): force_integral=+0.000000e+00

Elapsed run time = 38289.6499 s
  [SELF][Rank 0] Done moment 34/36 (task 33): force_integral=+0.000000e+00

Elapsed run time = 38296.5452 s
  [SELF][Rank 0] Done moment 35/36 (task 34): force_integral=+5.284936e+03

Elapsed run time = 38310.9109 s
  [SELF][Rank 0] Done moment 34/36 (task 33): force_integral=+0.000000e+00

Elapsed run time = 38360.2940 s
  [SELF][Rank 0] Done moment 34/36 (task 33): force_integral=+0.000000e+00

Elapsed run time = 38377.7908 s
  [SELF][Rank 0] Done moment 35/36 (task 34): force_integral=+5.284936e+03

Elapsed run time = 38391.1962 s
  [SELF][Rank 0] Done moment 35/36 (task 34): force_integral=+5.284936e+03

Elapsed run time = 38398.3453 s
  [SELF][Rank 0] Done moment 34/36 (task 33): force_integral=+0.000000e+00

Elapsed run time = 38398.3609 s
  [SELF][Rank 0] Done moment 34/36 (task 33): force_integral=+0.000000e+00

Elapsed run time = 38422.7583 s
  [SELF][Rank 0] Done moment 35/36 (task 34): force_integral=+5.284936e+03

Elapsed run time = 38426.7362 s
  [SELF][Rank 0] Done moment 34/36 (task 33): force_integral=+0.000000e+00

Elapsed run time = 38438.5472 s
  [SELF][Rank 0] Done moment 35/36 (task 34): force_integral=+5.284936e+03

Elapsed run time = 38447.4009 s
  [SELF][Rank 0] Done moment 35/36 (task 34): force_integral=+5.284936e+03

Elapsed run time = 38451.4850 s
  [SELF][Rank 0] Done moment 35/36 (task 34): force_integral=+5.284936e+03

Elapsed run time = 38465.2679 s
  [SELF][Rank 0] Done moment 34/36 (task 33): force_integral=+0.000000e+00

Elapsed run time = 38465.6101 s
  [SELF][Rank 0] Done moment 34/36 (task 33): force_integral=+0.000000e+00

Elapsed run time = 38468.6495 s
  [SELF][Rank 0] Done moment 35/36 (task 34): force_integral=+5.284936e+03

Elapsed run time = 38468.8734 s
  [SELF][Rank 0] Done moment 34/36 (task 33): force_integral=+0.000000e+00

Elapsed run time = 38481.4913 s
  [SELF][Rank 0] Done moment 35/36 (task 34): force_integral=+5.284936e+03

Elapsed run time = 38499.2338 s
  [SELF][Rank 0] Done moment 35/36 (task 34): force_integral=+5.284936e+03

Elapsed run time = 38500.6545 s
  [SELF][Rank 0] Done moment 34/36 (task 33): force_integral=+0.000000e+00

Elapsed run time = 38513.2653 s
  [SELF][Rank 0] Done moment 35/36 (task 34): force_integral=+5.284936e+03

Elapsed run time = 38514.3879 s
  [SELF][Rank 0] Done moment 34/36 (task 33): force_integral=+0.000000e+00

Elapsed run time = 38517.5630 s
  [SELF][Rank 0] Done moment 34/36 (task 33): force_integral=+0.000000e+00

Elapsed run time = 38519.9595 s
  [SELF][Rank 0] Done moment 34/36 (task 33): force_integral=+0.000000e+00

Elapsed run time = 38522.0578 s
  [SELF][Rank 0] Done moment 35/36 (task 34): force_integral=+5.284936e+03

Elapsed run time = 38536.1769 s
  [SELF][Rank 0] Done moment 35/36 (task 34): force_integral=+5.284936e+03

Elapsed run time = 38536.8817 s
  [SELF][Rank 0] Done moment 34/36 (task 33): force_integral=+0.000000e+00

Elapsed run time = 38539.9922 s
  [SELF][Rank 0] Done moment 34/36 (task 33): force_integral=+0.000000e+00

Elapsed run time = 38540.7281 s
  [SELF][Rank 0] Done moment 34/36 (task 33): force_integral=+0.000000e+00

Elapsed run time = 38544.2095 s
  [SELF][Rank 0] Done moment 35/36 (task 34): force_integral=+5.284936e+03

Elapsed run time = 38545.1301 s
  [SELF][Rank 0] Done moment 34/36 (task 33): force_integral=+0.000000e+00

Elapsed run time = 38549.6905 s
  [SELF][Rank 0] Done moment 34/36 (task 33): force_integral=+0.000000e+00

Elapsed run time = 38561.1304 s
  [SELF][Rank 0] Done moment 34/36 (task 33): force_integral=+0.000000e+00

Elapsed run time = 38564.4730 s
  [SELF][Rank 0] Done moment 35/36 (task 34): force_integral=+5.284936e+03

Elapsed run time = 38563.4218 s
  [SELF][Rank 0] Done moment 35/36 (task 34): force_integral=+5.284936e+03

Elapsed run time = 38566.4970 s
  [SELF][Rank 0] Done moment 34/36 (task 33): force_integral=+0.000000e+00

Elapsed run time = 38568.1412 s
  [SELF][Rank 0] Done moment 34/36 (task 33): force_integral=+0.000000e+00

Elapsed run time = 38570.9266 s
  [SELF][Rank 0] Done moment 35/36 (task 34): force_integral=+5.284936e+03

Elapsed run time = 38569.7294 s
  [SELF][Rank 0] Done moment 34/36 (task 33): force_integral=+0.000000e+00

Elapsed run time = 38573.8886 s
  [SELF][Rank 0] Done moment 35/36 (task 34): force_integral=+5.284936e+03

Elapsed run time = 38576.3947 s
  [SELF][Rank 0] Done moment 34/36 (task 33): force_integral=+0.000000e+00

Elapsed run time = 38579.4062 s
  [SELF][Rank 0] Done moment 35/36 (task 34): force_integral=+5.284936e+03

Elapsed run time = 38578.5716 s
  [SELF][Rank 0] Done moment 35/36 (task 34): force_integral=+5.284936e+03

Elapsed run time = 38581.1258 s
  [SELF][Rank 0] Done moment 35/36 (task 34): force_integral=+5.284936e+03

Elapsed run time = 38583.9356 s
  [SELF][Rank 0] Done moment 35/36 (task 34): force_integral=+5.284936e+03

Elapsed run time = 38585.3524 s
  [SELF][Rank 0] Done moment 34/36 (task 33): force_integral=+0.000000e+00

Elapsed run time = 38589.6003 s
  [SELF][Rank 0] Done moment 34/36 (task 33): force_integral=+0.000000e+00

Elapsed run time = 38598.4600 s
  [SELF][Rank 0] Done moment 34/36 (task 33): force_integral=+0.000000e+00

Elapsed run time = 38600.0130 s
  [SELF][Rank 0] Done moment 35/36 (task 34): force_integral=+5.284936e+03

Elapsed run time = 38600.2168 s
  [SELF][Rank 0] Done moment 35/36 (task 34): force_integral=+5.284936e+03

Elapsed run time = 38601.3521 s
  [SELF][Rank 0] Done moment 34/36 (task 33): force_integral=+0.000000e+00

Elapsed run time = 38605.8040 s
  [SELF][Rank 0] Done moment 35/36 (task 34): force_integral=+5.284936e+03

Elapsed run time = 38609.8471 s
  [SELF][Rank 0] Done moment 35/36 (task 34): force_integral=+5.284936e+03

Elapsed run time = 38612.5721 s
  [SELF][Rank 0] Done moment 35/36 (task 34): force_integral=+5.284936e+03

Elapsed run time = 38613.9785 s
  [SELF][Rank 0] Done moment 35/36 (task 34): force_integral=+5.284936e+03

Elapsed run time = 38617.0671 s
  [SELF][Rank 0] Done moment 35/36 (task 34): force_integral=+5.284936e+03

Elapsed run time = 38624.7139 s
  [SELF][Rank 0] Done moment 35/36 (task 34): force_integral=+5.284936e+03

Elapsed run time = 38641.0012 s
  [SELF][Rank 0] Done moment 35/36 (task 34): force_integral=+5.284936e+03

Elapsed run time = 38672.3126 s
  [SELF][Rank 0] Done moment 35/36 (task 34): force_integral=+5.284936e+03

Elapsed run time = 38684.1646 s
  [SELF][Rank 0] Done moment 35/36 (task 34): force_integral=+5.284936e+03

Elapsed run time = 38716.4462 s
  [SELF][Rank 0] Done moment 35/36 (task 34): force_integral=+5.284936e+03

Elapsed run time = 38755.6793 s
  [SELF][Rank 0] Done moment 35/36 (task 34): force_integral=+5.284936e+03

[WALLTIME GUARD] Elapsed 10.77h >= budget limit (10.50h).
[WALLTIME GUARD] Safely pausing simulation before moment 36/36 (task 35).

[STATUS: PENDING] Task 7 reached walltime budget limit (10.5h).
[STATUS: PENDING] Checkpointed progress safely recorded on disk. Ready for continuation job.

Elapsed run time = 38771.9431 s
  [SELF][Rank 0] Done moment 34/36 (task 33): force_integral=+0.000000e+00

Elapsed run time = 38799.2286 s
  [SELF][Rank 0] Done moment 34/36 (task 33): force_integral=+0.000000e+00

Elapsed run time = 38801.5803 s
  [SELF][Rank 0] Done moment 35/36 (task 34): force_integral=+5.284936e+03

Elapsed run time = 38826.2534 s
  [SELF][Rank 0] Done moment 35/36 (task 34): force_integral=+5.284936e+03

Elapsed run time = 38838.6096 s
  [SELF][Rank 0] Done moment 34/36 (task 33): force_integral=+0.000000e+00

Elapsed run time = 38847.5772 s
  [SELF][Rank 0] Done moment 34/36 (task 33): force_integral=+0.000000e+00

Elapsed run time = 38869.2469 s
  [SELF][Rank 0] Done moment 35/36 (task 34): force_integral=+5.284936e+03

Elapsed run time = 38870.4241 s
  [SELF][Rank 0] Done moment 35/36 (task 34): force_integral=+5.284936e+03

Elapsed run time = 38877.6885 s
  [SELF][Rank 0] Done moment 35/36 (task 34): force_integral=+5.284936e+03

Elapsed run time = 38885.6523 s
  [SELF][Rank 0] Done moment 35/36 (task 34): force_integral=+5.284936e+03

Elapsed run time = 38907.3155 s
Command succeeded cleanly.
Clutch Multi-Node Task 7 (Clutch: Menger Spire (N=3) vs Sierpinski Sieve (N=3), d=80nm, th=30.0deg) finished with exit code 0 at Sat Sep 26 09:23:22 AM EDT 2026.
================================================================================
[AUTO-RESUBMIT] Task 7 reached 12-hour limit with pending moments.
Checkpoints safely preserved. Launching continuation job for Task 7...
================================================================================
  Continuity Job Queued: Submitted batch job 8345850
Synchronizing progress and pushing reports for Task 7 (exit code 0)...
