================================================================================
CASIMIR_CLUTCH MULTI-NODE TASK: 3 / 10
Target: Angled Tasks (theta = 30, 45, 60 deg, R = 60, N = 3, RAM ~285 GB)
Topology: 2 nodes, 64 ranks/node, 2 cpus/rank (3.75 GB RAM/rank, 142 GB/node)
Host: x1002c1s3b0n1
Started: Wed Sep 23 05:55:12 PM EDT 2026
================================================================================
Reading task parameters from sweep_configs_clutch/config_003.json...
Executing Quantum Clutch Simulation on 2 Distributed Nodes (general partition, 512 GB total RAM)
Label: Clutch: Menger Spire (N=3) vs Sierpinski Sieve (N=3), d=40nm, th=45.0deg
Params: d=0.04 um, N_top=3, N_bot=3, mat=Gold, res=60, nmax=1, theta=45.0 deg, alpha=75.0 deg, r_tip=5.0 nm, eps=1.0
Launching Meep across 2 nodes (128 MPI ranks, 64 ranks/node, 2 cpus/rank)...
==================================================
RUNNING CRASH-PROOF MEEP SIMULATION WRAPPER
==================================================
Executing: srun -n 128 --ntasks-per-node=64 -c 2 /N/u/gogordon/BigRed200/.conda/envs/meep/bin/python execution/run_meep_simulation.py --L 2.0 --d 0.04 --N 3 --N-bottom 3 --theta 45.0 --material Gold --res 60 --nmax 1 --eps-bg 1.0 --config all --no-subgroups --T-run 12.0 --max-walltime-hours 11.0 --campaign-task-id 3 --clutch --corrugation-angle 75.0 --r-tip 5.0
Starting simulation: d=0.04 um, N_top=3, N_bottom=3, material=Gold, resolution=60, nmax=1, theta=45.0, eps_bg=1.0, config=all, clutch=True, stepped_sieve=False, corrugated=False
Parallel configuration: 128 processes running 1 parallel moment partitions.
  [BOTH][Rank 0] Done moment 1/36 (task 0): force_integral=-1.488824e-01
  [BOTH][Rank 0] Done moment 1/36 (task 0): force_integral=-1.488824e-01
  [BOTH][Rank 0] Done moment 1/36 (task 0): force_integral=-1.488824e-01
  [BOTH][Rank 0] Done moment 1/36 (task 0): force_integral=-1.488824e-01
  [BOTH][Rank 0] Done moment 1/36 (task 0): force_integral=-1.488824e-01
  [BOTH][Rank 0] Done moment 1/36 (task 0): force_integral=-1.488824e-01
  [BOTH][Rank 0] Done moment 1/36 (task 0): force_integral=-1.488824e-01
  [BOTH][Rank 0] Done moment 1/36 (task 0): force_integral=-1.488824e-01
  [BOTH][Rank 0] Done moment 1/36 (task 0): force_integral=-1.488824e-01
  [BOTH][Rank 0] Done moment 1/36 (task 0): force_integral=-1.488824e-01
  [BOTH][Rank 0] Done moment 1/36 (task 0): force_integral=-1.488824e-01
  [BOTH][Rank 0] Done moment 1/36 (task 0): force_integral=-1.488824e-01
  [BOTH][Rank 0] Done moment 1/36 (task 0): force_integral=-1.488824e-01
  [BOTH][Rank 0] Done moment 1/36 (task 0): force_integral=-1.488824e-01
  [BOTH][Rank 0] Done moment 1/36 (task 0): force_integral=-1.488824e-01
  [BOTH][Rank 0] Done moment 1/36 (task 0): force_integral=-1.488824e-01
  [BOTH][Rank 0] Done moment 1/36 (task 0): force_integral=-1.488824e-01
  [BOTH][Rank 0] Done moment 1/36 (task 0): force_integral=-1.488824e-01
  [BOTH][Rank 0] Done moment 1/36 (task 0): force_integral=-1.488824e-01
  [BOTH][Rank 0] Done moment 1/36 (task 0): force_integral=-1.488824e-01
  [BOTH][Rank 0] Done moment 1/36 (task 0): force_integral=-1.488824e-01
  [BOTH][Rank 0] Done moment 1/36 (task 0): force_integral=-1.488824e-01
  [BOTH][Rank 0] Done moment 1/36 (task 0): force_integral=-1.488824e-01
  [BOTH][Rank 0] Done moment 1/36 (task 0): force_integral=-1.488824e-01
  [BOTH][Rank 0] Done moment 1/36 (task 0): force_integral=-1.488824e-01
  [BOTH][Rank 0] Done moment 1/36 (task 0): force_integral=-1.488824e-01
  [BOTH][Rank 0] Done moment 1/36 (task 0): force_integral=-1.488824e-01
  [BOTH][Rank 0] Done moment 1/36 (task 0): force_integral=-1.488824e-01
  [BOTH][Rank 0] Done moment 1/36 (task 0): force_integral=-1.488824e-01
  [BOTH][Rank 0] Done moment 1/36 (task 0): force_integral=-1.488824e-01
  [BOTH][Rank 0] Done moment 1/36 (task 0): force_integral=-1.488824e-01
  [BOTH][Rank 0] Done moment 1/36 (task 0): force_integral=-1.488824e-01
  [BOTH][Rank 0] Done moment 1/36 (task 0): force_integral=-1.488824e-01
  [BOTH][Rank 0] Done moment 1/36 (task 0): force_integral=-1.488824e-01
  [BOTH][Rank 0] Done moment 1/36 (task 0): force_integral=-1.488824e-01
  [BOTH][Rank 0] Done moment 1/36 (task 0): force_integral=-1.488824e-01
  [BOTH][Rank 0] Done moment 1/36 (task 0): force_integral=-1.488824e-01
  [BOTH][Rank 0] Done moment 1/36 (task 0): force_integral=-1.488824e-01
  [BOTH][Rank 0] Done moment 1/36 (task 0): force_integral=-1.488824e-01
  [BOTH][Rank 0] Done moment 1/36 (task 0): force_integral=-1.488824e-01
  [BOTH][Rank 0] Done moment 1/36 (task 0): force_integral=-1.488824e-01
  [BOTH][Rank 0] Done moment 1/36 (task 0): force_integral=-1.488824e-01
  [BOTH][Rank 0] Done moment 1/36 (task 0): force_integral=-1.488824e-01
  [BOTH][Rank 0] Done moment 1/36 (task 0): force_integral=-1.488824e-01
  [BOTH][Rank 0] Done moment 1/36 (task 0): force_integral=-1.488824e-01
  [BOTH][Rank 0] Done moment 1/36 (task 0): force_integral=-1.488824e-01
  [BOTH][Rank 0] Done moment 1/36 (task 0): force_integral=-1.488824e-01
  [BOTH][Rank 0] Done moment 1/36 (task 0): force_integral=-1.488824e-01
  [BOTH][Rank 0] Done moment 1/36 (task 0): force_integral=-1.488824e-01
  [BOTH][Rank 0] Done moment 1/36 (task 0): force_integral=-1.488824e-01
  [BOTH][Rank 0] Done moment 1/36 (task 0): force_integral=-1.488824e-01
  [BOTH][Rank 0] Done moment 1/36 (task 0): force_integral=-1.488824e-01
  [BOTH][Rank 0] Done moment 1/36 (task 0): force_integral=-1.488824e-01
  [BOTH][Rank 0] Done moment 1/36 (task 0): force_integral=-1.488824e-01
  [BOTH][Rank 0] Done moment 1/36 (task 0): force_integral=-1.488824e-01
  [BOTH][Rank 0] Done moment 1/36 (task 0): force_integral=-1.488824e-01
  [BOTH][Rank 0] Done moment 1/36 (task 0): force_integral=-1.488824e-01
  [BOTH][Rank 0] Done moment 1/36 (task 0): force_integral=-1.488824e-01
  [BOTH][Rank 0] Done moment 1/36 (task 0): force_integral=-1.488824e-01
  [BOTH][Rank 0] Done moment 1/36 (task 0): force_integral=-1.488824e-01
  [BOTH][Rank 0] Done moment 1/36 (task 0): force_integral=-1.488824e-01
  [BOTH][Rank 0] Done moment 1/36 (task 0): force_integral=-1.488824e-01
  [BOTH][Rank 0] Done moment 1/36 (task 0): force_integral=-1.488824e-01
  [BOTH][Rank 0] Done moment 1/36 (task 0): force_integral=-1.488824e-01
  [BOTH][Rank 0] Done moment 1/36 (task 0): force_integral=-1.488824e-01
  [BOTH][Rank 0] Done moment 1/36 (task 0): force_integral=-1.488824e-01
  [BOTH][Rank 0] Done moment 1/36 (task 0): force_integral=-1.488824e-01
  [BOTH][Rank 0] Done moment 1/36 (task 0): force_integral=-1.488824e-01
  [BOTH][Rank 0] Done moment 1/36 (task 0): force_integral=-1.488824e-01
  [BOTH][Rank 0] Done moment 1/36 (task 0): force_integral=-1.488824e-01
  [BOTH][Rank 0] Done moment 1/36 (task 0): force_integral=-1.488824e-01
  [BOTH][Rank 0] Done moment 1/36 (task 0): force_integral=-1.488824e-01
  [BOTH][Rank 0] Done moment 1/36 (task 0): force_integral=-1.488824e-01
  [BOTH][Rank 0] Done moment 1/36 (task 0): force_integral=-1.488824e-01
  [BOTH][Rank 0] Done moment 1/36 (task 0): force_integral=-1.488824e-01
  [BOTH][Rank 0] Done moment 1/36 (task 0): force_integral=-1.488824e-01
  [BOTH][Rank 0] Done moment 1/36 (task 0): force_integral=-1.488824e-01
  [BOTH][Rank 0] Done moment 1/36 (task 0): force_integral=-1.488824e-01
  [BOTH][Rank 0] Done moment 1/36 (task 0): force_integral=-1.488824e-01
  [BOTH][Rank 0] Done moment 1/36 (task 0): force_integral=-1.488824e-01
  [BOTH][Rank 0] Done moment 1/36 (task 0): force_integral=-1.488824e-01
  [BOTH][Rank 0] Done moment 1/36 (task 0): force_integral=-1.488824e-01
  [BOTH][Rank 0] Done moment 1/36 (task 0): force_integral=-1.488824e-01
  [BOTH][Rank 0] Done moment 1/36 (task 0): force_integral=-1.488824e-01
  [BOTH][Rank 0] Done moment 1/36 (task 0): force_integral=-1.488824e-01
  [BOTH][Rank 0] Done moment 1/36 (task 0): force_integral=-1.488824e-01
  [BOTH][Rank 0] Done moment 1/36 (task 0): force_integral=-1.488824e-01
  [BOTH][Rank 0] Done moment 1/36 (task 0): force_integral=-1.488824e-01
  [BOTH][Rank 0] Done moment 1/36 (task 0): force_integral=-1.488824e-01
  [BOTH][Rank 0] Done moment 1/36 (task 0): force_integral=-1.488824e-01
  [BOTH][Rank 0] Done moment 1/36 (task 0): force_integral=-1.488824e-01
  [BOTH][Rank 0] Done moment 1/36 (task 0): force_integral=-1.488824e-01
  [BOTH][Rank 0] Done moment 1/36 (task 0): force_integral=-1.488824e-01
  [BOTH][Rank 0] Done moment 1/36 (task 0): force_integral=-1.488824e-01
  [BOTH][Rank 0] Done moment 1/36 (task 0): force_integral=-1.488824e-01
  [BOTH][Rank 0] Done moment 1/36 (task 0): force_integral=-1.488824e-01
  [BOTH][Rank 0] Done moment 1/36 (task 0): force_integral=-1.488824e-01
  [BOTH][Rank 0] Done moment 1/36 (task 0): force_integral=-1.488824e-01
  [BOTH][Rank 0] Done moment 1/36 (task 0): force_integral=-1.488824e-01
  [BOTH][Rank 0] Done moment 1/36 (task 0): force_integral=-1.488824e-01
  [BOTH][Rank 0] Done moment 1/36 (task 0): force_integral=-1.488824e-01
  [BOTH][Rank 0] Done moment 1/36 (task 0): force_integral=-1.488824e-01
  [BOTH][Rank 0] Done moment 1/36 (task 0): force_integral=-1.488824e-01
  [BOTH][Rank 0] Done moment 1/36 (task 0): force_integral=-1.488824e-01
  [BOTH][Rank 0] Done moment 1/36 (task 0): force_integral=-1.488824e-01
  [BOTH][Rank 0] Done moment 1/36 (task 0): force_integral=-1.488824e-01
  [BOTH][Rank 0] Done moment 1/36 (task 0): force_integral=-1.488824e-01
  [BOTH][Rank 0] Done moment 1/36 (task 0): force_integral=-1.488824e-01
  [BOTH][Rank 0] Done moment 1/36 (task 0): force_integral=-1.488824e-01
  [BOTH][Rank 0] Done moment 1/36 (task 0): force_integral=-1.488824e-01
  [BOTH][Rank 0] Done moment 1/36 (task 0): force_integral=-1.488824e-01
  [BOTH][Rank 0] Done moment 1/36 (task 0): force_integral=-1.488824e-01
  [BOTH][Rank 0] Done moment 1/36 (task 0): force_integral=-1.488824e-01
  [BOTH][Rank 0] Done moment 1/36 (task 0): force_integral=-1.488824e-01
  [BOTH][Rank 0] Done moment 1/36 (task 0): force_integral=-1.488824e-01
  [BOTH][Rank 0] Done moment 1/36 (task 0): force_integral=-1.488824e-01
  [BOTH][Rank 0] Done moment 1/36 (task 0): force_integral=-1.488824e-01
  [BOTH][Rank 0] Done moment 1/36 (task 0): force_integral=-1.488824e-01
  [BOTH][Rank 0] Done moment 1/36 (task 0): force_integral=-1.488824e-01
  [BOTH][Rank 0] Done moment 1/36 (task 0): force_integral=-1.488824e-01
  [BOTH][Rank 0] Done moment 1/36 (task 0): force_integral=-1.488824e-01
  [BOTH][Rank 0] Done moment 1/36 (task 0): force_integral=-1.488824e-01
  [BOTH][Rank 0] Done moment 1/36 (task 0): force_integral=-1.488824e-01
  [BOTH][Rank 0] Done moment 1/36 (task 0): force_integral=-1.488824e-01
  [BOTH][Rank 0] Done moment 1/36 (task 0): force_integral=-1.488824e-01
  [BOTH][Rank 0] Done moment 1/36 (task 0): force_integral=-1.488824e-01
  [BOTH][Rank 0] Done moment 1/36 (task 0): force_integral=-1.488824e-01
  [BOTH][Rank 0] Done moment 1/36 (task 0): force_integral=-1.488824e-01
  [BOTH][Rank 0] Done moment 2/36 (task 1): force_integral=-1.488824e-01
  [BOTH][Rank 0] Done moment 2/36 (task 1): force_integral=-1.488824e-01
  [BOTH][Rank 0] Done moment 2/36 (task 1): force_integral=-1.488824e-01
  [BOTH][Rank 0] Done moment 2/36 (task 1): force_integral=-1.488824e-01
  [BOTH][Rank 0] Done moment 2/36 (task 1): force_integral=-1.488824e-01
  [BOTH][Rank 0] Done moment 2/36 (task 1): force_integral=-1.488824e-01
  [BOTH][Rank 0] Done moment 2/36 (task 1): force_integral=-1.488824e-01
  [BOTH][Rank 0] Done moment 2/36 (task 1): force_integral=-1.488824e-01
  [BOTH][Rank 0] Done moment 2/36 (task 1): force_integral=-1.488824e-01
  [BOTH][Rank 0] Done moment 2/36 (task 1): force_integral=-1.488824e-01
  [BOTH][Rank 0] Done moment 2/36 (task 1): force_integral=-1.488824e-01
  [BOTH][Rank 0] Done moment 2/36 (task 1): force_integral=-1.488824e-01
  [BOTH][Rank 0] Done moment 2/36 (task 1): force_integral=-1.488824e-01
  [BOTH][Rank 0] Done moment 2/36 (task 1): force_integral=-1.488824e-01
  [BOTH][Rank 0] Done moment 2/36 (task 1): force_integral=-1.488824e-01
  [BOTH][Rank 0] Done moment 2/36 (task 1): force_integral=-1.488824e-01
  [BOTH][Rank 0] Done moment 2/36 (task 1): force_integral=-1.488824e-01
  [BOTH][Rank 0] Done moment 2/36 (task 1): force_integral=-1.488824e-01
  [BOTH][Rank 0] Done moment 2/36 (task 1): force_integral=-1.488824e-01
  [BOTH][Rank 0] Done moment 2/36 (task 1): force_integral=-1.488824e-01
  [BOTH][Rank 0] Done moment 2/36 (task 1): force_integral=-1.488824e-01
  [BOTH][Rank 0] Done moment 2/36 (task 1): force_integral=-1.488824e-01
  [BOTH][Rank 0] Done moment 2/36 (task 1): force_integral=-1.488824e-01
  [BOTH][Rank 0] Done moment 2/36 (task 1): force_integral=-1.488824e-01
  [BOTH][Rank 0] Done moment 2/36 (task 1): force_integral=-1.488824e-01
  [BOTH][Rank 0] Done moment 2/36 (task 1): force_integral=-1.488824e-01
  [BOTH][Rank 0] Done moment 2/36 (task 1): force_integral=-1.488824e-01
  [BOTH][Rank 0] Done moment 2/36 (task 1): force_integral=-1.488824e-01
  [BOTH][Rank 0] Done moment 2/36 (task 1): force_integral=-1.488824e-01
  [BOTH][Rank 0] Done moment 2/36 (task 1): force_integral=-1.488824e-01
  [BOTH][Rank 0] Done moment 2/36 (task 1): force_integral=-1.488824e-01
  [BOTH][Rank 0] Done moment 2/36 (task 1): force_integral=-1.488824e-01
  [BOTH][Rank 0] Done moment 2/36 (task 1): force_integral=-1.488824e-01
  [BOTH][Rank 0] Done moment 2/36 (task 1): force_integral=-1.488824e-01
  [BOTH][Rank 0] Done moment 2/36 (task 1): force_integral=-1.488824e-01
  [BOTH][Rank 0] Done moment 2/36 (task 1): force_integral=-1.488824e-01
  [BOTH][Rank 0] Done moment 2/36 (task 1): force_integral=-1.488824e-01
  [BOTH][Rank 0] Done moment 2/36 (task 1): force_integral=-1.488824e-01
  [BOTH][Rank 0] Done moment 2/36 (task 1): force_integral=-1.488824e-01
  [BOTH][Rank 0] Done moment 2/36 (task 1): force_integral=-1.488824e-01
  [BOTH][Rank 0] Done moment 2/36 (task 1): force_integral=-1.488824e-01
  [BOTH][Rank 0] Done moment 2/36 (task 1): force_integral=-1.488824e-01
  [BOTH][Rank 0] Done moment 2/36 (task 1): force_integral=-1.488824e-01
  [BOTH][Rank 0] Done moment 2/36 (task 1): force_integral=-1.488824e-01
  [BOTH][Rank 0] Done moment 2/36 (task 1): force_integral=-1.488824e-01
  [BOTH][Rank 0] Done moment 2/36 (task 1): force_integral=-1.488824e-01
  [BOTH][Rank 0] Done moment 2/36 (task 1): force_integral=-1.488824e-01
  [BOTH][Rank 0] Done moment 2/36 (task 1): force_integral=-1.488824e-01
  [BOTH][Rank 0] Done moment 2/36 (task 1): force_integral=-1.488824e-01
  [BOTH][Rank 0] Done moment 2/36 (task 1): force_integral=-1.488824e-01
  [BOTH][Rank 0] Done moment 2/36 (task 1): force_integral=-1.488824e-01
  [BOTH][Rank 0] Done moment 2/36 (task 1): force_integral=-1.488824e-01
  [BOTH][Rank 0] Done moment 2/36 (task 1): force_integral=-1.488824e-01
  [BOTH][Rank 0] Done moment 2/36 (task 1): force_integral=-1.488824e-01
  [BOTH][Rank 0] Done moment 2/36 (task 1): force_integral=-1.488824e-01
  [BOTH][Rank 0] Done moment 2/36 (task 1): force_integral=-1.488824e-01
  [BOTH][Rank 0] Done moment 2/36 (task 1): force_integral=-1.488824e-01
  [BOTH][Rank 0] Done moment 2/36 (task 1): force_integral=-1.488824e-01
  [BOTH][Rank 0] Done moment 2/36 (task 1): force_integral=-1.488824e-01
  [BOTH][Rank 0] Done moment 2/36 (task 1): force_integral=-1.488824e-01
  [BOTH][Rank 0] Done moment 2/36 (task 1): force_integral=-1.488824e-01
  [BOTH][Rank 0] Done moment 2/36 (task 1): force_integral=-1.488824e-01
  [BOTH][Rank 0] Done moment 2/36 (task 1): force_integral=-1.488824e-01
  [BOTH][Rank 0] Done moment 2/36 (task 1): force_integral=-1.488824e-01
  [BOTH][Rank 0] Done moment 2/36 (task 1): force_integral=-1.488824e-01
  [BOTH][Rank 0] Done moment 2/36 (task 1): force_integral=-1.488824e-01
  [BOTH][Rank 0] Done moment 2/36 (task 1): force_integral=-1.488824e-01
  [BOTH][Rank 0] Done moment 2/36 (task 1): force_integral=-1.488824e-01
  [BOTH][Rank 0] Done moment 2/36 (task 1): force_integral=-1.488824e-01
  [BOTH][Rank 0] Done moment 2/36 (task 1): force_integral=-1.488824e-01
  [BOTH][Rank 0] Done moment 2/36 (task 1): force_integral=-1.488824e-01
  [BOTH][Rank 0] Done moment 2/36 (task 1): force_integral=-1.488824e-01
  [BOTH][Rank 0] Done moment 2/36 (task 1): force_integral=-1.488824e-01
  [BOTH][Rank 0] Done moment 2/36 (task 1): force_integral=-1.488824e-01
  [BOTH][Rank 0] Done moment 2/36 (task 1): force_integral=-1.488824e-01
  [BOTH][Rank 0] Done moment 2/36 (task 1): force_integral=-1.488824e-01
  [BOTH][Rank 0] Done moment 2/36 (task 1): force_integral=-1.488824e-01
  [BOTH][Rank 0] Done moment 2/36 (task 1): force_integral=-1.488824e-01
  [BOTH][Rank 0] Done moment 2/36 (task 1): force_integral=-1.488824e-01
  [BOTH][Rank 0] Done moment 2/36 (task 1): force_integral=-1.488824e-01
  [BOTH][Rank 0] Done moment 2/36 (task 1): force_integral=-1.488824e-01
  [BOTH][Rank 0] Done moment 2/36 (task 1): force_integral=-1.488824e-01
  [BOTH][Rank 0] Done moment 2/36 (task 1): force_integral=-1.488824e-01
  [BOTH][Rank 0] Done moment 2/36 (task 1): force_integral=-1.488824e-01
  [BOTH][Rank 0] Done moment 2/36 (task 1): force_integral=-1.488824e-01
  [BOTH][Rank 0] Done moment 2/36 (task 1): force_integral=-1.488824e-01
  [BOTH][Rank 0] Done moment 2/36 (task 1): force_integral=-1.488824e-01
  [BOTH][Rank 0] Done moment 2/36 (task 1): force_integral=-1.488824e-01
  [BOTH][Rank 0] Done moment 2/36 (task 1): force_integral=-1.488824e-01
  [BOTH][Rank 0] Done moment 2/36 (task 1): force_integral=-1.488824e-01
  [BOTH][Rank 0] Done moment 2/36 (task 1): force_integral=-1.488824e-01
  [BOTH][Rank 0] Done moment 2/36 (task 1): force_integral=-1.488824e-01
  [BOTH][Rank 0] Done moment 2/36 (task 1): force_integral=-1.488824e-01
  [BOTH][Rank 0] Done moment 2/36 (task 1): force_integral=-1.488824e-01
  [BOTH][Rank 0] Done moment 2/36 (task 1): force_integral=-1.488824e-01
  [BOTH][Rank 0] Done moment 2/36 (task 1): force_integral=-1.488824e-01
  [BOTH][Rank 0] Done moment 2/36 (task 1): force_integral=-1.488824e-01
  [BOTH][Rank 0] Done moment 2/36 (task 1): force_integral=-1.488824e-01
  [BOTH][Rank 0] Done moment 2/36 (task 1): force_integral=-1.488824e-01
  [BOTH][Rank 0] Done moment 2/36 (task 1): force_integral=-1.488824e-01
  [BOTH][Rank 0] Done moment 2/36 (task 1): force_integral=-1.488824e-01
  [BOTH][Rank 0] Done moment 2/36 (task 1): force_integral=-1.488824e-01
  [BOTH][Rank 0] Done moment 2/36 (task 1): force_integral=-1.488824e-01
  [BOTH][Rank 0] Done moment 2/36 (task 1): force_integral=-1.488824e-01
  [BOTH][Rank 0] Done moment 2/36 (task 1): force_integral=-1.488824e-01
  [BOTH][Rank 0] Done moment 2/36 (task 1): force_integral=-1.488824e-01
  [BOTH][Rank 0] Done moment 2/36 (task 1): force_integral=-1.488824e-01
  [BOTH][Rank 0] Done moment 2/36 (task 1): force_integral=-1.488824e-01
  [BOTH][Rank 0] Done moment 2/36 (task 1): force_integral=-1.488824e-01
  [BOTH][Rank 0] Done moment 2/36 (task 1): force_integral=-1.488824e-01
  [BOTH][Rank 0] Done moment 2/36 (task 1): force_integral=-1.488824e-01
  [BOTH][Rank 0] Done moment 2/36 (task 1): force_integral=-1.488824e-01
  [BOTH][Rank 0] Done moment 2/36 (task 1): force_integral=-1.488824e-01
  [BOTH][Rank 0] Done moment 2/36 (task 1): force_integral=-1.488824e-01
  [BOTH][Rank 0] Done moment 2/36 (task 1): force_integral=-1.488824e-01
  [BOTH][Rank 0] Done moment 2/36 (task 1): force_integral=-1.488824e-01
  [BOTH][Rank 0] Done moment 2/36 (task 1): force_integral=-1.488824e-01
  [BOTH][Rank 0] Done moment 2/36 (task 1): force_integral=-1.488824e-01
  [BOTH][Rank 0] Done moment 2/36 (task 1): force_integral=-1.488824e-01
  [BOTH][Rank 0] Done moment 2/36 (task 1): force_integral=-1.488824e-01
  [BOTH][Rank 0] Done moment 2/36 (task 1): force_integral=-1.488824e-01
  [BOTH][Rank 0] Done moment 2/36 (task 1): force_integral=-1.488824e-01
  [BOTH][Rank 0] Done moment 2/36 (task 1): force_integral=-1.488824e-01
  [BOTH][Rank 0] Done moment 2/36 (task 1): force_integral=-1.488824e-01
  [BOTH][Rank 0] Done moment 2/36 (task 1): force_integral=-1.488824e-01
  [BOTH][Rank 0] Done moment 2/36 (task 1): force_integral=-1.488824e-01
  [BOTH][Rank 0] Done moment 2/36 (task 1): force_integral=-1.488824e-01
  [BOTH][Rank 0] Done moment 2/36 (task 1): force_integral=-1.488824e-01
  [BOTH][Rank 0] Done moment 3/36 (task 2): force_integral=+0.000000e+00
  [BOTH][Rank 0] Done moment 3/36 (task 2): force_integral=+0.000000e+00
  [BOTH][Rank 0] Done moment 3/36 (task 2): force_integral=+0.000000e+00
  [BOTH][Rank 0] Done moment 3/36 (task 2): force_integral=+0.000000e+00
  [BOTH][Rank 0] Done moment 3/36 (task 2): force_integral=+0.000000e+00
  [BOTH][Rank 0] Done moment 3/36 (task 2): force_integral=+0.000000e+00
  [BOTH][Rank 0] Done moment 3/36 (task 2): force_integral=+0.000000e+00
  [BOTH][Rank 0] Done moment 3/36 (task 2): force_integral=+0.000000e+00
  [BOTH][Rank 0] Done moment 3/36 (task 2): force_integral=+0.000000e+00
  [BOTH][Rank 0] Done moment 3/36 (task 2): force_integral=+0.000000e+00
  [BOTH][Rank 0] Done moment 3/36 (task 2): force_integral=+0.000000e+00
  [BOTH][Rank 0] Done moment 3/36 (task 2): force_integral=+0.000000e+00
  [BOTH][Rank 0] Done moment 3/36 (task 2): force_integral=+0.000000e+00
  [BOTH][Rank 0] Done moment 3/36 (task 2): force_integral=+0.000000e+00
  [BOTH][Rank 0] Done moment 3/36 (task 2): force_integral=+0.000000e+00
  [BOTH][Rank 0] Done moment 3/36 (task 2): force_integral=+0.000000e+00
  [BOTH][Rank 0] Done moment 3/36 (task 2): force_integral=+0.000000e+00
  [BOTH][Rank 0] Done moment 3/36 (task 2): force_integral=+0.000000e+00
  [BOTH][Rank 0] Done moment 3/36 (task 2): force_integral=+0.000000e+00
  [BOTH][Rank 0] Done moment 3/36 (task 2): force_integral=+0.000000e+00
  [BOTH][Rank 0] Done moment 3/36 (task 2): force_integral=+0.000000e+00
  [BOTH][Rank 0] Done moment 3/36 (task 2): force_integral=+0.000000e+00
  [BOTH][Rank 0] Done moment 3/36 (task 2): force_integral=+0.000000e+00
  [BOTH][Rank 0] Done moment 3/36 (task 2): force_integral=+0.000000e+00
  [BOTH][Rank 0] Done moment 3/36 (task 2): force_integral=+0.000000e+00
  [BOTH][Rank 0] Done moment 3/36 (task 2): force_integral=+0.000000e+00
  [BOTH][Rank 0] Done moment 3/36 (task 2): force_integral=+0.000000e+00
  [BOTH][Rank 0] Done moment 3/36 (task 2): force_integral=+0.000000e+00
  [BOTH][Rank 0] Done moment 3/36 (task 2): force_integral=+0.000000e+00
  [BOTH][Rank 0] Done moment 3/36 (task 2): force_integral=+0.000000e+00
  [BOTH][Rank 0] Done moment 3/36 (task 2): force_integral=+0.000000e+00
  [BOTH][Rank 0] Done moment 3/36 (task 2): force_integral=+0.000000e+00
  [BOTH][Rank 0] Done moment 3/36 (task 2): force_integral=+0.000000e+00
  [BOTH][Rank 0] Done moment 3/36 (task 2): force_integral=+0.000000e+00
  [BOTH][Rank 0] Done moment 3/36 (task 2): force_integral=+0.000000e+00
  [BOTH][Rank 0] Done moment 3/36 (task 2): force_integral=+0.000000e+00
  [BOTH][Rank 0] Done moment 3/36 (task 2): force_integral=+0.000000e+00
  [BOTH][Rank 0] Done moment 3/36 (task 2): force_integral=+0.000000e+00
  [BOTH][Rank 0] Done moment 3/36 (task 2): force_integral=+0.000000e+00
  [BOTH][Rank 0] Done moment 3/36 (task 2): force_integral=+0.000000e+00
  [BOTH][Rank 0] Done moment 3/36 (task 2): force_integral=+0.000000e+00
  [BOTH][Rank 0] Done moment 3/36 (task 2): force_integral=+0.000000e+00
  [BOTH][Rank 0] Done moment 3/36 (task 2): force_integral=+0.000000e+00
  [BOTH][Rank 0] Done moment 3/36 (task 2): force_integral=+0.000000e+00
  [BOTH][Rank 0] Done moment 3/36 (task 2): force_integral=+0.000000e+00
  [BOTH][Rank 0] Done moment 3/36 (task 2): force_integral=+0.000000e+00
  [BOTH][Rank 0] Done moment 3/36 (task 2): force_integral=+0.000000e+00
  [BOTH][Rank 0] Done moment 3/36 (task 2): force_integral=+0.000000e+00
  [BOTH][Rank 0] Done moment 3/36 (task 2): force_integral=+0.000000e+00
  [BOTH][Rank 0] Done moment 3/36 (task 2): force_integral=+0.000000e+00
  [BOTH][Rank 0] Done moment 3/36 (task 2): force_integral=+0.000000e+00
  [BOTH][Rank 0] Done moment 3/36 (task 2): force_integral=+0.000000e+00
  [BOTH][Rank 0] Done moment 3/36 (task 2): force_integral=+0.000000e+00
  [BOTH][Rank 0] Done moment 3/36 (task 2): force_integral=+0.000000e+00
  [BOTH][Rank 0] Done moment 3/36 (task 2): force_integral=+0.000000e+00
  [BOTH][Rank 0] Done moment 3/36 (task 2): force_integral=+0.000000e+00
  [BOTH][Rank 0] Done moment 3/36 (task 2): force_integral=+0.000000e+00
  [BOTH][Rank 0] Done moment 3/36 (task 2): force_integral=+0.000000e+00
  [BOTH][Rank 0] Done moment 3/36 (task 2): force_integral=+0.000000e+00
  [BOTH][Rank 0] Done moment 3/36 (task 2): force_integral=+0.000000e+00
  [BOTH][Rank 0] Done moment 3/36 (task 2): force_integral=+0.000000e+00
  [BOTH][Rank 0] Done moment 3/36 (task 2): force_integral=+0.000000e+00
  [BOTH][Rank 0] Done moment 3/36 (task 2): force_integral=+0.000000e+00
  [BOTH][Rank 0] Done moment 3/36 (task 2): force_integral=+0.000000e+00
  [BOTH][Rank 0] Done moment 3/36 (task 2): force_integral=+0.000000e+00
  [BOTH][Rank 0] Done moment 3/36 (task 2): force_integral=+0.000000e+00
  [BOTH][Rank 0] Done moment 3/36 (task 2): force_integral=+0.000000e+00
  [BOTH][Rank 0] Done moment 3/36 (task 2): force_integral=+0.000000e+00
  [BOTH][Rank 0] Done moment 3/36 (task 2): force_integral=+0.000000e+00
  [BOTH][Rank 0] Done moment 3/36 (task 2): force_integral=+0.000000e+00
  [BOTH][Rank 0] Done moment 3/36 (task 2): force_integral=+0.000000e+00
  [BOTH][Rank 0] Done moment 3/36 (task 2): force_integral=+0.000000e+00
  [BOTH][Rank 0] Done moment 3/36 (task 2): force_integral=+0.000000e+00
  [BOTH][Rank 0] Done moment 3/36 (task 2): force_integral=+0.000000e+00
  [BOTH][Rank 0] Done moment 3/36 (task 2): force_integral=+0.000000e+00
  [BOTH][Rank 0] Done moment 3/36 (task 2): force_integral=+0.000000e+00
  [BOTH][Rank 0] Done moment 3/36 (task 2): force_integral=+0.000000e+00
  [BOTH][Rank 0] Done moment 3/36 (task 2): force_integral=+0.000000e+00
  [BOTH][Rank 0] Done moment 3/36 (task 2): force_integral=+0.000000e+00
  [BOTH][Rank 0] Done moment 3/36 (task 2): force_integral=+0.000000e+00
  [BOTH][Rank 0] Done moment 3/36 (task 2): force_integral=+0.000000e+00
  [BOTH][Rank 0] Done moment 3/36 (task 2): force_integral=+0.000000e+00
  [BOTH][Rank 0] Done moment 3/36 (task 2): force_integral=+0.000000e+00
  [BOTH][Rank 0] Done moment 3/36 (task 2): force_integral=+0.000000e+00
  [BOTH][Rank 0] Done moment 3/36 (task 2): force_integral=+0.000000e+00
  [BOTH][Rank 0] Done moment 3/36 (task 2): force_integral=+0.000000e+00
  [BOTH][Rank 0] Done moment 3/36 (task 2): force_integral=+0.000000e+00
  [BOTH][Rank 0] Done moment 3/36 (task 2): force_integral=+0.000000e+00
  [BOTH][Rank 0] Done moment 3/36 (task 2): force_integral=+0.000000e+00
  [BOTH][Rank 0] Done moment 3/36 (task 2): force_integral=+0.000000e+00
  [BOTH][Rank 0] Done moment 3/36 (task 2): force_integral=+0.000000e+00
  [BOTH][Rank 0] Done moment 3/36 (task 2): force_integral=+0.000000e+00
  [BOTH][Rank 0] Done moment 3/36 (task 2): force_integral=+0.000000e+00
  [BOTH][Rank 0] Done moment 3/36 (task 2): force_integral=+0.000000e+00
  [BOTH][Rank 0] Done moment 3/36 (task 2): force_integral=+0.000000e+00
  [BOTH][Rank 0] Done moment 3/36 (task 2): force_integral=+0.000000e+00
  [BOTH][Rank 0] Done moment 3/36 (task 2): force_integral=+0.000000e+00
  [BOTH][Rank 0] Done moment 3/36 (task 2): force_integral=+0.000000e+00
  [BOTH][Rank 0] Done moment 3/36 (task 2): force_integral=+0.000000e+00
  [BOTH][Rank 0] Done moment 3/36 (task 2): force_integral=+0.000000e+00
  [BOTH][Rank 0] Done moment 3/36 (task 2): force_integral=+0.000000e+00
  [BOTH][Rank 0] Done moment 3/36 (task 2): force_integral=+0.000000e+00
  [BOTH][Rank 0] Done moment 3/36 (task 2): force_integral=+0.000000e+00
  [BOTH][Rank 0] Done moment 3/36 (task 2): force_integral=+0.000000e+00
  [BOTH][Rank 0] Done moment 3/36 (task 2): force_integral=+0.000000e+00
  [BOTH][Rank 0] Done moment 3/36 (task 2): force_integral=+0.000000e+00
  [BOTH][Rank 0] Done moment 3/36 (task 2): force_integral=+0.000000e+00
  [BOTH][Rank 0] Done moment 3/36 (task 2): force_integral=+0.000000e+00
  [BOTH][Rank 0] Done moment 3/36 (task 2): force_integral=+0.000000e+00
  [BOTH][Rank 0] Done moment 3/36 (task 2): force_integral=+0.000000e+00
  [BOTH][Rank 0] Done moment 3/36 (task 2): force_integral=+0.000000e+00
  [BOTH][Rank 0] Done moment 3/36 (task 2): force_integral=+0.000000e+00
  [BOTH][Rank 0] Done moment 3/36 (task 2): force_integral=+0.000000e+00
  [BOTH][Rank 0] Done moment 3/36 (task 2): force_integral=+0.000000e+00
  [BOTH][Rank 0] Done moment 3/36 (task 2): force_integral=+0.000000e+00
  [BOTH][Rank 0] Done moment 3/36 (task 2): force_integral=+0.000000e+00
  [BOTH][Rank 0] Done moment 3/36 (task 2): force_integral=+0.000000e+00
  [BOTH][Rank 0] Done moment 3/36 (task 2): force_integral=+0.000000e+00
  [BOTH][Rank 0] Done moment 3/36 (task 2): force_integral=+0.000000e+00
  [BOTH][Rank 0] Done moment 3/36 (task 2): force_integral=+0.000000e+00
  [BOTH][Rank 0] Done moment 3/36 (task 2): force_integral=+0.000000e+00
  [BOTH][Rank 0] Done moment 3/36 (task 2): force_integral=+0.000000e+00
  [BOTH][Rank 0] Done moment 3/36 (task 2): force_integral=+0.000000e+00
  [BOTH][Rank 0] Done moment 3/36 (task 2): force_integral=+0.000000e+00
  [BOTH][Rank 0] Done moment 3/36 (task 2): force_integral=+0.000000e+00
  [BOTH][Rank 0] Done moment 3/36 (task 2): force_integral=+0.000000e+00
  [BOTH][Rank 0] Done moment 3/36 (task 2): force_integral=+0.000000e+00
  [BOTH][Rank 0] Done moment 3/36 (task 2): force_integral=+0.000000e+00
  [BOTH][Rank 0] Done moment 4/36 (task 3): force_integral=+0.000000e+00
  [BOTH][Rank 0] Done moment 4/36 (task 3): force_integral=+0.000000e+00
  [BOTH][Rank 0] Done moment 4/36 (task 3): force_integral=+0.000000e+00
  [BOTH][Rank 0] Done moment 4/36 (task 3): force_integral=+0.000000e+00
  [BOTH][Rank 0] Done moment 4/36 (task 3): force_integral=+0.000000e+00
  [BOTH][Rank 0] Done moment 4/36 (task 3): force_integral=+0.000000e+00
  [BOTH][Rank 0] Done moment 4/36 (task 3): force_integral=+0.000000e+00
  [BOTH][Rank 0] Done moment 4/36 (task 3): force_integral=+0.000000e+00
  [BOTH][Rank 0] Done moment 4/36 (task 3): force_integral=+0.000000e+00
  [BOTH][Rank 0] Done moment 4/36 (task 3): force_integral=+0.000000e+00
  [BOTH][Rank 0] Done moment 4/36 (task 3): force_integral=+0.000000e+00
  [BOTH][Rank 0] Done moment 4/36 (task 3): force_integral=+0.000000e+00
  [BOTH][Rank 0] Done moment 4/36 (task 3): force_integral=+0.000000e+00
  [BOTH][Rank 0] Done moment 4/36 (task 3): force_integral=+0.000000e+00
  [BOTH][Rank 0] Done moment 4/36 (task 3): force_integral=+0.000000e+00
  [BOTH][Rank 0] Done moment 4/36 (task 3): force_integral=+0.000000e+00
  [BOTH][Rank 0] Done moment 4/36 (task 3): force_integral=+0.000000e+00
  [BOTH][Rank 0] Done moment 4/36 (task 3): force_integral=+0.000000e+00
  [BOTH][Rank 0] Done moment 4/36 (task 3): force_integral=+0.000000e+00
  [BOTH][Rank 0] Done moment 4/36 (task 3): force_integral=+0.000000e+00
  [BOTH][Rank 0] Done moment 4/36 (task 3): force_integral=+0.000000e+00
  [BOTH][Rank 0] Done moment 4/36 (task 3): force_integral=+0.000000e+00
  [BOTH][Rank 0] Done moment 4/36 (task 3): force_integral=+0.000000e+00
  [BOTH][Rank 0] Done moment 4/36 (task 3): force_integral=+0.000000e+00
  [BOTH][Rank 0] Done moment 4/36 (task 3): force_integral=+0.000000e+00
  [BOTH][Rank 0] Done moment 4/36 (task 3): force_integral=+0.000000e+00
  [BOTH][Rank 0] Done moment 4/36 (task 3): force_integral=+0.000000e+00
  [BOTH][Rank 0] Done moment 4/36 (task 3): force_integral=+0.000000e+00
  [BOTH][Rank 0] Done moment 4/36 (task 3): force_integral=+0.000000e+00
  [BOTH][Rank 0] Done moment 4/36 (task 3): force_integral=+0.000000e+00
  [BOTH][Rank 0] Done moment 4/36 (task 3): force_integral=+0.000000e+00
  [BOTH][Rank 0] Done moment 4/36 (task 3): force_integral=+0.000000e+00
  [BOTH][Rank 0] Done moment 4/36 (task 3): force_integral=+0.000000e+00
  [BOTH][Rank 0] Done moment 4/36 (task 3): force_integral=+0.000000e+00
  [BOTH][Rank 0] Done moment 4/36 (task 3): force_integral=+0.000000e+00
  [BOTH][Rank 0] Done moment 4/36 (task 3): force_integral=+0.000000e+00
  [BOTH][Rank 0] Done moment 4/36 (task 3): force_integral=+0.000000e+00
  [BOTH][Rank 0] Done moment 4/36 (task 3): force_integral=+0.000000e+00
  [BOTH][Rank 0] Done moment 4/36 (task 3): force_integral=+0.000000e+00
  [BOTH][Rank 0] Done moment 4/36 (task 3): force_integral=+0.000000e+00
  [BOTH][Rank 0] Done moment 4/36 (task 3): force_integral=+0.000000e+00
  [BOTH][Rank 0] Done moment 4/36 (task 3): force_integral=+0.000000e+00
  [BOTH][Rank 0] Done moment 4/36 (task 3): force_integral=+0.000000e+00
  [BOTH][Rank 0] Done moment 4/36 (task 3): force_integral=+0.000000e+00
  [BOTH][Rank 0] Done moment 4/36 (task 3): force_integral=+0.000000e+00
  [BOTH][Rank 0] Done moment 4/36 (task 3): force_integral=+0.000000e+00
  [BOTH][Rank 0] Done moment 4/36 (task 3): force_integral=+0.000000e+00
  [BOTH][Rank 0] Done moment 4/36 (task 3): force_integral=+0.000000e+00
  [BOTH][Rank 0] Done moment 4/36 (task 3): force_integral=+0.000000e+00
  [BOTH][Rank 0] Done moment 4/36 (task 3): force_integral=+0.000000e+00
  [BOTH][Rank 0] Done moment 4/36 (task 3): force_integral=+0.000000e+00
  [BOTH][Rank 0] Done moment 4/36 (task 3): force_integral=+0.000000e+00
  [BOTH][Rank 0] Done moment 4/36 (task 3): force_integral=+0.000000e+00
  [BOTH][Rank 0] Done moment 4/36 (task 3): force_integral=+0.000000e+00
  [BOTH][Rank 0] Done moment 4/36 (task 3): force_integral=+0.000000e+00
  [BOTH][Rank 0] Done moment 4/36 (task 3): force_integral=+0.000000e+00
  [BOTH][Rank 0] Done moment 4/36 (task 3): force_integral=+0.000000e+00
  [BOTH][Rank 0] Done moment 4/36 (task 3): force_integral=+0.000000e+00
  [BOTH][Rank 0] Done moment 4/36 (task 3): force_integral=+0.000000e+00
  [BOTH][Rank 0] Done moment 4/36 (task 3): force_integral=+0.000000e+00
  [BOTH][Rank 0] Done moment 4/36 (task 3): force_integral=+0.000000e+00
  [BOTH][Rank 0] Done moment 4/36 (task 3): force_integral=+0.000000e+00
  [BOTH][Rank 0] Done moment 4/36 (task 3): force_integral=+0.000000e+00
  [BOTH][Rank 0] Done moment 4/36 (task 3): force_integral=+0.000000e+00
  [BOTH][Rank 0] Done moment 4/36 (task 3): force_integral=+0.000000e+00
  [BOTH][Rank 0] Done moment 4/36 (task 3): force_integral=+0.000000e+00
  [BOTH][Rank 0] Done moment 4/36 (task 3): force_integral=+0.000000e+00
  [BOTH][Rank 0] Done moment 4/36 (task 3): force_integral=+0.000000e+00
  [BOTH][Rank 0] Done moment 4/36 (task 3): force_integral=+0.000000e+00
  [BOTH][Rank 0] Done moment 4/36 (task 3): force_integral=+0.000000e+00
  [BOTH][Rank 0] Done moment 4/36 (task 3): force_integral=+0.000000e+00
  [BOTH][Rank 0] Done moment 4/36 (task 3): force_integral=+0.000000e+00
  [BOTH][Rank 0] Done moment 4/36 (task 3): force_integral=+0.000000e+00
  [BOTH][Rank 0] Done moment 4/36 (task 3): force_integral=+0.000000e+00
  [BOTH][Rank 0] Done moment 4/36 (task 3): force_integral=+0.000000e+00
  [BOTH][Rank 0] Done moment 4/36 (task 3): force_integral=+0.000000e+00
  [BOTH][Rank 0] Done moment 4/36 (task 3): force_integral=+0.000000e+00
  [BOTH][Rank 0] Done moment 4/36 (task 3): force_integral=+0.000000e+00
  [BOTH][Rank 0] Done moment 4/36 (task 3): force_integral=+0.000000e+00
  [BOTH][Rank 0] Done moment 4/36 (task 3): force_integral=+0.000000e+00
  [BOTH][Rank 0] Done moment 4/36 (task 3): force_integral=+0.000000e+00
  [BOTH][Rank 0] Done moment 4/36 (task 3): force_integral=+0.000000e+00
  [BOTH][Rank 0] Done moment 4/36 (task 3): force_integral=+0.000000e+00
  [BOTH][Rank 0] Done moment 4/36 (task 3): force_integral=+0.000000e+00
  [BOTH][Rank 0] Done moment 4/36 (task 3): force_integral=+0.000000e+00
  [BOTH][Rank 0] Done moment 4/36 (task 3): force_integral=+0.000000e+00
  [BOTH][Rank 0] Done moment 4/36 (task 3): force_integral=+0.000000e+00
  [BOTH][Rank 0] Done moment 4/36 (task 3): force_integral=+0.000000e+00
  [BOTH][Rank 0] Done moment 4/36 (task 3): force_integral=+0.000000e+00
  [BOTH][Rank 0] Done moment 4/36 (task 3): force_integral=+0.000000e+00
  [BOTH][Rank 0] Done moment 4/36 (task 3): force_integral=+0.000000e+00
  [BOTH][Rank 0] Done moment 4/36 (task 3): force_integral=+0.000000e+00
  [BOTH][Rank 0] Done moment 4/36 (task 3): force_integral=+0.000000e+00
  [BOTH][Rank 0] Done moment 4/36 (task 3): force_integral=+0.000000e+00
  [BOTH][Rank 0] Done moment 4/36 (task 3): force_integral=+0.000000e+00
  [BOTH][Rank 0] Done moment 4/36 (task 3): force_integral=+0.000000e+00
  [BOTH][Rank 0] Done moment 4/36 (task 3): force_integral=+0.000000e+00
  [BOTH][Rank 0] Done moment 4/36 (task 3): force_integral=+0.000000e+00
  [BOTH][Rank 0] Done moment 4/36 (task 3): force_integral=+0.000000e+00
  [BOTH][Rank 0] Done moment 4/36 (task 3): force_integral=+0.000000e+00
  [BOTH][Rank 0] Done moment 4/36 (task 3): force_integral=+0.000000e+00
  [BOTH][Rank 0] Done moment 4/36 (task 3): force_integral=+0.000000e+00
  [BOTH][Rank 0] Done moment 4/36 (task 3): force_integral=+0.000000e+00
  [BOTH][Rank 0] Done moment 4/36 (task 3): force_integral=+0.000000e+00
  [BOTH][Rank 0] Done moment 4/36 (task 3): force_integral=+0.000000e+00
  [BOTH][Rank 0] Done moment 4/36 (task 3): force_integral=+0.000000e+00
  [BOTH][Rank 0] Done moment 4/36 (task 3): force_integral=+0.000000e+00
  [BOTH][Rank 0] Done moment 4/36 (task 3): force_integral=+0.000000e+00
  [BOTH][Rank 0] Done moment 4/36 (task 3): force_integral=+0.000000e+00
  [BOTH][Rank 0] Done moment 4/36 (task 3): force_integral=+0.000000e+00
  [BOTH][Rank 0] Done moment 4/36 (task 3): force_integral=+0.000000e+00
  [BOTH][Rank 0] Done moment 4/36 (task 3): force_integral=+0.000000e+00
  [BOTH][Rank 0] Done moment 4/36 (task 3): force_integral=+0.000000e+00
  [BOTH][Rank 0] Done moment 4/36 (task 3): force_integral=+0.000000e+00
  [BOTH][Rank 0] Done moment 4/36 (task 3): force_integral=+0.000000e+00
  [BOTH][Rank 0] Done moment 4/36 (task 3): force_integral=+0.000000e+00
  [BOTH][Rank 0] Done moment 4/36 (task 3): force_integral=+0.000000e+00
  [BOTH][Rank 0] Done moment 4/36 (task 3): force_integral=+0.000000e+00
  [BOTH][Rank 0] Done moment 4/36 (task 3): force_integral=+0.000000e+00
  [BOTH][Rank 0] Done moment 4/36 (task 3): force_integral=+0.000000e+00
  [BOTH][Rank 0] Done moment 4/36 (task 3): force_integral=+0.000000e+00
  [BOTH][Rank 0] Done moment 4/36 (task 3): force_integral=+0.000000e+00
  [BOTH][Rank 0] Done moment 4/36 (task 3): force_integral=+0.000000e+00
  [BOTH][Rank 0] Done moment 4/36 (task 3): force_integral=+0.000000e+00
  [BOTH][Rank 0] Done moment 4/36 (task 3): force_integral=+0.000000e+00
  [BOTH][Rank 0] Done moment 4/36 (task 3): force_integral=+0.000000e+00
  [BOTH][Rank 0] Done moment 4/36 (task 3): force_integral=+0.000000e+00
  [BOTH][Rank 0] Done moment 4/36 (task 3): force_integral=+0.000000e+00
  [BOTH][Rank 0] Done moment 5/36 (task 4): force_integral=-3.510257e+02
  [BOTH][Rank 0] Done moment 5/36 (task 4): force_integral=-3.510257e+02
  [BOTH][Rank 0] Done moment 5/36 (task 4): force_integral=-3.510257e+02
  [BOTH][Rank 0] Done moment 5/36 (task 4): force_integral=-3.510257e+02
  [BOTH][Rank 0] Done moment 5/36 (task 4): force_integral=-3.510257e+02
  [BOTH][Rank 0] Done moment 5/36 (task 4): force_integral=-3.510257e+02
  [BOTH][Rank 0] Done moment 5/36 (task 4): force_integral=-3.510257e+02
  [BOTH][Rank 0] Done moment 5/36 (task 4): force_integral=-3.510257e+02
  [BOTH][Rank 0] Done moment 5/36 (task 4): force_integral=-3.510257e+02
  [BOTH][Rank 0] Done moment 5/36 (task 4): force_integral=-3.510257e+02
  [BOTH][Rank 0] Done moment 5/36 (task 4): force_integral=-3.510257e+02
  [BOTH][Rank 0] Done moment 5/36 (task 4): force_integral=-3.510257e+02
  [BOTH][Rank 0] Done moment 5/36 (task 4): force_integral=-3.510257e+02
  [BOTH][Rank 0] Done moment 5/36 (task 4): force_integral=-3.510257e+02
  [BOTH][Rank 0] Done moment 5/36 (task 4): force_integral=-3.510257e+02
  [BOTH][Rank 0] Done moment 5/36 (task 4): force_integral=-3.510257e+02
  [BOTH][Rank 0] Done moment 5/36 (task 4): force_integral=-3.510257e+02
  [BOTH][Rank 0] Done moment 5/36 (task 4): force_integral=-3.510257e+02
  [BOTH][Rank 0] Done moment 5/36 (task 4): force_integral=-3.510257e+02
  [BOTH][Rank 0] Done moment 5/36 (task 4): force_integral=-3.510257e+02
  [BOTH][Rank 0] Done moment 5/36 (task 4): force_integral=-3.510257e+02
  [BOTH][Rank 0] Done moment 5/36 (task 4): force_integral=-3.510257e+02
  [BOTH][Rank 0] Done moment 5/36 (task 4): force_integral=-3.510257e+02
  [BOTH][Rank 0] Done moment 5/36 (task 4): force_integral=-3.510257e+02
  [BOTH][Rank 0] Done moment 5/36 (task 4): force_integral=-3.510257e+02
  [BOTH][Rank 0] Done moment 5/36 (task 4): force_integral=-3.510257e+02
  [BOTH][Rank 0] Done moment 5/36 (task 4): force_integral=-3.510257e+02
  [BOTH][Rank 0] Done moment 5/36 (task 4): force_integral=-3.510257e+02
  [BOTH][Rank 0] Done moment 5/36 (task 4): force_integral=-3.510257e+02
  [BOTH][Rank 0] Done moment 5/36 (task 4): force_integral=-3.510257e+02
  [BOTH][Rank 0] Done moment 5/36 (task 4): force_integral=-3.510257e+02
  [BOTH][Rank 0] Done moment 5/36 (task 4): force_integral=-3.510257e+02
  [BOTH][Rank 0] Done moment 5/36 (task 4): force_integral=-3.510257e+02
  [BOTH][Rank 0] Done moment 5/36 (task 4): force_integral=-3.510257e+02
  [BOTH][Rank 0] Done moment 5/36 (task 4): force_integral=-3.510257e+02
  [BOTH][Rank 0] Done moment 5/36 (task 4): force_integral=-3.510257e+02
  [BOTH][Rank 0] Done moment 5/36 (task 4): force_integral=-3.510257e+02
  [BOTH][Rank 0] Done moment 5/36 (task 4): force_integral=-3.510257e+02
  [BOTH][Rank 0] Done moment 5/36 (task 4): force_integral=-3.510257e+02
  [BOTH][Rank 0] Done moment 5/36 (task 4): force_integral=-3.510257e+02
  [BOTH][Rank 0] Done moment 5/36 (task 4): force_integral=-3.510257e+02
  [BOTH][Rank 0] Done moment 5/36 (task 4): force_integral=-3.510257e+02
  [BOTH][Rank 0] Done moment 5/36 (task 4): force_integral=-3.510257e+02
  [BOTH][Rank 0] Done moment 5/36 (task 4): force_integral=-3.510257e+02
  [BOTH][Rank 0] Done moment 5/36 (task 4): force_integral=-3.510257e+02
  [BOTH][Rank 0] Done moment 5/36 (task 4): force_integral=-3.510257e+02
  [BOTH][Rank 0] Done moment 5/36 (task 4): force_integral=-3.510257e+02
  [BOTH][Rank 0] Done moment 5/36 (task 4): force_integral=-3.510257e+02
  [BOTH][Rank 0] Done moment 5/36 (task 4): force_integral=-3.510257e+02
  [BOTH][Rank 0] Done moment 5/36 (task 4): force_integral=-3.510257e+02
  [BOTH][Rank 0] Done moment 5/36 (task 4): force_integral=-3.510257e+02
  [BOTH][Rank 0] Done moment 5/36 (task 4): force_integral=-3.510257e+02
  [BOTH][Rank 0] Done moment 5/36 (task 4): force_integral=-3.510257e+02
  [BOTH][Rank 0] Done moment 5/36 (task 4): force_integral=-3.510257e+02
  [BOTH][Rank 0] Done moment 5/36 (task 4): force_integral=-3.510257e+02
  [BOTH][Rank 0] Done moment 5/36 (task 4): force_integral=-3.510257e+02
  [BOTH][Rank 0] Done moment 5/36 (task 4): force_integral=-3.510257e+02
  [BOTH][Rank 0] Done moment 5/36 (task 4): force_integral=-3.510257e+02
  [BOTH][Rank 0] Done moment 5/36 (task 4): force_integral=-3.510257e+02
  [BOTH][Rank 0] Done moment 5/36 (task 4): force_integral=-3.510257e+02
  [BOTH][Rank 0] Done moment 5/36 (task 4): force_integral=-3.510257e+02
  [BOTH][Rank 0] Done moment 5/36 (task 4): force_integral=-3.510257e+02
  [BOTH][Rank 0] Done moment 5/36 (task 4): force_integral=-3.510257e+02
  [BOTH][Rank 0] Done moment 5/36 (task 4): force_integral=-3.510257e+02
  [BOTH][Rank 0] Done moment 5/36 (task 4): force_integral=-3.510257e+02
  [BOTH][Rank 0] Done moment 5/36 (task 4): force_integral=-3.510257e+02
  [BOTH][Rank 0] Done moment 5/36 (task 4): force_integral=-3.510257e+02
  [BOTH][Rank 0] Done moment 5/36 (task 4): force_integral=-3.510257e+02
  [BOTH][Rank 0] Done moment 5/36 (task 4): force_integral=-3.510257e+02
  [BOTH][Rank 0] Done moment 5/36 (task 4): force_integral=-3.510257e+02
  [BOTH][Rank 0] Done moment 5/36 (task 4): force_integral=-3.510257e+02
  [BOTH][Rank 0] Done moment 5/36 (task 4): force_integral=-3.510257e+02
  [BOTH][Rank 0] Done moment 5/36 (task 4): force_integral=-3.510257e+02
  [BOTH][Rank 0] Done moment 5/36 (task 4): force_integral=-3.510257e+02
  [BOTH][Rank 0] Done moment 5/36 (task 4): force_integral=-3.510257e+02
  [BOTH][Rank 0] Done moment 5/36 (task 4): force_integral=-3.510257e+02
  [BOTH][Rank 0] Done moment 5/36 (task 4): force_integral=-3.510257e+02
  [BOTH][Rank 0] Done moment 5/36 (task 4): force_integral=-3.510257e+02
  [BOTH][Rank 0] Done moment 5/36 (task 4): force_integral=-3.510257e+02
  [BOTH][Rank 0] Done moment 5/36 (task 4): force_integral=-3.510257e+02
  [BOTH][Rank 0] Done moment 5/36 (task 4): force_integral=-3.510257e+02
  [BOTH][Rank 0] Done moment 5/36 (task 4): force_integral=-3.510257e+02
  [BOTH][Rank 0] Done moment 5/36 (task 4): force_integral=-3.510257e+02
  [BOTH][Rank 0] Done moment 5/36 (task 4): force_integral=-3.510257e+02
  [BOTH][Rank 0] Done moment 5/36 (task 4): force_integral=-3.510257e+02
  [BOTH][Rank 0] Done moment 5/36 (task 4): force_integral=-3.510257e+02
  [BOTH][Rank 0] Done moment 5/36 (task 4): force_integral=-3.510257e+02
  [BOTH][Rank 0] Done moment 5/36 (task 4): force_integral=-3.510257e+02
  [BOTH][Rank 0] Done moment 5/36 (task 4): force_integral=-3.510257e+02
  [BOTH][Rank 0] Done moment 5/36 (task 4): force_integral=-3.510257e+02
  [BOTH][Rank 0] Done moment 5/36 (task 4): force_integral=-3.510257e+02
  [BOTH][Rank 0] Done moment 5/36 (task 4): force_integral=-3.510257e+02
  [BOTH][Rank 0] Done moment 5/36 (task 4): force_integral=-3.510257e+02
  [BOTH][Rank 0] Done moment 5/36 (task 4): force_integral=-3.510257e+02
  [BOTH][Rank 0] Done moment 5/36 (task 4): force_integral=-3.510257e+02
  [BOTH][Rank 0] Done moment 5/36 (task 4): force_integral=-3.510257e+02
  [BOTH][Rank 0] Done moment 5/36 (task 4): force_integral=-3.510257e+02
  [BOTH][Rank 0] Done moment 5/36 (task 4): force_integral=-3.510257e+02
  [BOTH][Rank 0] Done moment 5/36 (task 4): force_integral=-3.510257e+02
  [BOTH][Rank 0] Done moment 5/36 (task 4): force_integral=-3.510257e+02
  [BOTH][Rank 0] Done moment 5/36 (task 4): force_integral=-3.510257e+02
  [BOTH][Rank 0] Done moment 5/36 (task 4): force_integral=-3.510257e+02
  [BOTH][Rank 0] Done moment 5/36 (task 4): force_integral=-3.510257e+02
  [BOTH][Rank 0] Done moment 5/36 (task 4): force_integral=-3.510257e+02
  [BOTH][Rank 0] Done moment 5/36 (task 4): force_integral=-3.510257e+02
  [BOTH][Rank 0] Done moment 5/36 (task 4): force_integral=-3.510257e+02
  [BOTH][Rank 0] Done moment 5/36 (task 4): force_integral=-3.510257e+02
  [BOTH][Rank 0] Done moment 5/36 (task 4): force_integral=-3.510257e+02
  [BOTH][Rank 0] Done moment 5/36 (task 4): force_integral=-3.510257e+02
  [BOTH][Rank 0] Done moment 5/36 (task 4): force_integral=-3.510257e+02
  [BOTH][Rank 0] Done moment 5/36 (task 4): force_integral=-3.510257e+02
  [BOTH][Rank 0] Done moment 5/36 (task 4): force_integral=-3.510257e+02
  [BOTH][Rank 0] Done moment 5/36 (task 4): force_integral=-3.510257e+02
  [BOTH][Rank 0] Done moment 5/36 (task 4): force_integral=-3.510257e+02
  [BOTH][Rank 0] Done moment 5/36 (task 4): force_integral=-3.510257e+02
  [BOTH][Rank 0] Done moment 5/36 (task 4): force_integral=-3.510257e+02
  [BOTH][Rank 0] Done moment 5/36 (task 4): force_integral=-3.510257e+02
  [BOTH][Rank 0] Done moment 5/36 (task 4): force_integral=-3.510257e+02
  [BOTH][Rank 0] Done moment 5/36 (task 4): force_integral=-3.510257e+02
  [BOTH][Rank 0] Done moment 5/36 (task 4): force_integral=-3.510257e+02
  [BOTH][Rank 0] Done moment 5/36 (task 4): force_integral=-3.510257e+02
  [BOTH][Rank 0] Done moment 5/36 (task 4): force_integral=-3.510257e+02
  [BOTH][Rank 0] Done moment 5/36 (task 4): force_integral=-3.510257e+02
  [BOTH][Rank 0] Done moment 5/36 (task 4): force_integral=-3.510257e+02
  [BOTH][Rank 0] Done moment 5/36 (task 4): force_integral=-3.510257e+02
  [BOTH][Rank 0] Done moment 5/36 (task 4): force_integral=-3.510257e+02
  [BOTH][Rank 0] Done moment 5/36 (task 4): force_integral=-3.510257e+02
  [BOTH][Rank 0] Done moment 5/36 (task 4): force_integral=-3.510257e+02
  [BOTH][Rank 0] Done moment 6/36 (task 5): force_integral=+3.981245e+02
  [BOTH][Rank 0] Done moment 6/36 (task 5): force_integral=+3.981245e+02
  [BOTH][Rank 0] Done moment 6/36 (task 5): force_integral=+3.981245e+02
  [BOTH][Rank 0] Done moment 6/36 (task 5): force_integral=+3.981245e+02
  [BOTH][Rank 0] Done moment 6/36 (task 5): force_integral=+3.981245e+02
  [BOTH][Rank 0] Done moment 6/36 (task 5): force_integral=+3.981245e+02
  [BOTH][Rank 0] Done moment 6/36 (task 5): force_integral=+3.981245e+02
  [BOTH][Rank 0] Done moment 6/36 (task 5): force_integral=+3.981245e+02
  [BOTH][Rank 0] Done moment 6/36 (task 5): force_integral=+3.981245e+02
  [BOTH][Rank 0] Done moment 6/36 (task 5): force_integral=+3.981245e+02
  [BOTH][Rank 0] Done moment 6/36 (task 5): force_integral=+3.981245e+02
  [BOTH][Rank 0] Done moment 6/36 (task 5): force_integral=+3.981245e+02
  [BOTH][Rank 0] Done moment 6/36 (task 5): force_integral=+3.981245e+02
  [BOTH][Rank 0] Done moment 6/36 (task 5): force_integral=+3.981245e+02
  [BOTH][Rank 0] Done moment 6/36 (task 5): force_integral=+3.981245e+02
  [BOTH][Rank 0] Done moment 6/36 (task 5): force_integral=+3.981245e+02
  [BOTH][Rank 0] Done moment 6/36 (task 5): force_integral=+3.981245e+02
  [BOTH][Rank 0] Done moment 6/36 (task 5): force_integral=+3.981245e+02
  [BOTH][Rank 0] Done moment 6/36 (task 5): force_integral=+3.981245e+02
  [BOTH][Rank 0] Done moment 6/36 (task 5): force_integral=+3.981245e+02
  [BOTH][Rank 0] Done moment 6/36 (task 5): force_integral=+3.981245e+02
  [BOTH][Rank 0] Done moment 6/36 (task 5): force_integral=+3.981245e+02
  [BOTH][Rank 0] Done moment 6/36 (task 5): force_integral=+3.981245e+02
  [BOTH][Rank 0] Done moment 6/36 (task 5): force_integral=+3.981245e+02
  [BOTH][Rank 0] Done moment 6/36 (task 5): force_integral=+3.981245e+02
  [BOTH][Rank 0] Done moment 6/36 (task 5): force_integral=+3.981245e+02
  [BOTH][Rank 0] Done moment 6/36 (task 5): force_integral=+3.981245e+02
  [BOTH][Rank 0] Done moment 6/36 (task 5): force_integral=+3.981245e+02
  [BOTH][Rank 0] Done moment 6/36 (task 5): force_integral=+3.981245e+02
  [BOTH][Rank 0] Done moment 6/36 (task 5): force_integral=+3.981245e+02
  [BOTH][Rank 0] Done moment 6/36 (task 5): force_integral=+3.981245e+02
  [BOTH][Rank 0] Done moment 6/36 (task 5): force_integral=+3.981245e+02
  [BOTH][Rank 0] Done moment 6/36 (task 5): force_integral=+3.981245e+02
  [BOTH][Rank 0] Done moment 6/36 (task 5): force_integral=+3.981245e+02
  [BOTH][Rank 0] Done moment 6/36 (task 5): force_integral=+3.981245e+02
  [BOTH][Rank 0] Done moment 6/36 (task 5): force_integral=+3.981245e+02
  [BOTH][Rank 0] Done moment 6/36 (task 5): force_integral=+3.981245e+02
  [BOTH][Rank 0] Done moment 6/36 (task 5): force_integral=+3.981245e+02
  [BOTH][Rank 0] Done moment 6/36 (task 5): force_integral=+3.981245e+02
  [BOTH][Rank 0] Done moment 6/36 (task 5): force_integral=+3.981245e+02
  [BOTH][Rank 0] Done moment 6/36 (task 5): force_integral=+3.981245e+02
  [BOTH][Rank 0] Done moment 6/36 (task 5): force_integral=+3.981245e+02
  [BOTH][Rank 0] Done moment 6/36 (task 5): force_integral=+3.981245e+02
  [BOTH][Rank 0] Done moment 6/36 (task 5): force_integral=+3.981245e+02
  [BOTH][Rank 0] Done moment 6/36 (task 5): force_integral=+3.981245e+02
  [BOTH][Rank 0] Done moment 6/36 (task 5): force_integral=+3.981245e+02
  [BOTH][Rank 0] Done moment 6/36 (task 5): force_integral=+3.981245e+02
  [BOTH][Rank 0] Done moment 6/36 (task 5): force_integral=+3.981245e+02
  [BOTH][Rank 0] Done moment 6/36 (task 5): force_integral=+3.981245e+02
  [BOTH][Rank 0] Done moment 6/36 (task 5): force_integral=+3.981245e+02
  [BOTH][Rank 0] Done moment 6/36 (task 5): force_integral=+3.981245e+02
  [BOTH][Rank 0] Done moment 6/36 (task 5): force_integral=+3.981245e+02
  [BOTH][Rank 0] Done moment 6/36 (task 5): force_integral=+3.981245e+02
  [BOTH][Rank 0] Done moment 6/36 (task 5): force_integral=+3.981245e+02
  [BOTH][Rank 0] Done moment 6/36 (task 5): force_integral=+3.981245e+02
  [BOTH][Rank 0] Done moment 6/36 (task 5): force_integral=+3.981245e+02
  [BOTH][Rank 0] Done moment 6/36 (task 5): force_integral=+3.981245e+02
  [BOTH][Rank 0] Done moment 6/36 (task 5): force_integral=+3.981245e+02
  [BOTH][Rank 0] Done moment 6/36 (task 5): force_integral=+3.981245e+02
  [BOTH][Rank 0] Done moment 6/36 (task 5): force_integral=+3.981245e+02
  [BOTH][Rank 0] Done moment 6/36 (task 5): force_integral=+3.981245e+02
  [BOTH][Rank 0] Done moment 6/36 (task 5): force_integral=+3.981245e+02
  [BOTH][Rank 0] Done moment 6/36 (task 5): force_integral=+3.981245e+02
  [BOTH][Rank 0] Done moment 6/36 (task 5): force_integral=+3.981245e+02
  [BOTH][Rank 0] Done moment 6/36 (task 5): force_integral=+3.981245e+02
  [BOTH][Rank 0] Done moment 6/36 (task 5): force_integral=+3.981245e+02
  [BOTH][Rank 0] Done moment 6/36 (task 5): force_integral=+3.981245e+02
  [BOTH][Rank 0] Done moment 6/36 (task 5): force_integral=+3.981245e+02
  [BOTH][Rank 0] Done moment 6/36 (task 5): force_integral=+3.981245e+02
  [BOTH][Rank 0] Done moment 6/36 (task 5): force_integral=+3.981245e+02
  [BOTH][Rank 0] Done moment 6/36 (task 5): force_integral=+3.981245e+02
  [BOTH][Rank 0] Done moment 6/36 (task 5): force_integral=+3.981245e+02
  [BOTH][Rank 0] Done moment 6/36 (task 5): force_integral=+3.981245e+02
  [BOTH][Rank 0] Done moment 6/36 (task 5): force_integral=+3.981245e+02
  [BOTH][Rank 0] Done moment 6/36 (task 5): force_integral=+3.981245e+02
  [BOTH][Rank 0] Done moment 6/36 (task 5): force_integral=+3.981245e+02
  [BOTH][Rank 0] Done moment 6/36 (task 5): force_integral=+3.981245e+02
  [BOTH][Rank 0] Done moment 6/36 (task 5): force_integral=+3.981245e+02
  [BOTH][Rank 0] Done moment 6/36 (task 5): force_integral=+3.981245e+02
  [BOTH][Rank 0] Done moment 6/36 (task 5): force_integral=+3.981245e+02
  [BOTH][Rank 0] Done moment 6/36 (task 5): force_integral=+3.981245e+02
  [BOTH][Rank 0] Done moment 6/36 (task 5): force_integral=+3.981245e+02
  [BOTH][Rank 0] Done moment 6/36 (task 5): force_integral=+3.981245e+02
  [BOTH][Rank 0] Done moment 6/36 (task 5): force_integral=+3.981245e+02
  [BOTH][Rank 0] Done moment 6/36 (task 5): force_integral=+3.981245e+02
  [BOTH][Rank 0] Done moment 6/36 (task 5): force_integral=+3.981245e+02
  [BOTH][Rank 0] Done moment 6/36 (task 5): force_integral=+3.981245e+02
  [BOTH][Rank 0] Done moment 6/36 (task 5): force_integral=+3.981245e+02
  [BOTH][Rank 0] Done moment 6/36 (task 5): force_integral=+3.981245e+02
  [BOTH][Rank 0] Done moment 6/36 (task 5): force_integral=+3.981245e+02
  [BOTH][Rank 0] Done moment 6/36 (task 5): force_integral=+3.981245e+02
  [BOTH][Rank 0] Done moment 6/36 (task 5): force_integral=+3.981245e+02
  [BOTH][Rank 0] Done moment 6/36 (task 5): force_integral=+3.981245e+02
  [BOTH][Rank 0] Done moment 6/36 (task 5): force_integral=+3.981245e+02
  [BOTH][Rank 0] Done moment 6/36 (task 5): force_integral=+3.981245e+02
  [BOTH][Rank 0] Done moment 6/36 (task 5): force_integral=+3.981245e+02
  [BOTH][Rank 0] Done moment 6/36 (task 5): force_integral=+3.981245e+02
  [BOTH][Rank 0] Done moment 6/36 (task 5): force_integral=+3.981245e+02
  [BOTH][Rank 0] Done moment 6/36 (task 5): force_integral=+3.981245e+02
  [BOTH][Rank 0] Done moment 6/36 (task 5): force_integral=+3.981245e+02
  [BOTH][Rank 0] Done moment 6/36 (task 5): force_integral=+3.981245e+02
  [BOTH][Rank 0] Done moment 6/36 (task 5): force_integral=+3.981245e+02
  [BOTH][Rank 0] Done moment 6/36 (task 5): force_integral=+3.981245e+02
  [BOTH][Rank 0] Done moment 6/36 (task 5): force_integral=+3.981245e+02
  [BOTH][Rank 0] Done moment 6/36 (task 5): force_integral=+3.981245e+02
  [BOTH][Rank 0] Done moment 6/36 (task 5): force_integral=+3.981245e+02
  [BOTH][Rank 0] Done moment 6/36 (task 5): force_integral=+3.981245e+02
  [BOTH][Rank 0] Done moment 6/36 (task 5): force_integral=+3.981245e+02
  [BOTH][Rank 0] Done moment 6/36 (task 5): force_integral=+3.981245e+02
  [BOTH][Rank 0] Done moment 6/36 (task 5): force_integral=+3.981245e+02
  [BOTH][Rank 0] Done moment 6/36 (task 5): force_integral=+3.981245e+02
  [BOTH][Rank 0] Done moment 6/36 (task 5): force_integral=+3.981245e+02
  [BOTH][Rank 0] Done moment 6/36 (task 5): force_integral=+3.981245e+02
  [BOTH][Rank 0] Done moment 6/36 (task 5): force_integral=+3.981245e+02
  [BOTH][Rank 0] Done moment 6/36 (task 5): force_integral=+3.981245e+02
  [BOTH][Rank 0] Done moment 6/36 (task 5): force_integral=+3.981245e+02
  [BOTH][Rank 0] Done moment 6/36 (task 5): force_integral=+3.981245e+02
  [BOTH][Rank 0] Done moment 6/36 (task 5): force_integral=+3.981245e+02
  [BOTH][Rank 0] Done moment 6/36 (task 5): force_integral=+3.981245e+02
  [BOTH][Rank 0] Done moment 6/36 (task 5): force_integral=+3.981245e+02
  [BOTH][Rank 0] Done moment 6/36 (task 5): force_integral=+3.981245e+02
  [BOTH][Rank 0] Done moment 6/36 (task 5): force_integral=+3.981245e+02
  [BOTH][Rank 0] Done moment 6/36 (task 5): force_integral=+3.981245e+02
  [BOTH][Rank 0] Done moment 6/36 (task 5): force_integral=+3.981245e+02
  [BOTH][Rank 0] Done moment 6/36 (task 5): force_integral=+3.981245e+02
  [BOTH][Rank 0] Done moment 6/36 (task 5): force_integral=+3.981245e+02
  [BOTH][Rank 0] Done moment 6/36 (task 5): force_integral=+3.981245e+02
  [BOTH][Rank 0] Done moment 6/36 (task 5): force_integral=+3.981245e+02
  [BOTH][Rank 0] Done moment 7/36 (task 6): force_integral=+0.000000e+00
  [BOTH][Rank 0] Done moment 7/36 (task 6): force_integral=+0.000000e+00
  [BOTH][Rank 0] Done moment 7/36 (task 6): force_integral=+0.000000e+00
  [BOTH][Rank 0] Done moment 7/36 (task 6): force_integral=+0.000000e+00
  [BOTH][Rank 0] Done moment 7/36 (task 6): force_integral=+0.000000e+00
  [BOTH][Rank 0] Done moment 7/36 (task 6): force_integral=+0.000000e+00
  [BOTH][Rank 0] Done moment 7/36 (task 6): force_integral=+0.000000e+00
  [BOTH][Rank 0] Done moment 7/36 (task 6): force_integral=+0.000000e+00
  [BOTH][Rank 0] Done moment 7/36 (task 6): force_integral=+0.000000e+00
  [BOTH][Rank 0] Done moment 7/36 (task 6): force_integral=+0.000000e+00
  [BOTH][Rank 0] Done moment 7/36 (task 6): force_integral=+0.000000e+00
  [BOTH][Rank 0] Done moment 7/36 (task 6): force_integral=+0.000000e+00
  [BOTH][Rank 0] Done moment 7/36 (task 6): force_integral=+0.000000e+00
  [BOTH][Rank 0] Done moment 7/36 (task 6): force_integral=+0.000000e+00
  [BOTH][Rank 0] Done moment 7/36 (task 6): force_integral=+0.000000e+00
  [BOTH][Rank 0] Done moment 7/36 (task 6): force_integral=+0.000000e+00
  [BOTH][Rank 0] Done moment 7/36 (task 6): force_integral=+0.000000e+00
  [BOTH][Rank 0] Done moment 7/36 (task 6): force_integral=+0.000000e+00
  [BOTH][Rank 0] Done moment 7/36 (task 6): force_integral=+0.000000e+00
  [BOTH][Rank 0] Done moment 7/36 (task 6): force_integral=+0.000000e+00
  [BOTH][Rank 0] Done moment 7/36 (task 6): force_integral=+0.000000e+00
  [BOTH][Rank 0] Done moment 7/36 (task 6): force_integral=+0.000000e+00
  [BOTH][Rank 0] Done moment 7/36 (task 6): force_integral=+0.000000e+00
  [BOTH][Rank 0] Done moment 7/36 (task 6): force_integral=+0.000000e+00
  [BOTH][Rank 0] Done moment 7/36 (task 6): force_integral=+0.000000e+00
  [BOTH][Rank 0] Done moment 7/36 (task 6): force_integral=+0.000000e+00
  [BOTH][Rank 0] Done moment 7/36 (task 6): force_integral=+0.000000e+00
  [BOTH][Rank 0] Done moment 7/36 (task 6): force_integral=+0.000000e+00
  [BOTH][Rank 0] Done moment 7/36 (task 6): force_integral=+0.000000e+00
  [BOTH][Rank 0] Done moment 7/36 (task 6): force_integral=+0.000000e+00
  [BOTH][Rank 0] Done moment 7/36 (task 6): force_integral=+0.000000e+00
  [BOTH][Rank 0] Done moment 7/36 (task 6): force_integral=+0.000000e+00
  [BOTH][Rank 0] Done moment 7/36 (task 6): force_integral=+0.000000e+00
  [BOTH][Rank 0] Done moment 7/36 (task 6): force_integral=+0.000000e+00
  [BOTH][Rank 0] Done moment 7/36 (task 6): force_integral=+0.000000e+00
  [BOTH][Rank 0] Done moment 7/36 (task 6): force_integral=+0.000000e+00
  [BOTH][Rank 0] Done moment 7/36 (task 6): force_integral=+0.000000e+00
  [BOTH][Rank 0] Done moment 7/36 (task 6): force_integral=+0.000000e+00
  [BOTH][Rank 0] Done moment 7/36 (task 6): force_integral=+0.000000e+00
  [BOTH][Rank 0] Done moment 7/36 (task 6): force_integral=+0.000000e+00
  [BOTH][Rank 0] Done moment 7/36 (task 6): force_integral=+0.000000e+00
  [BOTH][Rank 0] Done moment 7/36 (task 6): force_integral=+0.000000e+00
  [BOTH][Rank 0] Done moment 7/36 (task 6): force_integral=+0.000000e+00
  [BOTH][Rank 0] Done moment 7/36 (task 6): force_integral=+0.000000e+00
  [BOTH][Rank 0] Done moment 7/36 (task 6): force_integral=+0.000000e+00
  [BOTH][Rank 0] Done moment 7/36 (task 6): force_integral=+0.000000e+00
  [BOTH][Rank 0] Done moment 7/36 (task 6): force_integral=+0.000000e+00
  [BOTH][Rank 0] Done moment 7/36 (task 6): force_integral=+0.000000e+00
  [BOTH][Rank 0] Done moment 7/36 (task 6): force_integral=+0.000000e+00
  [BOTH][Rank 0] Done moment 7/36 (task 6): force_integral=+0.000000e+00
  [BOTH][Rank 0] Done moment 7/36 (task 6): force_integral=+0.000000e+00
  [BOTH][Rank 0] Done moment 7/36 (task 6): force_integral=+0.000000e+00
  [BOTH][Rank 0] Done moment 7/36 (task 6): force_integral=+0.000000e+00
  [BOTH][Rank 0] Done moment 7/36 (task 6): force_integral=+0.000000e+00
  [BOTH][Rank 0] Done moment 7/36 (task 6): force_integral=+0.000000e+00
  [BOTH][Rank 0] Done moment 7/36 (task 6): force_integral=+0.000000e+00
  [BOTH][Rank 0] Done moment 7/36 (task 6): force_integral=+0.000000e+00
  [BOTH][Rank 0] Done moment 7/36 (task 6): force_integral=+0.000000e+00
  [BOTH][Rank 0] Done moment 7/36 (task 6): force_integral=+0.000000e+00
  [BOTH][Rank 0] Done moment 7/36 (task 6): force_integral=+0.000000e+00
  [BOTH][Rank 0] Done moment 7/36 (task 6): force_integral=+0.000000e+00
  [BOTH][Rank 0] Done moment 7/36 (task 6): force_integral=+0.000000e+00
  [BOTH][Rank 0] Done moment 7/36 (task 6): force_integral=+0.000000e+00
  [BOTH][Rank 0] Done moment 7/36 (task 6): force_integral=+0.000000e+00
  [BOTH][Rank 0] Done moment 7/36 (task 6): force_integral=+0.000000e+00
  [BOTH][Rank 0] Done moment 7/36 (task 6): force_integral=+0.000000e+00
  [BOTH][Rank 0] Done moment 7/36 (task 6): force_integral=+0.000000e+00
  [BOTH][Rank 0] Done moment 7/36 (task 6): force_integral=+0.000000e+00
  [BOTH][Rank 0] Done moment 7/36 (task 6): force_integral=+0.000000e+00
  [BOTH][Rank 0] Done moment 7/36 (task 6): force_integral=+0.000000e+00
  [BOTH][Rank 0] Done moment 7/36 (task 6): force_integral=+0.000000e+00
  [BOTH][Rank 0] Done moment 7/36 (task 6): force_integral=+0.000000e+00
  [BOTH][Rank 0] Done moment 7/36 (task 6): force_integral=+0.000000e+00
  [BOTH][Rank 0] Done moment 7/36 (task 6): force_integral=+0.000000e+00
  [BOTH][Rank 0] Done moment 7/36 (task 6): force_integral=+0.000000e+00
  [BOTH][Rank 0] Done moment 7/36 (task 6): force_integral=+0.000000e+00
  [BOTH][Rank 0] Done moment 7/36 (task 6): force_integral=+0.000000e+00
  [BOTH][Rank 0] Done moment 7/36 (task 6): force_integral=+0.000000e+00
  [BOTH][Rank 0] Done moment 7/36 (task 6): force_integral=+0.000000e+00
  [BOTH][Rank 0] Done moment 7/36 (task 6): force_integral=+0.000000e+00
  [BOTH][Rank 0] Done moment 7/36 (task 6): force_integral=+0.000000e+00
  [BOTH][Rank 0] Done moment 7/36 (task 6): force_integral=+0.000000e+00
  [BOTH][Rank 0] Done moment 7/36 (task 6): force_integral=+0.000000e+00
  [BOTH][Rank 0] Done moment 7/36 (task 6): force_integral=+0.000000e+00
  [BOTH][Rank 0] Done moment 7/36 (task 6): force_integral=+0.000000e+00
  [BOTH][Rank 0] Done moment 7/36 (task 6): force_integral=+0.000000e+00
  [BOTH][Rank 0] Done moment 7/36 (task 6): force_integral=+0.000000e+00
  [BOTH][Rank 0] Done moment 7/36 (task 6): force_integral=+0.000000e+00
  [BOTH][Rank 0] Done moment 7/36 (task 6): force_integral=+0.000000e+00
  [BOTH][Rank 0] Done moment 7/36 (task 6): force_integral=+0.000000e+00
  [BOTH][Rank 0] Done moment 7/36 (task 6): force_integral=+0.000000e+00
  [BOTH][Rank 0] Done moment 7/36 (task 6): force_integral=+0.000000e+00
  [BOTH][Rank 0] Done moment 7/36 (task 6): force_integral=+0.000000e+00
  [BOTH][Rank 0] Done moment 7/36 (task 6): force_integral=+0.000000e+00
  [BOTH][Rank 0] Done moment 7/36 (task 6): force_integral=+0.000000e+00
  [BOTH][Rank 0] Done moment 7/36 (task 6): force_integral=+0.000000e+00
  [BOTH][Rank 0] Done moment 7/36 (task 6): force_integral=+0.000000e+00
  [BOTH][Rank 0] Done moment 7/36 (task 6): force_integral=+0.000000e+00
  [BOTH][Rank 0] Done moment 7/36 (task 6): force_integral=+0.000000e+00
  [BOTH][Rank 0] Done moment 7/36 (task 6): force_integral=+0.000000e+00
  [BOTH][Rank 0] Done moment 7/36 (task 6): force_integral=+0.000000e+00
  [BOTH][Rank 0] Done moment 7/36 (task 6): force_integral=+0.000000e+00
  [BOTH][Rank 0] Done moment 7/36 (task 6): force_integral=+0.000000e+00
  [BOTH][Rank 0] Done moment 7/36 (task 6): force_integral=+0.000000e+00
  [BOTH][Rank 0] Done moment 7/36 (task 6): force_integral=+0.000000e+00
  [BOTH][Rank 0] Done moment 7/36 (task 6): force_integral=+0.000000e+00
  [BOTH][Rank 0] Done moment 7/36 (task 6): force_integral=+0.000000e+00
  [BOTH][Rank 0] Done moment 7/36 (task 6): force_integral=+0.000000e+00
  [BOTH][Rank 0] Done moment 7/36 (task 6): force_integral=+0.000000e+00
  [BOTH][Rank 0] Done moment 7/36 (task 6): force_integral=+0.000000e+00
  [BOTH][Rank 0] Done moment 7/36 (task 6): force_integral=+0.000000e+00
  [BOTH][Rank 0] Done moment 7/36 (task 6): force_integral=+0.000000e+00
  [BOTH][Rank 0] Done moment 7/36 (task 6): force_integral=+0.000000e+00
  [BOTH][Rank 0] Done moment 7/36 (task 6): force_integral=+0.000000e+00
  [BOTH][Rank 0] Done moment 7/36 (task 6): force_integral=+0.000000e+00
  [BOTH][Rank 0] Done moment 7/36 (task 6): force_integral=+0.000000e+00
  [BOTH][Rank 0] Done moment 7/36 (task 6): force_integral=+0.000000e+00
  [BOTH][Rank 0] Done moment 7/36 (task 6): force_integral=+0.000000e+00
  [BOTH][Rank 0] Done moment 7/36 (task 6): force_integral=+0.000000e+00
  [BOTH][Rank 0] Done moment 7/36 (task 6): force_integral=+0.000000e+00
  [BOTH][Rank 0] Done moment 7/36 (task 6): force_integral=+0.000000e+00
  [BOTH][Rank 0] Done moment 7/36 (task 6): force_integral=+0.000000e+00
  [BOTH][Rank 0] Done moment 7/36 (task 6): force_integral=+0.000000e+00
  [BOTH][Rank 0] Done moment 7/36 (task 6): force_integral=+0.000000e+00
  [BOTH][Rank 0] Done moment 7/36 (task 6): force_integral=+0.000000e+00
  [BOTH][Rank 0] Done moment 7/36 (task 6): force_integral=+0.000000e+00
  [BOTH][Rank 0] Done moment 7/36 (task 6): force_integral=+0.000000e+00
  [BOTH][Rank 0] Done moment 7/36 (task 6): force_integral=+0.000000e+00
  [BOTH][Rank 0] Done moment 8/36 (task 7): force_integral=+0.000000e+00
  [BOTH][Rank 0] Done moment 8/36 (task 7): force_integral=+0.000000e+00
  [BOTH][Rank 0] Done moment 8/36 (task 7): force_integral=+0.000000e+00
  [BOTH][Rank 0] Done moment 8/36 (task 7): force_integral=+0.000000e+00
  [BOTH][Rank 0] Done moment 8/36 (task 7): force_integral=+0.000000e+00
  [BOTH][Rank 0] Done moment 8/36 (task 7): force_integral=+0.000000e+00
  [BOTH][Rank 0] Done moment 8/36 (task 7): force_integral=+0.000000e+00
  [BOTH][Rank 0] Done moment 8/36 (task 7): force_integral=+0.000000e+00
  [BOTH][Rank 0] Done moment 8/36 (task 7): force_integral=+0.000000e+00
  [BOTH][Rank 0] Done moment 8/36 (task 7): force_integral=+0.000000e+00
  [BOTH][Rank 0] Done moment 8/36 (task 7): force_integral=+0.000000e+00
  [BOTH][Rank 0] Done moment 8/36 (task 7): force_integral=+0.000000e+00
  [BOTH][Rank 0] Done moment 8/36 (task 7): force_integral=+0.000000e+00
  [BOTH][Rank 0] Done moment 8/36 (task 7): force_integral=+0.000000e+00
  [BOTH][Rank 0] Done moment 8/36 (task 7): force_integral=+0.000000e+00
  [BOTH][Rank 0] Done moment 8/36 (task 7): force_integral=+0.000000e+00
  [BOTH][Rank 0] Done moment 8/36 (task 7): force_integral=+0.000000e+00
  [BOTH][Rank 0] Done moment 8/36 (task 7): force_integral=+0.000000e+00
  [BOTH][Rank 0] Done moment 8/36 (task 7): force_integral=+0.000000e+00
  [BOTH][Rank 0] Done moment 8/36 (task 7): force_integral=+0.000000e+00
  [BOTH][Rank 0] Done moment 8/36 (task 7): force_integral=+0.000000e+00
  [BOTH][Rank 0] Done moment 8/36 (task 7): force_integral=+0.000000e+00
  [BOTH][Rank 0] Done moment 8/36 (task 7): force_integral=+0.000000e+00
  [BOTH][Rank 0] Done moment 8/36 (task 7): force_integral=+0.000000e+00
  [BOTH][Rank 0] Done moment 8/36 (task 7): force_integral=+0.000000e+00
  [BOTH][Rank 0] Done moment 8/36 (task 7): force_integral=+0.000000e+00
  [BOTH][Rank 0] Done moment 8/36 (task 7): force_integral=+0.000000e+00
  [BOTH][Rank 0] Done moment 8/36 (task 7): force_integral=+0.000000e+00
  [BOTH][Rank 0] Done moment 8/36 (task 7): force_integral=+0.000000e+00
  [BOTH][Rank 0] Done moment 8/36 (task 7): force_integral=+0.000000e+00
  [BOTH][Rank 0] Done moment 8/36 (task 7): force_integral=+0.000000e+00
  [BOTH][Rank 0] Done moment 8/36 (task 7): force_integral=+0.000000e+00
  [BOTH][Rank 0] Done moment 8/36 (task 7): force_integral=+0.000000e+00
  [BOTH][Rank 0] Done moment 8/36 (task 7): force_integral=+0.000000e+00
  [BOTH][Rank 0] Done moment 8/36 (task 7): force_integral=+0.000000e+00
  [BOTH][Rank 0] Done moment 8/36 (task 7): force_integral=+0.000000e+00
  [BOTH][Rank 0] Done moment 8/36 (task 7): force_integral=+0.000000e+00
  [BOTH][Rank 0] Done moment 8/36 (task 7): force_integral=+0.000000e+00
  [BOTH][Rank 0] Done moment 8/36 (task 7): force_integral=+0.000000e+00
  [BOTH][Rank 0] Done moment 8/36 (task 7): force_integral=+0.000000e+00
  [BOTH][Rank 0] Done moment 8/36 (task 7): force_integral=+0.000000e+00
  [BOTH][Rank 0] Done moment 8/36 (task 7): force_integral=+0.000000e+00
  [BOTH][Rank 0] Done moment 8/36 (task 7): force_integral=+0.000000e+00
  [BOTH][Rank 0] Done moment 8/36 (task 7): force_integral=+0.000000e+00
  [BOTH][Rank 0] Done moment 8/36 (task 7): force_integral=+0.000000e+00
  [BOTH][Rank 0] Done moment 8/36 (task 7): force_integral=+0.000000e+00
  [BOTH][Rank 0] Done moment 8/36 (task 7): force_integral=+0.000000e+00
  [BOTH][Rank 0] Done moment 8/36 (task 7): force_integral=+0.000000e+00
  [BOTH][Rank 0] Done moment 8/36 (task 7): force_integral=+0.000000e+00
  [BOTH][Rank 0] Done moment 8/36 (task 7): force_integral=+0.000000e+00
  [BOTH][Rank 0] Done moment 8/36 (task 7): force_integral=+0.000000e+00
  [BOTH][Rank 0] Done moment 8/36 (task 7): force_integral=+0.000000e+00
  [BOTH][Rank 0] Done moment 8/36 (task 7): force_integral=+0.000000e+00
  [BOTH][Rank 0] Done moment 8/36 (task 7): force_integral=+0.000000e+00
  [BOTH][Rank 0] Done moment 8/36 (task 7): force_integral=+0.000000e+00
  [BOTH][Rank 0] Done moment 8/36 (task 7): force_integral=+0.000000e+00
  [BOTH][Rank 0] Done moment 8/36 (task 7): force_integral=+0.000000e+00
  [BOTH][Rank 0] Done moment 8/36 (task 7): force_integral=+0.000000e+00
  [BOTH][Rank 0] Done moment 8/36 (task 7): force_integral=+0.000000e+00
  [BOTH][Rank 0] Done moment 8/36 (task 7): force_integral=+0.000000e+00
  [BOTH][Rank 0] Done moment 8/36 (task 7): force_integral=+0.000000e+00
  [BOTH][Rank 0] Done moment 8/36 (task 7): force_integral=+0.000000e+00
  [BOTH][Rank 0] Done moment 8/36 (task 7): force_integral=+0.000000e+00
  [BOTH][Rank 0] Done moment 8/36 (task 7): force_integral=+0.000000e+00
  [BOTH][Rank 0] Done moment 8/36 (task 7): force_integral=+0.000000e+00
  [BOTH][Rank 0] Done moment 8/36 (task 7): force_integral=+0.000000e+00
  [BOTH][Rank 0] Done moment 8/36 (task 7): force_integral=+0.000000e+00
  [BOTH][Rank 0] Done moment 8/36 (task 7): force_integral=+0.000000e+00
  [BOTH][Rank 0] Done moment 8/36 (task 7): force_integral=+0.000000e+00
  [BOTH][Rank 0] Done moment 8/36 (task 7): force_integral=+0.000000e+00
  [BOTH][Rank 0] Done moment 8/36 (task 7): force_integral=+0.000000e+00
  [BOTH][Rank 0] Done moment 8/36 (task 7): force_integral=+0.000000e+00
  [BOTH][Rank 0] Done moment 8/36 (task 7): force_integral=+0.000000e+00
  [BOTH][Rank 0] Done moment 8/36 (task 7): force_integral=+0.000000e+00
  [BOTH][Rank 0] Done moment 8/36 (task 7): force_integral=+0.000000e+00
  [BOTH][Rank 0] Done moment 8/36 (task 7): force_integral=+0.000000e+00
  [BOTH][Rank 0] Done moment 8/36 (task 7): force_integral=+0.000000e+00
  [BOTH][Rank 0] Done moment 8/36 (task 7): force_integral=+0.000000e+00
  [BOTH][Rank 0] Done moment 8/36 (task 7): force_integral=+0.000000e+00
  [BOTH][Rank 0] Done moment 8/36 (task 7): force_integral=+0.000000e+00
  [BOTH][Rank 0] Done moment 8/36 (task 7): force_integral=+0.000000e+00
  [BOTH][Rank 0] Done moment 8/36 (task 7): force_integral=+0.000000e+00
  [BOTH][Rank 0] Done moment 8/36 (task 7): force_integral=+0.000000e+00
  [BOTH][Rank 0] Done moment 8/36 (task 7): force_integral=+0.000000e+00
  [BOTH][Rank 0] Done moment 8/36 (task 7): force_integral=+0.000000e+00
  [BOTH][Rank 0] Done moment 8/36 (task 7): force_integral=+0.000000e+00
  [BOTH][Rank 0] Done moment 8/36 (task 7): force_integral=+0.000000e+00
  [BOTH][Rank 0] Done moment 8/36 (task 7): force_integral=+0.000000e+00
  [BOTH][Rank 0] Done moment 8/36 (task 7): force_integral=+0.000000e+00
  [BOTH][Rank 0] Done moment 8/36 (task 7): force_integral=+0.000000e+00
  [BOTH][Rank 0] Done moment 8/36 (task 7): force_integral=+0.000000e+00
  [BOTH][Rank 0] Done moment 8/36 (task 7): force_integral=+0.000000e+00
  [BOTH][Rank 0] Done moment 8/36 (task 7): force_integral=+0.000000e+00
  [BOTH][Rank 0] Done moment 8/36 (task 7): force_integral=+0.000000e+00
  [BOTH][Rank 0] Done moment 8/36 (task 7): force_integral=+0.000000e+00
  [BOTH][Rank 0] Done moment 8/36 (task 7): force_integral=+0.000000e+00
  [BOTH][Rank 0] Done moment 8/36 (task 7): force_integral=+0.000000e+00
  [BOTH][Rank 0] Done moment 8/36 (task 7): force_integral=+0.000000e+00
  [BOTH][Rank 0] Done moment 8/36 (task 7): force_integral=+0.000000e+00
  [BOTH][Rank 0] Done moment 8/36 (task 7): force_integral=+0.000000e+00
  [BOTH][Rank 0] Done moment 8/36 (task 7): force_integral=+0.000000e+00
  [BOTH][Rank 0] Done moment 8/36 (task 7): force_integral=+0.000000e+00
  [BOTH][Rank 0] Done moment 8/36 (task 7): force_integral=+0.000000e+00
  [BOTH][Rank 0] Done moment 8/36 (task 7): force_integral=+0.000000e+00
  [BOTH][Rank 0] Done moment 8/36 (task 7): force_integral=+0.000000e+00
  [BOTH][Rank 0] Done moment 8/36 (task 7): force_integral=+0.000000e+00
  [BOTH][Rank 0] Done moment 8/36 (task 7): force_integral=+0.000000e+00
  [BOTH][Rank 0] Done moment 8/36 (task 7): force_integral=+0.000000e+00
  [BOTH][Rank 0] Done moment 8/36 (task 7): force_integral=+0.000000e+00
  [BOTH][Rank 0] Done moment 8/36 (task 7): force_integral=+0.000000e+00
  [BOTH][Rank 0] Done moment 8/36 (task 7): force_integral=+0.000000e+00
  [BOTH][Rank 0] Done moment 8/36 (task 7): force_integral=+0.000000e+00
  [BOTH][Rank 0] Done moment 8/36 (task 7): force_integral=+0.000000e+00
  [BOTH][Rank 0] Done moment 8/36 (task 7): force_integral=+0.000000e+00
  [BOTH][Rank 0] Done moment 8/36 (task 7): force_integral=+0.000000e+00
  [BOTH][Rank 0] Done moment 8/36 (task 7): force_integral=+0.000000e+00
  [BOTH][Rank 0] Done moment 8/36 (task 7): force_integral=+0.000000e+00
  [BOTH][Rank 0] Done moment 8/36 (task 7): force_integral=+0.000000e+00
  [BOTH][Rank 0] Done moment 8/36 (task 7): force_integral=+0.000000e+00
  [BOTH][Rank 0] Done moment 8/36 (task 7): force_integral=+0.000000e+00
  [BOTH][Rank 0] Done moment 8/36 (task 7): force_integral=+0.000000e+00
  [BOTH][Rank 0] Done moment 8/36 (task 7): force_integral=+0.000000e+00
  [BOTH][Rank 0] Done moment 8/36 (task 7): force_integral=+0.000000e+00
  [BOTH][Rank 0] Done moment 8/36 (task 7): force_integral=+0.000000e+00
  [BOTH][Rank 0] Done moment 8/36 (task 7): force_integral=+0.000000e+00
  [BOTH][Rank 0] Done moment 8/36 (task 7): force_integral=+0.000000e+00
  [BOTH][Rank 0] Done moment 8/36 (task 7): force_integral=+0.000000e+00
  [BOTH][Rank 0] Done moment 8/36 (task 7): force_integral=+0.000000e+00
  [BOTH][Rank 0] Done moment 9/36 (task 8): force_integral=-4.406645e-01
  [BOTH][Rank 0] Done moment 9/36 (task 8): force_integral=-4.406645e-01
  [BOTH][Rank 0] Done moment 9/36 (task 8): force_integral=-4.406645e-01
  [BOTH][Rank 0] Done moment 9/36 (task 8): force_integral=-4.406645e-01
  [BOTH][Rank 0] Done moment 9/36 (task 8): force_integral=-4.406645e-01
  [BOTH][Rank 0] Done moment 9/36 (task 8): force_integral=-4.406645e-01
  [BOTH][Rank 0] Done moment 9/36 (task 8): force_integral=-4.406645e-01
  [BOTH][Rank 0] Done moment 9/36 (task 8): force_integral=-4.406645e-01
  [BOTH][Rank 0] Done moment 9/36 (task 8): force_integral=-4.406645e-01
  [BOTH][Rank 0] Done moment 9/36 (task 8): force_integral=-4.406645e-01
  [BOTH][Rank 0] Done moment 9/36 (task 8): force_integral=-4.406645e-01
  [BOTH][Rank 0] Done moment 9/36 (task 8): force_integral=-4.406645e-01
  [BOTH][Rank 0] Done moment 9/36 (task 8): force_integral=-4.406645e-01
  [BOTH][Rank 0] Done moment 9/36 (task 8): force_integral=-4.406645e-01
  [BOTH][Rank 0] Done moment 9/36 (task 8): force_integral=-4.406645e-01
  [BOTH][Rank 0] Done moment 9/36 (task 8): force_integral=-4.406645e-01
  [BOTH][Rank 0] Done moment 9/36 (task 8): force_integral=-4.406645e-01
  [BOTH][Rank 0] Done moment 9/36 (task 8): force_integral=-4.406645e-01
  [BOTH][Rank 0] Done moment 9/36 (task 8): force_integral=-4.406645e-01
  [BOTH][Rank 0] Done moment 9/36 (task 8): force_integral=-4.406645e-01
  [BOTH][Rank 0] Done moment 9/36 (task 8): force_integral=-4.406645e-01
  [BOTH][Rank 0] Done moment 9/36 (task 8): force_integral=-4.406645e-01
  [BOTH][Rank 0] Done moment 9/36 (task 8): force_integral=-4.406645e-01
  [BOTH][Rank 0] Done moment 9/36 (task 8): force_integral=-4.406645e-01
  [BOTH][Rank 0] Done moment 9/36 (task 8): force_integral=-4.406645e-01
  [BOTH][Rank 0] Done moment 9/36 (task 8): force_integral=-4.406645e-01
  [BOTH][Rank 0] Done moment 9/36 (task 8): force_integral=-4.406645e-01
  [BOTH][Rank 0] Done moment 9/36 (task 8): force_integral=-4.406645e-01
  [BOTH][Rank 0] Done moment 9/36 (task 8): force_integral=-4.406645e-01
  [BOTH][Rank 0] Done moment 9/36 (task 8): force_integral=-4.406645e-01
  [BOTH][Rank 0] Done moment 9/36 (task 8): force_integral=-4.406645e-01
  [BOTH][Rank 0] Done moment 9/36 (task 8): force_integral=-4.406645e-01
  [BOTH][Rank 0] Done moment 9/36 (task 8): force_integral=-4.406645e-01
  [BOTH][Rank 0] Done moment 9/36 (task 8): force_integral=-4.406645e-01
  [BOTH][Rank 0] Done moment 9/36 (task 8): force_integral=-4.406645e-01
  [BOTH][Rank 0] Done moment 9/36 (task 8): force_integral=-4.406645e-01
  [BOTH][Rank 0] Done moment 9/36 (task 8): force_integral=-4.406645e-01
  [BOTH][Rank 0] Done moment 9/36 (task 8): force_integral=-4.406645e-01
  [BOTH][Rank 0] Done moment 9/36 (task 8): force_integral=-4.406645e-01
  [BOTH][Rank 0] Done moment 9/36 (task 8): force_integral=-4.406645e-01
  [BOTH][Rank 0] Done moment 9/36 (task 8): force_integral=-4.406645e-01
  [BOTH][Rank 0] Done moment 9/36 (task 8): force_integral=-4.406645e-01
  [BOTH][Rank 0] Done moment 9/36 (task 8): force_integral=-4.406645e-01
  [BOTH][Rank 0] Done moment 9/36 (task 8): force_integral=-4.406645e-01
  [BOTH][Rank 0] Done moment 9/36 (task 8): force_integral=-4.406645e-01
  [BOTH][Rank 0] Done moment 9/36 (task 8): force_integral=-4.406645e-01
  [BOTH][Rank 0] Done moment 9/36 (task 8): force_integral=-4.406645e-01
  [BOTH][Rank 0] Done moment 9/36 (task 8): force_integral=-4.406645e-01
  [BOTH][Rank 0] Done moment 9/36 (task 8): force_integral=-4.406645e-01
  [BOTH][Rank 0] Done moment 9/36 (task 8): force_integral=-4.406645e-01
  [BOTH][Rank 0] Done moment 9/36 (task 8): force_integral=-4.406645e-01
  [BOTH][Rank 0] Done moment 9/36 (task 8): force_integral=-4.406645e-01
  [BOTH][Rank 0] Done moment 9/36 (task 8): force_integral=-4.406645e-01
  [BOTH][Rank 0] Done moment 9/36 (task 8): force_integral=-4.406645e-01
  [BOTH][Rank 0] Done moment 9/36 (task 8): force_integral=-4.406645e-01
  [BOTH][Rank 0] Done moment 9/36 (task 8): force_integral=-4.406645e-01
  [BOTH][Rank 0] Done moment 9/36 (task 8): force_integral=-4.406645e-01
  [BOTH][Rank 0] Done moment 9/36 (task 8): force_integral=-4.406645e-01
  [BOTH][Rank 0] Done moment 9/36 (task 8): force_integral=-4.406645e-01
  [BOTH][Rank 0] Done moment 9/36 (task 8): force_integral=-4.406645e-01
  [BOTH][Rank 0] Done moment 9/36 (task 8): force_integral=-4.406645e-01
  [BOTH][Rank 0] Done moment 9/36 (task 8): force_integral=-4.406645e-01
  [BOTH][Rank 0] Done moment 9/36 (task 8): force_integral=-4.406645e-01
  [BOTH][Rank 0] Done moment 9/36 (task 8): force_integral=-4.406645e-01
  [BOTH][Rank 0] Done moment 9/36 (task 8): force_integral=-4.406645e-01
  [BOTH][Rank 0] Done moment 9/36 (task 8): force_integral=-4.406645e-01
  [BOTH][Rank 0] Done moment 9/36 (task 8): force_integral=-4.406645e-01
  [BOTH][Rank 0] Done moment 9/36 (task 8): force_integral=-4.406645e-01
  [BOTH][Rank 0] Done moment 9/36 (task 8): force_integral=-4.406645e-01
  [BOTH][Rank 0] Done moment 9/36 (task 8): force_integral=-4.406645e-01
  [BOTH][Rank 0] Done moment 9/36 (task 8): force_integral=-4.406645e-01
  [BOTH][Rank 0] Done moment 9/36 (task 8): force_integral=-4.406645e-01
  [BOTH][Rank 0] Done moment 9/36 (task 8): force_integral=-4.406645e-01
  [BOTH][Rank 0] Done moment 9/36 (task 8): force_integral=-4.406645e-01
  [BOTH][Rank 0] Done moment 9/36 (task 8): force_integral=-4.406645e-01
  [BOTH][Rank 0] Done moment 9/36 (task 8): force_integral=-4.406645e-01
  [BOTH][Rank 0] Done moment 9/36 (task 8): force_integral=-4.406645e-01
  [BOTH][Rank 0] Done moment 9/36 (task 8): force_integral=-4.406645e-01
  [BOTH][Rank 0] Done moment 9/36 (task 8): force_integral=-4.406645e-01
  [BOTH][Rank 0] Done moment 9/36 (task 8): force_integral=-4.406645e-01
  [BOTH][Rank 0] Done moment 9/36 (task 8): force_integral=-4.406645e-01
  [BOTH][Rank 0] Done moment 9/36 (task 8): force_integral=-4.406645e-01
  [BOTH][Rank 0] Done moment 9/36 (task 8): force_integral=-4.406645e-01
  [BOTH][Rank 0] Done moment 9/36 (task 8): force_integral=-4.406645e-01
  [BOTH][Rank 0] Done moment 9/36 (task 8): force_integral=-4.406645e-01
  [BOTH][Rank 0] Done moment 9/36 (task 8): force_integral=-4.406645e-01
  [BOTH][Rank 0] Done moment 9/36 (task 8): force_integral=-4.406645e-01
  [BOTH][Rank 0] Done moment 9/36 (task 8): force_integral=-4.406645e-01
  [BOTH][Rank 0] Done moment 9/36 (task 8): force_integral=-4.406645e-01
  [BOTH][Rank 0] Done moment 9/36 (task 8): force_integral=-4.406645e-01
  [BOTH][Rank 0] Done moment 9/36 (task 8): force_integral=-4.406645e-01
  [BOTH][Rank 0] Done moment 9/36 (task 8): force_integral=-4.406645e-01
  [BOTH][Rank 0] Done moment 9/36 (task 8): force_integral=-4.406645e-01
  [BOTH][Rank 0] Done moment 9/36 (task 8): force_integral=-4.406645e-01
  [BOTH][Rank 0] Done moment 9/36 (task 8): force_integral=-4.406645e-01
  [BOTH][Rank 0] Done moment 9/36 (task 8): force_integral=-4.406645e-01
  [BOTH][Rank 0] Done moment 9/36 (task 8): force_integral=-4.406645e-01
  [BOTH][Rank 0] Done moment 9/36 (task 8): force_integral=-4.406645e-01
  [BOTH][Rank 0] Done moment 9/36 (task 8): force_integral=-4.406645e-01
  [BOTH][Rank 0] Done moment 9/36 (task 8): force_integral=-4.406645e-01
  [BOTH][Rank 0] Done moment 9/36 (task 8): force_integral=-4.406645e-01
  [BOTH][Rank 0] Done moment 9/36 (task 8): force_integral=-4.406645e-01
  [BOTH][Rank 0] Done moment 9/36 (task 8): force_integral=-4.406645e-01
  [BOTH][Rank 0] Done moment 9/36 (task 8): force_integral=-4.406645e-01
  [BOTH][Rank 0] Done moment 9/36 (task 8): force_integral=-4.406645e-01
  [BOTH][Rank 0] Done moment 9/36 (task 8): force_integral=-4.406645e-01
  [BOTH][Rank 0] Done moment 9/36 (task 8): force_integral=-4.406645e-01
  [BOTH][Rank 0] Done moment 9/36 (task 8): force_integral=-4.406645e-01
  [BOTH][Rank 0] Done moment 9/36 (task 8): force_integral=-4.406645e-01
  [BOTH][Rank 0] Done moment 9/36 (task 8): force_integral=-4.406645e-01
  [BOTH][Rank 0] Done moment 9/36 (task 8): force_integral=-4.406645e-01
  [BOTH][Rank 0] Done moment 9/36 (task 8): force_integral=-4.406645e-01
  [BOTH][Rank 0] Done moment 9/36 (task 8): force_integral=-4.406645e-01
  [BOTH][Rank 0] Done moment 9/36 (task 8): force_integral=-4.406645e-01
  [BOTH][Rank 0] Done moment 9/36 (task 8): force_integral=-4.406645e-01
  [BOTH][Rank 0] Done moment 9/36 (task 8): force_integral=-4.406645e-01
  [BOTH][Rank 0] Done moment 9/36 (task 8): force_integral=-4.406645e-01
  [BOTH][Rank 0] Done moment 9/36 (task 8): force_integral=-4.406645e-01
  [BOTH][Rank 0] Done moment 9/36 (task 8): force_integral=-4.406645e-01
  [BOTH][Rank 0] Done moment 9/36 (task 8): force_integral=-4.406645e-01
  [BOTH][Rank 0] Done moment 9/36 (task 8): force_integral=-4.406645e-01
  [BOTH][Rank 0] Done moment 9/36 (task 8): force_integral=-4.406645e-01
  [BOTH][Rank 0] Done moment 9/36 (task 8): force_integral=-4.406645e-01
  [BOTH][Rank 0] Done moment 9/36 (task 8): force_integral=-4.406645e-01
  [BOTH][Rank 0] Done moment 9/36 (task 8): force_integral=-4.406645e-01
  [BOTH][Rank 0] Done moment 9/36 (task 8): force_integral=-4.406645e-01
  [BOTH][Rank 0] Done moment 9/36 (task 8): force_integral=-4.406645e-01
  [BOTH][Rank 0] Done moment 9/36 (task 8): force_integral=-4.406645e-01
  [BOTH][Rank 0] Done moment 10/36 (task 9): force_integral=-4.406645e-01
  [BOTH][Rank 0] Done moment 10/36 (task 9): force_integral=-4.406645e-01
  [BOTH][Rank 0] Done moment 10/36 (task 9): force_integral=-4.406645e-01
  [BOTH][Rank 0] Done moment 10/36 (task 9): force_integral=-4.406645e-01
  [BOTH][Rank 0] Done moment 10/36 (task 9): force_integral=-4.406645e-01
  [BOTH][Rank 0] Done moment 10/36 (task 9): force_integral=-4.406645e-01
  [BOTH][Rank 0] Done moment 10/36 (task 9): force_integral=-4.406645e-01
  [BOTH][Rank 0] Done moment 10/36 (task 9): force_integral=-4.406645e-01
  [BOTH][Rank 0] Done moment 10/36 (task 9): force_integral=-4.406645e-01
  [BOTH][Rank 0] Done moment 10/36 (task 9): force_integral=-4.406645e-01
  [BOTH][Rank 0] Done moment 10/36 (task 9): force_integral=-4.406645e-01
  [BOTH][Rank 0] Done moment 10/36 (task 9): force_integral=-4.406645e-01
  [BOTH][Rank 0] Done moment 10/36 (task 9): force_integral=-4.406645e-01
  [BOTH][Rank 0] Done moment 10/36 (task 9): force_integral=-4.406645e-01
  [BOTH][Rank 0] Done moment 10/36 (task 9): force_integral=-4.406645e-01
  [BOTH][Rank 0] Done moment 10/36 (task 9): force_integral=-4.406645e-01
  [BOTH][Rank 0] Done moment 10/36 (task 9): force_integral=-4.406645e-01
  [BOTH][Rank 0] Done moment 10/36 (task 9): force_integral=-4.406645e-01
  [BOTH][Rank 0] Done moment 10/36 (task 9): force_integral=-4.406645e-01
  [BOTH][Rank 0] Done moment 10/36 (task 9): force_integral=-4.406645e-01
  [BOTH][Rank 0] Done moment 10/36 (task 9): force_integral=-4.406645e-01
  [BOTH][Rank 0] Done moment 10/36 (task 9): force_integral=-4.406645e-01
  [BOTH][Rank 0] Done moment 10/36 (task 9): force_integral=-4.406645e-01
  [BOTH][Rank 0] Done moment 10/36 (task 9): force_integral=-4.406645e-01
  [BOTH][Rank 0] Done moment 10/36 (task 9): force_integral=-4.406645e-01
  [BOTH][Rank 0] Done moment 10/36 (task 9): force_integral=-4.406645e-01
  [BOTH][Rank 0] Done moment 10/36 (task 9): force_integral=-4.406645e-01
  [BOTH][Rank 0] Done moment 10/36 (task 9): force_integral=-4.406645e-01
  [BOTH][Rank 0] Done moment 10/36 (task 9): force_integral=-4.406645e-01
  [BOTH][Rank 0] Done moment 10/36 (task 9): force_integral=-4.406645e-01
  [BOTH][Rank 0] Done moment 10/36 (task 9): force_integral=-4.406645e-01
  [BOTH][Rank 0] Done moment 10/36 (task 9): force_integral=-4.406645e-01
  [BOTH][Rank 0] Done moment 10/36 (task 9): force_integral=-4.406645e-01
  [BOTH][Rank 0] Done moment 10/36 (task 9): force_integral=-4.406645e-01
  [BOTH][Rank 0] Done moment 10/36 (task 9): force_integral=-4.406645e-01
  [BOTH][Rank 0] Done moment 10/36 (task 9): force_integral=-4.406645e-01
  [BOTH][Rank 0] Done moment 10/36 (task 9): force_integral=-4.406645e-01
  [BOTH][Rank 0] Done moment 10/36 (task 9): force_integral=-4.406645e-01
  [BOTH][Rank 0] Done moment 10/36 (task 9): force_integral=-4.406645e-01
  [BOTH][Rank 0] Done moment 10/36 (task 9): force_integral=-4.406645e-01
  [BOTH][Rank 0] Done moment 10/36 (task 9): force_integral=-4.406645e-01
  [BOTH][Rank 0] Done moment 10/36 (task 9): force_integral=-4.406645e-01
  [BOTH][Rank 0] Done moment 10/36 (task 9): force_integral=-4.406645e-01
  [BOTH][Rank 0] Done moment 10/36 (task 9): force_integral=-4.406645e-01
  [BOTH][Rank 0] Done moment 10/36 (task 9): force_integral=-4.406645e-01
  [BOTH][Rank 0] Done moment 10/36 (task 9): force_integral=-4.406645e-01
  [BOTH][Rank 0] Done moment 10/36 (task 9): force_integral=-4.406645e-01
  [BOTH][Rank 0] Done moment 10/36 (task 9): force_integral=-4.406645e-01
  [BOTH][Rank 0] Done moment 10/36 (task 9): force_integral=-4.406645e-01
  [BOTH][Rank 0] Done moment 10/36 (task 9): force_integral=-4.406645e-01
  [BOTH][Rank 0] Done moment 10/36 (task 9): force_integral=-4.406645e-01
  [BOTH][Rank 0] Done moment 10/36 (task 9): force_integral=-4.406645e-01
  [BOTH][Rank 0] Done moment 10/36 (task 9): force_integral=-4.406645e-01
  [BOTH][Rank 0] Done moment 10/36 (task 9): force_integral=-4.406645e-01
  [BOTH][Rank 0] Done moment 10/36 (task 9): force_integral=-4.406645e-01
  [BOTH][Rank 0] Done moment 10/36 (task 9): force_integral=-4.406645e-01
  [BOTH][Rank 0] Done moment 10/36 (task 9): force_integral=-4.406645e-01
  [BOTH][Rank 0] Done moment 10/36 (task 9): force_integral=-4.406645e-01
  [BOTH][Rank 0] Done moment 10/36 (task 9): force_integral=-4.406645e-01
  [BOTH][Rank 0] Done moment 10/36 (task 9): force_integral=-4.406645e-01
  [BOTH][Rank 0] Done moment 10/36 (task 9): force_integral=-4.406645e-01
  [BOTH][Rank 0] Done moment 10/36 (task 9): force_integral=-4.406645e-01
  [BOTH][Rank 0] Done moment 10/36 (task 9): force_integral=-4.406645e-01
  [BOTH][Rank 0] Done moment 10/36 (task 9): force_integral=-4.406645e-01
  [BOTH][Rank 0] Done moment 10/36 (task 9): force_integral=-4.406645e-01
  [BOTH][Rank 0] Done moment 10/36 (task 9): force_integral=-4.406645e-01
  [BOTH][Rank 0] Done moment 10/36 (task 9): force_integral=-4.406645e-01
  [BOTH][Rank 0] Done moment 10/36 (task 9): force_integral=-4.406645e-01
  [BOTH][Rank 0] Done moment 10/36 (task 9): force_integral=-4.406645e-01
  [BOTH][Rank 0] Done moment 10/36 (task 9): force_integral=-4.406645e-01
  [BOTH][Rank 0] Done moment 10/36 (task 9): force_integral=-4.406645e-01
  [BOTH][Rank 0] Done moment 10/36 (task 9): force_integral=-4.406645e-01
  [BOTH][Rank 0] Done moment 10/36 (task 9): force_integral=-4.406645e-01
  [BOTH][Rank 0] Done moment 10/36 (task 9): force_integral=-4.406645e-01
  [BOTH][Rank 0] Done moment 10/36 (task 9): force_integral=-4.406645e-01
  [BOTH][Rank 0] Done moment 10/36 (task 9): force_integral=-4.406645e-01
  [BOTH][Rank 0] Done moment 10/36 (task 9): force_integral=-4.406645e-01
  [BOTH][Rank 0] Done moment 10/36 (task 9): force_integral=-4.406645e-01
  [BOTH][Rank 0] Done moment 10/36 (task 9): force_integral=-4.406645e-01
  [BOTH][Rank 0] Done moment 10/36 (task 9): force_integral=-4.406645e-01
  [BOTH][Rank 0] Done moment 10/36 (task 9): force_integral=-4.406645e-01
  [BOTH][Rank 0] Done moment 10/36 (task 9): force_integral=-4.406645e-01
  [BOTH][Rank 0] Done moment 10/36 (task 9): force_integral=-4.406645e-01
  [BOTH][Rank 0] Done moment 10/36 (task 9): force_integral=-4.406645e-01
  [BOTH][Rank 0] Done moment 10/36 (task 9): force_integral=-4.406645e-01
  [BOTH][Rank 0] Done moment 10/36 (task 9): force_integral=-4.406645e-01
  [BOTH][Rank 0] Done moment 10/36 (task 9): force_integral=-4.406645e-01
  [BOTH][Rank 0] Done moment 10/36 (task 9): force_integral=-4.406645e-01
  [BOTH][Rank 0] Done moment 10/36 (task 9): force_integral=-4.406645e-01
  [BOTH][Rank 0] Done moment 10/36 (task 9): force_integral=-4.406645e-01
  [BOTH][Rank 0] Done moment 10/36 (task 9): force_integral=-4.406645e-01
  [BOTH][Rank 0] Done moment 10/36 (task 9): force_integral=-4.406645e-01
  [BOTH][Rank 0] Done moment 10/36 (task 9): force_integral=-4.406645e-01
  [BOTH][Rank 0] Done moment 10/36 (task 9): force_integral=-4.406645e-01
  [BOTH][Rank 0] Done moment 10/36 (task 9): force_integral=-4.406645e-01
  [BOTH][Rank 0] Done moment 10/36 (task 9): force_integral=-4.406645e-01
  [BOTH][Rank 0] Done moment 10/36 (task 9): force_integral=-4.406645e-01
  [BOTH][Rank 0] Done moment 10/36 (task 9): force_integral=-4.406645e-01
  [BOTH][Rank 0] Done moment 10/36 (task 9): force_integral=-4.406645e-01
  [BOTH][Rank 0] Done moment 10/36 (task 9): force_integral=-4.406645e-01
  [BOTH][Rank 0] Done moment 10/36 (task 9): force_integral=-4.406645e-01
  [BOTH][Rank 0] Done moment 10/36 (task 9): force_integral=-4.406645e-01
  [BOTH][Rank 0] Done moment 10/36 (task 9): force_integral=-4.406645e-01
  [BOTH][Rank 0] Done moment 10/36 (task 9): force_integral=-4.406645e-01
  [BOTH][Rank 0] Done moment 10/36 (task 9): force_integral=-4.406645e-01
  [BOTH][Rank 0] Done moment 10/36 (task 9): force_integral=-4.406645e-01
  [BOTH][Rank 0] Done moment 10/36 (task 9): force_integral=-4.406645e-01
  [BOTH][Rank 0] Done moment 10/36 (task 9): force_integral=-4.406645e-01
  [BOTH][Rank 0] Done moment 10/36 (task 9): force_integral=-4.406645e-01
  [BOTH][Rank 0] Done moment 10/36 (task 9): force_integral=-4.406645e-01
  [BOTH][Rank 0] Done moment 10/36 (task 9): force_integral=-4.406645e-01
  [BOTH][Rank 0] Done moment 10/36 (task 9): force_integral=-4.406645e-01
  [BOTH][Rank 0] Done moment 10/36 (task 9): force_integral=-4.406645e-01
  [BOTH][Rank 0] Done moment 10/36 (task 9): force_integral=-4.406645e-01
  [BOTH][Rank 0] Done moment 10/36 (task 9): force_integral=-4.406645e-01
  [BOTH][Rank 0] Done moment 10/36 (task 9): force_integral=-4.406645e-01
  [BOTH][Rank 0] Done moment 10/36 (task 9): force_integral=-4.406645e-01
  [BOTH][Rank 0] Done moment 10/36 (task 9): force_integral=-4.406645e-01
  [BOTH][Rank 0] Done moment 10/36 (task 9): force_integral=-4.406645e-01
  [BOTH][Rank 0] Done moment 10/36 (task 9): force_integral=-4.406645e-01
  [BOTH][Rank 0] Done moment 10/36 (task 9): force_integral=-4.406645e-01
  [BOTH][Rank 0] Done moment 10/36 (task 9): force_integral=-4.406645e-01
  [BOTH][Rank 0] Done moment 10/36 (task 9): force_integral=-4.406645e-01
  [BOTH][Rank 0] Done moment 10/36 (task 9): force_integral=-4.406645e-01
  [BOTH][Rank 0] Done moment 10/36 (task 9): force_integral=-4.406645e-01
  [BOTH][Rank 0] Done moment 10/36 (task 9): force_integral=-4.406645e-01
  [BOTH][Rank 0] Done moment 10/36 (task 9): force_integral=-4.406645e-01
  [BOTH][Rank 0] Done moment 10/36 (task 9): force_integral=-4.406645e-01
  [BOTH][Rank 0] Done moment 11/36 (task 10): force_integral=-1.704125e+03
  [BOTH][Rank 0] Done moment 11/36 (task 10): force_integral=-1.704125e+03
  [BOTH][Rank 0] Done moment 11/36 (task 10): force_integral=-1.704125e+03
  [BOTH][Rank 0] Done moment 11/36 (task 10): force_integral=-1.704125e+03
  [BOTH][Rank 0] Done moment 11/36 (task 10): force_integral=-1.704125e+03
  [BOTH][Rank 0] Done moment 11/36 (task 10): force_integral=-1.704125e+03
  [BOTH][Rank 0] Done moment 11/36 (task 10): force_integral=-1.704125e+03
  [BOTH][Rank 0] Done moment 11/36 (task 10): force_integral=-1.704125e+03
  [BOTH][Rank 0] Done moment 11/36 (task 10): force_integral=-1.704125e+03
  [BOTH][Rank 0] Done moment 11/36 (task 10): force_integral=-1.704125e+03
  [BOTH][Rank 0] Done moment 11/36 (task 10): force_integral=-1.704125e+03
  [BOTH][Rank 0] Done moment 11/36 (task 10): force_integral=-1.704125e+03
  [BOTH][Rank 0] Done moment 11/36 (task 10): force_integral=-1.704125e+03
  [BOTH][Rank 0] Done moment 11/36 (task 10): force_integral=-1.704125e+03
  [BOTH][Rank 0] Done moment 11/36 (task 10): force_integral=-1.704125e+03
  [BOTH][Rank 0] Done moment 11/36 (task 10): force_integral=-1.704125e+03
  [BOTH][Rank 0] Done moment 11/36 (task 10): force_integral=-1.704125e+03
  [BOTH][Rank 0] Done moment 11/36 (task 10): force_integral=-1.704125e+03
  [BOTH][Rank 0] Done moment 11/36 (task 10): force_integral=-1.704125e+03
  [BOTH][Rank 0] Done moment 11/36 (task 10): force_integral=-1.704125e+03
  [BOTH][Rank 0] Done moment 11/36 (task 10): force_integral=-1.704125e+03
  [BOTH][Rank 0] Done moment 11/36 (task 10): force_integral=-1.704125e+03
  [BOTH][Rank 0] Done moment 11/36 (task 10): force_integral=-1.704125e+03
  [BOTH][Rank 0] Done moment 11/36 (task 10): force_integral=-1.704125e+03
  [BOTH][Rank 0] Done moment 11/36 (task 10): force_integral=-1.704125e+03
  [BOTH][Rank 0] Done moment 11/36 (task 10): force_integral=-1.704125e+03
  [BOTH][Rank 0] Done moment 11/36 (task 10): force_integral=-1.704125e+03
  [BOTH][Rank 0] Done moment 11/36 (task 10): force_integral=-1.704125e+03
  [BOTH][Rank 0] Done moment 11/36 (task 10): force_integral=-1.704125e+03
  [BOTH][Rank 0] Done moment 11/36 (task 10): force_integral=-1.704125e+03
  [BOTH][Rank 0] Done moment 11/36 (task 10): force_integral=-1.704125e+03
  [BOTH][Rank 0] Done moment 11/36 (task 10): force_integral=-1.704125e+03
  [BOTH][Rank 0] Done moment 11/36 (task 10): force_integral=-1.704125e+03
  [BOTH][Rank 0] Done moment 11/36 (task 10): force_integral=-1.704125e+03
  [BOTH][Rank 0] Done moment 11/36 (task 10): force_integral=-1.704125e+03
  [BOTH][Rank 0] Done moment 11/36 (task 10): force_integral=-1.704125e+03
  [BOTH][Rank 0] Done moment 11/36 (task 10): force_integral=-1.704125e+03
  [BOTH][Rank 0] Done moment 11/36 (task 10): force_integral=-1.704125e+03
  [BOTH][Rank 0] Done moment 11/36 (task 10): force_integral=-1.704125e+03
  [BOTH][Rank 0] Done moment 11/36 (task 10): force_integral=-1.704125e+03
  [BOTH][Rank 0] Done moment 11/36 (task 10): force_integral=-1.704125e+03
  [BOTH][Rank 0] Done moment 11/36 (task 10): force_integral=-1.704125e+03
  [BOTH][Rank 0] Done moment 11/36 (task 10): force_integral=-1.704125e+03
  [BOTH][Rank 0] Done moment 11/36 (task 10): force_integral=-1.704125e+03
  [BOTH][Rank 0] Done moment 11/36 (task 10): force_integral=-1.704125e+03
  [BOTH][Rank 0] Done moment 11/36 (task 10): force_integral=-1.704125e+03
  [BOTH][Rank 0] Done moment 11/36 (task 10): force_integral=-1.704125e+03
  [BOTH][Rank 0] Done moment 11/36 (task 10): force_integral=-1.704125e+03
  [BOTH][Rank 0] Done moment 11/36 (task 10): force_integral=-1.704125e+03
  [BOTH][Rank 0] Done moment 11/36 (task 10): force_integral=-1.704125e+03
  [BOTH][Rank 0] Done moment 11/36 (task 10): force_integral=-1.704125e+03
  [BOTH][Rank 0] Done moment 11/36 (task 10): force_integral=-1.704125e+03
  [BOTH][Rank 0] Done moment 11/36 (task 10): force_integral=-1.704125e+03
  [BOTH][Rank 0] Done moment 11/36 (task 10): force_integral=-1.704125e+03
  [BOTH][Rank 0] Done moment 11/36 (task 10): force_integral=-1.704125e+03
  [BOTH][Rank 0] Done moment 11/36 (task 10): force_integral=-1.704125e+03
  [BOTH][Rank 0] Done moment 11/36 (task 10): force_integral=-1.704125e+03
  [BOTH][Rank 0] Done moment 11/36 (task 10): force_integral=-1.704125e+03
  [BOTH][Rank 0] Done moment 11/36 (task 10): force_integral=-1.704125e+03
  [BOTH][Rank 0] Done moment 11/36 (task 10): force_integral=-1.704125e+03
  [BOTH][Rank 0] Done moment 11/36 (task 10): force_integral=-1.704125e+03
  [BOTH][Rank 0] Done moment 11/36 (task 10): force_integral=-1.704125e+03
  [BOTH][Rank 0] Done moment 11/36 (task 10): force_integral=-1.704125e+03
  [BOTH][Rank 0] Done moment 11/36 (task 10): force_integral=-1.704125e+03
  [BOTH][Rank 0] Done moment 11/36 (task 10): force_integral=-1.704125e+03
  [BOTH][Rank 0] Done moment 11/36 (task 10): force_integral=-1.704125e+03
  [BOTH][Rank 0] Done moment 11/36 (task 10): force_integral=-1.704125e+03
  [BOTH][Rank 0] Done moment 11/36 (task 10): force_integral=-1.704125e+03
  [BOTH][Rank 0] Done moment 11/36 (task 10): force_integral=-1.704125e+03
  [BOTH][Rank 0] Done moment 11/36 (task 10): force_integral=-1.704125e+03
  [BOTH][Rank 0] Done moment 11/36 (task 10): force_integral=-1.704125e+03
  [BOTH][Rank 0] Done moment 11/36 (task 10): force_integral=-1.704125e+03
  [BOTH][Rank 0] Done moment 11/36 (task 10): force_integral=-1.704125e+03
  [BOTH][Rank 0] Done moment 11/36 (task 10): force_integral=-1.704125e+03
  [BOTH][Rank 0] Done moment 11/36 (task 10): force_integral=-1.704125e+03
  [BOTH][Rank 0] Done moment 11/36 (task 10): force_integral=-1.704125e+03
  [BOTH][Rank 0] Done moment 11/36 (task 10): force_integral=-1.704125e+03
  [BOTH][Rank 0] Done moment 11/36 (task 10): force_integral=-1.704125e+03
  [BOTH][Rank 0] Done moment 11/36 (task 10): force_integral=-1.704125e+03
  [BOTH][Rank 0] Done moment 11/36 (task 10): force_integral=-1.704125e+03
  [BOTH][Rank 0] Done moment 11/36 (task 10): force_integral=-1.704125e+03
  [BOTH][Rank 0] Done moment 11/36 (task 10): force_integral=-1.704125e+03
  [BOTH][Rank 0] Done moment 11/36 (task 10): force_integral=-1.704125e+03
  [BOTH][Rank 0] Done moment 11/36 (task 10): force_integral=-1.704125e+03
  [BOTH][Rank 0] Done moment 11/36 (task 10): force_integral=-1.704125e+03
  [BOTH][Rank 0] Done moment 11/36 (task 10): force_integral=-1.704125e+03
  [BOTH][Rank 0] Done moment 11/36 (task 10): force_integral=-1.704125e+03
  [BOTH][Rank 0] Done moment 11/36 (task 10): force_integral=-1.704125e+03
  [BOTH][Rank 0] Done moment 11/36 (task 10): force_integral=-1.704125e+03
  [BOTH][Rank 0] Done moment 11/36 (task 10): force_integral=-1.704125e+03
  [BOTH][Rank 0] Done moment 11/36 (task 10): force_integral=-1.704125e+03
  [BOTH][Rank 0] Done moment 11/36 (task 10): force_integral=-1.704125e+03
  [BOTH][Rank 0] Done moment 11/36 (task 10): force_integral=-1.704125e+03
  [BOTH][Rank 0] Done moment 11/36 (task 10): force_integral=-1.704125e+03
  [BOTH][Rank 0] Done moment 11/36 (task 10): force_integral=-1.704125e+03
  [BOTH][Rank 0] Done moment 11/36 (task 10): force_integral=-1.704125e+03
  [BOTH][Rank 0] Done moment 11/36 (task 10): force_integral=-1.704125e+03
  [BOTH][Rank 0] Done moment 11/36 (task 10): force_integral=-1.704125e+03
  [BOTH][Rank 0] Done moment 11/36 (task 10): force_integral=-1.704125e+03
  [BOTH][Rank 0] Done moment 11/36 (task 10): force_integral=-1.704125e+03
  [BOTH][Rank 0] Done moment 11/36 (task 10): force_integral=-1.704125e+03
  [BOTH][Rank 0] Done moment 11/36 (task 10): force_integral=-1.704125e+03
  [BOTH][Rank 0] Done moment 11/36 (task 10): force_integral=-1.704125e+03
  [BOTH][Rank 0] Done moment 11/36 (task 10): force_integral=-1.704125e+03
  [BOTH][Rank 0] Done moment 11/36 (task 10): force_integral=-1.704125e+03
  [BOTH][Rank 0] Done moment 11/36 (task 10): force_integral=-1.704125e+03
  [BOTH][Rank 0] Done moment 11/36 (task 10): force_integral=-1.704125e+03
  [BOTH][Rank 0] Done moment 11/36 (task 10): force_integral=-1.704125e+03
  [BOTH][Rank 0] Done moment 11/36 (task 10): force_integral=-1.704125e+03
  [BOTH][Rank 0] Done moment 11/36 (task 10): force_integral=-1.704125e+03
  [BOTH][Rank 0] Done moment 11/36 (task 10): force_integral=-1.704125e+03
  [BOTH][Rank 0] Done moment 11/36 (task 10): force_integral=-1.704125e+03
  [BOTH][Rank 0] Done moment 11/36 (task 10): force_integral=-1.704125e+03
  [BOTH][Rank 0] Done moment 11/36 (task 10): force_integral=-1.704125e+03
  [BOTH][Rank 0] Done moment 11/36 (task 10): force_integral=-1.704125e+03
  [BOTH][Rank 0] Done moment 11/36 (task 10): force_integral=-1.704125e+03
  [BOTH][Rank 0] Done moment 11/36 (task 10): force_integral=-1.704125e+03
  [BOTH][Rank 0] Done moment 11/36 (task 10): force_integral=-1.704125e+03
  [BOTH][Rank 0] Done moment 11/36 (task 10): force_integral=-1.704125e+03
  [BOTH][Rank 0] Done moment 11/36 (task 10): force_integral=-1.704125e+03
  [BOTH][Rank 0] Done moment 11/36 (task 10): force_integral=-1.704125e+03
  [BOTH][Rank 0] Done moment 11/36 (task 10): force_integral=-1.704125e+03
  [BOTH][Rank 0] Done moment 11/36 (task 10): force_integral=-1.704125e+03
  [BOTH][Rank 0] Done moment 11/36 (task 10): force_integral=-1.704125e+03
  [BOTH][Rank 0] Done moment 11/36 (task 10): force_integral=-1.704125e+03
  [BOTH][Rank 0] Done moment 11/36 (task 10): force_integral=-1.704125e+03
  [BOTH][Rank 0] Done moment 11/36 (task 10): force_integral=-1.704125e+03
  [BOTH][Rank 0] Done moment 11/36 (task 10): force_integral=-1.704125e+03
  [BOTH][Rank 0] Done moment 12/36 (task 11): force_integral=+1.541261e+03
  [BOTH][Rank 0] Done moment 12/36 (task 11): force_integral=+1.541261e+03
  [BOTH][Rank 0] Done moment 12/36 (task 11): force_integral=+1.541261e+03
  [BOTH][Rank 0] Done moment 12/36 (task 11): force_integral=+1.541261e+03
  [BOTH][Rank 0] Done moment 12/36 (task 11): force_integral=+1.541261e+03
  [BOTH][Rank 0] Done moment 12/36 (task 11): force_integral=+1.541261e+03
  [BOTH][Rank 0] Done moment 12/36 (task 11): force_integral=+1.541261e+03
  [BOTH][Rank 0] Done moment 12/36 (task 11): force_integral=+1.541261e+03
  [BOTH][Rank 0] Done moment 12/36 (task 11): force_integral=+1.541261e+03
  [BOTH][Rank 0] Done moment 12/36 (task 11): force_integral=+1.541261e+03
  [BOTH][Rank 0] Done moment 12/36 (task 11): force_integral=+1.541261e+03
  [BOTH][Rank 0] Done moment 12/36 (task 11): force_integral=+1.541261e+03
  [BOTH][Rank 0] Done moment 12/36 (task 11): force_integral=+1.541261e+03
  [BOTH][Rank 0] Done moment 12/36 (task 11): force_integral=+1.541261e+03
  [BOTH][Rank 0] Done moment 12/36 (task 11): force_integral=+1.541261e+03
  [BOTH][Rank 0] Done moment 12/36 (task 11): force_integral=+1.541261e+03
  [BOTH][Rank 0] Done moment 12/36 (task 11): force_integral=+1.541261e+03
  [BOTH][Rank 0] Done moment 12/36 (task 11): force_integral=+1.541261e+03
  [BOTH][Rank 0] Done moment 12/36 (task 11): force_integral=+1.541261e+03
  [BOTH][Rank 0] Done moment 12/36 (task 11): force_integral=+1.541261e+03
  [BOTH][Rank 0] Done moment 12/36 (task 11): force_integral=+1.541261e+03
  [BOTH][Rank 0] Done moment 12/36 (task 11): force_integral=+1.541261e+03
  [BOTH][Rank 0] Done moment 12/36 (task 11): force_integral=+1.541261e+03
  [BOTH][Rank 0] Done moment 12/36 (task 11): force_integral=+1.541261e+03
  [BOTH][Rank 0] Done moment 12/36 (task 11): force_integral=+1.541261e+03
  [BOTH][Rank 0] Done moment 12/36 (task 11): force_integral=+1.541261e+03
  [BOTH][Rank 0] Done moment 12/36 (task 11): force_integral=+1.541261e+03
  [BOTH][Rank 0] Done moment 12/36 (task 11): force_integral=+1.541261e+03
  [BOTH][Rank 0] Done moment 12/36 (task 11): force_integral=+1.541261e+03
  [BOTH][Rank 0] Done moment 12/36 (task 11): force_integral=+1.541261e+03
  [BOTH][Rank 0] Done moment 12/36 (task 11): force_integral=+1.541261e+03
  [BOTH][Rank 0] Done moment 12/36 (task 11): force_integral=+1.541261e+03
  [BOTH][Rank 0] Done moment 12/36 (task 11): force_integral=+1.541261e+03
  [BOTH][Rank 0] Done moment 12/36 (task 11): force_integral=+1.541261e+03
  [BOTH][Rank 0] Done moment 12/36 (task 11): force_integral=+1.541261e+03
  [BOTH][Rank 0] Done moment 12/36 (task 11): force_integral=+1.541261e+03
  [BOTH][Rank 0] Done moment 12/36 (task 11): force_integral=+1.541261e+03
  [BOTH][Rank 0] Done moment 12/36 (task 11): force_integral=+1.541261e+03
  [BOTH][Rank 0] Done moment 12/36 (task 11): force_integral=+1.541261e+03
  [BOTH][Rank 0] Done moment 12/36 (task 11): force_integral=+1.541261e+03
  [BOTH][Rank 0] Done moment 12/36 (task 11): force_integral=+1.541261e+03
  [BOTH][Rank 0] Done moment 12/36 (task 11): force_integral=+1.541261e+03
  [BOTH][Rank 0] Done moment 12/36 (task 11): force_integral=+1.541261e+03
  [BOTH][Rank 0] Done moment 12/36 (task 11): force_integral=+1.541261e+03
  [BOTH][Rank 0] Done moment 12/36 (task 11): force_integral=+1.541261e+03
  [BOTH][Rank 0] Done moment 12/36 (task 11): force_integral=+1.541261e+03
  [BOTH][Rank 0] Done moment 12/36 (task 11): force_integral=+1.541261e+03
  [BOTH][Rank 0] Done moment 12/36 (task 11): force_integral=+1.541261e+03
  [BOTH][Rank 0] Done moment 12/36 (task 11): force_integral=+1.541261e+03
  [BOTH][Rank 0] Done moment 12/36 (task 11): force_integral=+1.541261e+03
  [BOTH][Rank 0] Done moment 12/36 (task 11): force_integral=+1.541261e+03
  [BOTH][Rank 0] Done moment 12/36 (task 11): force_integral=+1.541261e+03
  [BOTH][Rank 0] Done moment 12/36 (task 11): force_integral=+1.541261e+03
  [BOTH][Rank 0] Done moment 12/36 (task 11): force_integral=+1.541261e+03
  [BOTH][Rank 0] Done moment 12/36 (task 11): force_integral=+1.541261e+03
  [BOTH][Rank 0] Done moment 12/36 (task 11): force_integral=+1.541261e+03
  [BOTH][Rank 0] Done moment 12/36 (task 11): force_integral=+1.541261e+03
  [BOTH][Rank 0] Done moment 12/36 (task 11): force_integral=+1.541261e+03
  [BOTH][Rank 0] Done moment 12/36 (task 11): force_integral=+1.541261e+03
  [BOTH][Rank 0] Done moment 12/36 (task 11): force_integral=+1.541261e+03
  [BOTH][Rank 0] Done moment 12/36 (task 11): force_integral=+1.541261e+03
  [BOTH][Rank 0] Done moment 12/36 (task 11): force_integral=+1.541261e+03
  [BOTH][Rank 0] Done moment 12/36 (task 11): force_integral=+1.541261e+03
  [BOTH][Rank 0] Done moment 12/36 (task 11): force_integral=+1.541261e+03
  [BOTH][Rank 0] Done moment 12/36 (task 11): force_integral=+1.541261e+03
  [BOTH][Rank 0] Done moment 12/36 (task 11): force_integral=+1.541261e+03
  [BOTH][Rank 0] Done moment 12/36 (task 11): force_integral=+1.541261e+03
  [BOTH][Rank 0] Done moment 12/36 (task 11): force_integral=+1.541261e+03
  [BOTH][Rank 0] Done moment 12/36 (task 11): force_integral=+1.541261e+03
  [BOTH][Rank 0] Done moment 12/36 (task 11): force_integral=+1.541261e+03
  [BOTH][Rank 0] Done moment 12/36 (task 11): force_integral=+1.541261e+03
  [BOTH][Rank 0] Done moment 12/36 (task 11): force_integral=+1.541261e+03
  [BOTH][Rank 0] Done moment 12/36 (task 11): force_integral=+1.541261e+03
  [BOTH][Rank 0] Done moment 12/36 (task 11): force_integral=+1.541261e+03
  [BOTH][Rank 0] Done moment 12/36 (task 11): force_integral=+1.541261e+03
  [BOTH][Rank 0] Done moment 12/36 (task 11): force_integral=+1.541261e+03
  [BOTH][Rank 0] Done moment 12/36 (task 11): force_integral=+1.541261e+03
  [BOTH][Rank 0] Done moment 12/36 (task 11): force_integral=+1.541261e+03
  [BOTH][Rank 0] Done moment 12/36 (task 11): force_integral=+1.541261e+03
  [BOTH][Rank 0] Done moment 12/36 (task 11): force_integral=+1.541261e+03
  [BOTH][Rank 0] Done moment 12/36 (task 11): force_integral=+1.541261e+03
  [BOTH][Rank 0] Done moment 12/36 (task 11): force_integral=+1.541261e+03
  [BOTH][Rank 0] Done moment 12/36 (task 11): force_integral=+1.541261e+03
  [BOTH][Rank 0] Done moment 12/36 (task 11): force_integral=+1.541261e+03
  [BOTH][Rank 0] Done moment 12/36 (task 11): force_integral=+1.541261e+03
  [BOTH][Rank 0] Done moment 12/36 (task 11): force_integral=+1.541261e+03
  [BOTH][Rank 0] Done moment 12/36 (task 11): force_integral=+1.541261e+03
  [BOTH][Rank 0] Done moment 12/36 (task 11): force_integral=+1.541261e+03
  [BOTH][Rank 0] Done moment 12/36 (task 11): force_integral=+1.541261e+03
  [BOTH][Rank 0] Done moment 12/36 (task 11): force_integral=+1.541261e+03
  [BOTH][Rank 0] Done moment 12/36 (task 11): force_integral=+1.541261e+03
  [BOTH][Rank 0] Done moment 12/36 (task 11): force_integral=+1.541261e+03
  [BOTH][Rank 0] Done moment 12/36 (task 11): force_integral=+1.541261e+03
  [BOTH][Rank 0] Done moment 12/36 (task 11): force_integral=+1.541261e+03
  [BOTH][Rank 0] Done moment 12/36 (task 11): force_integral=+1.541261e+03
  [BOTH][Rank 0] Done moment 12/36 (task 11): force_integral=+1.541261e+03
  [BOTH][Rank 0] Done moment 12/36 (task 11): force_integral=+1.541261e+03
  [BOTH][Rank 0] Done moment 12/36 (task 11): force_integral=+1.541261e+03
  [BOTH][Rank 0] Done moment 12/36 (task 11): force_integral=+1.541261e+03
  [BOTH][Rank 0] Done moment 12/36 (task 11): force_integral=+1.541261e+03
  [BOTH][Rank 0] Done moment 12/36 (task 11): force_integral=+1.541261e+03
  [BOTH][Rank 0] Done moment 12/36 (task 11): force_integral=+1.541261e+03
  [BOTH][Rank 0] Done moment 12/36 (task 11): force_integral=+1.541261e+03
  [BOTH][Rank 0] Done moment 12/36 (task 11): force_integral=+1.541261e+03
  [BOTH][Rank 0] Done moment 12/36 (task 11): force_integral=+1.541261e+03
  [BOTH][Rank 0] Done moment 12/36 (task 11): force_integral=+1.541261e+03
  [BOTH][Rank 0] Done moment 12/36 (task 11): force_integral=+1.541261e+03
  [BOTH][Rank 0] Done moment 12/36 (task 11): force_integral=+1.541261e+03
  [BOTH][Rank 0] Done moment 12/36 (task 11): force_integral=+1.541261e+03
  [BOTH][Rank 0] Done moment 12/36 (task 11): force_integral=+1.541261e+03
  [BOTH][Rank 0] Done moment 12/36 (task 11): force_integral=+1.541261e+03
  [BOTH][Rank 0] Done moment 12/36 (task 11): force_integral=+1.541261e+03
  [BOTH][Rank 0] Done moment 12/36 (task 11): force_integral=+1.541261e+03
  [BOTH][Rank 0] Done moment 12/36 (task 11): force_integral=+1.541261e+03
  [BOTH][Rank 0] Done moment 12/36 (task 11): force_integral=+1.541261e+03
  [BOTH][Rank 0] Done moment 12/36 (task 11): force_integral=+1.541261e+03
  [BOTH][Rank 0] Done moment 12/36 (task 11): force_integral=+1.541261e+03
  [BOTH][Rank 0] Done moment 12/36 (task 11): force_integral=+1.541261e+03
  [BOTH][Rank 0] Done moment 12/36 (task 11): force_integral=+1.541261e+03
  [BOTH][Rank 0] Done moment 12/36 (task 11): force_integral=+1.541261e+03
  [BOTH][Rank 0] Done moment 12/36 (task 11): force_integral=+1.541261e+03
  [BOTH][Rank 0] Done moment 12/36 (task 11): force_integral=+1.541261e+03
  [BOTH][Rank 0] Done moment 12/36 (task 11): force_integral=+1.541261e+03
  [BOTH][Rank 0] Done moment 12/36 (task 11): force_integral=+1.541261e+03
  [BOTH][Rank 0] Done moment 12/36 (task 11): force_integral=+1.541261e+03
  [BOTH][Rank 0] Done moment 12/36 (task 11): force_integral=+1.541261e+03
  [BOTH][Rank 0] Done moment 12/36 (task 11): force_integral=+1.541261e+03
  [BOTH][Rank 0] Done moment 13/36 (task 12): force_integral=+0.000000e+00
  [BOTH][Rank 0] Done moment 13/36 (task 12): force_integral=+0.000000e+00
  [BOTH][Rank 0] Done moment 12/36 (task 11): force_integral=+1.541261e+03
  [BOTH][Rank 0] Done moment 13/36 (task 12): force_integral=+0.000000e+00
  [BOTH][Rank 0] Done moment 13/36 (task 12): force_integral=+0.000000e+00
  [BOTH][Rank 0] Done moment 13/36 (task 12): force_integral=+0.000000e+00
  [BOTH][Rank 0] Done moment 13/36 (task 12): force_integral=+0.000000e+00
  [BOTH][Rank 0] Done moment 13/36 (task 12): force_integral=+0.000000e+00
  [BOTH][Rank 0] Done moment 13/36 (task 12): force_integral=+0.000000e+00
  [BOTH][Rank 0] Done moment 13/36 (task 12): force_integral=+0.000000e+00
  [BOTH][Rank 0] Done moment 13/36 (task 12): force_integral=+0.000000e+00
  [BOTH][Rank 0] Done moment 13/36 (task 12): force_integral=+0.000000e+00
  [BOTH][Rank 0] Done moment 13/36 (task 12): force_integral=+0.000000e+00
  [BOTH][Rank 0] Done moment 13/36 (task 12): force_integral=+0.000000e+00
  [BOTH][Rank 0] Done moment 13/36 (task 12): force_integral=+0.000000e+00
  [BOTH][Rank 0] Done moment 13/36 (task 12): force_integral=+0.000000e+00
  [BOTH][Rank 0] Done moment 13/36 (task 12): force_integral=+0.000000e+00
  [BOTH][Rank 0] Done moment 13/36 (task 12): force_integral=+0.000000e+00
  [BOTH][Rank 0] Done moment 13/36 (task 12): force_integral=+0.000000e+00
  [BOTH][Rank 0] Done moment 13/36 (task 12): force_integral=+0.000000e+00
  [BOTH][Rank 0] Done moment 13/36 (task 12): force_integral=+0.000000e+00
  [BOTH][Rank 0] Done moment 13/36 (task 12): force_integral=+0.000000e+00
  [BOTH][Rank 0] Done moment 13/36 (task 12): force_integral=+0.000000e+00
  [BOTH][Rank 0] Done moment 13/36 (task 12): force_integral=+0.000000e+00
  [BOTH][Rank 0] Done moment 13/36 (task 12): force_integral=+0.000000e+00
  [BOTH][Rank 0] Done moment 13/36 (task 12): force_integral=+0.000000e+00
  [BOTH][Rank 0] Done moment 13/36 (task 12): force_integral=+0.000000e+00
  [BOTH][Rank 0] Done moment 13/36 (task 12): force_integral=+0.000000e+00
  [BOTH][Rank 0] Done moment 13/36 (task 12): force_integral=+0.000000e+00
  [BOTH][Rank 0] Done moment 13/36 (task 12): force_integral=+0.000000e+00
  [BOTH][Rank 0] Done moment 13/36 (task 12): force_integral=+0.000000e+00
  [BOTH][Rank 0] Done moment 13/36 (task 12): force_integral=+0.000000e+00
  [BOTH][Rank 0] Done moment 13/36 (task 12): force_integral=+0.000000e+00
  [BOTH][Rank 0] Done moment 13/36 (task 12): force_integral=+0.000000e+00
  [BOTH][Rank 0] Done moment 13/36 (task 12): force_integral=+0.000000e+00
  [BOTH][Rank 0] Done moment 13/36 (task 12): force_integral=+0.000000e+00
  [BOTH][Rank 0] Done moment 13/36 (task 12): force_integral=+0.000000e+00
  [BOTH][Rank 0] Done moment 13/36 (task 12): force_integral=+0.000000e+00
  [BOTH][Rank 0] Done moment 13/36 (task 12): force_integral=+0.000000e+00
  [BOTH][Rank 0] Done moment 13/36 (task 12): force_integral=+0.000000e+00
  [BOTH][Rank 0] Done moment 13/36 (task 12): force_integral=+0.000000e+00
  [BOTH][Rank 0] Done moment 13/36 (task 12): force_integral=+0.000000e+00
  [BOTH][Rank 0] Done moment 13/36 (task 12): force_integral=+0.000000e+00
  [BOTH][Rank 0] Done moment 13/36 (task 12): force_integral=+0.000000e+00
  [BOTH][Rank 0] Done moment 13/36 (task 12): force_integral=+0.000000e+00
  [BOTH][Rank 0] Done moment 13/36 (task 12): force_integral=+0.000000e+00
  [BOTH][Rank 0] Done moment 13/36 (task 12): force_integral=+0.000000e+00
  [BOTH][Rank 0] Done moment 13/36 (task 12): force_integral=+0.000000e+00
  [BOTH][Rank 0] Done moment 13/36 (task 12): force_integral=+0.000000e+00
  [BOTH][Rank 0] Done moment 13/36 (task 12): force_integral=+0.000000e+00
  [BOTH][Rank 0] Done moment 13/36 (task 12): force_integral=+0.000000e+00
  [BOTH][Rank 0] Done moment 13/36 (task 12): force_integral=+0.000000e+00
  [BOTH][Rank 0] Done moment 13/36 (task 12): force_integral=+0.000000e+00
  [BOTH][Rank 0] Done moment 13/36 (task 12): force_integral=+0.000000e+00
  [BOTH][Rank 0] Done moment 13/36 (task 12): force_integral=+0.000000e+00
  [BOTH][Rank 0] Done moment 13/36 (task 12): force_integral=+0.000000e+00
  [BOTH][Rank 0] Done moment 13/36 (task 12): force_integral=+0.000000e+00
  [BOTH][Rank 0] Done moment 13/36 (task 12): force_integral=+0.000000e+00
  [BOTH][Rank 0] Done moment 13/36 (task 12): force_integral=+0.000000e+00
  [BOTH][Rank 0] Done moment 13/36 (task 12): force_integral=+0.000000e+00
  [BOTH][Rank 0] Done moment 13/36 (task 12): force_integral=+0.000000e+00
  [BOTH][Rank 0] Done moment 13/36 (task 12): force_integral=+0.000000e+00
  [BOTH][Rank 0] Done moment 13/36 (task 12): force_integral=+0.000000e+00
  [BOTH][Rank 0] Done moment 13/36 (task 12): force_integral=+0.000000e+00
  [BOTH][Rank 0] Done moment 13/36 (task 12): force_integral=+0.000000e+00
  [BOTH][Rank 0] Done moment 13/36 (task 12): force_integral=+0.000000e+00
  [BOTH][Rank 0] Done moment 13/36 (task 12): force_integral=+0.000000e+00
  [BOTH][Rank 0] Done moment 13/36 (task 12): force_integral=+0.000000e+00
  [BOTH][Rank 0] Done moment 13/36 (task 12): force_integral=+0.000000e+00
  [BOTH][Rank 0] Done moment 13/36 (task 12): force_integral=+0.000000e+00
  [BOTH][Rank 0] Done moment 13/36 (task 12): force_integral=+0.000000e+00
  [BOTH][Rank 0] Done moment 13/36 (task 12): force_integral=+0.000000e+00
  [BOTH][Rank 0] Done moment 13/36 (task 12): force_integral=+0.000000e+00
  [BOTH][Rank 0] Done moment 13/36 (task 12): force_integral=+0.000000e+00
  [BOTH][Rank 0] Done moment 13/36 (task 12): force_integral=+0.000000e+00
  [BOTH][Rank 0] Done moment 13/36 (task 12): force_integral=+0.000000e+00
  [BOTH][Rank 0] Done moment 13/36 (task 12): force_integral=+0.000000e+00
  [BOTH][Rank 0] Done moment 13/36 (task 12): force_integral=+0.000000e+00
  [BOTH][Rank 0] Done moment 13/36 (task 12): force_integral=+0.000000e+00
  [BOTH][Rank 0] Done moment 13/36 (task 12): force_integral=+0.000000e+00
  [BOTH][Rank 0] Done moment 13/36 (task 12): force_integral=+0.000000e+00
  [BOTH][Rank 0] Done moment 13/36 (task 12): force_integral=+0.000000e+00
  [BOTH][Rank 0] Done moment 13/36 (task 12): force_integral=+0.000000e+00
  [BOTH][Rank 0] Done moment 13/36 (task 12): force_integral=+0.000000e+00
  [BOTH][Rank 0] Done moment 13/36 (task 12): force_integral=+0.000000e+00
  [BOTH][Rank 0] Done moment 13/36 (task 12): force_integral=+0.000000e+00
  [BOTH][Rank 0] Done moment 13/36 (task 12): force_integral=+0.000000e+00
  [BOTH][Rank 0] Done moment 13/36 (task 12): force_integral=+0.000000e+00
  [BOTH][Rank 0] Done moment 13/36 (task 12): force_integral=+0.000000e+00
  [BOTH][Rank 0] Done moment 13/36 (task 12): force_integral=+0.000000e+00
  [BOTH][Rank 0] Done moment 13/36 (task 12): force_integral=+0.000000e+00
  [BOTH][Rank 0] Done moment 13/36 (task 12): force_integral=+0.000000e+00
  [BOTH][Rank 0] Done moment 13/36 (task 12): force_integral=+0.000000e+00
  [BOTH][Rank 0] Done moment 13/36 (task 12): force_integral=+0.000000e+00
  [BOTH][Rank 0] Done moment 13/36 (task 12): force_integral=+0.000000e+00
  [BOTH][Rank 0] Done moment 13/36 (task 12): force_integral=+0.000000e+00
  [BOTH][Rank 0] Done moment 13/36 (task 12): force_integral=+0.000000e+00
  [BOTH][Rank 0] Done moment 14/36 (task 13): force_integral=+0.000000e+00
  [BOTH][Rank 0] Done moment 13/36 (task 12): force_integral=+0.000000e+00
  [BOTH][Rank 0] Done moment 14/36 (task 13): force_integral=+0.000000e+00
  [BOTH][Rank 0] Done moment 14/36 (task 13): force_integral=+0.000000e+00
  [BOTH][Rank 0] Done moment 14/36 (task 13): force_integral=+0.000000e+00
  [BOTH][Rank 0] Done moment 13/36 (task 12): force_integral=+0.000000e+00
  [BOTH][Rank 0] Done moment 13/36 (task 12): force_integral=+0.000000e+00
  [BOTH][Rank 0] Done moment 13/36 (task 12): force_integral=+0.000000e+00
  [BOTH][Rank 0] Done moment 13/36 (task 12): force_integral=+0.000000e+00
  [BOTH][Rank 0] Done moment 13/36 (task 12): force_integral=+0.000000e+00
  [BOTH][Rank 0] Done moment 13/36 (task 12): force_integral=+0.000000e+00
  [BOTH][Rank 0] Done moment 13/36 (task 12): force_integral=+0.000000e+00
  [BOTH][Rank 0] Done moment 13/36 (task 12): force_integral=+0.000000e+00
  [BOTH][Rank 0] Done moment 13/36 (task 12): force_integral=+0.000000e+00
  [BOTH][Rank 0] Done moment 13/36 (task 12): force_integral=+0.000000e+00
  [BOTH][Rank 0] Done moment 13/36 (task 12): force_integral=+0.000000e+00
  [BOTH][Rank 0] Done moment 13/36 (task 12): force_integral=+0.000000e+00
  [BOTH][Rank 0] Done moment 13/36 (task 12): force_integral=+0.000000e+00
  [BOTH][Rank 0] Done moment 13/36 (task 12): force_integral=+0.000000e+00
  [BOTH][Rank 0] Done moment 13/36 (task 12): force_integral=+0.000000e+00
  [BOTH][Rank 0] Done moment 14/36 (task 13): force_integral=+0.000000e+00
  [BOTH][Rank 0] Done moment 13/36 (task 12): force_integral=+0.000000e+00
  [BOTH][Rank 0] Done moment 13/36 (task 12): force_integral=+0.000000e+00
  [BOTH][Rank 0] Done moment 13/36 (task 12): force_integral=+0.000000e+00
  [BOTH][Rank 0] Done moment 13/36 (task 12): force_integral=+0.000000e+00
  [BOTH][Rank 0] Done moment 13/36 (task 12): force_integral=+0.000000e+00
  [BOTH][Rank 0] Done moment 13/36 (task 12): force_integral=+0.000000e+00
  [BOTH][Rank 0] Done moment 14/36 (task 13): force_integral=+0.000000e+00
  [BOTH][Rank 0] Done moment 14/36 (task 13): force_integral=+0.000000e+00
  [BOTH][Rank 0] Done moment 13/36 (task 12): force_integral=+0.000000e+00
  [BOTH][Rank 0] Done moment 13/36 (task 12): force_integral=+0.000000e+00
  [BOTH][Rank 0] Done moment 14/36 (task 13): force_integral=+0.000000e+00
  [BOTH][Rank 0] Done moment 13/36 (task 12): force_integral=+0.000000e+00
  [BOTH][Rank 0] Done moment 13/36 (task 12): force_integral=+0.000000e+00
  [BOTH][Rank 0] Done moment 13/36 (task 12): force_integral=+0.000000e+00
  [BOTH][Rank 0] Done moment 13/36 (task 12): force_integral=+0.000000e+00
  [BOTH][Rank 0] Done moment 13/36 (task 12): force_integral=+0.000000e+00
  [BOTH][Rank 0] Done moment 13/36 (task 12): force_integral=+0.000000e+00
  [BOTH][Rank 0] Done moment 13/36 (task 12): force_integral=+0.000000e+00
  [BOTH][Rank 0] Done moment 13/36 (task 12): force_integral=+0.000000e+00
  [BOTH][Rank 0] Done moment 14/36 (task 13): force_integral=+0.000000e+00
  [BOTH][Rank 0] Done moment 14/36 (task 13): force_integral=+0.000000e+00
  [BOTH][Rank 0] Done moment 14/36 (task 13): force_integral=+0.000000e+00
  [BOTH][Rank 0] Done moment 14/36 (task 13): force_integral=+0.000000e+00
  [BOTH][Rank 0] Done moment 14/36 (task 13): force_integral=+0.000000e+00
  [BOTH][Rank 0] Done moment 14/36 (task 13): force_integral=+0.000000e+00
  [BOTH][Rank 0] Done moment 14/36 (task 13): force_integral=+0.000000e+00
  [BOTH][Rank 0] Done moment 14/36 (task 13): force_integral=+0.000000e+00
  [BOTH][Rank 0] Done moment 14/36 (task 13): force_integral=+0.000000e+00
  [BOTH][Rank 0] Done moment 14/36 (task 13): force_integral=+0.000000e+00
  [BOTH][Rank 0] Done moment 14/36 (task 13): force_integral=+0.000000e+00
  [BOTH][Rank 0] Done moment 14/36 (task 13): force_integral=+0.000000e+00
  [BOTH][Rank 0] Done moment 14/36 (task 13): force_integral=+0.000000e+00
  [BOTH][Rank 0] Done moment 14/36 (task 13): force_integral=+0.000000e+00
  [BOTH][Rank 0] Done moment 14/36 (task 13): force_integral=+0.000000e+00
  [BOTH][Rank 0] Done moment 14/36 (task 13): force_integral=+0.000000e+00
  [BOTH][Rank 0] Done moment 14/36 (task 13): force_integral=+0.000000e+00
  [BOTH][Rank 0] Done moment 14/36 (task 13): force_integral=+0.000000e+00
  [BOTH][Rank 0] Done moment 14/36 (task 13): force_integral=+0.000000e+00
  [BOTH][Rank 0] Done moment 14/36 (task 13): force_integral=+0.000000e+00
  [BOTH][Rank 0] Done moment 14/36 (task 13): force_integral=+0.000000e+00
  [BOTH][Rank 0] Done moment 14/36 (task 13): force_integral=+0.000000e+00
  [BOTH][Rank 0] Done moment 14/36 (task 13): force_integral=+0.000000e+00
  [BOTH][Rank 0] Done moment 14/36 (task 13): force_integral=+0.000000e+00
  [BOTH][Rank 0] Done moment 14/36 (task 13): force_integral=+0.000000e+00
  [BOTH][Rank 0] Done moment 14/36 (task 13): force_integral=+0.000000e+00
  [BOTH][Rank 0] Done moment 14/36 (task 13): force_integral=+0.000000e+00
  [BOTH][Rank 0] Done moment 14/36 (task 13): force_integral=+0.000000e+00
  [BOTH][Rank 0] Done moment 14/36 (task 13): force_integral=+0.000000e+00
  [BOTH][Rank 0] Done moment 14/36 (task 13): force_integral=+0.000000e+00
  [BOTH][Rank 0] Done moment 14/36 (task 13): force_integral=+0.000000e+00
  [BOTH][Rank 0] Done moment 14/36 (task 13): force_integral=+0.000000e+00
  [BOTH][Rank 0] Done moment 14/36 (task 13): force_integral=+0.000000e+00
  [BOTH][Rank 0] Done moment 14/36 (task 13): force_integral=+0.000000e+00
  [BOTH][Rank 0] Done moment 14/36 (task 13): force_integral=+0.000000e+00
  [BOTH][Rank 0] Done moment 14/36 (task 13): force_integral=+0.000000e+00
  [BOTH][Rank 0] Done moment 14/36 (task 13): force_integral=+0.000000e+00
  [BOTH][Rank 0] Done moment 14/36 (task 13): force_integral=+0.000000e+00
  [BOTH][Rank 0] Done moment 14/36 (task 13): force_integral=+0.000000e+00
  [BOTH][Rank 0] Done moment 14/36 (task 13): force_integral=+0.000000e+00
  [BOTH][Rank 0] Done moment 14/36 (task 13): force_integral=+0.000000e+00
  [BOTH][Rank 0] Done moment 14/36 (task 13): force_integral=+0.000000e+00
  [BOTH][Rank 0] Done moment 14/36 (task 13): force_integral=+0.000000e+00
  [BOTH][Rank 0] Done moment 14/36 (task 13): force_integral=+0.000000e+00
  [BOTH][Rank 0] Done moment 14/36 (task 13): force_integral=+0.000000e+00
  [BOTH][Rank 0] Done moment 14/36 (task 13): force_integral=+0.000000e+00
  [BOTH][Rank 0] Done moment 14/36 (task 13): force_integral=+0.000000e+00
  [BOTH][Rank 0] Done moment 14/36 (task 13): force_integral=+0.000000e+00
  [BOTH][Rank 0] Done moment 14/36 (task 13): force_integral=+0.000000e+00
  [BOTH][Rank 0] Done moment 14/36 (task 13): force_integral=+0.000000e+00
  [BOTH][Rank 0] Done moment 14/36 (task 13): force_integral=+0.000000e+00
  [BOTH][Rank 0] Done moment 14/36 (task 13): force_integral=+0.000000e+00
  [BOTH][Rank 0] Done moment 14/36 (task 13): force_integral=+0.000000e+00
  [BOTH][Rank 0] Done moment 14/36 (task 13): force_integral=+0.000000e+00
  [BOTH][Rank 0] Done moment 14/36 (task 13): force_integral=+0.000000e+00
  [BOTH][Rank 0] Done moment 14/36 (task 13): force_integral=+0.000000e+00
  [BOTH][Rank 0] Done moment 14/36 (task 13): force_integral=+0.000000e+00
  [BOTH][Rank 0] Done moment 14/36 (task 13): force_integral=+0.000000e+00
  [BOTH][Rank 0] Done moment 14/36 (task 13): force_integral=+0.000000e+00
  [BOTH][Rank 0] Done moment 14/36 (task 13): force_integral=+0.000000e+00
  [BOTH][Rank 0] Done moment 14/36 (task 13): force_integral=+0.000000e+00
  [BOTH][Rank 0] Done moment 14/36 (task 13): force_integral=+0.000000e+00
  [BOTH][Rank 0] Done moment 14/36 (task 13): force_integral=+0.000000e+00
  [BOTH][Rank 0] Done moment 14/36 (task 13): force_integral=+0.000000e+00
  [BOTH][Rank 0] Done moment 14/36 (task 13): force_integral=+0.000000e+00
  [BOTH][Rank 0] Done moment 14/36 (task 13): force_integral=+0.000000e+00
  [BOTH][Rank 0] Done moment 14/36 (task 13): force_integral=+0.000000e+00
  [BOTH][Rank 0] Done moment 14/36 (task 13): force_integral=+0.000000e+00
  [BOTH][Rank 0] Done moment 14/36 (task 13): force_integral=+0.000000e+00
  [BOTH][Rank 0] Done moment 14/36 (task 13): force_integral=+0.000000e+00
  [BOTH][Rank 0] Done moment 14/36 (task 13): force_integral=+0.000000e+00
  [BOTH][Rank 0] Done moment 14/36 (task 13): force_integral=+0.000000e+00
  [BOTH][Rank 0] Done moment 14/36 (task 13): force_integral=+0.000000e+00
  [BOTH][Rank 0] Done moment 14/36 (task 13): force_integral=+0.000000e+00
  [BOTH][Rank 0] Done moment 14/36 (task 13): force_integral=+0.000000e+00
  [BOTH][Rank 0] Done moment 14/36 (task 13): force_integral=+0.000000e+00
  [BOTH][Rank 0] Done moment 14/36 (task 13): force_integral=+0.000000e+00
  [BOTH][Rank 0] Done moment 14/36 (task 13): force_integral=+0.000000e+00
  [BOTH][Rank 0] Done moment 14/36 (task 13): force_integral=+0.000000e+00
  [BOTH][Rank 0] Done moment 14/36 (task 13): force_integral=+0.000000e+00
  [BOTH][Rank 0] Done moment 14/36 (task 13): force_integral=+0.000000e+00
  [BOTH][Rank 0] Done moment 14/36 (task 13): force_integral=+0.000000e+00
  [BOTH][Rank 0] Done moment 14/36 (task 13): force_integral=+0.000000e+00
  [BOTH][Rank 0] Done moment 14/36 (task 13): force_integral=+0.000000e+00
  [BOTH][Rank 0] Done moment 14/36 (task 13): force_integral=+0.000000e+00
  [BOTH][Rank 0] Done moment 14/36 (task 13): force_integral=+0.000000e+00
  [BOTH][Rank 0] Done moment 15/36 (task 14): force_integral=+0.000000e+00
  [BOTH][Rank 0] Done moment 15/36 (task 14): force_integral=+0.000000e+00
  [BOTH][Rank 0] Done moment 15/36 (task 14): force_integral=+0.000000e+00
  [BOTH][Rank 0] Done moment 15/36 (task 14): force_integral=+0.000000e+00
  [BOTH][Rank 0] Done moment 14/36 (task 13): force_integral=+0.000000e+00
  [BOTH][Rank 0] Done moment 14/36 (task 13): force_integral=+0.000000e+00
  [BOTH][Rank 0] Done moment 14/36 (task 13): force_integral=+0.000000e+00
  [BOTH][Rank 0] Done moment 15/36 (task 14): force_integral=+0.000000e+00
  [BOTH][Rank 0] Done moment 14/36 (task 13): force_integral=+0.000000e+00
  [BOTH][Rank 0] Done moment 15/36 (task 14): force_integral=+0.000000e+00
  [BOTH][Rank 0] Done moment 15/36 (task 14): force_integral=+0.000000e+00
  [BOTH][Rank 0] Done moment 15/36 (task 14): force_integral=+0.000000e+00
  [BOTH][Rank 0] Done moment 14/36 (task 13): force_integral=+0.000000e+00
  [BOTH][Rank 0] Done moment 14/36 (task 13): force_integral=+0.000000e+00
  [BOTH][Rank 0] Done moment 15/36 (task 14): force_integral=+0.000000e+00
  [BOTH][Rank 0] Done moment 15/36 (task 14): force_integral=+0.000000e+00
  [BOTH][Rank 0] Done moment 14/36 (task 13): force_integral=+0.000000e+00
  [BOTH][Rank 0] Done moment 14/36 (task 13): force_integral=+0.000000e+00
  [BOTH][Rank 0] Done moment 14/36 (task 13): force_integral=+0.000000e+00
  [BOTH][Rank 0] Done moment 14/36 (task 13): force_integral=+0.000000e+00
  [BOTH][Rank 0] Done moment 14/36 (task 13): force_integral=+0.000000e+00
  [BOTH][Rank 0] Done moment 14/36 (task 13): force_integral=+0.000000e+00
  [BOTH][Rank 0] Done moment 14/36 (task 13): force_integral=+0.000000e+00
  [BOTH][Rank 0] Done moment 14/36 (task 13): force_integral=+0.000000e+00
  [BOTH][Rank 0] Done moment 15/36 (task 14): force_integral=+0.000000e+00
  [BOTH][Rank 0] Done moment 15/36 (task 14): force_integral=+0.000000e+00
  [BOTH][Rank 0] Done moment 15/36 (task 14): force_integral=+0.000000e+00
  [BOTH][Rank 0] Done moment 14/36 (task 13): force_integral=+0.000000e+00
  [BOTH][Rank 0] Done moment 15/36 (task 14): force_integral=+0.000000e+00
  [BOTH][Rank 0] Done moment 14/36 (task 13): force_integral=+0.000000e+00
  [BOTH][Rank 0] Done moment 14/36 (task 13): force_integral=+0.000000e+00
  [BOTH][Rank 0] Done moment 14/36 (task 13): force_integral=+0.000000e+00
  [BOTH][Rank 0] Done moment 15/36 (task 14): force_integral=+0.000000e+00
  [BOTH][Rank 0] Done moment 14/36 (task 13): force_integral=+0.000000e+00
  [BOTH][Rank 0] Done moment 14/36 (task 13): force_integral=+0.000000e+00
  [BOTH][Rank 0] Done moment 14/36 (task 13): force_integral=+0.000000e+00
  [BOTH][Rank 0] Done moment 14/36 (task 13): force_integral=+0.000000e+00
  [BOTH][Rank 0] Done moment 14/36 (task 13): force_integral=+0.000000e+00
  [BOTH][Rank 0] Done moment 14/36 (task 13): force_integral=+0.000000e+00
  [BOTH][Rank 0] Done moment 14/36 (task 13): force_integral=+0.000000e+00
  [BOTH][Rank 0] Done moment 14/36 (task 13): force_integral=+0.000000e+00
  [BOTH][Rank 0] Done moment 15/36 (task 14): force_integral=+0.000000e+00
  [BOTH][Rank 0] Done moment 14/36 (task 13): force_integral=+0.000000e+00
  [BOTH][Rank 0] Done moment 14/36 (task 13): force_integral=+0.000000e+00
  [BOTH][Rank 0] Done moment 14/36 (task 13): force_integral=+0.000000e+00
  [BOTH][Rank 0] Done moment 15/36 (task 14): force_integral=+0.000000e+00
  [BOTH][Rank 0] Done moment 14/36 (task 13): force_integral=+0.000000e+00
  [BOTH][Rank 0] Done moment 15/36 (task 14): force_integral=+0.000000e+00
  [BOTH][Rank 0] Done moment 14/36 (task 13): force_integral=+0.000000e+00
  [BOTH][Rank 0] Done moment 14/36 (task 13): force_integral=+0.000000e+00
  [BOTH][Rank 0] Done moment 14/36 (task 13): force_integral=+0.000000e+00
  [BOTH][Rank 0] Done moment 14/36 (task 13): force_integral=+0.000000e+00
  [BOTH][Rank 0] Done moment 15/36 (task 14): force_integral=+0.000000e+00
  [BOTH][Rank 0] Done moment 15/36 (task 14): force_integral=+0.000000e+00
  [BOTH][Rank 0] Done moment 15/36 (task 14): force_integral=+0.000000e+00
  [BOTH][Rank 0] Done moment 15/36 (task 14): force_integral=+0.000000e+00
  [BOTH][Rank 0] Done moment 15/36 (task 14): force_integral=+0.000000e+00
  [BOTH][Rank 0] Done moment 15/36 (task 14): force_integral=+0.000000e+00
  [BOTH][Rank 0] Done moment 15/36 (task 14): force_integral=+0.000000e+00
  [BOTH][Rank 0] Done moment 15/36 (task 14): force_integral=+0.000000e+00
  [BOTH][Rank 0] Done moment 15/36 (task 14): force_integral=+0.000000e+00
  [BOTH][Rank 0] Done moment 15/36 (task 14): force_integral=+0.000000e+00
  [BOTH][Rank 0] Done moment 15/36 (task 14): force_integral=+0.000000e+00
  [BOTH][Rank 0] Done moment 15/36 (task 14): force_integral=+0.000000e+00
  [BOTH][Rank 0] Done moment 15/36 (task 14): force_integral=+0.000000e+00
  [BOTH][Rank 0] Done moment 15/36 (task 14): force_integral=+0.000000e+00
  [BOTH][Rank 0] Done moment 15/36 (task 14): force_integral=+0.000000e+00
  [BOTH][Rank 0] Done moment 15/36 (task 14): force_integral=+0.000000e+00
  [BOTH][Rank 0] Done moment 15/36 (task 14): force_integral=+0.000000e+00
  [BOTH][Rank 0] Done moment 15/36 (task 14): force_integral=+0.000000e+00
  [BOTH][Rank 0] Done moment 15/36 (task 14): force_integral=+0.000000e+00
  [BOTH][Rank 0] Done moment 15/36 (task 14): force_integral=+0.000000e+00
  [BOTH][Rank 0] Done moment 15/36 (task 14): force_integral=+0.000000e+00
  [BOTH][Rank 0] Done moment 15/36 (task 14): force_integral=+0.000000e+00
  [BOTH][Rank 0] Done moment 15/36 (task 14): force_integral=+0.000000e+00
  [BOTH][Rank 0] Done moment 15/36 (task 14): force_integral=+0.000000e+00
  [BOTH][Rank 0] Done moment 15/36 (task 14): force_integral=+0.000000e+00
  [BOTH][Rank 0] Done moment 15/36 (task 14): force_integral=+0.000000e+00
  [BOTH][Rank 0] Done moment 15/36 (task 14): force_integral=+0.000000e+00
  [BOTH][Rank 0] Done moment 15/36 (task 14): force_integral=+0.000000e+00
  [BOTH][Rank 0] Done moment 15/36 (task 14): force_integral=+0.000000e+00
  [BOTH][Rank 0] Done moment 15/36 (task 14): force_integral=+0.000000e+00
  [BOTH][Rank 0] Done moment 15/36 (task 14): force_integral=+0.000000e+00
  [BOTH][Rank 0] Done moment 15/36 (task 14): force_integral=+0.000000e+00
  [BOTH][Rank 0] Done moment 15/36 (task 14): force_integral=+0.000000e+00
  [BOTH][Rank 0] Done moment 15/36 (task 14): force_integral=+0.000000e+00
  [BOTH][Rank 0] Done moment 15/36 (task 14): force_integral=+0.000000e+00
  [BOTH][Rank 0] Done moment 15/36 (task 14): force_integral=+0.000000e+00
  [BOTH][Rank 0] Done moment 15/36 (task 14): force_integral=+0.000000e+00
  [BOTH][Rank 0] Done moment 15/36 (task 14): force_integral=+0.000000e+00
  [BOTH][Rank 0] Done moment 15/36 (task 14): force_integral=+0.000000e+00
  [BOTH][Rank 0] Done moment 15/36 (task 14): force_integral=+0.000000e+00
  [BOTH][Rank 0] Done moment 15/36 (task 14): force_integral=+0.000000e+00
  [BOTH][Rank 0] Done moment 15/36 (task 14): force_integral=+0.000000e+00
  [BOTH][Rank 0] Done moment 15/36 (task 14): force_integral=+0.000000e+00
  [BOTH][Rank 0] Done moment 15/36 (task 14): force_integral=+0.000000e+00
  [BOTH][Rank 0] Done moment 15/36 (task 14): force_integral=+0.000000e+00
  [BOTH][Rank 0] Done moment 15/36 (task 14): force_integral=+0.000000e+00
  [BOTH][Rank 0] Done moment 15/36 (task 14): force_integral=+0.000000e+00
  [BOTH][Rank 0] Done moment 15/36 (task 14): force_integral=+0.000000e+00
  [BOTH][Rank 0] Done moment 15/36 (task 14): force_integral=+0.000000e+00
  [BOTH][Rank 0] Done moment 15/36 (task 14): force_integral=+0.000000e+00
  [BOTH][Rank 0] Done moment 15/36 (task 14): force_integral=+0.000000e+00
  [BOTH][Rank 0] Done moment 15/36 (task 14): force_integral=+0.000000e+00
  [BOTH][Rank 0] Done moment 15/36 (task 14): force_integral=+0.000000e+00
  [BOTH][Rank 0] Done moment 15/36 (task 14): force_integral=+0.000000e+00
  [BOTH][Rank 0] Done moment 15/36 (task 14): force_integral=+0.000000e+00
  [BOTH][Rank 0] Done moment 15/36 (task 14): force_integral=+0.000000e+00
  [BOTH][Rank 0] Done moment 15/36 (task 14): force_integral=+0.000000e+00
  [BOTH][Rank 0] Done moment 15/36 (task 14): force_integral=+0.000000e+00
  [BOTH][Rank 0] Done moment 15/36 (task 14): force_integral=+0.000000e+00
  [BOTH][Rank 0] Done moment 15/36 (task 14): force_integral=+0.000000e+00
  [BOTH][Rank 0] Done moment 15/36 (task 14): force_integral=+0.000000e+00
  [BOTH][Rank 0] Done moment 15/36 (task 14): force_integral=+0.000000e+00
  [BOTH][Rank 0] Done moment 15/36 (task 14): force_integral=+0.000000e+00
  [BOTH][Rank 0] Done moment 15/36 (task 14): force_integral=+0.000000e+00
  [BOTH][Rank 0] Done moment 15/36 (task 14): force_integral=+0.000000e+00
  [BOTH][Rank 0] Done moment 15/36 (task 14): force_integral=+0.000000e+00
  [BOTH][Rank 0] Done moment 15/36 (task 14): force_integral=+0.000000e+00
  [BOTH][Rank 0] Done moment 15/36 (task 14): force_integral=+0.000000e+00
  [BOTH][Rank 0] Done moment 15/36 (task 14): force_integral=+0.000000e+00
  [BOTH][Rank 0] Done moment 15/36 (task 14): force_integral=+0.000000e+00
  [BOTH][Rank 0] Done moment 15/36 (task 14): force_integral=+0.000000e+00
  [BOTH][Rank 0] Done moment 15/36 (task 14): force_integral=+0.000000e+00
  [BOTH][Rank 0] Done moment 15/36 (task 14): force_integral=+0.000000e+00
  [BOTH][Rank 0] Done moment 15/36 (task 14): force_integral=+0.000000e+00
  [BOTH][Rank 0] Done moment 16/36 (task 15): force_integral=+0.000000e+00
  [BOTH][Rank 0] Done moment 15/36 (task 14): force_integral=+0.000000e+00
  [BOTH][Rank 0] Done moment 15/36 (task 14): force_integral=+0.000000e+00
  [BOTH][Rank 0] Done moment 16/36 (task 15): force_integral=+0.000000e+00
  [BOTH][Rank 0] Done moment 16/36 (task 15): force_integral=+0.000000e+00
  [BOTH][Rank 0] Done moment 16/36 (task 15): force_integral=+0.000000e+00
  [BOTH][Rank 0] Done moment 15/36 (task 14): force_integral=+0.000000e+00
  [BOTH][Rank 0] Done moment 15/36 (task 14): force_integral=+0.000000e+00
  [BOTH][Rank 0] Done moment 16/36 (task 15): force_integral=+0.000000e+00
  [BOTH][Rank 0] Done moment 16/36 (task 15): force_integral=+0.000000e+00
  [BOTH][Rank 0] Done moment 16/36 (task 15): force_integral=+0.000000e+00
  [BOTH][Rank 0] Done moment 16/36 (task 15): force_integral=+0.000000e+00
  [BOTH][Rank 0] Done moment 16/36 (task 15): force_integral=+0.000000e+00
  [BOTH][Rank 0] Done moment 16/36 (task 15): force_integral=+0.000000e+00
  [BOTH][Rank 0] Done moment 15/36 (task 14): force_integral=+0.000000e+00
  [BOTH][Rank 0] Done moment 16/36 (task 15): force_integral=+0.000000e+00
  [BOTH][Rank 0] Done moment 15/36 (task 14): force_integral=+0.000000e+00
  [BOTH][Rank 0] Done moment 16/36 (task 15): force_integral=+0.000000e+00
  [BOTH][Rank 0] Done moment 16/36 (task 15): force_integral=+0.000000e+00
  [BOTH][Rank 0] Done moment 16/36 (task 15): force_integral=+0.000000e+00
  [BOTH][Rank 0] Done moment 16/36 (task 15): force_integral=+0.000000e+00
  [BOTH][Rank 0] Done moment 16/36 (task 15): force_integral=+0.000000e+00
  [BOTH][Rank 0] Done moment 15/36 (task 14): force_integral=+0.000000e+00
  [BOTH][Rank 0] Done moment 16/36 (task 15): force_integral=+0.000000e+00
  [BOTH][Rank 0] Done moment 16/36 (task 15): force_integral=+0.000000e+00
  [BOTH][Rank 0] Done moment 15/36 (task 14): force_integral=+0.000000e+00
  [BOTH][Rank 0] Done moment 15/36 (task 14): force_integral=+0.000000e+00
  [BOTH][Rank 0] Done moment 15/36 (task 14): force_integral=+0.000000e+00
  [BOTH][Rank 0] Done moment 15/36 (task 14): force_integral=+0.000000e+00
  [BOTH][Rank 0] Done moment 15/36 (task 14): force_integral=+0.000000e+00
  [BOTH][Rank 0] Done moment 15/36 (task 14): force_integral=+0.000000e+00
  [BOTH][Rank 0] Done moment 15/36 (task 14): force_integral=+0.000000e+00
  [BOTH][Rank 0] Done moment 15/36 (task 14): force_integral=+0.000000e+00
  [BOTH][Rank 0] Done moment 15/36 (task 14): force_integral=+0.000000e+00
  [BOTH][Rank 0] Done moment 16/36 (task 15): force_integral=+0.000000e+00
  [BOTH][Rank 0] Done moment 16/36 (task 15): force_integral=+0.000000e+00
  [BOTH][Rank 0] Done moment 15/36 (task 14): force_integral=+0.000000e+00
  [BOTH][Rank 0] Done moment 15/36 (task 14): force_integral=+0.000000e+00
  [BOTH][Rank 0] Done moment 15/36 (task 14): force_integral=+0.000000e+00
  [BOTH][Rank 0] Done moment 15/36 (task 14): force_integral=+0.000000e+00
  [BOTH][Rank 0] Done moment 15/36 (task 14): force_integral=+0.000000e+00
  [BOTH][Rank 0] Done moment 15/36 (task 14): force_integral=+0.000000e+00
  [BOTH][Rank 0] Done moment 15/36 (task 14): force_integral=+0.000000e+00
  [BOTH][Rank 0] Done moment 15/36 (task 14): force_integral=+0.000000e+00
  [BOTH][Rank 0] Done moment 15/36 (task 14): force_integral=+0.000000e+00
  [BOTH][Rank 0] Done moment 15/36 (task 14): force_integral=+0.000000e+00
  [BOTH][Rank 0] Done moment 16/36 (task 15): force_integral=+0.000000e+00
  [BOTH][Rank 0] Done moment 16/36 (task 15): force_integral=+0.000000e+00
  [BOTH][Rank 0] Done moment 15/36 (task 14): force_integral=+0.000000e+00
  [BOTH][Rank 0] Done moment 15/36 (task 14): force_integral=+0.000000e+00
  [BOTH][Rank 0] Done moment 15/36 (task 14): force_integral=+0.000000e+00
  [BOTH][Rank 0] Done moment 15/36 (task 14): force_integral=+0.000000e+00
  [BOTH][Rank 0] Done moment 16/36 (task 15): force_integral=+0.000000e+00
  [BOTH][Rank 0] Done moment 15/36 (task 14): force_integral=+0.000000e+00
  [BOTH][Rank 0] Done moment 15/36 (task 14): force_integral=+0.000000e+00
  [BOTH][Rank 0] Done moment 15/36 (task 14): force_integral=+0.000000e+00
  [BOTH][Rank 0] Done moment 15/36 (task 14): force_integral=+0.000000e+00
  [BOTH][Rank 0] Done moment 15/36 (task 14): force_integral=+0.000000e+00
  [BOTH][Rank 0] Done moment 15/36 (task 14): force_integral=+0.000000e+00
  [BOTH][Rank 0] Done moment 16/36 (task 15): force_integral=+0.000000e+00
  [BOTH][Rank 0] Done moment 16/36 (task 15): force_integral=+0.000000e+00
  [BOTH][Rank 0] Done moment 16/36 (task 15): force_integral=+0.000000e+00
  [BOTH][Rank 0] Done moment 16/36 (task 15): force_integral=+0.000000e+00
  [BOTH][Rank 0] Done moment 16/36 (task 15): force_integral=+0.000000e+00
  [BOTH][Rank 0] Done moment 16/36 (task 15): force_integral=+0.000000e+00
  [BOTH][Rank 0] Done moment 16/36 (task 15): force_integral=+0.000000e+00
  [BOTH][Rank 0] Done moment 16/36 (task 15): force_integral=+0.000000e+00
  [BOTH][Rank 0] Done moment 16/36 (task 15): force_integral=+0.000000e+00
  [BOTH][Rank 0] Done moment 16/36 (task 15): force_integral=+0.000000e+00
  [BOTH][Rank 0] Done moment 16/36 (task 15): force_integral=+0.000000e+00
  [BOTH][Rank 0] Done moment 16/36 (task 15): force_integral=+0.000000e+00
  [BOTH][Rank 0] Done moment 16/36 (task 15): force_integral=+0.000000e+00
  [BOTH][Rank 0] Done moment 16/36 (task 15): force_integral=+0.000000e+00
  [BOTH][Rank 0] Done moment 16/36 (task 15): force_integral=+0.000000e+00
  [BOTH][Rank 0] Done moment 16/36 (task 15): force_integral=+0.000000e+00
  [BOTH][Rank 0] Done moment 16/36 (task 15): force_integral=+0.000000e+00
  [BOTH][Rank 0] Done moment 16/36 (task 15): force_integral=+0.000000e+00
  [BOTH][Rank 0] Done moment 16/36 (task 15): force_integral=+0.000000e+00
  [BOTH][Rank 0] Done moment 16/36 (task 15): force_integral=+0.000000e+00
  [BOTH][Rank 0] Done moment 16/36 (task 15): force_integral=+0.000000e+00
  [BOTH][Rank 0] Done moment 16/36 (task 15): force_integral=+0.000000e+00
  [BOTH][Rank 0] Done moment 16/36 (task 15): force_integral=+0.000000e+00
  [BOTH][Rank 0] Done moment 16/36 (task 15): force_integral=+0.000000e+00
  [BOTH][Rank 0] Done moment 16/36 (task 15): force_integral=+0.000000e+00
  [BOTH][Rank 0] Done moment 16/36 (task 15): force_integral=+0.000000e+00
  [BOTH][Rank 0] Done moment 16/36 (task 15): force_integral=+0.000000e+00
  [BOTH][Rank 0] Done moment 16/36 (task 15): force_integral=+0.000000e+00
  [BOTH][Rank 0] Done moment 16/36 (task 15): force_integral=+0.000000e+00
  [BOTH][Rank 0] Done moment 16/36 (task 15): force_integral=+0.000000e+00
  [BOTH][Rank 0] Done moment 16/36 (task 15): force_integral=+0.000000e+00
  [BOTH][Rank 0] Done moment 16/36 (task 15): force_integral=+0.000000e+00
  [BOTH][Rank 0] Done moment 16/36 (task 15): force_integral=+0.000000e+00
  [BOTH][Rank 0] Done moment 16/36 (task 15): force_integral=+0.000000e+00
  [BOTH][Rank 0] Done moment 16/36 (task 15): force_integral=+0.000000e+00
  [BOTH][Rank 0] Done moment 16/36 (task 15): force_integral=+0.000000e+00
  [BOTH][Rank 0] Done moment 16/36 (task 15): force_integral=+0.000000e+00
  [BOTH][Rank 0] Done moment 16/36 (task 15): force_integral=+0.000000e+00
  [BOTH][Rank 0] Done moment 16/36 (task 15): force_integral=+0.000000e+00
  [BOTH][Rank 0] Done moment 16/36 (task 15): force_integral=+0.000000e+00
  [BOTH][Rank 0] Done moment 16/36 (task 15): force_integral=+0.000000e+00
  [BOTH][Rank 0] Done moment 16/36 (task 15): force_integral=+0.000000e+00
  [BOTH][Rank 0] Done moment 16/36 (task 15): force_integral=+0.000000e+00
  [BOTH][Rank 0] Done moment 16/36 (task 15): force_integral=+0.000000e+00
  [BOTH][Rank 0] Done moment 16/36 (task 15): force_integral=+0.000000e+00
  [BOTH][Rank 0] Done moment 16/36 (task 15): force_integral=+0.000000e+00
  [BOTH][Rank 0] Done moment 16/36 (task 15): force_integral=+0.000000e+00
  [BOTH][Rank 0] Done moment 16/36 (task 15): force_integral=+0.000000e+00
  [BOTH][Rank 0] Done moment 16/36 (task 15): force_integral=+0.000000e+00
  [BOTH][Rank 0] Done moment 16/36 (task 15): force_integral=+0.000000e+00
  [BOTH][Rank 0] Done moment 16/36 (task 15): force_integral=+0.000000e+00
  [BOTH][Rank 0] Done moment 16/36 (task 15): force_integral=+0.000000e+00
  [BOTH][Rank 0] Done moment 16/36 (task 15): force_integral=+0.000000e+00
  [BOTH][Rank 0] Done moment 16/36 (task 15): force_integral=+0.000000e+00
  [BOTH][Rank 0] Done moment 16/36 (task 15): force_integral=+0.000000e+00
  [BOTH][Rank 0] Done moment 16/36 (task 15): force_integral=+0.000000e+00
  [BOTH][Rank 0] Done moment 16/36 (task 15): force_integral=+0.000000e+00
  [BOTH][Rank 0] Done moment 16/36 (task 15): force_integral=+0.000000e+00
  [BOTH][Rank 0] Done moment 16/36 (task 15): force_integral=+0.000000e+00
  [BOTH][Rank 0] Done moment 16/36 (task 15): force_integral=+0.000000e+00
  [BOTH][Rank 0] Done moment 16/36 (task 15): force_integral=+0.000000e+00
  [BOTH][Rank 0] Done moment 16/36 (task 15): force_integral=+0.000000e+00
  [BOTH][Rank 0] Done moment 16/36 (task 15): force_integral=+0.000000e+00
  [BOTH][Rank 0] Done moment 16/36 (task 15): force_integral=+0.000000e+00
  [BOTH][Rank 0] Done moment 16/36 (task 15): force_integral=+0.000000e+00
  [BOTH][Rank 0] Done moment 16/36 (task 15): force_integral=+0.000000e+00
  [BOTH][Rank 0] Done moment 16/36 (task 15): force_integral=+0.000000e+00
  [BOTH][Rank 0] Done moment 17/36 (task 16): force_integral=+2.493752e+03
  [BOTH][Rank 0] Done moment 16/36 (task 15): force_integral=+0.000000e+00
  [BOTH][Rank 0] Done moment 16/36 (task 15): force_integral=+0.000000e+00
  [BOTH][Rank 0] Done moment 16/36 (task 15): force_integral=+0.000000e+00
  [BOTH][Rank 0] Done moment 17/36 (task 16): force_integral=+2.493752e+03
  [BOTH][Rank 0] Done moment 17/36 (task 16): force_integral=+2.493752e+03
  [BOTH][Rank 0] Done moment 17/36 (task 16): force_integral=+2.493752e+03
  [BOTH][Rank 0] Done moment 16/36 (task 15): force_integral=+0.000000e+00
  [BOTH][Rank 0] Done moment 16/36 (task 15): force_integral=+0.000000e+00
  [BOTH][Rank 0] Done moment 17/36 (task 16): force_integral=+2.493752e+03
  [BOTH][Rank 0] Done moment 16/36 (task 15): force_integral=+0.000000e+00
  [BOTH][Rank 0] Done moment 17/36 (task 16): force_integral=+2.493752e+03
  [BOTH][Rank 0] Done moment 17/36 (task 16): force_integral=+2.493752e+03
  [BOTH][Rank 0] Done moment 17/36 (task 16): force_integral=+2.493752e+03
  [BOTH][Rank 0] Done moment 17/36 (task 16): force_integral=+2.493752e+03
  [BOTH][Rank 0] Done moment 17/36 (task 16): force_integral=+2.493752e+03
  [BOTH][Rank 0] Done moment 17/36 (task 16): force_integral=+2.493752e+03
  [BOTH][Rank 0] Done moment 17/36 (task 16): force_integral=+2.493752e+03
  [BOTH][Rank 0] Done moment 17/36 (task 16): force_integral=+2.493752e+03
  [BOTH][Rank 0] Done moment 17/36 (task 16): force_integral=+2.493752e+03
  [BOTH][Rank 0] Done moment 17/36 (task 16): force_integral=+2.493752e+03
  [BOTH][Rank 0] Done moment 17/36 (task 16): force_integral=+2.493752e+03
  [BOTH][Rank 0] Done moment 17/36 (task 16): force_integral=+2.493752e+03
  [BOTH][Rank 0] Done moment 16/36 (task 15): force_integral=+0.000000e+00
  [BOTH][Rank 0] Done moment 17/36 (task 16): force_integral=+2.493752e+03
  [BOTH][Rank 0] Done moment 16/36 (task 15): force_integral=+0.000000e+00
  [BOTH][Rank 0] Done moment 17/36 (task 16): force_integral=+2.493752e+03
  [BOTH][Rank 0] Done moment 16/36 (task 15): force_integral=+0.000000e+00
  [BOTH][Rank 0] Done moment 17/36 (task 16): force_integral=+2.493752e+03
  [BOTH][Rank 0] Done moment 17/36 (task 16): force_integral=+2.493752e+03
  [BOTH][Rank 0] Done moment 16/36 (task 15): force_integral=+0.000000e+00
  [BOTH][Rank 0] Done moment 17/36 (task 16): force_integral=+2.493752e+03
  [BOTH][Rank 0] Done moment 17/36 (task 16): force_integral=+2.493752e+03
  [BOTH][Rank 0] Done moment 16/36 (task 15): force_integral=+0.000000e+00
  [BOTH][Rank 0] Done moment 16/36 (task 15): force_integral=+0.000000e+00
  [BOTH][Rank 0] Done moment 16/36 (task 15): force_integral=+0.000000e+00
  [BOTH][Rank 0] Done moment 16/36 (task 15): force_integral=+0.000000e+00
  [BOTH][Rank 0] Done moment 16/36 (task 15): force_integral=+0.000000e+00
  [BOTH][Rank 0] Done moment 16/36 (task 15): force_integral=+0.000000e+00
  [BOTH][Rank 0] Done moment 16/36 (task 15): force_integral=+0.000000e+00
  [BOTH][Rank 0] Done moment 16/36 (task 15): force_integral=+0.000000e+00
  [BOTH][Rank 0] Done moment 16/36 (task 15): force_integral=+0.000000e+00
  [BOTH][Rank 0] Done moment 16/36 (task 15): force_integral=+0.000000e+00
  [BOTH][Rank 0] Done moment 16/36 (task 15): force_integral=+0.000000e+00
  [BOTH][Rank 0] Done moment 16/36 (task 15): force_integral=+0.000000e+00
  [BOTH][Rank 0] Done moment 16/36 (task 15): force_integral=+0.000000e+00
  [BOTH][Rank 0] Done moment 16/36 (task 15): force_integral=+0.000000e+00
  [BOTH][Rank 0] Done moment 16/36 (task 15): force_integral=+0.000000e+00
  [BOTH][Rank 0] Done moment 16/36 (task 15): force_integral=+0.000000e+00
  [BOTH][Rank 0] Done moment 17/36 (task 16): force_integral=+2.493752e+03
  [BOTH][Rank 0] Done moment 16/36 (task 15): force_integral=+0.000000e+00
  [BOTH][Rank 0] Done moment 16/36 (task 15): force_integral=+0.000000e+00
  [BOTH][Rank 0] Done moment 16/36 (task 15): force_integral=+0.000000e+00
  [BOTH][Rank 0] Done moment 16/36 (task 15): force_integral=+0.000000e+00
  [BOTH][Rank 0] Done moment 16/36 (task 15): force_integral=+0.000000e+00
  [BOTH][Rank 0] Done moment 16/36 (task 15): force_integral=+0.000000e+00
  [BOTH][Rank 0] Done moment 16/36 (task 15): force_integral=+0.000000e+00
  [BOTH][Rank 0] Done moment 17/36 (task 16): force_integral=+2.493752e+03
  [BOTH][Rank 0] Done moment 16/36 (task 15): force_integral=+0.000000e+00
  [BOTH][Rank 0] Done moment 16/36 (task 15): force_integral=+0.000000e+00
  [BOTH][Rank 0] Done moment 16/36 (task 15): force_integral=+0.000000e+00
  [BOTH][Rank 0] Done moment 16/36 (task 15): force_integral=+0.000000e+00
  [BOTH][Rank 0] Done moment 16/36 (task 15): force_integral=+0.000000e+00
  [BOTH][Rank 0] Done moment 17/36 (task 16): force_integral=+2.493752e+03
  [BOTH][Rank 0] Done moment 17/36 (task 16): force_integral=+2.493752e+03
  [BOTH][Rank 0] Done moment 17/36 (task 16): force_integral=+2.493752e+03
  [BOTH][Rank 0] Done moment 17/36 (task 16): force_integral=+2.493752e+03
  [BOTH][Rank 0] Done moment 17/36 (task 16): force_integral=+2.493752e+03
  [BOTH][Rank 0] Done moment 17/36 (task 16): force_integral=+2.493752e+03
  [BOTH][Rank 0] Done moment 17/36 (task 16): force_integral=+2.493752e+03
  [BOTH][Rank 0] Done moment 17/36 (task 16): force_integral=+2.493752e+03
  [BOTH][Rank 0] Done moment 17/36 (task 16): force_integral=+2.493752e+03
  [BOTH][Rank 0] Done moment 17/36 (task 16): force_integral=+2.493752e+03
  [BOTH][Rank 0] Done moment 17/36 (task 16): force_integral=+2.493752e+03
  [BOTH][Rank 0] Done moment 17/36 (task 16): force_integral=+2.493752e+03
  [BOTH][Rank 0] Done moment 17/36 (task 16): force_integral=+2.493752e+03
  [BOTH][Rank 0] Done moment 17/36 (task 16): force_integral=+2.493752e+03
  [BOTH][Rank 0] Done moment 17/36 (task 16): force_integral=+2.493752e+03
  [BOTH][Rank 0] Done moment 17/36 (task 16): force_integral=+2.493752e+03
  [BOTH][Rank 0] Done moment 17/36 (task 16): force_integral=+2.493752e+03
  [BOTH][Rank 0] Done moment 17/36 (task 16): force_integral=+2.493752e+03
  [BOTH][Rank 0] Done moment 17/36 (task 16): force_integral=+2.493752e+03
  [BOTH][Rank 0] Done moment 17/36 (task 16): force_integral=+2.493752e+03
  [BOTH][Rank 0] Done moment 17/36 (task 16): force_integral=+2.493752e+03
  [BOTH][Rank 0] Done moment 17/36 (task 16): force_integral=+2.493752e+03
  [BOTH][Rank 0] Done moment 17/36 (task 16): force_integral=+2.493752e+03
  [BOTH][Rank 0] Done moment 17/36 (task 16): force_integral=+2.493752e+03
  [BOTH][Rank 0] Done moment 17/36 (task 16): force_integral=+2.493752e+03
  [BOTH][Rank 0] Done moment 17/36 (task 16): force_integral=+2.493752e+03
  [BOTH][Rank 0] Done moment 17/36 (task 16): force_integral=+2.493752e+03
  [BOTH][Rank 0] Done moment 17/36 (task 16): force_integral=+2.493752e+03
  [BOTH][Rank 0] Done moment 17/36 (task 16): force_integral=+2.493752e+03
  [BOTH][Rank 0] Done moment 17/36 (task 16): force_integral=+2.493752e+03
  [BOTH][Rank 0] Done moment 17/36 (task 16): force_integral=+2.493752e+03
  [BOTH][Rank 0] Done moment 17/36 (task 16): force_integral=+2.493752e+03
  [BOTH][Rank 0] Done moment 17/36 (task 16): force_integral=+2.493752e+03
  [BOTH][Rank 0] Done moment 17/36 (task 16): force_integral=+2.493752e+03
  [BOTH][Rank 0] Done moment 17/36 (task 16): force_integral=+2.493752e+03
  [BOTH][Rank 0] Done moment 17/36 (task 16): force_integral=+2.493752e+03
  [BOTH][Rank 0] Done moment 17/36 (task 16): force_integral=+2.493752e+03
  [BOTH][Rank 0] Done moment 17/36 (task 16): force_integral=+2.493752e+03
  [BOTH][Rank 0] Done moment 17/36 (task 16): force_integral=+2.493752e+03
  [BOTH][Rank 0] Done moment 17/36 (task 16): force_integral=+2.493752e+03
  [BOTH][Rank 0] Done moment 17/36 (task 16): force_integral=+2.493752e+03
  [BOTH][Rank 0] Done moment 17/36 (task 16): force_integral=+2.493752e+03
  [BOTH][Rank 0] Done moment 17/36 (task 16): force_integral=+2.493752e+03
  [BOTH][Rank 0] Done moment 17/36 (task 16): force_integral=+2.493752e+03
  [BOTH][Rank 0] Done moment 17/36 (task 16): force_integral=+2.493752e+03
  [BOTH][Rank 0] Done moment 17/36 (task 16): force_integral=+2.493752e+03
  [BOTH][Rank 0] Done moment 17/36 (task 16): force_integral=+2.493752e+03
  [BOTH][Rank 0] Done moment 17/36 (task 16): force_integral=+2.493752e+03
  [BOTH][Rank 0] Done moment 17/36 (task 16): force_integral=+2.493752e+03
  [BOTH][Rank 0] Done moment 17/36 (task 16): force_integral=+2.493752e+03
  [BOTH][Rank 0] Done moment 17/36 (task 16): force_integral=+2.493752e+03
  [BOTH][Rank 0] Done moment 17/36 (task 16): force_integral=+2.493752e+03
  [BOTH][Rank 0] Done moment 17/36 (task 16): force_integral=+2.493752e+03
  [BOTH][Rank 0] Done moment 17/36 (task 16): force_integral=+2.493752e+03
  [BOTH][Rank 0] Done moment 17/36 (task 16): force_integral=+2.493752e+03
  [BOTH][Rank 0] Done moment 17/36 (task 16): force_integral=+2.493752e+03
  [BOTH][Rank 0] Done moment 17/36 (task 16): force_integral=+2.493752e+03
  [BOTH][Rank 0] Done moment 17/36 (task 16): force_integral=+2.493752e+03
  [BOTH][Rank 0] Done moment 17/36 (task 16): force_integral=+2.493752e+03
  [BOTH][Rank 0] Done moment 17/36 (task 16): force_integral=+2.493752e+03
  [BOTH][Rank 0] Done moment 17/36 (task 16): force_integral=+2.493752e+03
  [BOTH][Rank 0] Done moment 17/36 (task 16): force_integral=+2.493752e+03
  [BOTH][Rank 0] Done moment 17/36 (task 16): force_integral=+2.493752e+03
  [BOTH][Rank 0] Done moment 17/36 (task 16): force_integral=+2.493752e+03
  [BOTH][Rank 0] Done moment 18/36 (task 17): force_integral=-4.092091e+03
  [BOTH][Rank 0] Done moment 18/36 (task 17): force_integral=-4.092091e+03
  [BOTH][Rank 0] Done moment 18/36 (task 17): force_integral=-4.092091e+03
  [BOTH][Rank 0] Done moment 18/36 (task 17): force_integral=-4.092091e+03
  [BOTH][Rank 0] Done moment 17/36 (task 16): force_integral=+2.493752e+03
  [BOTH][Rank 0] Done moment 17/36 (task 16): force_integral=+2.493752e+03
  [BOTH][Rank 0] Done moment 17/36 (task 16): force_integral=+2.493752e+03
  [BOTH][Rank 0] Done moment 17/36 (task 16): force_integral=+2.493752e+03
  [BOTH][Rank 0] Done moment 18/36 (task 17): force_integral=-4.092091e+03
  [BOTH][Rank 0] Done moment 18/36 (task 17): force_integral=-4.092091e+03
  [BOTH][Rank 0] Done moment 17/36 (task 16): force_integral=+2.493752e+03
  [BOTH][Rank 0] Done moment 17/36 (task 16): force_integral=+2.493752e+03
  [BOTH][Rank 0] Done moment 18/36 (task 17): force_integral=-4.092091e+03
  [BOTH][Rank 0] Done moment 17/36 (task 16): force_integral=+2.493752e+03
  [BOTH][Rank 0] Done moment 18/36 (task 17): force_integral=-4.092091e+03
  [BOTH][Rank 0] Done moment 18/36 (task 17): force_integral=-4.092091e+03
  [BOTH][Rank 0] Done moment 18/36 (task 17): force_integral=-4.092091e+03
  [BOTH][Rank 0] Done moment 18/36 (task 17): force_integral=-4.092091e+03
  [BOTH][Rank 0] Done moment 18/36 (task 17): force_integral=-4.092091e+03
  [BOTH][Rank 0] Done moment 18/36 (task 17): force_integral=-4.092091e+03
  [BOTH][Rank 0] Done moment 18/36 (task 17): force_integral=-4.092091e+03
  [BOTH][Rank 0] Done moment 18/36 (task 17): force_integral=-4.092091e+03
  [BOTH][Rank 0] Done moment 18/36 (task 17): force_integral=-4.092091e+03
  [BOTH][Rank 0] Done moment 18/36 (task 17): force_integral=-4.092091e+03
  [BOTH][Rank 0] Done moment 18/36 (task 17): force_integral=-4.092091e+03
  [BOTH][Rank 0] Done moment 18/36 (task 17): force_integral=-4.092091e+03
  [BOTH][Rank 0] Done moment 18/36 (task 17): force_integral=-4.092091e+03
  [BOTH][Rank 0] Done moment 17/36 (task 16): force_integral=+2.493752e+03
  [BOTH][Rank 0] Done moment 18/36 (task 17): force_integral=-4.092091e+03
  [BOTH][Rank 0] Done moment 17/36 (task 16): force_integral=+2.493752e+03
  [BOTH][Rank 0] Done moment 18/36 (task 17): force_integral=-4.092091e+03
  [BOTH][Rank 0] Done moment 18/36 (task 17): force_integral=-4.092091e+03
  [BOTH][Rank 0] Done moment 17/36 (task 16): force_integral=+2.493752e+03
  [BOTH][Rank 0] Done moment 17/36 (task 16): force_integral=+2.493752e+03
  [BOTH][Rank 0] Done moment 18/36 (task 17): force_integral=-4.092091e+03
  [BOTH][Rank 0] Done moment 17/36 (task 16): force_integral=+2.493752e+03
  [BOTH][Rank 0] Done moment 17/36 (task 16): force_integral=+2.493752e+03
  [BOTH][Rank 0] Done moment 17/36 (task 16): force_integral=+2.493752e+03
  [BOTH][Rank 0] Done moment 17/36 (task 16): force_integral=+2.493752e+03
  [BOTH][Rank 0] Done moment 18/36 (task 17): force_integral=-4.092091e+03
  [BOTH][Rank 0] Done moment 17/36 (task 16): force_integral=+2.493752e+03
  [BOTH][Rank 0] Done moment 17/36 (task 16): force_integral=+2.493752e+03
  [BOTH][Rank 0] Done moment 17/36 (task 16): force_integral=+2.493752e+03
  [BOTH][Rank 0] Done moment 17/36 (task 16): force_integral=+2.493752e+03
  [BOTH][Rank 0] Done moment 17/36 (task 16): force_integral=+2.493752e+03
  [BOTH][Rank 0] Done moment 17/36 (task 16): force_integral=+2.493752e+03
  [BOTH][Rank 0] Done moment 17/36 (task 16): force_integral=+2.493752e+03
  [BOTH][Rank 0] Done moment 17/36 (task 16): force_integral=+2.493752e+03
  [BOTH][Rank 0] Done moment 17/36 (task 16): force_integral=+2.493752e+03
  [BOTH][Rank 0] Done moment 18/36 (task 17): force_integral=-4.092091e+03
  [BOTH][Rank 0] Done moment 17/36 (task 16): force_integral=+2.493752e+03
  [BOTH][Rank 0] Done moment 17/36 (task 16): force_integral=+2.493752e+03
  [BOTH][Rank 0] Done moment 17/36 (task 16): force_integral=+2.493752e+03
  [BOTH][Rank 0] Done moment 17/36 (task 16): force_integral=+2.493752e+03
  [BOTH][Rank 0] Done moment 18/36 (task 17): force_integral=-4.092091e+03
  [BOTH][Rank 0] Done moment 17/36 (task 16): force_integral=+2.493752e+03
  [BOTH][Rank 0] Done moment 17/36 (task 16): force_integral=+2.493752e+03
  [BOTH][Rank 0] Done moment 17/36 (task 16): force_integral=+2.493752e+03
  [BOTH][Rank 0] Done moment 17/36 (task 16): force_integral=+2.493752e+03
  [BOTH][Rank 0] Done moment 17/36 (task 16): force_integral=+2.493752e+03
  [BOTH][Rank 0] Done moment 18/36 (task 17): force_integral=-4.092091e+03
  [BOTH][Rank 0] Done moment 17/36 (task 16): force_integral=+2.493752e+03
  [BOTH][Rank 0] Done moment 17/36 (task 16): force_integral=+2.493752e+03
  [BOTH][Rank 0] Done moment 17/36 (task 16): force_integral=+2.493752e+03
  [BOTH][Rank 0] Done moment 17/36 (task 16): force_integral=+2.493752e+03
  [BOTH][Rank 0] Done moment 17/36 (task 16): force_integral=+2.493752e+03
  [BOTH][Rank 0] Done moment 17/36 (task 16): force_integral=+2.493752e+03
  [BOTH][Rank 0] Done moment 18/36 (task 17): force_integral=-4.092091e+03
  [BOTH][Rank 0] Done moment 18/36 (task 17): force_integral=-4.092091e+03
  [BOTH][Rank 0] Done moment 18/36 (task 17): force_integral=-4.092091e+03
  [BOTH][Rank 0] Done moment 18/36 (task 17): force_integral=-4.092091e+03
  [BOTH][Rank 0] Done moment 18/36 (task 17): force_integral=-4.092091e+03
  [BOTH][Rank 0] Done moment 18/36 (task 17): force_integral=-4.092091e+03
  [BOTH][Rank 0] Done moment 18/36 (task 17): force_integral=-4.092091e+03
  [BOTH][Rank 0] Done moment 18/36 (task 17): force_integral=-4.092091e+03
  [BOTH][Rank 0] Done moment 18/36 (task 17): force_integral=-4.092091e+03
  [BOTH][Rank 0] Done moment 18/36 (task 17): force_integral=-4.092091e+03
  [BOTH][Rank 0] Done moment 18/36 (task 17): force_integral=-4.092091e+03
  [BOTH][Rank 0] Done moment 18/36 (task 17): force_integral=-4.092091e+03
  [BOTH][Rank 0] Done moment 18/36 (task 17): force_integral=-4.092091e+03
  [BOTH][Rank 0] Done moment 18/36 (task 17): force_integral=-4.092091e+03
  [BOTH][Rank 0] Done moment 18/36 (task 17): force_integral=-4.092091e+03
  [BOTH][Rank 0] Done moment 18/36 (task 17): force_integral=-4.092091e+03
  [BOTH][Rank 0] Done moment 18/36 (task 17): force_integral=-4.092091e+03
  [BOTH][Rank 0] Done moment 18/36 (task 17): force_integral=-4.092091e+03
  [BOTH][Rank 0] Done moment 18/36 (task 17): force_integral=-4.092091e+03
  [BOTH][Rank 0] Done moment 18/36 (task 17): force_integral=-4.092091e+03
  [BOTH][Rank 0] Done moment 18/36 (task 17): force_integral=-4.092091e+03
  [BOTH][Rank 0] Done moment 18/36 (task 17): force_integral=-4.092091e+03
  [BOTH][Rank 0] Done moment 18/36 (task 17): force_integral=-4.092091e+03
  [BOTH][Rank 0] Done moment 18/36 (task 17): force_integral=-4.092091e+03
  [BOTH][Rank 0] Done moment 18/36 (task 17): force_integral=-4.092091e+03
  [BOTH][Rank 0] Done moment 18/36 (task 17): force_integral=-4.092091e+03
  [BOTH][Rank 0] Done moment 18/36 (task 17): force_integral=-4.092091e+03
  [BOTH][Rank 0] Done moment 18/36 (task 17): force_integral=-4.092091e+03
  [BOTH][Rank 0] Done moment 18/36 (task 17): force_integral=-4.092091e+03
  [BOTH][Rank 0] Done moment 18/36 (task 17): force_integral=-4.092091e+03
  [BOTH][Rank 0] Done moment 18/36 (task 17): force_integral=-4.092091e+03
  [BOTH][Rank 0] Done moment 18/36 (task 17): force_integral=-4.092091e+03
  [BOTH][Rank 0] Done moment 18/36 (task 17): force_integral=-4.092091e+03
  [BOTH][Rank 0] Done moment 18/36 (task 17): force_integral=-4.092091e+03
  [BOTH][Rank 0] Done moment 18/36 (task 17): force_integral=-4.092091e+03
  [BOTH][Rank 0] Done moment 18/36 (task 17): force_integral=-4.092091e+03
  [BOTH][Rank 0] Done moment 18/36 (task 17): force_integral=-4.092091e+03
  [BOTH][Rank 0] Done moment 18/36 (task 17): force_integral=-4.092091e+03
  [BOTH][Rank 0] Done moment 18/36 (task 17): force_integral=-4.092091e+03
  [BOTH][Rank 0] Done moment 18/36 (task 17): force_integral=-4.092091e+03
  [BOTH][Rank 0] Done moment 18/36 (task 17): force_integral=-4.092091e+03
  [BOTH][Rank 0] Done moment 18/36 (task 17): force_integral=-4.092091e+03
  [BOTH][Rank 0] Done moment 18/36 (task 17): force_integral=-4.092091e+03
  [BOTH][Rank 0] Done moment 18/36 (task 17): force_integral=-4.092091e+03
  [BOTH][Rank 0] Done moment 18/36 (task 17): force_integral=-4.092091e+03
  [BOTH][Rank 0] Done moment 18/36 (task 17): force_integral=-4.092091e+03
  [BOTH][Rank 0] Done moment 18/36 (task 17): force_integral=-4.092091e+03
  [BOTH][Rank 0] Done moment 18/36 (task 17): force_integral=-4.092091e+03
  [BOTH][Rank 0] Done moment 18/36 (task 17): force_integral=-4.092091e+03
  [BOTH][Rank 0] Done moment 18/36 (task 17): force_integral=-4.092091e+03
  [BOTH][Rank 0] Done moment 18/36 (task 17): force_integral=-4.092091e+03
  [BOTH][Rank 0] Done moment 18/36 (task 17): force_integral=-4.092091e+03
  [BOTH][Rank 0] Done moment 18/36 (task 17): force_integral=-4.092091e+03
  [BOTH][Rank 0] Done moment 18/36 (task 17): force_integral=-4.092091e+03
  [BOTH][Rank 0] Done moment 19/36 (task 18): force_integral=-4.714317e-01
  [BOTH][Rank 0] Done moment 18/36 (task 17): force_integral=-4.092091e+03
  [BOTH][Rank 0] Done moment 19/36 (task 18): force_integral=-4.714317e-01
  [BOTH][Rank 0] Done moment 18/36 (task 17): force_integral=-4.092091e+03
  [BOTH][Rank 0] Done moment 19/36 (task 18): force_integral=-4.714317e-01
  [BOTH][Rank 0] Done moment 18/36 (task 17): force_integral=-4.092091e+03
  [BOTH][Rank 0] Done moment 19/36 (task 18): force_integral=-4.714317e-01
  [BOTH][Rank 0] Done moment 18/36 (task 17): force_integral=-4.092091e+03
  [BOTH][Rank 0] Done moment 18/36 (task 17): force_integral=-4.092091e+03
  [BOTH][Rank 0] Done moment 19/36 (task 18): force_integral=-4.714317e-01
  [BOTH][Rank 0] Done moment 18/36 (task 17): force_integral=-4.092091e+03
  [BOTH][Rank 0] Done moment 19/36 (task 18): force_integral=-4.714317e-01
  [BOTH][Rank 0] Done moment 18/36 (task 17): force_integral=-4.092091e+03
  [BOTH][Rank 0] Done moment 18/36 (task 17): force_integral=-4.092091e+03
  [BOTH][Rank 0] Done moment 18/36 (task 17): force_integral=-4.092091e+03
  [BOTH][Rank 0] Done moment 18/36 (task 17): force_integral=-4.092091e+03
  [BOTH][Rank 0] Done moment 19/36 (task 18): force_integral=-4.714317e-01
  [BOTH][Rank 0] Done moment 18/36 (task 17): force_integral=-4.092091e+03
  [BOTH][Rank 0] Done moment 19/36 (task 18): force_integral=-4.714317e-01
  [BOTH][Rank 0] Done moment 19/36 (task 18): force_integral=-4.714317e-01
  [BOTH][Rank 0] Done moment 18/36 (task 17): force_integral=-4.092091e+03
  [BOTH][Rank 0] Done moment 19/36 (task 18): force_integral=-4.714317e-01
  [BOTH][Rank 0] Done moment 19/36 (task 18): force_integral=-4.714317e-01
  [BOTH][Rank 0] Done moment 19/36 (task 18): force_integral=-4.714317e-01
  [BOTH][Rank 0] Done moment 19/36 (task 18): force_integral=-4.714317e-01
  [BOTH][Rank 0] Done moment 19/36 (task 18): force_integral=-4.714317e-01
  [BOTH][Rank 0] Done moment 18/36 (task 17): force_integral=-4.092091e+03
  [BOTH][Rank 0] Done moment 18/36 (task 17): force_integral=-4.092091e+03
  [BOTH][Rank 0] Done moment 19/36 (task 18): force_integral=-4.714317e-01
  [BOTH][Rank 0] Done moment 19/36 (task 18): force_integral=-4.714317e-01
  [BOTH][Rank 0] Done moment 19/36 (task 18): force_integral=-4.714317e-01
  [BOTH][Rank 0] Done moment 19/36 (task 18): force_integral=-4.714317e-01
  [BOTH][Rank 0] Done moment 19/36 (task 18): force_integral=-4.714317e-01
  [BOTH][Rank 0] Done moment 19/36 (task 18): force_integral=-4.714317e-01
  [BOTH][Rank 0] Done moment 19/36 (task 18): force_integral=-4.714317e-01
  [BOTH][Rank 0] Done moment 19/36 (task 18): force_integral=-4.714317e-01
  [BOTH][Rank 0] Done moment 19/36 (task 18): force_integral=-4.714317e-01
  [BOTH][Rank 0] Done moment 18/36 (task 17): force_integral=-4.092091e+03
  [BOTH][Rank 0] Done moment 18/36 (task 17): force_integral=-4.092091e+03
  [BOTH][Rank 0] Done moment 19/36 (task 18): force_integral=-4.714317e-01
  [BOTH][Rank 0] Done moment 19/36 (task 18): force_integral=-4.714317e-01
  [BOTH][Rank 0] Done moment 18/36 (task 17): force_integral=-4.092091e+03
  [BOTH][Rank 0] Done moment 19/36 (task 18): force_integral=-4.714317e-01
  [BOTH][Rank 0] Done moment 18/36 (task 17): force_integral=-4.092091e+03
  [BOTH][Rank 0] Done moment 19/36 (task 18): force_integral=-4.714317e-01
  [BOTH][Rank 0] Done moment 18/36 (task 17): force_integral=-4.092091e+03
  [BOTH][Rank 0] Done moment 18/36 (task 17): force_integral=-4.092091e+03
  [BOTH][Rank 0] Done moment 18/36 (task 17): force_integral=-4.092091e+03
  [BOTH][Rank 0] Done moment 18/36 (task 17): force_integral=-4.092091e+03
  [BOTH][Rank 0] Done moment 18/36 (task 17): force_integral=-4.092091e+03
  [BOTH][Rank 0] Done moment 18/36 (task 17): force_integral=-4.092091e+03
  [BOTH][Rank 0] Done moment 19/36 (task 18): force_integral=-4.714317e-01
  [BOTH][Rank 0] Done moment 18/36 (task 17): force_integral=-4.092091e+03
  [BOTH][Rank 0] Done moment 18/36 (task 17): force_integral=-4.092091e+03
  [BOTH][Rank 0] Done moment 18/36 (task 17): force_integral=-4.092091e+03
  [BOTH][Rank 0] Done moment 18/36 (task 17): force_integral=-4.092091e+03
  [BOTH][Rank 0] Done moment 18/36 (task 17): force_integral=-4.092091e+03
  [BOTH][Rank 0] Done moment 18/36 (task 17): force_integral=-4.092091e+03
  [BOTH][Rank 0] Done moment 18/36 (task 17): force_integral=-4.092091e+03
  [BOTH][Rank 0] Done moment 18/36 (task 17): force_integral=-4.092091e+03
  [BOTH][Rank 0] Done moment 18/36 (task 17): force_integral=-4.092091e+03
  [BOTH][Rank 0] Done moment 18/36 (task 17): force_integral=-4.092091e+03
  [BOTH][Rank 0] Done moment 18/36 (task 17): force_integral=-4.092091e+03
  [BOTH][Rank 0] Done moment 18/36 (task 17): force_integral=-4.092091e+03
  [BOTH][Rank 0] Done moment 18/36 (task 17): force_integral=-4.092091e+03
  [BOTH][Rank 0] Done moment 18/36 (task 17): force_integral=-4.092091e+03
  [BOTH][Rank 0] Done moment 19/36 (task 18): force_integral=-4.714317e-01
  [BOTH][Rank 0] Done moment 18/36 (task 17): force_integral=-4.092091e+03
  [BOTH][Rank 0] Done moment 18/36 (task 17): force_integral=-4.092091e+03
  [BOTH][Rank 0] Done moment 19/36 (task 18): force_integral=-4.714317e-01
  [BOTH][Rank 0] Done moment 18/36 (task 17): force_integral=-4.092091e+03
  [BOTH][Rank 0] Done moment 18/36 (task 17): force_integral=-4.092091e+03
  [BOTH][Rank 0] Done moment 18/36 (task 17): force_integral=-4.092091e+03
  [BOTH][Rank 0] Done moment 18/36 (task 17): force_integral=-4.092091e+03
  [BOTH][Rank 0] Done moment 18/36 (task 17): force_integral=-4.092091e+03
  [BOTH][Rank 0] Done moment 18/36 (task 17): force_integral=-4.092091e+03
  [BOTH][Rank 0] Done moment 19/36 (task 18): force_integral=-4.714317e-01
  [BOTH][Rank 0] Done moment 19/36 (task 18): force_integral=-4.714317e-01
  [BOTH][Rank 0] Done moment 19/36 (task 18): force_integral=-4.714317e-01
  [BOTH][Rank 0] Done moment 19/36 (task 18): force_integral=-4.714317e-01
  [BOTH][Rank 0] Done moment 19/36 (task 18): force_integral=-4.714317e-01
  [BOTH][Rank 0] Done moment 19/36 (task 18): force_integral=-4.714317e-01
  [BOTH][Rank 0] Done moment 19/36 (task 18): force_integral=-4.714317e-01
  [BOTH][Rank 0] Done moment 19/36 (task 18): force_integral=-4.714317e-01
  [BOTH][Rank 0] Done moment 19/36 (task 18): force_integral=-4.714317e-01
  [BOTH][Rank 0] Done moment 19/36 (task 18): force_integral=-4.714317e-01
  [BOTH][Rank 0] Done moment 19/36 (task 18): force_integral=-4.714317e-01
  [BOTH][Rank 0] Done moment 19/36 (task 18): force_integral=-4.714317e-01
  [BOTH][Rank 0] Done moment 19/36 (task 18): force_integral=-4.714317e-01
  [BOTH][Rank 0] Done moment 19/36 (task 18): force_integral=-4.714317e-01
  [BOTH][Rank 0] Done moment 19/36 (task 18): force_integral=-4.714317e-01
  [BOTH][Rank 0] Done moment 19/36 (task 18): force_integral=-4.714317e-01
  [BOTH][Rank 0] Done moment 19/36 (task 18): force_integral=-4.714317e-01
  [BOTH][Rank 0] Done moment 19/36 (task 18): force_integral=-4.714317e-01
  [BOTH][Rank 0] Done moment 19/36 (task 18): force_integral=-4.714317e-01
  [BOTH][Rank 0] Done moment 19/36 (task 18): force_integral=-4.714317e-01
  [BOTH][Rank 0] Done moment 19/36 (task 18): force_integral=-4.714317e-01
  [BOTH][Rank 0] Done moment 19/36 (task 18): force_integral=-4.714317e-01
  [BOTH][Rank 0] Done moment 19/36 (task 18): force_integral=-4.714317e-01
  [BOTH][Rank 0] Done moment 19/36 (task 18): force_integral=-4.714317e-01
  [BOTH][Rank 0] Done moment 19/36 (task 18): force_integral=-4.714317e-01
  [BOTH][Rank 0] Done moment 19/36 (task 18): force_integral=-4.714317e-01
  [BOTH][Rank 0] Done moment 19/36 (task 18): force_integral=-4.714317e-01
  [BOTH][Rank 0] Done moment 19/36 (task 18): force_integral=-4.714317e-01
  [BOTH][Rank 0] Done moment 19/36 (task 18): force_integral=-4.714317e-01
  [BOTH][Rank 0] Done moment 19/36 (task 18): force_integral=-4.714317e-01
  [BOTH][Rank 0] Done moment 19/36 (task 18): force_integral=-4.714317e-01
  [BOTH][Rank 0] Done moment 19/36 (task 18): force_integral=-4.714317e-01
  [BOTH][Rank 0] Done moment 19/36 (task 18): force_integral=-4.714317e-01
  [BOTH][Rank 0] Done moment 19/36 (task 18): force_integral=-4.714317e-01
  [BOTH][Rank 0] Done moment 19/36 (task 18): force_integral=-4.714317e-01
  [BOTH][Rank 0] Done moment 19/36 (task 18): force_integral=-4.714317e-01
  [BOTH][Rank 0] Done moment 19/36 (task 18): force_integral=-4.714317e-01
  [BOTH][Rank 0] Done moment 19/36 (task 18): force_integral=-4.714317e-01
  [BOTH][Rank 0] Done moment 19/36 (task 18): force_integral=-4.714317e-01
  [BOTH][Rank 0] Done moment 19/36 (task 18): force_integral=-4.714317e-01
  [BOTH][Rank 0] Done moment 19/36 (task 18): force_integral=-4.714317e-01
  [BOTH][Rank 0] Done moment 19/36 (task 18): force_integral=-4.714317e-01
  [BOTH][Rank 0] Done moment 19/36 (task 18): force_integral=-4.714317e-01
  [BOTH][Rank 0] Done moment 19/36 (task 18): force_integral=-4.714317e-01
  [BOTH][Rank 0] Done moment 19/36 (task 18): force_integral=-4.714317e-01
  [BOTH][Rank 0] Done moment 19/36 (task 18): force_integral=-4.714317e-01
  [BOTH][Rank 0] Done moment 19/36 (task 18): force_integral=-4.714317e-01
  [BOTH][Rank 0] Done moment 19/36 (task 18): force_integral=-4.714317e-01
  [BOTH][Rank 0] Done moment 20/36 (task 19): force_integral=-4.714317e-01
  [BOTH][Rank 0] Done moment 19/36 (task 18): force_integral=-4.714317e-01
  [BOTH][Rank 0] Done moment 19/36 (task 18): force_integral=-4.714317e-01
  [BOTH][Rank 0] Done moment 20/36 (task 19): force_integral=-4.714317e-01
  [BOTH][Rank 0] Done moment 19/36 (task 18): force_integral=-4.714317e-01
  [BOTH][Rank 0] Done moment 20/36 (task 19): force_integral=-4.714317e-01
  [BOTH][Rank 0] Done moment 19/36 (task 18): force_integral=-4.714317e-01
  [BOTH][Rank 0] Done moment 20/36 (task 19): force_integral=-4.714317e-01
  [BOTH][Rank 0] Done moment 19/36 (task 18): force_integral=-4.714317e-01
  [BOTH][Rank 0] Done moment 20/36 (task 19): force_integral=-4.714317e-01
  [BOTH][Rank 0] Done moment 19/36 (task 18): force_integral=-4.714317e-01
  [BOTH][Rank 0] Done moment 19/36 (task 18): force_integral=-4.714317e-01
  [BOTH][Rank 0] Done moment 20/36 (task 19): force_integral=-4.714317e-01
  [BOTH][Rank 0] Done moment 19/36 (task 18): force_integral=-4.714317e-01
  [BOTH][Rank 0] Done moment 19/36 (task 18): force_integral=-4.714317e-01
  [BOTH][Rank 0] Done moment 19/36 (task 18): force_integral=-4.714317e-01
  [BOTH][Rank 0] Done moment 19/36 (task 18): force_integral=-4.714317e-01
  [BOTH][Rank 0] Done moment 20/36 (task 19): force_integral=-4.714317e-01
  [BOTH][Rank 0] Done moment 20/36 (task 19): force_integral=-4.714317e-01
  [BOTH][Rank 0] Done moment 20/36 (task 19): force_integral=-4.714317e-01
  [BOTH][Rank 0] Done moment 20/36 (task 19): force_integral=-4.714317e-01
  [BOTH][Rank 0] Done moment 19/36 (task 18): force_integral=-4.714317e-01
  [BOTH][Rank 0] Done moment 20/36 (task 19): force_integral=-4.714317e-01
  [BOTH][Rank 0] Done moment 20/36 (task 19): force_integral=-4.714317e-01
  [BOTH][Rank 0] Done moment 19/36 (task 18): force_integral=-4.714317e-01
  [BOTH][Rank 0] Done moment 19/36 (task 18): force_integral=-4.714317e-01
  [BOTH][Rank 0] Done moment 20/36 (task 19): force_integral=-4.714317e-01
  [BOTH][Rank 0] Done moment 19/36 (task 18): force_integral=-4.714317e-01
  [BOTH][Rank 0] Done moment 19/36 (task 18): force_integral=-4.714317e-01
  [BOTH][Rank 0] Done moment 20/36 (task 19): force_integral=-4.714317e-01
  [BOTH][Rank 0] Done moment 20/36 (task 19): force_integral=-4.714317e-01
  [BOTH][Rank 0] Done moment 20/36 (task 19): force_integral=-4.714317e-01
  [BOTH][Rank 0] Done moment 19/36 (task 18): force_integral=-4.714317e-01
  [BOTH][Rank 0] Done moment 19/36 (task 18): force_integral=-4.714317e-01
  [BOTH][Rank 0] Done moment 20/36 (task 19): force_integral=-4.714317e-01
  [BOTH][Rank 0] Done moment 20/36 (task 19): force_integral=-4.714317e-01
  [BOTH][Rank 0] Done moment 20/36 (task 19): force_integral=-4.714317e-01
  [BOTH][Rank 0] Done moment 20/36 (task 19): force_integral=-4.714317e-01
  [BOTH][Rank 0] Done moment 20/36 (task 19): force_integral=-4.714317e-01
  [BOTH][Rank 0] Done moment 20/36 (task 19): force_integral=-4.714317e-01
  [BOTH][Rank 0] Done moment 20/36 (task 19): force_integral=-4.714317e-01
  [BOTH][Rank 0] Done moment 20/36 (task 19): force_integral=-4.714317e-01
  [BOTH][Rank 0] Done moment 20/36 (task 19): force_integral=-4.714317e-01
  [BOTH][Rank 0] Done moment 19/36 (task 18): force_integral=-4.714317e-01
  [BOTH][Rank 0] Done moment 20/36 (task 19): force_integral=-4.714317e-01
  [BOTH][Rank 0] Done moment 20/36 (task 19): force_integral=-4.714317e-01
  [BOTH][Rank 0] Done moment 19/36 (task 18): force_integral=-4.714317e-01
  [BOTH][Rank 0] Done moment 20/36 (task 19): force_integral=-4.714317e-01
  [BOTH][Rank 0] Done moment 19/36 (task 18): force_integral=-4.714317e-01
  [BOTH][Rank 0] Done moment 19/36 (task 18): force_integral=-4.714317e-01
  [BOTH][Rank 0] Done moment 19/36 (task 18): force_integral=-4.714317e-01
  [BOTH][Rank 0] Done moment 19/36 (task 18): force_integral=-4.714317e-01
  [BOTH][Rank 0] Done moment 19/36 (task 18): force_integral=-4.714317e-01
  [BOTH][Rank 0] Done moment 19/36 (task 18): force_integral=-4.714317e-01
  [BOTH][Rank 0] Done moment 19/36 (task 18): force_integral=-4.714317e-01
  [BOTH][Rank 0] Done moment 19/36 (task 18): force_integral=-4.714317e-01
  [BOTH][Rank 0] Done moment 19/36 (task 18): force_integral=-4.714317e-01
  [BOTH][Rank 0] Done moment 19/36 (task 18): force_integral=-4.714317e-01
  [BOTH][Rank 0] Done moment 19/36 (task 18): force_integral=-4.714317e-01
  [BOTH][Rank 0] Done moment 19/36 (task 18): force_integral=-4.714317e-01
  [BOTH][Rank 0] Done moment 19/36 (task 18): force_integral=-4.714317e-01
  [BOTH][Rank 0] Done moment 20/36 (task 19): force_integral=-4.714317e-01
  [BOTH][Rank 0] Done moment 19/36 (task 18): force_integral=-4.714317e-01
  [BOTH][Rank 0] Done moment 20/36 (task 19): force_integral=-4.714317e-01
  [BOTH][Rank 0] Done moment 19/36 (task 18): force_integral=-4.714317e-01
  [BOTH][Rank 0] Done moment 19/36 (task 18): force_integral=-4.714317e-01
  [BOTH][Rank 0] Done moment 19/36 (task 18): force_integral=-4.714317e-01
  [BOTH][Rank 0] Done moment 19/36 (task 18): force_integral=-4.714317e-01
  [BOTH][Rank 0] Done moment 19/36 (task 18): force_integral=-4.714317e-01
  [BOTH][Rank 0] Done moment 19/36 (task 18): force_integral=-4.714317e-01
  [BOTH][Rank 0] Done moment 19/36 (task 18): force_integral=-4.714317e-01
  [BOTH][Rank 0] Done moment 19/36 (task 18): force_integral=-4.714317e-01
  [BOTH][Rank 0] Done moment 19/36 (task 18): force_integral=-4.714317e-01
  [BOTH][Rank 0] Done moment 19/36 (task 18): force_integral=-4.714317e-01
  [BOTH][Rank 0] Done moment 19/36 (task 18): force_integral=-4.714317e-01
  [BOTH][Rank 0] Done moment 19/36 (task 18): force_integral=-4.714317e-01
  [BOTH][Rank 0] Done moment 19/36 (task 18): force_integral=-4.714317e-01
  [BOTH][Rank 0] Done moment 19/36 (task 18): force_integral=-4.714317e-01
  [BOTH][Rank 0] Done moment 19/36 (task 18): force_integral=-4.714317e-01
  [BOTH][Rank 0] Done moment 19/36 (task 18): force_integral=-4.714317e-01
  [BOTH][Rank 0] Done moment 20/36 (task 19): force_integral=-4.714317e-01
  [BOTH][Rank 0] Done moment 20/36 (task 19): force_integral=-4.714317e-01
  [BOTH][Rank 0] Done moment 20/36 (task 19): force_integral=-4.714317e-01
  [BOTH][Rank 0] Done moment 20/36 (task 19): force_integral=-4.714317e-01
  [BOTH][Rank 0] Done moment 20/36 (task 19): force_integral=-4.714317e-01
  [BOTH][Rank 0] Done moment 20/36 (task 19): force_integral=-4.714317e-01
  [BOTH][Rank 0] Done moment 20/36 (task 19): force_integral=-4.714317e-01
  [BOTH][Rank 0] Done moment 20/36 (task 19): force_integral=-4.714317e-01
  [BOTH][Rank 0] Done moment 20/36 (task 19): force_integral=-4.714317e-01
  [BOTH][Rank 0] Done moment 20/36 (task 19): force_integral=-4.714317e-01
  [BOTH][Rank 0] Done moment 20/36 (task 19): force_integral=-4.714317e-01
  [BOTH][Rank 0] Done moment 20/36 (task 19): force_integral=-4.714317e-01
  [BOTH][Rank 0] Done moment 20/36 (task 19): force_integral=-4.714317e-01
  [BOTH][Rank 0] Done moment 20/36 (task 19): force_integral=-4.714317e-01
  [BOTH][Rank 0] Done moment 20/36 (task 19): force_integral=-4.714317e-01
  [BOTH][Rank 0] Done moment 20/36 (task 19): force_integral=-4.714317e-01
  [BOTH][Rank 0] Done moment 20/36 (task 19): force_integral=-4.714317e-01
  [BOTH][Rank 0] Done moment 20/36 (task 19): force_integral=-4.714317e-01
  [BOTH][Rank 0] Done moment 20/36 (task 19): force_integral=-4.714317e-01
  [BOTH][Rank 0] Done moment 20/36 (task 19): force_integral=-4.714317e-01
  [BOTH][Rank 0] Done moment 20/36 (task 19): force_integral=-4.714317e-01
  [BOTH][Rank 0] Done moment 20/36 (task 19): force_integral=-4.714317e-01
  [BOTH][Rank 0] Done moment 20/36 (task 19): force_integral=-4.714317e-01
  [BOTH][Rank 0] Done moment 20/36 (task 19): force_integral=-4.714317e-01
  [BOTH][Rank 0] Done moment 20/36 (task 19): force_integral=-4.714317e-01
  [BOTH][Rank 0] Done moment 20/36 (task 19): force_integral=-4.714317e-01
  [BOTH][Rank 0] Done moment 20/36 (task 19): force_integral=-4.714317e-01
  [BOTH][Rank 0] Done moment 20/36 (task 19): force_integral=-4.714317e-01
  [BOTH][Rank 0] Done moment 20/36 (task 19): force_integral=-4.714317e-01
  [BOTH][Rank 0] Done moment 20/36 (task 19): force_integral=-4.714317e-01
  [BOTH][Rank 0] Done moment 20/36 (task 19): force_integral=-4.714317e-01
  [BOTH][Rank 0] Done moment 20/36 (task 19): force_integral=-4.714317e-01
  [BOTH][Rank 0] Done moment 20/36 (task 19): force_integral=-4.714317e-01
  [BOTH][Rank 0] Done moment 20/36 (task 19): force_integral=-4.714317e-01
  [BOTH][Rank 0] Done moment 20/36 (task 19): force_integral=-4.714317e-01
  [BOTH][Rank 0] Done moment 20/36 (task 19): force_integral=-4.714317e-01
  [BOTH][Rank 0] Done moment 20/36 (task 19): force_integral=-4.714317e-01
  [BOTH][Rank 0] Done moment 20/36 (task 19): force_integral=-4.714317e-01
  [BOTH][Rank 0] Done moment 20/36 (task 19): force_integral=-4.714317e-01
  [BOTH][Rank 0] Done moment 20/36 (task 19): force_integral=-4.714317e-01
  [BOTH][Rank 0] Done moment 20/36 (task 19): force_integral=-4.714317e-01
  [BOTH][Rank 0] Done moment 20/36 (task 19): force_integral=-4.714317e-01
  [BOTH][Rank 0] Done moment 20/36 (task 19): force_integral=-4.714317e-01
  [BOTH][Rank 0] Done moment 20/36 (task 19): force_integral=-4.714317e-01
  [BOTH][Rank 0] Done moment 21/36 (task 20): force_integral=+0.000000e+00
  [BOTH][Rank 0] Done moment 20/36 (task 19): force_integral=-4.714317e-01
  [BOTH][Rank 0] Done moment 21/36 (task 20): force_integral=+0.000000e+00
  [BOTH][Rank 0] Done moment 20/36 (task 19): force_integral=-4.714317e-01
  [BOTH][Rank 0] Done moment 20/36 (task 19): force_integral=-4.714317e-01
  [BOTH][Rank 0] Done moment 20/36 (task 19): force_integral=-4.714317e-01
  [BOTH][Rank 0] Done moment 20/36 (task 19): force_integral=-4.714317e-01
  [BOTH][Rank 0] Done moment 21/36 (task 20): force_integral=+0.000000e+00
  [BOTH][Rank 0] Done moment 21/36 (task 20): force_integral=+0.000000e+00
  [BOTH][Rank 0] Done moment 20/36 (task 19): force_integral=-4.714317e-01
  [BOTH][Rank 0] Done moment 20/36 (task 19): force_integral=-4.714317e-01
  [BOTH][Rank 0] Done moment 21/36 (task 20): force_integral=+0.000000e+00
  [BOTH][Rank 0] Done moment 20/36 (task 19): force_integral=-4.714317e-01
  [BOTH][Rank 0] Done moment 20/36 (task 19): force_integral=-4.714317e-01
  [BOTH][Rank 0] Done moment 20/36 (task 19): force_integral=-4.714317e-01
  [BOTH][Rank 0] Done moment 21/36 (task 20): force_integral=+0.000000e+00
  [BOTH][Rank 0] Done moment 21/36 (task 20): force_integral=+0.000000e+00
  [BOTH][Rank 0] Done moment 20/36 (task 19): force_integral=-4.714317e-01
  [BOTH][Rank 0] Done moment 21/36 (task 20): force_integral=+0.000000e+00
  [BOTH][Rank 0] Done moment 20/36 (task 19): force_integral=-4.714317e-01
  [BOTH][Rank 0] Done moment 21/36 (task 20): force_integral=+0.000000e+00
  [BOTH][Rank 0] Done moment 20/36 (task 19): force_integral=-4.714317e-01
  [BOTH][Rank 0] Done moment 20/36 (task 19): force_integral=-4.714317e-01
  [BOTH][Rank 0] Done moment 21/36 (task 20): force_integral=+0.000000e+00
  [BOTH][Rank 0] Done moment 21/36 (task 20): force_integral=+0.000000e+00
  [BOTH][Rank 0] Done moment 21/36 (task 20): force_integral=+0.000000e+00
  [BOTH][Rank 0] Done moment 20/36 (task 19): force_integral=-4.714317e-01
  [BOTH][Rank 0] Done moment 20/36 (task 19): force_integral=-4.714317e-01
  [BOTH][Rank 0] Done moment 21/36 (task 20): force_integral=+0.000000e+00
  [BOTH][Rank 0] Done moment 21/36 (task 20): force_integral=+0.000000e+00
  [BOTH][Rank 0] Done moment 20/36 (task 19): force_integral=-4.714317e-01
  [BOTH][Rank 0] Done moment 20/36 (task 19): force_integral=-4.714317e-01
  [BOTH][Rank 0] Done moment 21/36 (task 20): force_integral=+0.000000e+00
  [BOTH][Rank 0] Done moment 20/36 (task 19): force_integral=-4.714317e-01
  [BOTH][Rank 0] Done moment 21/36 (task 20): force_integral=+0.000000e+00
  [BOTH][Rank 0] Done moment 20/36 (task 19): force_integral=-4.714317e-01
  [BOTH][Rank 0] Done moment 21/36 (task 20): force_integral=+0.000000e+00
  [BOTH][Rank 0] Done moment 21/36 (task 20): force_integral=+0.000000e+00
  [BOTH][Rank 0] Done moment 21/36 (task 20): force_integral=+0.000000e+00
  [BOTH][Rank 0] Done moment 20/36 (task 19): force_integral=-4.714317e-01
  [BOTH][Rank 0] Done moment 20/36 (task 19): force_integral=-4.714317e-01
  [BOTH][Rank 0] Done moment 21/36 (task 20): force_integral=+0.000000e+00
  [BOTH][Rank 0] Done moment 21/36 (task 20): force_integral=+0.000000e+00
  [BOTH][Rank 0] Done moment 21/36 (task 20): force_integral=+0.000000e+00
  [BOTH][Rank 0] Done moment 21/36 (task 20): force_integral=+0.000000e+00
  [BOTH][Rank 0] Done moment 21/36 (task 20): force_integral=+0.000000e+00
  [BOTH][Rank 0] Done moment 21/36 (task 20): force_integral=+0.000000e+00
  [BOTH][Rank 0] Done moment 21/36 (task 20): force_integral=+0.000000e+00
  [BOTH][Rank 0] Done moment 21/36 (task 20): force_integral=+0.000000e+00
  [BOTH][Rank 0] Done moment 21/36 (task 20): force_integral=+0.000000e+00
  [BOTH][Rank 0] Done moment 20/36 (task 19): force_integral=-4.714317e-01
  [BOTH][Rank 0] Done moment 20/36 (task 19): force_integral=-4.714317e-01
  [BOTH][Rank 0] Done moment 20/36 (task 19): force_integral=-4.714317e-01
  [BOTH][Rank 0] Done moment 20/36 (task 19): force_integral=-4.714317e-01
  [BOTH][Rank 0] Done moment 20/36 (task 19): force_integral=-4.714317e-01
  [BOTH][Rank 0] Done moment 20/36 (task 19): force_integral=-4.714317e-01
  [BOTH][Rank 0] Done moment 20/36 (task 19): force_integral=-4.714317e-01
  [BOTH][Rank 0] Done moment 20/36 (task 19): force_integral=-4.714317e-01
  [BOTH][Rank 0] Done moment 20/36 (task 19): force_integral=-4.714317e-01
  [BOTH][Rank 0] Done moment 21/36 (task 20): force_integral=+0.000000e+00
  [BOTH][Rank 0] Done moment 20/36 (task 19): force_integral=-4.714317e-01
  [BOTH][Rank 0] Done moment 20/36 (task 19): force_integral=-4.714317e-01
  [BOTH][Rank 0] Done moment 20/36 (task 19): force_integral=-4.714317e-01
  [BOTH][Rank 0] Done moment 21/36 (task 20): force_integral=+0.000000e+00
  [BOTH][Rank 0] Done moment 20/36 (task 19): force_integral=-4.714317e-01
  [BOTH][Rank 0] Done moment 20/36 (task 19): force_integral=-4.714317e-01
  [BOTH][Rank 0] Done moment 20/36 (task 19): force_integral=-4.714317e-01
  [BOTH][Rank 0] Done moment 20/36 (task 19): force_integral=-4.714317e-01
  [BOTH][Rank 0] Done moment 20/36 (task 19): force_integral=-4.714317e-01
  [BOTH][Rank 0] Done moment 20/36 (task 19): force_integral=-4.714317e-01
  [BOTH][Rank 0] Done moment 20/36 (task 19): force_integral=-4.714317e-01
  [BOTH][Rank 0] Done moment 20/36 (task 19): force_integral=-4.714317e-01
  [BOTH][Rank 0] Done moment 20/36 (task 19): force_integral=-4.714317e-01
  [BOTH][Rank 0] Done moment 20/36 (task 19): force_integral=-4.714317e-01
  [BOTH][Rank 0] Done moment 21/36 (task 20): force_integral=+0.000000e+00
  [BOTH][Rank 0] Done moment 20/36 (task 19): force_integral=-4.714317e-01
  [BOTH][Rank 0] Done moment 20/36 (task 19): force_integral=-4.714317e-01
  [BOTH][Rank 0] Done moment 20/36 (task 19): force_integral=-4.714317e-01
  [BOTH][Rank 0] Done moment 20/36 (task 19): force_integral=-4.714317e-01
  [BOTH][Rank 0] Done moment 20/36 (task 19): force_integral=-4.714317e-01
  [BOTH][Rank 0] Done moment 20/36 (task 19): force_integral=-4.714317e-01
  [BOTH][Rank 0] Done moment 21/36 (task 20): force_integral=+0.000000e+00
  [BOTH][Rank 0] Done moment 21/36 (task 20): force_integral=+0.000000e+00
  [BOTH][Rank 0] Done moment 20/36 (task 19): force_integral=-4.714317e-01
  [BOTH][Rank 0] Done moment 20/36 (task 19): force_integral=-4.714317e-01
  [BOTH][Rank 0] Done moment 20/36 (task 19): force_integral=-4.714317e-01
  [BOTH][Rank 0] Done moment 21/36 (task 20): force_integral=+0.000000e+00
  [BOTH][Rank 0] Done moment 20/36 (task 19): force_integral=-4.714317e-01
  [BOTH][Rank 0] Done moment 21/36 (task 20): force_integral=+0.000000e+00
  [BOTH][Rank 0] Done moment 21/36 (task 20): force_integral=+0.000000e+00
  [BOTH][Rank 0] Done moment 21/36 (task 20): force_integral=+0.000000e+00
  [BOTH][Rank 0] Done moment 21/36 (task 20): force_integral=+0.000000e+00
  [BOTH][Rank 0] Done moment 21/36 (task 20): force_integral=+0.000000e+00
  [BOTH][Rank 0] Done moment 21/36 (task 20): force_integral=+0.000000e+00
  [BOTH][Rank 0] Done moment 21/36 (task 20): force_integral=+0.000000e+00
  [BOTH][Rank 0] Done moment 21/36 (task 20): force_integral=+0.000000e+00
  [BOTH][Rank 0] Done moment 21/36 (task 20): force_integral=+0.000000e+00
  [BOTH][Rank 0] Done moment 21/36 (task 20): force_integral=+0.000000e+00
  [BOTH][Rank 0] Done moment 21/36 (task 20): force_integral=+0.000000e+00
  [BOTH][Rank 0] Done moment 21/36 (task 20): force_integral=+0.000000e+00
  [BOTH][Rank 0] Done moment 21/36 (task 20): force_integral=+0.000000e+00
  [BOTH][Rank 0] Done moment 21/36 (task 20): force_integral=+0.000000e+00
  [BOTH][Rank 0] Done moment 21/36 (task 20): force_integral=+0.000000e+00
  [BOTH][Rank 0] Done moment 21/36 (task 20): force_integral=+0.000000e+00
  [BOTH][Rank 0] Done moment 21/36 (task 20): force_integral=+0.000000e+00
  [BOTH][Rank 0] Done moment 21/36 (task 20): force_integral=+0.000000e+00
  [BOTH][Rank 0] Done moment 21/36 (task 20): force_integral=+0.000000e+00
  [BOTH][Rank 0] Done moment 21/36 (task 20): force_integral=+0.000000e+00
  [BOTH][Rank 0] Done moment 21/36 (task 20): force_integral=+0.000000e+00
  [BOTH][Rank 0] Done moment 21/36 (task 20): force_integral=+0.000000e+00
  [BOTH][Rank 0] Done moment 21/36 (task 20): force_integral=+0.000000e+00
  [BOTH][Rank 0] Done moment 21/36 (task 20): force_integral=+0.000000e+00
  [BOTH][Rank 0] Done moment 21/36 (task 20): force_integral=+0.000000e+00
  [BOTH][Rank 0] Done moment 21/36 (task 20): force_integral=+0.000000e+00
  [BOTH][Rank 0] Done moment 21/36 (task 20): force_integral=+0.000000e+00
  [BOTH][Rank 0] Done moment 21/36 (task 20): force_integral=+0.000000e+00
  [BOTH][Rank 0] Done moment 21/36 (task 20): force_integral=+0.000000e+00
  [BOTH][Rank 0] Done moment 21/36 (task 20): force_integral=+0.000000e+00
  [BOTH][Rank 0] Done moment 21/36 (task 20): force_integral=+0.000000e+00
  [BOTH][Rank 0] Done moment 21/36 (task 20): force_integral=+0.000000e+00
  [BOTH][Rank 0] Done moment 21/36 (task 20): force_integral=+0.000000e+00
  [BOTH][Rank 0] Done moment 21/36 (task 20): force_integral=+0.000000e+00
  [BOTH][Rank 0] Done moment 21/36 (task 20): force_integral=+0.000000e+00
  [BOTH][Rank 0] Done moment 21/36 (task 20): force_integral=+0.000000e+00
  [BOTH][Rank 0] Done moment 22/36 (task 21): force_integral=+0.000000e+00
  [BOTH][Rank 0] Done moment 21/36 (task 20): force_integral=+0.000000e+00
  [BOTH][Rank 0] Done moment 21/36 (task 20): force_integral=+0.000000e+00
  [BOTH][Rank 0] Done moment 22/36 (task 21): force_integral=+0.000000e+00
  [BOTH][Rank 0] Done moment 21/36 (task 20): force_integral=+0.000000e+00
  [BOTH][Rank 0] Done moment 21/36 (task 20): force_integral=+0.000000e+00
  [BOTH][Rank 0] Done moment 21/36 (task 20): force_integral=+0.000000e+00
  [BOTH][Rank 0] Done moment 22/36 (task 21): force_integral=+0.000000e+00
  [BOTH][Rank 0] Done moment 21/36 (task 20): force_integral=+0.000000e+00
  [BOTH][Rank 0] Done moment 21/36 (task 20): force_integral=+0.000000e+00
  [BOTH][Rank 0] Done moment 21/36 (task 20): force_integral=+0.000000e+00
  [BOTH][Rank 0] Done moment 21/36 (task 20): force_integral=+0.000000e+00
  [BOTH][Rank 0] Done moment 22/36 (task 21): force_integral=+0.000000e+00
  [BOTH][Rank 0] Done moment 21/36 (task 20): force_integral=+0.000000e+00
  [BOTH][Rank 0] Done moment 22/36 (task 21): force_integral=+0.000000e+00
  [BOTH][Rank 0] Done moment 22/36 (task 21): force_integral=+0.000000e+00
  [BOTH][Rank 0] Done moment 21/36 (task 20): force_integral=+0.000000e+00
  [BOTH][Rank 0] Done moment 22/36 (task 21): force_integral=+0.000000e+00
  [BOTH][Rank 0] Done moment 21/36 (task 20): force_integral=+0.000000e+00
  [BOTH][Rank 0] Done moment 21/36 (task 20): force_integral=+0.000000e+00
  [BOTH][Rank 0] Done moment 21/36 (task 20): force_integral=+0.000000e+00
  [BOTH][Rank 0] Done moment 21/36 (task 20): force_integral=+0.000000e+00
  [BOTH][Rank 0] Done moment 21/36 (task 20): force_integral=+0.000000e+00
  [BOTH][Rank 0] Done moment 22/36 (task 21): force_integral=+0.000000e+00
  [BOTH][Rank 0] Done moment 22/36 (task 21): force_integral=+0.000000e+00
  [BOTH][Rank 0] Done moment 22/36 (task 21): force_integral=+0.000000e+00
  [BOTH][Rank 0] Done moment 21/36 (task 20): force_integral=+0.000000e+00
  [BOTH][Rank 0] Done moment 22/36 (task 21): force_integral=+0.000000e+00
  [BOTH][Rank 0] Done moment 22/36 (task 21): force_integral=+0.000000e+00
  [BOTH][Rank 0] Done moment 21/36 (task 20): force_integral=+0.000000e+00
  [BOTH][Rank 0] Done moment 22/36 (task 21): force_integral=+0.000000e+00
  [BOTH][Rank 0] Done moment 22/36 (task 21): force_integral=+0.000000e+00
  [BOTH][Rank 0] Done moment 22/36 (task 21): force_integral=+0.000000e+00
  [BOTH][Rank 0] Done moment 21/36 (task 20): force_integral=+0.000000e+00
  [BOTH][Rank 0] Done moment 21/36 (task 20): force_integral=+0.000000e+00
  [BOTH][Rank 0] Done moment 22/36 (task 21): force_integral=+0.000000e+00
  [BOTH][Rank 0] Done moment 22/36 (task 21): force_integral=+0.000000e+00
  [BOTH][Rank 0] Done moment 21/36 (task 20): force_integral=+0.000000e+00
  [BOTH][Rank 0] Done moment 21/36 (task 20): force_integral=+0.000000e+00
  [BOTH][Rank 0] Done moment 21/36 (task 20): force_integral=+0.000000e+00
  [BOTH][Rank 0] Done moment 21/36 (task 20): force_integral=+0.000000e+00
  [BOTH][Rank 0] Done moment 22/36 (task 21): force_integral=+0.000000e+00
  [BOTH][Rank 0] Done moment 22/36 (task 21): force_integral=+0.000000e+00
  [BOTH][Rank 0] Done moment 22/36 (task 21): force_integral=+0.000000e+00
  [BOTH][Rank 0] Done moment 22/36 (task 21): force_integral=+0.000000e+00
  [BOTH][Rank 0] Done moment 22/36 (task 21): force_integral=+0.000000e+00
  [BOTH][Rank 0] Done moment 21/36 (task 20): force_integral=+0.000000e+00
  [BOTH][Rank 0] Done moment 21/36 (task 20): force_integral=+0.000000e+00
  [BOTH][Rank 0] Done moment 22/36 (task 21): force_integral=+0.000000e+00
  [BOTH][Rank 0] Done moment 22/36 (task 21): force_integral=+0.000000e+00
  [BOTH][Rank 0] Done moment 22/36 (task 21): force_integral=+0.000000e+00
  [BOTH][Rank 0] Done moment 22/36 (task 21): force_integral=+0.000000e+00
  [BOTH][Rank 0] Done moment 22/36 (task 21): force_integral=+0.000000e+00
  [BOTH][Rank 0] Done moment 22/36 (task 21): force_integral=+0.000000e+00
  [BOTH][Rank 0] Done moment 21/36 (task 20): force_integral=+0.000000e+00
  [BOTH][Rank 0] Done moment 21/36 (task 20): force_integral=+0.000000e+00
  [BOTH][Rank 0] Done moment 21/36 (task 20): force_integral=+0.000000e+00
  [BOTH][Rank 0] Done moment 21/36 (task 20): force_integral=+0.000000e+00
  [BOTH][Rank 0] Done moment 22/36 (task 21): force_integral=+0.000000e+00
  [BOTH][Rank 0] Done moment 21/36 (task 20): force_integral=+0.000000e+00
  [BOTH][Rank 0] Done moment 21/36 (task 20): force_integral=+0.000000e+00
  [BOTH][Rank 0] Done moment 21/36 (task 20): force_integral=+0.000000e+00
  [BOTH][Rank 0] Done moment 22/36 (task 21): force_integral=+0.000000e+00
  [BOTH][Rank 0] Done moment 21/36 (task 20): force_integral=+0.000000e+00
  [BOTH][Rank 0] Done moment 21/36 (task 20): force_integral=+0.000000e+00
  [BOTH][Rank 0] Done moment 21/36 (task 20): force_integral=+0.000000e+00
  [BOTH][Rank 0] Done moment 21/36 (task 20): force_integral=+0.000000e+00
  [BOTH][Rank 0] Done moment 21/36 (task 20): force_integral=+0.000000e+00
  [BOTH][Rank 0] Done moment 21/36 (task 20): force_integral=+0.000000e+00
  [BOTH][Rank 0] Done moment 21/36 (task 20): force_integral=+0.000000e+00
  [BOTH][Rank 0] Done moment 21/36 (task 20): force_integral=+0.000000e+00
  [BOTH][Rank 0] Done moment 21/36 (task 20): force_integral=+0.000000e+00
  [BOTH][Rank 0] Done moment 21/36 (task 20): force_integral=+0.000000e+00
  [BOTH][Rank 0] Done moment 22/36 (task 21): force_integral=+0.000000e+00
  [BOTH][Rank 0] Done moment 21/36 (task 20): force_integral=+0.000000e+00
  [BOTH][Rank 0] Done moment 22/36 (task 21): force_integral=+0.000000e+00
  [BOTH][Rank 0] Done moment 22/36 (task 21): force_integral=+0.000000e+00
  [BOTH][Rank 0] Done moment 22/36 (task 21): force_integral=+0.000000e+00
  [BOTH][Rank 0] Done moment 21/36 (task 20): force_integral=+0.000000e+00
  [BOTH][Rank 0] Done moment 21/36 (task 20): force_integral=+0.000000e+00
  [BOTH][Rank 0] Done moment 22/36 (task 21): force_integral=+0.000000e+00
  [BOTH][Rank 0] Done moment 21/36 (task 20): force_integral=+0.000000e+00
  [BOTH][Rank 0] Done moment 21/36 (task 20): force_integral=+0.000000e+00
  [BOTH][Rank 0] Done moment 21/36 (task 20): force_integral=+0.000000e+00
  [BOTH][Rank 0] Done moment 22/36 (task 21): force_integral=+0.000000e+00
  [BOTH][Rank 0] Done moment 21/36 (task 20): force_integral=+0.000000e+00
  [BOTH][Rank 0] Done moment 21/36 (task 20): force_integral=+0.000000e+00
  [BOTH][Rank 0] Done moment 21/36 (task 20): force_integral=+0.000000e+00
  [BOTH][Rank 0] Done moment 22/36 (task 21): force_integral=+0.000000e+00
  [BOTH][Rank 0] Done moment 21/36 (task 20): force_integral=+0.000000e+00
  [BOTH][Rank 0] Done moment 22/36 (task 21): force_integral=+0.000000e+00
  [BOTH][Rank 0] Done moment 21/36 (task 20): force_integral=+0.000000e+00
  [BOTH][Rank 0] Done moment 22/36 (task 21): force_integral=+0.000000e+00
  [BOTH][Rank 0] Done moment 21/36 (task 20): force_integral=+0.000000e+00
  [BOTH][Rank 0] Done moment 21/36 (task 20): force_integral=+0.000000e+00
  [BOTH][Rank 0] Done moment 22/36 (task 21): force_integral=+0.000000e+00
  [BOTH][Rank 0] Done moment 21/36 (task 20): force_integral=+0.000000e+00
  [BOTH][Rank 0] Done moment 22/36 (task 21): force_integral=+0.000000e+00
  [BOTH][Rank 0] Done moment 21/36 (task 20): force_integral=+0.000000e+00
  [BOTH][Rank 0] Done moment 22/36 (task 21): force_integral=+0.000000e+00
  [BOTH][Rank 0] Done moment 22/36 (task 21): force_integral=+0.000000e+00
  [BOTH][Rank 0] Done moment 22/36 (task 21): force_integral=+0.000000e+00
  [BOTH][Rank 0] Done moment 22/36 (task 21): force_integral=+0.000000e+00
  [BOTH][Rank 0] Done moment 22/36 (task 21): force_integral=+0.000000e+00
  [BOTH][Rank 0] Done moment 22/36 (task 21): force_integral=+0.000000e+00
  [BOTH][Rank 0] Done moment 22/36 (task 21): force_integral=+0.000000e+00
  [BOTH][Rank 0] Done moment 22/36 (task 21): force_integral=+0.000000e+00
  [BOTH][Rank 0] Done moment 22/36 (task 21): force_integral=+0.000000e+00
  [BOTH][Rank 0] Done moment 22/36 (task 21): force_integral=+0.000000e+00
  [BOTH][Rank 0] Done moment 22/36 (task 21): force_integral=+0.000000e+00
  [BOTH][Rank 0] Done moment 22/36 (task 21): force_integral=+0.000000e+00
  [BOTH][Rank 0] Done moment 22/36 (task 21): force_integral=+0.000000e+00
  [BOTH][Rank 0] Done moment 22/36 (task 21): force_integral=+0.000000e+00
  [BOTH][Rank 0] Done moment 22/36 (task 21): force_integral=+0.000000e+00
  [BOTH][Rank 0] Done moment 22/36 (task 21): force_integral=+0.000000e+00
  [BOTH][Rank 0] Done moment 22/36 (task 21): force_integral=+0.000000e+00
  [BOTH][Rank 0] Done moment 22/36 (task 21): force_integral=+0.000000e+00
  [BOTH][Rank 0] Done moment 22/36 (task 21): force_integral=+0.000000e+00
  [BOTH][Rank 0] Done moment 22/36 (task 21): force_integral=+0.000000e+00
  [BOTH][Rank 0] Done moment 22/36 (task 21): force_integral=+0.000000e+00
  [BOTH][Rank 0] Done moment 22/36 (task 21): force_integral=+0.000000e+00
  [BOTH][Rank 0] Done moment 22/36 (task 21): force_integral=+0.000000e+00
  [BOTH][Rank 0] Done moment 22/36 (task 21): force_integral=+0.000000e+00
  [BOTH][Rank 0] Done moment 22/36 (task 21): force_integral=+0.000000e+00
  [BOTH][Rank 0] Done moment 22/36 (task 21): force_integral=+0.000000e+00
  [BOTH][Rank 0] Done moment 22/36 (task 21): force_integral=+0.000000e+00
  [BOTH][Rank 0] Done moment 23/36 (task 22): force_integral=-1.552079e+03
  [BOTH][Rank 0] Done moment 22/36 (task 21): force_integral=+0.000000e+00
  [BOTH][Rank 0] Done moment 22/36 (task 21): force_integral=+0.000000e+00
  [BOTH][Rank 0] Done moment 22/36 (task 21): force_integral=+0.000000e+00
  [BOTH][Rank 0] Done moment 23/36 (task 22): force_integral=-1.552079e+03
  [BOTH][Rank 0] Done moment 22/36 (task 21): force_integral=+0.000000e+00
  [BOTH][Rank 0] Done moment 22/36 (task 21): force_integral=+0.000000e+00
  [BOTH][Rank 0] Done moment 22/36 (task 21): force_integral=+0.000000e+00
  [BOTH][Rank 0] Done moment 22/36 (task 21): force_integral=+0.000000e+00
  [BOTH][Rank 0] Done moment 23/36 (task 22): force_integral=-1.552079e+03
  [BOTH][Rank 0] Done moment 23/36 (task 22): force_integral=-1.552079e+03
  [BOTH][Rank 0] Done moment 22/36 (task 21): force_integral=+0.000000e+00
  [BOTH][Rank 0] Done moment 22/36 (task 21): force_integral=+0.000000e+00
  [BOTH][Rank 0] Done moment 22/36 (task 21): force_integral=+0.000000e+00
  [BOTH][Rank 0] Done moment 22/36 (task 21): force_integral=+0.000000e+00
  [BOTH][Rank 0] Done moment 23/36 (task 22): force_integral=-1.552079e+03
  [BOTH][Rank 0] Done moment 22/36 (task 21): force_integral=+0.000000e+00
  [BOTH][Rank 0] Done moment 23/36 (task 22): force_integral=-1.552079e+03
  [BOTH][Rank 0] Done moment 23/36 (task 22): force_integral=-1.552079e+03
  [BOTH][Rank 0] Done moment 22/36 (task 21): force_integral=+0.000000e+00
  [BOTH][Rank 0] Done moment 23/36 (task 22): force_integral=-1.552079e+03
  [BOTH][Rank 0] Done moment 22/36 (task 21): force_integral=+0.000000e+00
  [BOTH][Rank 0] Done moment 22/36 (task 21): force_integral=+0.000000e+00
  [BOTH][Rank 0] Done moment 22/36 (task 21): force_integral=+0.000000e+00
  [BOTH][Rank 0] Done moment 23/36 (task 22): force_integral=-1.552079e+03
  [BOTH][Rank 0] Done moment 23/36 (task 22): force_integral=-1.552079e+03
  [BOTH][Rank 0] Done moment 23/36 (task 22): force_integral=-1.552079e+03
  [BOTH][Rank 0] Done moment 22/36 (task 21): force_integral=+0.000000e+00
  [BOTH][Rank 0] Done moment 22/36 (task 21): force_integral=+0.000000e+00
  [BOTH][Rank 0] Done moment 23/36 (task 22): force_integral=-1.552079e+03
  [BOTH][Rank 0] Done moment 22/36 (task 21): force_integral=+0.000000e+00
  [BOTH][Rank 0] Done moment 22/36 (task 21): force_integral=+0.000000e+00
  [BOTH][Rank 0] Done moment 23/36 (task 22): force_integral=-1.552079e+03
  [BOTH][Rank 0] Done moment 23/36 (task 22): force_integral=-1.552079e+03
  [BOTH][Rank 0] Done moment 23/36 (task 22): force_integral=-1.552079e+03
  [BOTH][Rank 0] Done moment 23/36 (task 22): force_integral=-1.552079e+03
  [BOTH][Rank 0] Done moment 23/36 (task 22): force_integral=-1.552079e+03
  [BOTH][Rank 0] Done moment 22/36 (task 21): force_integral=+0.000000e+00
  [BOTH][Rank 0] Done moment 23/36 (task 22): force_integral=-1.552079e+03
  [BOTH][Rank 0] Done moment 23/36 (task 22): force_integral=-1.552079e+03
  [BOTH][Rank 0] Done moment 22/36 (task 21): force_integral=+0.000000e+00
  [BOTH][Rank 0] Done moment 22/36 (task 21): force_integral=+0.000000e+00
  [BOTH][Rank 0] Done moment 22/36 (task 21): force_integral=+0.000000e+00
  [BOTH][Rank 0] Done moment 22/36 (task 21): force_integral=+0.000000e+00
  [BOTH][Rank 0] Done moment 22/36 (task 21): force_integral=+0.000000e+00
  [BOTH][Rank 0] Done moment 23/36 (task 22): force_integral=-1.552079e+03
  [BOTH][Rank 0] Done moment 23/36 (task 22): force_integral=-1.552079e+03
  [BOTH][Rank 0] Done moment 23/36 (task 22): force_integral=-1.552079e+03
  [BOTH][Rank 0] Done moment 23/36 (task 22): force_integral=-1.552079e+03
  [BOTH][Rank 0] Done moment 23/36 (task 22): force_integral=-1.552079e+03
  [BOTH][Rank 0] Done moment 22/36 (task 21): force_integral=+0.000000e+00
  [BOTH][Rank 0] Done moment 22/36 (task 21): force_integral=+0.000000e+00
  [BOTH][Rank 0] Done moment 23/36 (task 22): force_integral=-1.552079e+03
  [BOTH][Rank 0] Done moment 23/36 (task 22): force_integral=-1.552079e+03
  [BOTH][Rank 0] Done moment 23/36 (task 22): force_integral=-1.552079e+03
  [BOTH][Rank 0] Done moment 23/36 (task 22): force_integral=-1.552079e+03
  [BOTH][Rank 0] Done moment 22/36 (task 21): force_integral=+0.000000e+00
  [BOTH][Rank 0] Done moment 22/36 (task 21): force_integral=+0.000000e+00
  [BOTH][Rank 0] Done moment 22/36 (task 21): force_integral=+0.000000e+00
  [BOTH][Rank 0] Done moment 23/36 (task 22): force_integral=-1.552079e+03
  [BOTH][Rank 0] Done moment 23/36 (task 22): force_integral=-1.552079e+03
  [BOTH][Rank 0] Done moment 22/36 (task 21): force_integral=+0.000000e+00
  [BOTH][Rank 0] Done moment 22/36 (task 21): force_integral=+0.000000e+00
  [BOTH][Rank 0] Done moment 22/36 (task 21): force_integral=+0.000000e+00
  [BOTH][Rank 0] Done moment 22/36 (task 21): force_integral=+0.000000e+00
  [BOTH][Rank 0] Done moment 22/36 (task 21): force_integral=+0.000000e+00
  [BOTH][Rank 0] Done moment 22/36 (task 21): force_integral=+0.000000e+00
  [BOTH][Rank 0] Done moment 22/36 (task 21): force_integral=+0.000000e+00
  [BOTH][Rank 0] Done moment 23/36 (task 22): force_integral=-1.552079e+03
  [BOTH][Rank 0] Done moment 22/36 (task 21): force_integral=+0.000000e+00
  [BOTH][Rank 0] Done moment 22/36 (task 21): force_integral=+0.000000e+00
  [BOTH][Rank 0] Done moment 22/36 (task 21): force_integral=+0.000000e+00
  [BOTH][Rank 0] Done moment 23/36 (task 22): force_integral=-1.552079e+03
  [BOTH][Rank 0] Done moment 22/36 (task 21): force_integral=+0.000000e+00
  [BOTH][Rank 0] Done moment 23/36 (task 22): force_integral=-1.552079e+03
  [BOTH][Rank 0] Done moment 23/36 (task 22): force_integral=-1.552079e+03
  [BOTH][Rank 0] Done moment 22/36 (task 21): force_integral=+0.000000e+00
  [BOTH][Rank 0] Done moment 23/36 (task 22): force_integral=-1.552079e+03
  [BOTH][Rank 0] Done moment 22/36 (task 21): force_integral=+0.000000e+00
  [BOTH][Rank 0] Done moment 22/36 (task 21): force_integral=+0.000000e+00
  [BOTH][Rank 0] Done moment 22/36 (task 21): force_integral=+0.000000e+00
  [BOTH][Rank 0] Done moment 23/36 (task 22): force_integral=-1.552079e+03
  [BOTH][Rank 0] Done moment 23/36 (task 22): force_integral=-1.552079e+03
  [BOTH][Rank 0] Done moment 22/36 (task 21): force_integral=+0.000000e+00
  [BOTH][Rank 0] Done moment 23/36 (task 22): force_integral=-1.552079e+03
  [BOTH][Rank 0] Done moment 22/36 (task 21): force_integral=+0.000000e+00
  [BOTH][Rank 0] Done moment 23/36 (task 22): force_integral=-1.552079e+03
  [BOTH][Rank 0] Done moment 23/36 (task 22): force_integral=-1.552079e+03
  [BOTH][Rank 0] Done moment 22/36 (task 21): force_integral=+0.000000e+00
  [BOTH][Rank 0] Done moment 23/36 (task 22): force_integral=-1.552079e+03
  [BOTH][Rank 0] Done moment 22/36 (task 21): force_integral=+0.000000e+00
  [BOTH][Rank 0] Done moment 22/36 (task 21): force_integral=+0.000000e+00
  [BOTH][Rank 0] Done moment 22/36 (task 21): force_integral=+0.000000e+00
  [BOTH][Rank 0] Done moment 23/36 (task 22): force_integral=-1.552079e+03
  [BOTH][Rank 0] Done moment 22/36 (task 21): force_integral=+0.000000e+00
  [BOTH][Rank 0] Done moment 22/36 (task 21): force_integral=+0.000000e+00
  [BOTH][Rank 0] Done moment 22/36 (task 21): force_integral=+0.000000e+00
  [BOTH][Rank 0] Done moment 22/36 (task 21): force_integral=+0.000000e+00
  [BOTH][Rank 0] Done moment 23/36 (task 22): force_integral=-1.552079e+03
  [BOTH][Rank 0] Done moment 23/36 (task 22): force_integral=-1.552079e+03
  [BOTH][Rank 0] Done moment 23/36 (task 22): force_integral=-1.552079e+03
  [BOTH][Rank 0] Done moment 22/36 (task 21): force_integral=+0.000000e+00
  [BOTH][Rank 0] Done moment 22/36 (task 21): force_integral=+0.000000e+00
  [BOTH][Rank 0] Done moment 22/36 (task 21): force_integral=+0.000000e+00
  [BOTH][Rank 0] Done moment 23/36 (task 22): force_integral=-1.552079e+03
  [BOTH][Rank 0] Done moment 23/36 (task 22): force_integral=-1.552079e+03
  [BOTH][Rank 0] Done moment 23/36 (task 22): force_integral=-1.552079e+03
  [BOTH][Rank 0] Done moment 22/36 (task 21): force_integral=+0.000000e+00
  [BOTH][Rank 0] Done moment 23/36 (task 22): force_integral=-1.552079e+03
  [BOTH][Rank 0] Done moment 23/36 (task 22): force_integral=-1.552079e+03
  [BOTH][Rank 0] Done moment 23/36 (task 22): force_integral=-1.552079e+03
  [BOTH][Rank 0] Done moment 23/36 (task 22): force_integral=-1.552079e+03
  [BOTH][Rank 0] Done moment 23/36 (task 22): force_integral=-1.552079e+03
  [BOTH][Rank 0] Done moment 23/36 (task 22): force_integral=-1.552079e+03
  [BOTH][Rank 0] Done moment 23/36 (task 22): force_integral=-1.552079e+03
  [BOTH][Rank 0] Done moment 23/36 (task 22): force_integral=-1.552079e+03
  [BOTH][Rank 0] Done moment 23/36 (task 22): force_integral=-1.552079e+03
  [BOTH][Rank 0] Done moment 23/36 (task 22): force_integral=-1.552079e+03
  [BOTH][Rank 0] Done moment 23/36 (task 22): force_integral=-1.552079e+03
  [BOTH][Rank 0] Done moment 23/36 (task 22): force_integral=-1.552079e+03
  [BOTH][Rank 0] Done moment 23/36 (task 22): force_integral=-1.552079e+03
  [BOTH][Rank 0] Done moment 23/36 (task 22): force_integral=-1.552079e+03
  [BOTH][Rank 0] Done moment 23/36 (task 22): force_integral=-1.552079e+03
  [BOTH][Rank 0] Done moment 23/36 (task 22): force_integral=-1.552079e+03
  [BOTH][Rank 0] Done moment 23/36 (task 22): force_integral=-1.552079e+03
  [BOTH][Rank 0] Done moment 23/36 (task 22): force_integral=-1.552079e+03
  [BOTH][Rank 0] Done moment 24/36 (task 23): force_integral=+1.665793e+03
  [BOTH][Rank 0] Done moment 23/36 (task 22): force_integral=-1.552079e+03
  [BOTH][Rank 0] Done moment 23/36 (task 22): force_integral=-1.552079e+03
  [BOTH][Rank 0] Done moment 23/36 (task 22): force_integral=-1.552079e+03
  [BOTH][Rank 0] Done moment 23/36 (task 22): force_integral=-1.552079e+03
  [BOTH][Rank 0] Done moment 23/36 (task 22): force_integral=-1.552079e+03
  [BOTH][Rank 0] Done moment 23/36 (task 22): force_integral=-1.552079e+03
  [BOTH][Rank 0] Done moment 24/36 (task 23): force_integral=+1.665793e+03
  [BOTH][Rank 0] Done moment 23/36 (task 22): force_integral=-1.552079e+03
  [BOTH][Rank 0] Done moment 24/36 (task 23): force_integral=+1.665793e+03
  [BOTH][Rank 0] Done moment 24/36 (task 23): force_integral=+1.665793e+03
  [BOTH][Rank 0] Done moment 23/36 (task 22): force_integral=-1.552079e+03
  [BOTH][Rank 0] Done moment 23/36 (task 22): force_integral=-1.552079e+03
  [BOTH][Rank 0] Done moment 23/36 (task 22): force_integral=-1.552079e+03
  [BOTH][Rank 0] Done moment 23/36 (task 22): force_integral=-1.552079e+03
  [BOTH][Rank 0] Done moment 24/36 (task 23): force_integral=+1.665793e+03
  [BOTH][Rank 0] Done moment 23/36 (task 22): force_integral=-1.552079e+03
  [BOTH][Rank 0] Done moment 24/36 (task 23): force_integral=+1.665793e+03
  [BOTH][Rank 0] Done moment 23/36 (task 22): force_integral=-1.552079e+03
  [BOTH][Rank 0] Done moment 23/36 (task 22): force_integral=-1.552079e+03
  [BOTH][Rank 0] Done moment 24/36 (task 23): force_integral=+1.665793e+03

Elapsed run time = 39606.9863 s
  [BOTH][Rank 0] Done moment 23/36 (task 22): force_integral=-1.552079e+03

Elapsed run time = 39622.4526 s
  [BOTH][Rank 0] Done moment 24/36 (task 23): force_integral=+1.665793e+03

Elapsed run time = 39638.9336 s
  [BOTH][Rank 0] Done moment 24/36 (task 23): force_integral=+1.665793e+03

Elapsed run time = 39639.9847 s
  [BOTH][Rank 0] Done moment 24/36 (task 23): force_integral=+1.665793e+03

Elapsed run time = 39656.3070 s
  [BOTH][Rank 0] Done moment 23/36 (task 22): force_integral=-1.552079e+03

Elapsed run time = 39670.3264 s
  [BOTH][Rank 0] Done moment 23/36 (task 22): force_integral=-1.552079e+03

Elapsed run time = 39683.6968 s
  [BOTH][Rank 0] Done moment 23/36 (task 22): force_integral=-1.552079e+03

Elapsed run time = 39695.9989 s
  [BOTH][Rank 0] Done moment 23/36 (task 22): force_integral=-1.552079e+03

Elapsed run time = 39706.9003 s
  [BOTH][Rank 0] Done moment 23/36 (task 22): force_integral=-1.552079e+03

Elapsed run time = 39715.3866 s
  [BOTH][Rank 0] Done moment 24/36 (task 23): force_integral=+1.665793e+03

Elapsed run time = 39726.3152 s
  [BOTH][Rank 0] Done moment 24/36 (task 23): force_integral=+1.665793e+03

Elapsed run time = 39736.4177 s
  [BOTH][Rank 0] Done moment 24/36 (task 23): force_integral=+1.665793e+03

Elapsed run time = 39737.1633 s
  [BOTH][Rank 0] Done moment 23/36 (task 22): force_integral=-1.552079e+03

Elapsed run time = 39759.1821 s
  [BOTH][Rank 0] Done moment 23/36 (task 22): force_integral=-1.552079e+03

Elapsed run time = 39766.2661 s
  [BOTH][Rank 0] Done moment 24/36 (task 23): force_integral=+1.665793e+03

Elapsed run time = 39771.0875 s
  [BOTH][Rank 0] Done moment 24/36 (task 23): force_integral=+1.665793e+03

Elapsed run time = 39783.5386 s
  [BOTH][Rank 0] Done moment 24/36 (task 23): force_integral=+1.665793e+03

Elapsed run time = 39786.5893 s
  [BOTH][Rank 0] Done moment 24/36 (task 23): force_integral=+1.665793e+03

Elapsed run time = 39801.0983 s
  [BOTH][Rank 0] Done moment 24/36 (task 23): force_integral=+1.665793e+03

Elapsed run time = 39835.1034 s
  [BOTH][Rank 0] Done moment 24/36 (task 23): force_integral=+1.665793e+03

Elapsed run time = 39838.5723 s
  [BOTH][Rank 0] Done moment 24/36 (task 23): force_integral=+1.665793e+03

Elapsed run time = 39862.3979 s
  [BOTH][Rank 0] Done moment 23/36 (task 22): force_integral=-1.552079e+03

Elapsed run time = 39888.0845 s
  [BOTH][Rank 0] Done moment 24/36 (task 23): force_integral=+1.665793e+03

Elapsed run time = 39892.2851 s
  [BOTH][Rank 0] Done moment 23/36 (task 22): force_integral=-1.552079e+03

Elapsed run time = 39901.1337 s
  [BOTH][Rank 0] Done moment 24/36 (task 23): force_integral=+1.665793e+03

Elapsed run time = 39903.9860 s
  [BOTH][Rank 0] Done moment 23/36 (task 22): force_integral=-1.552079e+03

Elapsed run time = 39921.6423 s
  [BOTH][Rank 0] Done moment 24/36 (task 23): force_integral=+1.665793e+03

Elapsed run time = 39926.8244 s
  [BOTH][Rank 0] Done moment 23/36 (task 22): force_integral=-1.552079e+03

Elapsed run time = 39931.1074 s
  [BOTH][Rank 0] Done moment 24/36 (task 23): force_integral=+1.665793e+03

Elapsed run time = 39933.4695 s
  [BOTH][Rank 0] Done moment 23/36 (task 22): force_integral=-1.552079e+03

Elapsed run time = 39949.5469 s
  [BOTH][Rank 0] Done moment 23/36 (task 22): force_integral=-1.552079e+03

Elapsed run time = 39953.2410 s
  [BOTH][Rank 0] Done moment 24/36 (task 23): force_integral=+1.665793e+03

Elapsed run time = 39959.2650 s
  [BOTH][Rank 0] Done moment 24/36 (task 23): force_integral=+1.665793e+03

Elapsed run time = 39985.3270 s
  [BOTH][Rank 0] Done moment 23/36 (task 22): force_integral=-1.552079e+03

Elapsed run time = 39991.1319 s
  [BOTH][Rank 0] Done moment 23/36 (task 22): force_integral=-1.552079e+03

Elapsed run time = 39991.5280 s
  [BOTH][Rank 0] Done moment 24/36 (task 23): force_integral=+1.665793e+03

Elapsed run time = 40035.9875 s
  [BOTH][Rank 0] Done moment 23/36 (task 22): force_integral=-1.552079e+03

Elapsed run time = 40064.2696 s
  [BOTH][Rank 0] Done moment 24/36 (task 23): force_integral=+1.665793e+03

Elapsed run time = 40094.9933 s
  [BOTH][Rank 0] Done moment 23/36 (task 22): force_integral=-1.552079e+03

Elapsed run time = 40095.7195 s
  [BOTH][Rank 0] Done moment 23/36 (task 22): force_integral=-1.552079e+03

Elapsed run time = 40158.2138 s
  [BOTH][Rank 0] Done moment 23/36 (task 22): force_integral=-1.552079e+03

Elapsed run time = 40184.6427 s
  [BOTH][Rank 0] Done moment 23/36 (task 22): force_integral=-1.552079e+03

Elapsed run time = 40190.4168 s
  [BOTH][Rank 0] Done moment 24/36 (task 23): force_integral=+1.665793e+03

Elapsed run time = 40197.0313 s
  [BOTH][Rank 0] Done moment 23/36 (task 22): force_integral=-1.552079e+03

Elapsed run time = 40198.4278 s
  [BOTH][Rank 0] Done moment 24/36 (task 23): force_integral=+1.665793e+03

Elapsed run time = 40214.1872 s
  [BOTH][Rank 0] Done moment 24/36 (task 23): force_integral=+1.665793e+03

Elapsed run time = 40237.2437 s
  [BOTH][Rank 0] Done moment 24/36 (task 23): force_integral=+1.665793e+03

Elapsed run time = 40247.3719 s
  [BOTH][Rank 0] Done moment 24/36 (task 23): force_integral=+1.665793e+03

Elapsed run time = 40250.2789 s
  [BOTH][Rank 0] Done moment 25/36 (task 24): force_integral=+0.000000e+00

Elapsed run time = 40262.9507 s
  [BOTH][Rank 0] Done moment 24/36 (task 23): force_integral=+1.665793e+03

Elapsed run time = 40269.8144 s
  [BOTH][Rank 0] Done moment 23/36 (task 22): force_integral=-1.552079e+03

Elapsed run time = 40274.0219 s
  [BOTH][Rank 0] Done moment 24/36 (task 23): force_integral=+1.665793e+03

Elapsed run time = 40274.2337 s
  [BOTH][Rank 0] Done moment 24/36 (task 23): force_integral=+1.665793e+03

Elapsed run time = 40276.0955 s
  [BOTH][Rank 0] Done moment 24/36 (task 23): force_integral=+1.665793e+03

Elapsed run time = 40277.1040 s
  [BOTH][Rank 0] Done moment 23/36 (task 22): force_integral=-1.552079e+03

Elapsed run time = 40296.9059 s
  [BOTH][Rank 0] Done moment 23/36 (task 22): force_integral=-1.552079e+03

Elapsed run time = 40310.9902 s
  [BOTH][Rank 0] Done moment 23/36 (task 22): force_integral=-1.552079e+03

Elapsed run time = 40322.2790 s
  [BOTH][Rank 0] Done moment 23/36 (task 22): force_integral=-1.552079e+03

Elapsed run time = 40323.4517 s
  [BOTH][Rank 0] Done moment 25/36 (task 24): force_integral=+0.000000e+00

Elapsed run time = 40332.2105 s
  [BOTH][Rank 0] Done moment 24/36 (task 23): force_integral=+1.665793e+03

Elapsed run time = 40332.4864 s
  [BOTH][Rank 0] Done moment 23/36 (task 22): force_integral=-1.552079e+03

Elapsed run time = 40335.4720 s
  [BOTH][Rank 0] Done moment 24/36 (task 23): force_integral=+1.665793e+03

Elapsed run time = 40340.2595 s
  [BOTH][Rank 0] Done moment 24/36 (task 23): force_integral=+1.665793e+03

Elapsed run time = 40346.5773 s
  [BOTH][Rank 0] Done moment 23/36 (task 22): force_integral=-1.552079e+03

Elapsed run time = 40348.2589 s
  [BOTH][Rank 0] Done moment 24/36 (task 23): force_integral=+1.665793e+03

Elapsed run time = 40350.0978 s
  [BOTH][Rank 0] Done moment 24/36 (task 23): force_integral=+1.665793e+03

Elapsed run time = 40355.1629 s
  [BOTH][Rank 0] Done moment 24/36 (task 23): force_integral=+1.665793e+03

Elapsed run time = 40359.4659 s
  [BOTH][Rank 0] Done moment 24/36 (task 23): force_integral=+1.665793e+03

Elapsed run time = 40370.6617 s
  [BOTH][Rank 0] Done moment 23/36 (task 22): force_integral=-1.552079e+03

Elapsed run time = 40372.4627 s
  [BOTH][Rank 0] Done moment 24/36 (task 23): force_integral=+1.665793e+03

Elapsed run time = 40390.3308 s
  [BOTH][Rank 0] Done moment 23/36 (task 22): force_integral=-1.552079e+03

Elapsed run time = 40393.7284 s
  [BOTH][Rank 0] Done moment 24/36 (task 23): force_integral=+1.665793e+03

Elapsed run time = 40397.7722 s
  [BOTH][Rank 0] Done moment 23/36 (task 22): force_integral=-1.552079e+03

Elapsed run time = 40398.2857 s
  [BOTH][Rank 0] Done moment 23/36 (task 22): force_integral=-1.552079e+03

Elapsed run time = 40421.1400 s
  [BOTH][Rank 0] Done moment 23/36 (task 22): force_integral=-1.552079e+03

Elapsed run time = 40421.7684 s
  [BOTH][Rank 0] Done moment 23/36 (task 22): force_integral=-1.552079e+03

Elapsed run time = 40422.4234 s
  [BOTH][Rank 0] Done moment 24/36 (task 23): force_integral=+1.665793e+03

Elapsed run time = 40427.3337 s
  [BOTH][Rank 0] Done moment 24/36 (task 23): force_integral=+1.665793e+03

Elapsed run time = 40427.6411 s
  [BOTH][Rank 0] Done moment 23/36 (task 22): force_integral=-1.552079e+03

Elapsed run time = 40430.4564 s
  [BOTH][Rank 0] Done moment 24/36 (task 23): force_integral=+1.665793e+03

Elapsed run time = 40436.6230 s
  [BOTH][Rank 0] Done moment 24/36 (task 23): force_integral=+1.665793e+03

Elapsed run time = 40441.0461 s
  [BOTH][Rank 0] Done moment 23/36 (task 22): force_integral=-1.552079e+03

Elapsed run time = 40443.2688 s
  [BOTH][Rank 0] Done moment 24/36 (task 23): force_integral=+1.665793e+03

Elapsed run time = 40446.3694 s
  [BOTH][Rank 0] Done moment 24/36 (task 23): force_integral=+1.665793e+03

Elapsed run time = 40448.9380 s
  [BOTH][Rank 0] Done moment 24/36 (task 23): force_integral=+1.665793e+03

Elapsed run time = 40454.8428 s
  [BOTH][Rank 0] Done moment 23/36 (task 22): force_integral=-1.552079e+03

Elapsed run time = 40456.0116 s
  [BOTH][Rank 0] Done moment 24/36 (task 23): force_integral=+1.665793e+03

Elapsed run time = 40456.6874 s
  [BOTH][Rank 0] Done moment 24/36 (task 23): force_integral=+1.665793e+03

Elapsed run time = 40457.9050 s
  [BOTH][Rank 0] Done moment 24/36 (task 23): force_integral=+1.665793e+03

Elapsed run time = 40458.5938 s
  [BOTH][Rank 0] Done moment 25/36 (task 24): force_integral=+0.000000e+00

Elapsed run time = 40459.6205 s
  [BOTH][Rank 0] Done moment 24/36 (task 23): force_integral=+1.665793e+03

Elapsed run time = 40476.4494 s
  [BOTH][Rank 0] Done moment 24/36 (task 23): force_integral=+1.665793e+03

Elapsed run time = 40481.8573 s
  [BOTH][Rank 0] Done moment 24/36 (task 23): force_integral=+1.665793e+03

Elapsed run time = 40481.9658 s
  [BOTH][Rank 0] Done moment 23/36 (task 22): force_integral=-1.552079e+03

Elapsed run time = 40482.9755 s
  [BOTH][Rank 0] Done moment 23/36 (task 22): force_integral=-1.552079e+03

Elapsed run time = 40487.5844 s
  [BOTH][Rank 0] Done moment 23/36 (task 22): force_integral=-1.552079e+03

Elapsed run time = 40489.2425 s
  [BOTH][Rank 0] Done moment 24/36 (task 23): force_integral=+1.665793e+03

Elapsed run time = 40493.9980 s
  [BOTH][Rank 0] Done moment 24/36 (task 23): force_integral=+1.665793e+03

[WALLTIME GUARD] Elapsed 11.25h >= budget limit (11.00h).
[WALLTIME GUARD] Safely pausing simulation before moment 25/36 (task 24).

[STATUS: PENDING] Task 3 reached walltime budget limit (11.0h).
[STATUS: PENDING] Checkpointed progress safely recorded on disk. Ready for continuation job.

Elapsed run time = 40494.9179 s
  [BOTH][Rank 0] Done moment 23/36 (task 22): force_integral=-1.552079e+03

Elapsed run time = 40495.5264 s
  [BOTH][Rank 0] Done moment 24/36 (task 23): force_integral=+1.665793e+03

Elapsed run time = 40498.3271 s
  [BOTH][Rank 0] Done moment 24/36 (task 23): force_integral=+1.665793e+03

Elapsed run time = 40501.9509 s
  [BOTH][Rank 0] Done moment 23/36 (task 22): force_integral=-1.552079e+03

Elapsed run time = 40506.4838 s
  [BOTH][Rank 0] Done moment 24/36 (task 23): force_integral=+1.665793e+03

Elapsed run time = 40507.7998 s
  [BOTH][Rank 0] Done moment 23/36 (task 22): force_integral=-1.552079e+03

Elapsed run time = 40514.2847 s
  [BOTH][Rank 0] Done moment 24/36 (task 23): force_integral=+1.665793e+03

Elapsed run time = 40520.0739 s
  [BOTH][Rank 0] Done moment 24/36 (task 23): force_integral=+1.665793e+03

Elapsed run time = 40521.8417 s
  [BOTH][Rank 0] Done moment 24/36 (task 23): force_integral=+1.665793e+03

Elapsed run time = 40524.4958 s
  [BOTH][Rank 0] Done moment 24/36 (task 23): force_integral=+1.665793e+03

Elapsed run time = 40533.6907 s
  [BOTH][Rank 0] Done moment 25/36 (task 24): force_integral=+0.000000e+00

Elapsed run time = 40540.3128 s
  [BOTH][Rank 0] Done moment 24/36 (task 23): force_integral=+1.665793e+03

Elapsed run time = 40555.7137 s
  [BOTH][Rank 0] Done moment 24/36 (task 23): force_integral=+1.665793e+03

Elapsed run time = 40568.9262 s
  [BOTH][Rank 0] Done moment 23/36 (task 22): force_integral=-1.552079e+03

Elapsed run time = 40583.0906 s
  [BOTH][Rank 0] Done moment 23/36 (task 22): force_integral=-1.552079e+03

Elapsed run time = 40586.9756 s
  [BOTH][Rank 0] Done moment 24/36 (task 23): force_integral=+1.665793e+03

Elapsed run time = 40602.6670 s
  [BOTH][Rank 0] Done moment 24/36 (task 23): force_integral=+1.665793e+03

Elapsed run time = 40634.9822 s
  [BOTH][Rank 0] Done moment 24/36 (task 23): force_integral=+1.665793e+03

Elapsed run time = 40638.0326 s
  [BOTH][Rank 0] Done moment 23/36 (task 22): force_integral=-1.552079e+03

Elapsed run time = 40652.0317 s
  [BOTH][Rank 0] Done moment 23/36 (task 22): force_integral=-1.552079e+03

Elapsed run time = 40654.6434 s
  [BOTH][Rank 0] Done moment 24/36 (task 23): force_integral=+1.665793e+03

Elapsed run time = 40662.2959 s
  [BOTH][Rank 0] Done moment 24/36 (task 23): force_integral=+1.665793e+03

Elapsed run time = 40665.9931 s
  [BOTH][Rank 0] Done moment 24/36 (task 23): force_integral=+1.665793e+03

Elapsed run time = 40678.0079 s
  [BOTH][Rank 0] Done moment 24/36 (task 23): force_integral=+1.665793e+03

Elapsed run time = 40702.0270 s
  [BOTH][Rank 0] Done moment 24/36 (task 23): force_integral=+1.665793e+03

Elapsed run time = 40750.8452 s
  [BOTH][Rank 0] Done moment 24/36 (task 23): force_integral=+1.665793e+03

Elapsed run time = 40926.6207 s
  [BOTH][Rank 0] Done moment 24/36 (task 23): force_integral=+1.665793e+03

Elapsed run time = 40958.8541 s
  [BOTH][Rank 0] Done moment 25/36 (task 24): force_integral=+0.000000e+00

Elapsed run time = 40967.4828 s
  [BOTH][Rank 0] Done moment 25/36 (task 24): force_integral=+0.000000e+00

Elapsed run time = 40975.4175 s
Command succeeded cleanly.
Clutch Multi-Node Task 3 (Clutch: Menger Spire (N=3) vs Sierpinski Sieve (N=3), d=40nm, th=45.0deg) finished with exit code 0 at Thu Sep 24 05:18:21 AM EDT 2026.
================================================================================
[AUTO-RESUBMIT] Task 3 reached 12-hour limit with pending moments.
Checkpoints safely preserved. Launching continuation job for Task 3...
================================================================================
  Continuity Job Queued: Submitted batch job 8325268
Synchronizing progress and pushing reports for Task 3 (exit code 0)...
