{
    "Phosphorene": [],
    "Phosphorene_tuned": [
        {
            "theta_deg": 90.0,
            "force_subtracted": -0.3730074150962537,
            "pressure": -0.11802187743279902
        }
    ]
}