{
    "L_um": 2.0,
    "d_um": 0.12,
    "N_top": 3,
    "N_bottom": 3,
    "resolution": 40,
    "theta_deg": 90.0,
    "eps_bg": 2.1,
    "material": "Phosphorene_tuned",
    "force_both": 6792.762408339659,
    "force_self": 6793.424455845528,
    "force_subtracted": -0.6620475058698503,
    "effective_area_um2": 3.1604938271604937,
    "pressure": -0.20947596865413232,
    "is_repulsive": false,
    "regime": "ATTRACTIVE (NEGATIVE PRESSURE)"
}