{
    "Phosphorene": [],
    "Phosphorene_tuned": [
        {
            "theta_deg": 90.0,
            "force_subtracted": -0.48628213409347154,
            "pressure": -0.4273964069180902
        }
    ]
}