{
    "Phosphorene": [],
    "Phosphorene_tuned": [
        {
            "theta_deg": 90.0,
            "force_subtracted": -0.37384340232165414,
            "pressure": -0.739289931348974
        }
    ]
}