{
    "Phosphorene": [],
    "Phosphorene_tuned": [
        {
            "theta_deg": 90.0,
            "force_subtracted": -0.5204189490546014,
            "pressure": -0.3360485879577704
        }
    ]
}