{
    "Phosphorene": [],
    "Phosphorene_tuned": [
        {
            "theta_deg": 90.0,
            "force_subtracted": -0.43917719813453004,
            "pressure": -0.5558336413890146
        }
    ]
}