{
    "Phosphorene": [],
    "Phosphorene_tuned": [
        {
            "theta_deg": 90.0,
            "force_subtracted": -0.41210835143647273,
            "pressure": -0.05795273692075398
        }
    ]
}