{
    "Phosphorene": [],
    "Phosphorene_tuned": [
        {
            "theta_deg": 90.0,
            "force_subtracted": -0.43192755360360024,
            "pressure": -0.034166144376847285
        }
    ]
}