{
    "L_um": 2.0,
    "d_um": 0.25,
    "N_top": 3,
    "N_bottom": 2,
    "resolution": 40,
    "theta_deg": 90.0,
    "eps_bg": 2.1,
    "material": "Phosphorene_tuned",
    "force_both": -0.5835291357411734,
    "force_self": -0.5383544562669158,
    "force_subtracted": -0.04517467947425757,
    "effective_area_um2": 3.1604938271604937,
    "pressure": -0.01429355092740181,
    "is_repulsive": false,
    "regime": "ATTRACTIVE (NEGATIVE PRESSURE)"
}